Date,Currency,RateToUSD,FXRateDate,RateSource
2023-01-01,EUR,1.0666,2022-12-30,"Frankfurter API v2, provider=ECB, EUR/USD; previous available published rate used for non-publication dates"
2023-01-01,USD,1.0,2023-01-01,Native USD; no conversion applied
2023-01-02,EUR,1.0683,2023-01-02,"Frankfurter API v2, provider=ECB, EUR/USD; previous available published rate used for non-publication dates"
2023-01-02,USD,1.0,2023-01-02,Native USD; no conversion applied
2023-01-03,EUR,1.0545,2023-01-03,"Frankfurter API v2, provider=ECB, EUR/USD; previous available published rate used for non-publication dates"
2023-01-03,USD,1.0,2023-01-03,Native USD; no conversion applied
2023-01-04,EUR,1.0599,2023-01-04,"Frankfurter API v2, provider=ECB, EUR/USD; previous available published rate used for non-publication dates"
2023-01-04,USD,1.0,2023-01-04,Native USD; no conversion applied
2023-01-05,EUR,1.0601,2023-01-05,"Frankfurter API v2, provider=ECB, EUR/USD; previous available published rate used for non-publication dates"
2023-01-05,USD,1.0,2023-01-05,Native USD; no conversion applied
2023-01-06,EUR,1.05,2023-01-06,"Frankfurter API v2, provider=ECB, EUR/USD; previous available published rate used for non-publication dates"
2023-01-06,USD,1.0,2023-01-06,Native USD; no conversion applied
2023-01-07,EUR,1.05,2023-01-06,"Frankfurter API v2, provider=ECB, EUR/USD; previous available published rate used for non-publication dates"
2023-01-07,USD,1.0,2023-01-07,Native USD; no conversion applied
2023-01-08,EUR,1.05,2023-01-06,"Frankfurter API v2, provider=ECB, EUR/USD; previous available published rate used for non-publication dates"
2023-01-08,USD,1.0,2023-01-08,Native USD; no conversion applied
2023-01-09,EUR,1.0696,2023-01-09,"Frankfurter API v2, provider=ECB, EUR/USD; previous available published rate used for non-publication dates"
2023-01-09,USD,1.0,2023-01-09,Native USD; no conversion applied
2023-01-10,EUR,1.0723,2023-01-10,"Frankfurter API v2, provider=ECB, EUR/USD; previous available published rate used for non-publication dates"
2023-01-10,USD,1.0,2023-01-10,Native USD; no conversion applied
2023-01-11,EUR,1.0747,2023-01-11,"Frankfurter API v2, provider=ECB, EUR/USD; previous available published rate used for non-publication dates"
2023-01-11,USD,1.0,2023-01-11,Native USD; no conversion applied
2023-01-12,EUR,1.0772,2023-01-12,"Frankfurter API v2, provider=ECB, EUR/USD; previous available published rate used for non-publication dates"
2023-01-12,USD,1.0,2023-01-12,Native USD; no conversion applied
2023-01-13,EUR,1.0814,2023-01-13,"Frankfurter API v2, provider=ECB, EUR/USD; previous available published rate used for non-publication dates"
2023-01-13,USD,1.0,2023-01-13,Native USD; no conversion applied
2023-01-14,EUR,1.0814,2023-01-13,"Frankfurter API v2, provider=ECB, EUR/USD; previous available published rate used for non-publication dates"
2023-01-14,USD,1.0,2023-01-14,Native USD; no conversion applied
2023-01-15,EUR,1.0814,2023-01-13,"Frankfurter API v2, provider=ECB, EUR/USD; previous available published rate used for non-publication dates"
2023-01-15,USD,1.0,2023-01-15,Native USD; no conversion applied
2023-01-16,EUR,1.0812,2023-01-16,"Frankfurter API v2, provider=ECB, EUR/USD; previous available published rate used for non-publication dates"
2023-01-16,USD,1.0,2023-01-16,Native USD; no conversion applied
2023-01-17,EUR,1.0843,2023-01-17,"Frankfurter API v2, provider=ECB, EUR/USD; previous available published rate used for non-publication dates"
2023-01-17,USD,1.0,2023-01-17,Native USD; no conversion applied
2023-01-18,EUR,1.0839,2023-01-18,"Frankfurter API v2, provider=ECB, EUR/USD; previous available published rate used for non-publication dates"
2023-01-18,USD,1.0,2023-01-18,Native USD; no conversion applied
2023-01-19,EUR,1.0815,2023-01-19,"Frankfurter API v2, provider=ECB, EUR/USD; previous available published rate used for non-publication dates"
2023-01-19,USD,1.0,2023-01-19,Native USD; no conversion applied
2023-01-20,EUR,1.0826,2023-01-20,"Frankfurter API v2, provider=ECB, EUR/USD; previous available published rate used for non-publication dates"
2023-01-20,USD,1.0,2023-01-20,Native USD; no conversion applied
2023-01-21,EUR,1.0826,2023-01-20,"Frankfurter API v2, provider=ECB, EUR/USD; previous available published rate used for non-publication dates"
2023-01-21,USD,1.0,2023-01-21,Native USD; no conversion applied
2023-01-22,EUR,1.0826,2023-01-20,"Frankfurter API v2, provider=ECB, EUR/USD; previous available published rate used for non-publication dates"
2023-01-22,USD,1.0,2023-01-22,Native USD; no conversion applied
2023-01-23,EUR,1.0871,2023-01-23,"Frankfurter API v2, provider=ECB, EUR/USD; previous available published rate used for non-publication dates"
2023-01-23,USD,1.0,2023-01-23,Native USD; no conversion applied
2023-01-24,EUR,1.0858,2023-01-24,"Frankfurter API v2, provider=ECB, EUR/USD; previous available published rate used for non-publication dates"
2023-01-24,USD,1.0,2023-01-24,Native USD; no conversion applied
2023-01-25,EUR,1.0878,2023-01-25,"Frankfurter API v2, provider=ECB, EUR/USD; previous available published rate used for non-publication dates"
2023-01-25,USD,1.0,2023-01-25,Native USD; no conversion applied
2023-01-26,EUR,1.0895,2023-01-26,"Frankfurter API v2, provider=ECB, EUR/USD; previous available published rate used for non-publication dates"
2023-01-26,USD,1.0,2023-01-26,Native USD; no conversion applied
2023-01-27,EUR,1.0865,2023-01-27,"Frankfurter API v2, provider=ECB, EUR/USD; previous available published rate used for non-publication dates"
2023-01-27,USD,1.0,2023-01-27,Native USD; no conversion applied
2023-01-28,EUR,1.0865,2023-01-27,"Frankfurter API v2, provider=ECB, EUR/USD; previous available published rate used for non-publication dates"
2023-01-28,USD,1.0,2023-01-28,Native USD; no conversion applied
2023-01-29,EUR,1.0865,2023-01-27,"Frankfurter API v2, provider=ECB, EUR/USD; previous available published rate used for non-publication dates"
2023-01-29,USD,1.0,2023-01-29,Native USD; no conversion applied
2023-01-30,EUR,1.0903,2023-01-30,"Frankfurter API v2, provider=ECB, EUR/USD; previous available published rate used for non-publication dates"
2023-01-30,USD,1.0,2023-01-30,Native USD; no conversion applied
2023-01-31,EUR,1.0833,2023-01-31,"Frankfurter API v2, provider=ECB, EUR/USD; previous available published rate used for non-publication dates"
2023-01-31,USD,1.0,2023-01-31,Native USD; no conversion applied
2023-02-01,EUR,1.0894,2023-02-01,"Frankfurter API v2, provider=ECB, EUR/USD; previous available published rate used for non-publication dates"
2023-02-01,USD,1.0,2023-02-01,Native USD; no conversion applied
2023-02-02,EUR,1.0988,2023-02-02,"Frankfurter API v2, provider=ECB, EUR/USD; previous available published rate used for non-publication dates"
2023-02-02,USD,1.0,2023-02-02,Native USD; no conversion applied
2023-02-03,EUR,1.0937,2023-02-03,"Frankfurter API v2, provider=ECB, EUR/USD; previous available published rate used for non-publication dates"
2023-02-03,USD,1.0,2023-02-03,Native USD; no conversion applied
2023-02-04,EUR,1.0937,2023-02-03,"Frankfurter API v2, provider=ECB, EUR/USD; previous available published rate used for non-publication dates"
2023-02-04,USD,1.0,2023-02-04,Native USD; no conversion applied
2023-02-05,EUR,1.0937,2023-02-03,"Frankfurter API v2, provider=ECB, EUR/USD; previous available published rate used for non-publication dates"
2023-02-05,USD,1.0,2023-02-05,Native USD; no conversion applied
2023-02-06,EUR,1.0776,2023-02-06,"Frankfurter API v2, provider=ECB, EUR/USD; previous available published rate used for non-publication dates"
2023-02-06,USD,1.0,2023-02-06,Native USD; no conversion applied
2023-02-07,EUR,1.07,2023-02-07,"Frankfurter API v2, provider=ECB, EUR/USD; previous available published rate used for non-publication dates"
2023-02-07,USD,1.0,2023-02-07,Native USD; no conversion applied
2023-02-08,EUR,1.0735,2023-02-08,"Frankfurter API v2, provider=ECB, EUR/USD; previous available published rate used for non-publication dates"
2023-02-08,USD,1.0,2023-02-08,Native USD; no conversion applied
2023-02-09,EUR,1.0771,2023-02-09,"Frankfurter API v2, provider=ECB, EUR/USD; previous available published rate used for non-publication dates"
2023-02-09,USD,1.0,2023-02-09,Native USD; no conversion applied
2023-02-10,EUR,1.069,2023-02-10,"Frankfurter API v2, provider=ECB, EUR/USD; previous available published rate used for non-publication dates"
2023-02-10,USD,1.0,2023-02-10,Native USD; no conversion applied
2023-02-11,EUR,1.069,2023-02-10,"Frankfurter API v2, provider=ECB, EUR/USD; previous available published rate used for non-publication dates"
2023-02-11,USD,1.0,2023-02-11,Native USD; no conversion applied
2023-02-12,EUR,1.069,2023-02-10,"Frankfurter API v2, provider=ECB, EUR/USD; previous available published rate used for non-publication dates"
2023-02-12,USD,1.0,2023-02-12,Native USD; no conversion applied
2023-02-13,EUR,1.0686,2023-02-13,"Frankfurter API v2, provider=ECB, EUR/USD; previous available published rate used for non-publication dates"
2023-02-13,USD,1.0,2023-02-13,Native USD; no conversion applied
2023-02-14,EUR,1.0759,2023-02-14,"Frankfurter API v2, provider=ECB, EUR/USD; previous available published rate used for non-publication dates"
2023-02-14,USD,1.0,2023-02-14,Native USD; no conversion applied
2023-02-15,EUR,1.07,2023-02-15,"Frankfurter API v2, provider=ECB, EUR/USD; previous available published rate used for non-publication dates"
2023-02-15,USD,1.0,2023-02-15,Native USD; no conversion applied
2023-02-16,EUR,1.07,2023-02-16,"Frankfurter API v2, provider=ECB, EUR/USD; previous available published rate used for non-publication dates"
2023-02-16,USD,1.0,2023-02-16,Native USD; no conversion applied
2023-02-17,EUR,1.0625,2023-02-17,"Frankfurter API v2, provider=ECB, EUR/USD; previous available published rate used for non-publication dates"
2023-02-17,USD,1.0,2023-02-17,Native USD; no conversion applied
2023-02-18,EUR,1.0625,2023-02-17,"Frankfurter API v2, provider=ECB, EUR/USD; previous available published rate used for non-publication dates"
2023-02-18,USD,1.0,2023-02-18,Native USD; no conversion applied
2023-02-19,EUR,1.0625,2023-02-17,"Frankfurter API v2, provider=ECB, EUR/USD; previous available published rate used for non-publication dates"
2023-02-19,USD,1.0,2023-02-19,Native USD; no conversion applied
2023-02-20,EUR,1.0674,2023-02-20,"Frankfurter API v2, provider=ECB, EUR/USD; previous available published rate used for non-publication dates"
2023-02-20,USD,1.0,2023-02-20,Native USD; no conversion applied
2023-02-21,EUR,1.0664,2023-02-21,"Frankfurter API v2, provider=ECB, EUR/USD; previous available published rate used for non-publication dates"
2023-02-21,USD,1.0,2023-02-21,Native USD; no conversion applied
2023-02-22,EUR,1.0644,2023-02-22,"Frankfurter API v2, provider=ECB, EUR/USD; previous available published rate used for non-publication dates"
2023-02-22,USD,1.0,2023-02-22,Native USD; no conversion applied
2023-02-23,EUR,1.0616,2023-02-23,"Frankfurter API v2, provider=ECB, EUR/USD; previous available published rate used for non-publication dates"
2023-02-23,USD,1.0,2023-02-23,Native USD; no conversion applied
2023-02-24,EUR,1.057,2023-02-24,"Frankfurter API v2, provider=ECB, EUR/USD; previous available published rate used for non-publication dates"
2023-02-24,USD,1.0,2023-02-24,Native USD; no conversion applied
2023-02-25,EUR,1.057,2023-02-24,"Frankfurter API v2, provider=ECB, EUR/USD; previous available published rate used for non-publication dates"
2023-02-25,USD,1.0,2023-02-25,Native USD; no conversion applied
2023-02-26,EUR,1.057,2023-02-24,"Frankfurter API v2, provider=ECB, EUR/USD; previous available published rate used for non-publication dates"
2023-02-26,USD,1.0,2023-02-26,Native USD; no conversion applied
2023-02-27,EUR,1.0554,2023-02-27,"Frankfurter API v2, provider=ECB, EUR/USD; previous available published rate used for non-publication dates"
2023-02-27,USD,1.0,2023-02-27,Native USD; no conversion applied
2023-02-28,EUR,1.0619,2023-02-28,"Frankfurter API v2, provider=ECB, EUR/USD; previous available published rate used for non-publication dates"
2023-02-28,USD,1.0,2023-02-28,Native USD; no conversion applied
2023-03-01,EUR,1.0684,2023-03-01,"Frankfurter API v2, provider=ECB, EUR/USD; previous available published rate used for non-publication dates"
2023-03-01,USD,1.0,2023-03-01,Native USD; no conversion applied
2023-03-02,EUR,1.0605,2023-03-02,"Frankfurter API v2, provider=ECB, EUR/USD; previous available published rate used for non-publication dates"
2023-03-02,USD,1.0,2023-03-02,Native USD; no conversion applied
2023-03-03,EUR,1.0615,2023-03-03,"Frankfurter API v2, provider=ECB, EUR/USD; previous available published rate used for non-publication dates"
2023-03-03,USD,1.0,2023-03-03,Native USD; no conversion applied
2023-03-04,EUR,1.0615,2023-03-03,"Frankfurter API v2, provider=ECB, EUR/USD; previous available published rate used for non-publication dates"
2023-03-04,USD,1.0,2023-03-04,Native USD; no conversion applied
2023-03-05,EUR,1.0615,2023-03-03,"Frankfurter API v2, provider=ECB, EUR/USD; previous available published rate used for non-publication dates"
2023-03-05,USD,1.0,2023-03-05,Native USD; no conversion applied
2023-03-06,EUR,1.0646,2023-03-06,"Frankfurter API v2, provider=ECB, EUR/USD; previous available published rate used for non-publication dates"
2023-03-06,USD,1.0,2023-03-06,Native USD; no conversion applied
2023-03-07,EUR,1.0665,2023-03-07,"Frankfurter API v2, provider=ECB, EUR/USD; previous available published rate used for non-publication dates"
2023-03-07,USD,1.0,2023-03-07,Native USD; no conversion applied
2023-03-08,EUR,1.0545,2023-03-08,"Frankfurter API v2, provider=ECB, EUR/USD; previous available published rate used for non-publication dates"
2023-03-08,USD,1.0,2023-03-08,Native USD; no conversion applied
2023-03-09,EUR,1.0554,2023-03-09,"Frankfurter API v2, provider=ECB, EUR/USD; previous available published rate used for non-publication dates"
2023-03-09,USD,1.0,2023-03-09,Native USD; no conversion applied
2023-03-10,EUR,1.0586,2023-03-10,"Frankfurter API v2, provider=ECB, EUR/USD; previous available published rate used for non-publication dates"
2023-03-10,USD,1.0,2023-03-10,Native USD; no conversion applied
2023-03-11,EUR,1.0586,2023-03-10,"Frankfurter API v2, provider=ECB, EUR/USD; previous available published rate used for non-publication dates"
2023-03-11,USD,1.0,2023-03-11,Native USD; no conversion applied
2023-03-12,EUR,1.0586,2023-03-10,"Frankfurter API v2, provider=ECB, EUR/USD; previous available published rate used for non-publication dates"
2023-03-12,USD,1.0,2023-03-12,Native USD; no conversion applied
2023-03-13,EUR,1.0706,2023-03-13,"Frankfurter API v2, provider=ECB, EUR/USD; previous available published rate used for non-publication dates"
2023-03-13,USD,1.0,2023-03-13,Native USD; no conversion applied
2023-03-14,EUR,1.0737,2023-03-14,"Frankfurter API v2, provider=ECB, EUR/USD; previous available published rate used for non-publication dates"
2023-03-14,USD,1.0,2023-03-14,Native USD; no conversion applied
2023-03-15,EUR,1.0549,2023-03-15,"Frankfurter API v2, provider=ECB, EUR/USD; previous available published rate used for non-publication dates"
2023-03-15,USD,1.0,2023-03-15,Native USD; no conversion applied
2023-03-16,EUR,1.0595,2023-03-16,"Frankfurter API v2, provider=ECB, EUR/USD; previous available published rate used for non-publication dates"
2023-03-16,USD,1.0,2023-03-16,Native USD; no conversion applied
2023-03-17,EUR,1.0623,2023-03-17,"Frankfurter API v2, provider=ECB, EUR/USD; previous available published rate used for non-publication dates"
2023-03-17,USD,1.0,2023-03-17,Native USD; no conversion applied
2023-03-18,EUR,1.0623,2023-03-17,"Frankfurter API v2, provider=ECB, EUR/USD; previous available published rate used for non-publication dates"
2023-03-18,USD,1.0,2023-03-18,Native USD; no conversion applied
2023-03-19,EUR,1.0623,2023-03-17,"Frankfurter API v2, provider=ECB, EUR/USD; previous available published rate used for non-publication dates"
2023-03-19,USD,1.0,2023-03-19,Native USD; no conversion applied
2023-03-20,EUR,1.0717,2023-03-20,"Frankfurter API v2, provider=ECB, EUR/USD; previous available published rate used for non-publication dates"
2023-03-20,USD,1.0,2023-03-20,Native USD; no conversion applied
2023-03-21,EUR,1.0776,2023-03-21,"Frankfurter API v2, provider=ECB, EUR/USD; previous available published rate used for non-publication dates"
2023-03-21,USD,1.0,2023-03-21,Native USD; no conversion applied
2023-03-22,EUR,1.0785,2023-03-22,"Frankfurter API v2, provider=ECB, EUR/USD; previous available published rate used for non-publication dates"
2023-03-22,USD,1.0,2023-03-22,Native USD; no conversion applied
2023-03-23,EUR,1.0879,2023-03-23,"Frankfurter API v2, provider=ECB, EUR/USD; previous available published rate used for non-publication dates"
2023-03-23,USD,1.0,2023-03-23,Native USD; no conversion applied
2023-03-24,EUR,1.0745,2023-03-24,"Frankfurter API v2, provider=ECB, EUR/USD; previous available published rate used for non-publication dates"
2023-03-24,USD,1.0,2023-03-24,Native USD; no conversion applied
2023-03-25,EUR,1.0745,2023-03-24,"Frankfurter API v2, provider=ECB, EUR/USD; previous available published rate used for non-publication dates"
2023-03-25,USD,1.0,2023-03-25,Native USD; no conversion applied
2023-03-26,EUR,1.0745,2023-03-24,"Frankfurter API v2, provider=ECB, EUR/USD; previous available published rate used for non-publication dates"
2023-03-26,USD,1.0,2023-03-26,Native USD; no conversion applied
2023-03-27,EUR,1.0773,2023-03-27,"Frankfurter API v2, provider=ECB, EUR/USD; previous available published rate used for non-publication dates"
2023-03-27,USD,1.0,2023-03-27,Native USD; no conversion applied
2023-03-28,EUR,1.0841,2023-03-28,"Frankfurter API v2, provider=ECB, EUR/USD; previous available published rate used for non-publication dates"
2023-03-28,USD,1.0,2023-03-28,Native USD; no conversion applied
2023-03-29,EUR,1.0847,2023-03-29,"Frankfurter API v2, provider=ECB, EUR/USD; previous available published rate used for non-publication dates"
2023-03-29,USD,1.0,2023-03-29,Native USD; no conversion applied
2023-03-30,EUR,1.0886,2023-03-30,"Frankfurter API v2, provider=ECB, EUR/USD; previous available published rate used for non-publication dates"
2023-03-30,USD,1.0,2023-03-30,Native USD; no conversion applied
2023-03-31,EUR,1.0875,2023-03-31,"Frankfurter API v2, provider=ECB, EUR/USD; previous available published rate used for non-publication dates"
2023-03-31,USD,1.0,2023-03-31,Native USD; no conversion applied
2023-04-01,EUR,1.0875,2023-03-31,"Frankfurter API v2, provider=ECB, EUR/USD; previous available published rate used for non-publication dates"
2023-04-01,USD,1.0,2023-04-01,Native USD; no conversion applied
2023-04-02,EUR,1.0875,2023-03-31,"Frankfurter API v2, provider=ECB, EUR/USD; previous available published rate used for non-publication dates"
2023-04-02,USD,1.0,2023-04-02,Native USD; no conversion applied
2023-04-03,EUR,1.087,2023-04-03,"Frankfurter API v2, provider=ECB, EUR/USD; previous available published rate used for non-publication dates"
2023-04-03,USD,1.0,2023-04-03,Native USD; no conversion applied
2023-04-04,EUR,1.0901,2023-04-04,"Frankfurter API v2, provider=ECB, EUR/USD; previous available published rate used for non-publication dates"
2023-04-04,USD,1.0,2023-04-04,Native USD; no conversion applied
2023-04-05,EUR,1.094,2023-04-05,"Frankfurter API v2, provider=ECB, EUR/USD; previous available published rate used for non-publication dates"
2023-04-05,USD,1.0,2023-04-05,Native USD; no conversion applied
2023-04-06,EUR,1.0915,2023-04-06,"Frankfurter API v2, provider=ECB, EUR/USD; previous available published rate used for non-publication dates"
2023-04-06,USD,1.0,2023-04-06,Native USD; no conversion applied
2023-04-07,EUR,1.0915,2023-04-06,"Frankfurter API v2, provider=ECB, EUR/USD; previous available published rate used for non-publication dates"
2023-04-07,USD,1.0,2023-04-07,Native USD; no conversion applied
2023-04-08,EUR,1.0915,2023-04-06,"Frankfurter API v2, provider=ECB, EUR/USD; previous available published rate used for non-publication dates"
2023-04-08,USD,1.0,2023-04-08,Native USD; no conversion applied
2023-04-09,EUR,1.0915,2023-04-06,"Frankfurter API v2, provider=ECB, EUR/USD; previous available published rate used for non-publication dates"
2023-04-09,USD,1.0,2023-04-09,Native USD; no conversion applied
2023-04-10,EUR,1.0915,2023-04-06,"Frankfurter API v2, provider=ECB, EUR/USD; previous available published rate used for non-publication dates"
2023-04-10,USD,1.0,2023-04-10,Native USD; no conversion applied
2023-04-11,EUR,1.0905,2023-04-11,"Frankfurter API v2, provider=ECB, EUR/USD; previous available published rate used for non-publication dates"
2023-04-11,USD,1.0,2023-04-11,Native USD; no conversion applied
2023-04-12,EUR,1.0922,2023-04-12,"Frankfurter API v2, provider=ECB, EUR/USD; previous available published rate used for non-publication dates"
2023-04-12,USD,1.0,2023-04-12,Native USD; no conversion applied
2023-04-13,EUR,1.1015,2023-04-13,"Frankfurter API v2, provider=ECB, EUR/USD; previous available published rate used for non-publication dates"
2023-04-13,USD,1.0,2023-04-13,Native USD; no conversion applied
2023-04-14,EUR,1.1057,2023-04-14,"Frankfurter API v2, provider=ECB, EUR/USD; previous available published rate used for non-publication dates"
2023-04-14,USD,1.0,2023-04-14,Native USD; no conversion applied
2023-04-15,EUR,1.1057,2023-04-14,"Frankfurter API v2, provider=ECB, EUR/USD; previous available published rate used for non-publication dates"
2023-04-15,USD,1.0,2023-04-15,Native USD; no conversion applied
2023-04-16,EUR,1.1057,2023-04-14,"Frankfurter API v2, provider=ECB, EUR/USD; previous available published rate used for non-publication dates"
2023-04-16,USD,1.0,2023-04-16,Native USD; no conversion applied
2023-04-17,EUR,1.0981,2023-04-17,"Frankfurter API v2, provider=ECB, EUR/USD; previous available published rate used for non-publication dates"
2023-04-17,USD,1.0,2023-04-17,Native USD; no conversion applied
2023-04-18,EUR,1.0972,2023-04-18,"Frankfurter API v2, provider=ECB, EUR/USD; previous available published rate used for non-publication dates"
2023-04-18,USD,1.0,2023-04-18,Native USD; no conversion applied
2023-04-19,EUR,1.0933,2023-04-19,"Frankfurter API v2, provider=ECB, EUR/USD; previous available published rate used for non-publication dates"
2023-04-19,USD,1.0,2023-04-19,Native USD; no conversion applied
2023-04-20,EUR,1.0944,2023-04-20,"Frankfurter API v2, provider=ECB, EUR/USD; previous available published rate used for non-publication dates"
2023-04-20,USD,1.0,2023-04-20,Native USD; no conversion applied
2023-04-21,EUR,1.0978,2023-04-21,"Frankfurter API v2, provider=ECB, EUR/USD; previous available published rate used for non-publication dates"
2023-04-21,USD,1.0,2023-04-21,Native USD; no conversion applied
2023-04-22,EUR,1.0978,2023-04-21,"Frankfurter API v2, provider=ECB, EUR/USD; previous available published rate used for non-publication dates"
2023-04-22,USD,1.0,2023-04-22,Native USD; no conversion applied
2023-04-23,EUR,1.0978,2023-04-21,"Frankfurter API v2, provider=ECB, EUR/USD; previous available published rate used for non-publication dates"
2023-04-23,USD,1.0,2023-04-23,Native USD; no conversion applied
2023-04-24,EUR,1.1002,2023-04-24,"Frankfurter API v2, provider=ECB, EUR/USD; previous available published rate used for non-publication dates"
2023-04-24,USD,1.0,2023-04-24,Native USD; no conversion applied
2023-04-25,EUR,1.1022,2023-04-25,"Frankfurter API v2, provider=ECB, EUR/USD; previous available published rate used for non-publication dates"
2023-04-25,USD,1.0,2023-04-25,Native USD; no conversion applied
2023-04-26,EUR,1.1039,2023-04-26,"Frankfurter API v2, provider=ECB, EUR/USD; previous available published rate used for non-publication dates"
2023-04-26,USD,1.0,2023-04-26,Native USD; no conversion applied
2023-04-27,EUR,1.1042,2023-04-27,"Frankfurter API v2, provider=ECB, EUR/USD; previous available published rate used for non-publication dates"
2023-04-27,USD,1.0,2023-04-27,Native USD; no conversion applied
2023-04-28,EUR,1.0981,2023-04-28,"Frankfurter API v2, provider=ECB, EUR/USD; previous available published rate used for non-publication dates"
2023-04-28,USD,1.0,2023-04-28,Native USD; no conversion applied
2023-04-29,EUR,1.0981,2023-04-28,"Frankfurter API v2, provider=ECB, EUR/USD; previous available published rate used for non-publication dates"
2023-04-29,USD,1.0,2023-04-29,Native USD; no conversion applied
2023-04-30,EUR,1.0981,2023-04-28,"Frankfurter API v2, provider=ECB, EUR/USD; previous available published rate used for non-publication dates"
2023-04-30,USD,1.0,2023-04-30,Native USD; no conversion applied
2023-05-01,EUR,1.0981,2023-04-28,"Frankfurter API v2, provider=ECB, EUR/USD; previous available published rate used for non-publication dates"
2023-05-01,USD,1.0,2023-05-01,Native USD; no conversion applied
2023-05-02,EUR,1.0965,2023-05-02,"Frankfurter API v2, provider=ECB, EUR/USD; previous available published rate used for non-publication dates"
2023-05-02,USD,1.0,2023-05-02,Native USD; no conversion applied
2023-05-03,EUR,1.1043,2023-05-03,"Frankfurter API v2, provider=ECB, EUR/USD; previous available published rate used for non-publication dates"
2023-05-03,USD,1.0,2023-05-03,Native USD; no conversion applied
2023-05-04,EUR,1.1074,2023-05-04,"Frankfurter API v2, provider=ECB, EUR/USD; previous available published rate used for non-publication dates"
2023-05-04,USD,1.0,2023-05-04,Native USD; no conversion applied
2023-05-05,EUR,1.1014,2023-05-05,"Frankfurter API v2, provider=ECB, EUR/USD; previous available published rate used for non-publication dates"
2023-05-05,USD,1.0,2023-05-05,Native USD; no conversion applied
2023-05-06,EUR,1.1014,2023-05-05,"Frankfurter API v2, provider=ECB, EUR/USD; previous available published rate used for non-publication dates"
2023-05-06,USD,1.0,2023-05-06,Native USD; no conversion applied
2023-05-07,EUR,1.1014,2023-05-05,"Frankfurter API v2, provider=ECB, EUR/USD; previous available published rate used for non-publication dates"
2023-05-07,USD,1.0,2023-05-07,Native USD; no conversion applied
2023-05-08,EUR,1.1037,2023-05-08,"Frankfurter API v2, provider=ECB, EUR/USD; previous available published rate used for non-publication dates"
2023-05-08,USD,1.0,2023-05-08,Native USD; no conversion applied
2023-05-09,EUR,1.0959,2023-05-09,"Frankfurter API v2, provider=ECB, EUR/USD; previous available published rate used for non-publication dates"
2023-05-09,USD,1.0,2023-05-09,Native USD; no conversion applied
2023-05-10,EUR,1.095,2023-05-10,"Frankfurter API v2, provider=ECB, EUR/USD; previous available published rate used for non-publication dates"
2023-05-10,USD,1.0,2023-05-10,Native USD; no conversion applied
2023-05-11,EUR,1.093,2023-05-11,"Frankfurter API v2, provider=ECB, EUR/USD; previous available published rate used for non-publication dates"
2023-05-11,USD,1.0,2023-05-11,Native USD; no conversion applied
2023-05-12,EUR,1.0892,2023-05-12,"Frankfurter API v2, provider=ECB, EUR/USD; previous available published rate used for non-publication dates"
2023-05-12,USD,1.0,2023-05-12,Native USD; no conversion applied
2023-05-13,EUR,1.0892,2023-05-12,"Frankfurter API v2, provider=ECB, EUR/USD; previous available published rate used for non-publication dates"
2023-05-13,USD,1.0,2023-05-13,Native USD; no conversion applied
2023-05-14,EUR,1.0892,2023-05-12,"Frankfurter API v2, provider=ECB, EUR/USD; previous available published rate used for non-publication dates"
2023-05-14,USD,1.0,2023-05-14,Native USD; no conversion applied
2023-05-15,EUR,1.0876,2023-05-15,"Frankfurter API v2, provider=ECB, EUR/USD; previous available published rate used for non-publication dates"
2023-05-15,USD,1.0,2023-05-15,Native USD; no conversion applied
2023-05-16,EUR,1.0881,2023-05-16,"Frankfurter API v2, provider=ECB, EUR/USD; previous available published rate used for non-publication dates"
2023-05-16,USD,1.0,2023-05-16,Native USD; no conversion applied
2023-05-17,EUR,1.0829,2023-05-17,"Frankfurter API v2, provider=ECB, EUR/USD; previous available published rate used for non-publication dates"
2023-05-17,USD,1.0,2023-05-17,Native USD; no conversion applied
2023-05-18,EUR,1.0813,2023-05-18,"Frankfurter API v2, provider=ECB, EUR/USD; previous available published rate used for non-publication dates"
2023-05-18,USD,1.0,2023-05-18,Native USD; no conversion applied
2023-05-19,EUR,1.0808,2023-05-19,"Frankfurter API v2, provider=ECB, EUR/USD; previous available published rate used for non-publication dates"
2023-05-19,USD,1.0,2023-05-19,Native USD; no conversion applied
2023-05-20,EUR,1.0808,2023-05-19,"Frankfurter API v2, provider=ECB, EUR/USD; previous available published rate used for non-publication dates"
2023-05-20,USD,1.0,2023-05-20,Native USD; no conversion applied
2023-05-21,EUR,1.0808,2023-05-19,"Frankfurter API v2, provider=ECB, EUR/USD; previous available published rate used for non-publication dates"
2023-05-21,USD,1.0,2023-05-21,Native USD; no conversion applied
2023-05-22,EUR,1.0822,2023-05-22,"Frankfurter API v2, provider=ECB, EUR/USD; previous available published rate used for non-publication dates"
2023-05-22,USD,1.0,2023-05-22,Native USD; no conversion applied
2023-05-23,EUR,1.0779,2023-05-23,"Frankfurter API v2, provider=ECB, EUR/USD; previous available published rate used for non-publication dates"
2023-05-23,USD,1.0,2023-05-23,Native USD; no conversion applied
2023-05-24,EUR,1.0785,2023-05-24,"Frankfurter API v2, provider=ECB, EUR/USD; previous available published rate used for non-publication dates"
2023-05-24,USD,1.0,2023-05-24,Native USD; no conversion applied
2023-05-25,EUR,1.0735,2023-05-25,"Frankfurter API v2, provider=ECB, EUR/USD; previous available published rate used for non-publication dates"
2023-05-25,USD,1.0,2023-05-25,Native USD; no conversion applied
2023-05-26,EUR,1.0751,2023-05-26,"Frankfurter API v2, provider=ECB, EUR/USD; previous available published rate used for non-publication dates"
2023-05-26,USD,1.0,2023-05-26,Native USD; no conversion applied
2023-05-27,EUR,1.0751,2023-05-26,"Frankfurter API v2, provider=ECB, EUR/USD; previous available published rate used for non-publication dates"
2023-05-27,USD,1.0,2023-05-27,Native USD; no conversion applied
2023-05-28,EUR,1.0751,2023-05-26,"Frankfurter API v2, provider=ECB, EUR/USD; previous available published rate used for non-publication dates"
2023-05-28,USD,1.0,2023-05-28,Native USD; no conversion applied
2023-05-29,EUR,1.0715,2023-05-29,"Frankfurter API v2, provider=ECB, EUR/USD; previous available published rate used for non-publication dates"
2023-05-29,USD,1.0,2023-05-29,Native USD; no conversion applied
2023-05-30,EUR,1.0744,2023-05-30,"Frankfurter API v2, provider=ECB, EUR/USD; previous available published rate used for non-publication dates"
2023-05-30,USD,1.0,2023-05-30,Native USD; no conversion applied
2023-05-31,EUR,1.0683,2023-05-31,"Frankfurter API v2, provider=ECB, EUR/USD; previous available published rate used for non-publication dates"
2023-05-31,USD,1.0,2023-05-31,Native USD; no conversion applied
2023-06-01,EUR,1.0697,2023-06-01,"Frankfurter API v2, provider=ECB, EUR/USD; previous available published rate used for non-publication dates"
2023-06-01,USD,1.0,2023-06-01,Native USD; no conversion applied
2023-06-02,EUR,1.0763,2023-06-02,"Frankfurter API v2, provider=ECB, EUR/USD; previous available published rate used for non-publication dates"
2023-06-02,USD,1.0,2023-06-02,Native USD; no conversion applied
2023-06-03,EUR,1.0763,2023-06-02,"Frankfurter API v2, provider=ECB, EUR/USD; previous available published rate used for non-publication dates"
2023-06-03,USD,1.0,2023-06-03,Native USD; no conversion applied
2023-06-04,EUR,1.0763,2023-06-02,"Frankfurter API v2, provider=ECB, EUR/USD; previous available published rate used for non-publication dates"
2023-06-04,USD,1.0,2023-06-04,Native USD; no conversion applied
2023-06-05,EUR,1.069,2023-06-05,"Frankfurter API v2, provider=ECB, EUR/USD; previous available published rate used for non-publication dates"
2023-06-05,USD,1.0,2023-06-05,Native USD; no conversion applied
2023-06-06,EUR,1.0683,2023-06-06,"Frankfurter API v2, provider=ECB, EUR/USD; previous available published rate used for non-publication dates"
2023-06-06,USD,1.0,2023-06-06,Native USD; no conversion applied
2023-06-07,EUR,1.0717,2023-06-07,"Frankfurter API v2, provider=ECB, EUR/USD; previous available published rate used for non-publication dates"
2023-06-07,USD,1.0,2023-06-07,Native USD; no conversion applied
2023-06-08,EUR,1.0737,2023-06-08,"Frankfurter API v2, provider=ECB, EUR/USD; previous available published rate used for non-publication dates"
2023-06-08,USD,1.0,2023-06-08,Native USD; no conversion applied
2023-06-09,EUR,1.078,2023-06-09,"Frankfurter API v2, provider=ECB, EUR/USD; previous available published rate used for non-publication dates"
2023-06-09,USD,1.0,2023-06-09,Native USD; no conversion applied
2023-06-10,EUR,1.078,2023-06-09,"Frankfurter API v2, provider=ECB, EUR/USD; previous available published rate used for non-publication dates"
2023-06-10,USD,1.0,2023-06-10,Native USD; no conversion applied
2023-06-11,EUR,1.078,2023-06-09,"Frankfurter API v2, provider=ECB, EUR/USD; previous available published rate used for non-publication dates"
2023-06-11,USD,1.0,2023-06-11,Native USD; no conversion applied
2023-06-12,EUR,1.0765,2023-06-12,"Frankfurter API v2, provider=ECB, EUR/USD; previous available published rate used for non-publication dates"
2023-06-12,USD,1.0,2023-06-12,Native USD; no conversion applied
2023-06-13,EUR,1.0793,2023-06-13,"Frankfurter API v2, provider=ECB, EUR/USD; previous available published rate used for non-publication dates"
2023-06-13,USD,1.0,2023-06-13,Native USD; no conversion applied
2023-06-14,EUR,1.0809,2023-06-14,"Frankfurter API v2, provider=ECB, EUR/USD; previous available published rate used for non-publication dates"
2023-06-14,USD,1.0,2023-06-14,Native USD; no conversion applied
2023-06-15,EUR,1.0819,2023-06-15,"Frankfurter API v2, provider=ECB, EUR/USD; previous available published rate used for non-publication dates"
2023-06-15,USD,1.0,2023-06-15,Native USD; no conversion applied
2023-06-16,EUR,1.0966,2023-06-16,"Frankfurter API v2, provider=ECB, EUR/USD; previous available published rate used for non-publication dates"
2023-06-16,USD,1.0,2023-06-16,Native USD; no conversion applied
2023-06-17,EUR,1.0966,2023-06-16,"Frankfurter API v2, provider=ECB, EUR/USD; previous available published rate used for non-publication dates"
2023-06-17,USD,1.0,2023-06-17,Native USD; no conversion applied
2023-06-18,EUR,1.0966,2023-06-16,"Frankfurter API v2, provider=ECB, EUR/USD; previous available published rate used for non-publication dates"
2023-06-18,USD,1.0,2023-06-18,Native USD; no conversion applied
2023-06-19,EUR,1.0922,2023-06-19,"Frankfurter API v2, provider=ECB, EUR/USD; previous available published rate used for non-publication dates"
2023-06-19,USD,1.0,2023-06-19,Native USD; no conversion applied
2023-06-20,EUR,1.0933,2023-06-20,"Frankfurter API v2, provider=ECB, EUR/USD; previous available published rate used for non-publication dates"
2023-06-20,USD,1.0,2023-06-20,Native USD; no conversion applied
2023-06-21,EUR,1.0923,2023-06-21,"Frankfurter API v2, provider=ECB, EUR/USD; previous available published rate used for non-publication dates"
2023-06-21,USD,1.0,2023-06-21,Native USD; no conversion applied
2023-06-22,EUR,1.0985,2023-06-22,"Frankfurter API v2, provider=ECB, EUR/USD; previous available published rate used for non-publication dates"
2023-06-22,USD,1.0,2023-06-22,Native USD; no conversion applied
2023-06-23,EUR,1.0884,2023-06-23,"Frankfurter API v2, provider=ECB, EUR/USD; previous available published rate used for non-publication dates"
2023-06-23,USD,1.0,2023-06-23,Native USD; no conversion applied
2023-06-24,EUR,1.0884,2023-06-23,"Frankfurter API v2, provider=ECB, EUR/USD; previous available published rate used for non-publication dates"
2023-06-24,USD,1.0,2023-06-24,Native USD; no conversion applied
2023-06-25,EUR,1.0884,2023-06-23,"Frankfurter API v2, provider=ECB, EUR/USD; previous available published rate used for non-publication dates"
2023-06-25,USD,1.0,2023-06-25,Native USD; no conversion applied
2023-06-26,EUR,1.0918,2023-06-26,"Frankfurter API v2, provider=ECB, EUR/USD; previous available published rate used for non-publication dates"
2023-06-26,USD,1.0,2023-06-26,Native USD; no conversion applied
2023-06-27,EUR,1.0951,2023-06-27,"Frankfurter API v2, provider=ECB, EUR/USD; previous available published rate used for non-publication dates"
2023-06-27,USD,1.0,2023-06-27,Native USD; no conversion applied
2023-06-28,EUR,1.0938,2023-06-28,"Frankfurter API v2, provider=ECB, EUR/USD; previous available published rate used for non-publication dates"
2023-06-28,USD,1.0,2023-06-28,Native USD; no conversion applied
2023-06-29,EUR,1.0938,2023-06-29,"Frankfurter API v2, provider=ECB, EUR/USD; previous available published rate used for non-publication dates"
2023-06-29,USD,1.0,2023-06-29,Native USD; no conversion applied
2023-06-30,EUR,1.0866,2023-06-30,"Frankfurter API v2, provider=ECB, EUR/USD; previous available published rate used for non-publication dates"
2023-06-30,USD,1.0,2023-06-30,Native USD; no conversion applied
2023-07-01,EUR,1.0866,2023-06-30,"Frankfurter API v2, provider=ECB, EUR/USD; previous available published rate used for non-publication dates"
2023-07-01,USD,1.0,2023-07-01,Native USD; no conversion applied
2023-07-02,EUR,1.0866,2023-06-30,"Frankfurter API v2, provider=ECB, EUR/USD; previous available published rate used for non-publication dates"
2023-07-02,USD,1.0,2023-07-02,Native USD; no conversion applied
2023-07-03,EUR,1.0899,2023-07-03,"Frankfurter API v2, provider=ECB, EUR/USD; previous available published rate used for non-publication dates"
2023-07-03,USD,1.0,2023-07-03,Native USD; no conversion applied
2023-07-04,EUR,1.0895,2023-07-04,"Frankfurter API v2, provider=ECB, EUR/USD; previous available published rate used for non-publication dates"
2023-07-04,USD,1.0,2023-07-04,Native USD; no conversion applied
2023-07-05,EUR,1.0879,2023-07-05,"Frankfurter API v2, provider=ECB, EUR/USD; previous available published rate used for non-publication dates"
2023-07-05,USD,1.0,2023-07-05,Native USD; no conversion applied
2023-07-06,EUR,1.0899,2023-07-06,"Frankfurter API v2, provider=ECB, EUR/USD; previous available published rate used for non-publication dates"
2023-07-06,USD,1.0,2023-07-06,Native USD; no conversion applied
2023-07-07,EUR,1.0888,2023-07-07,"Frankfurter API v2, provider=ECB, EUR/USD; previous available published rate used for non-publication dates"
2023-07-07,USD,1.0,2023-07-07,Native USD; no conversion applied
2023-07-08,EUR,1.0888,2023-07-07,"Frankfurter API v2, provider=ECB, EUR/USD; previous available published rate used for non-publication dates"
2023-07-08,USD,1.0,2023-07-08,Native USD; no conversion applied
2023-07-09,EUR,1.0888,2023-07-07,"Frankfurter API v2, provider=ECB, EUR/USD; previous available published rate used for non-publication dates"
2023-07-09,USD,1.0,2023-07-09,Native USD; no conversion applied
2023-07-10,EUR,1.0956,2023-07-10,"Frankfurter API v2, provider=ECB, EUR/USD; previous available published rate used for non-publication dates"
2023-07-10,USD,1.0,2023-07-10,Native USD; no conversion applied
2023-07-11,EUR,1.0989,2023-07-11,"Frankfurter API v2, provider=ECB, EUR/USD; previous available published rate used for non-publication dates"
2023-07-11,USD,1.0,2023-07-11,Native USD; no conversion applied
2023-07-12,EUR,1.1022,2023-07-12,"Frankfurter API v2, provider=ECB, EUR/USD; previous available published rate used for non-publication dates"
2023-07-12,USD,1.0,2023-07-12,Native USD; no conversion applied
2023-07-13,EUR,1.1182,2023-07-13,"Frankfurter API v2, provider=ECB, EUR/USD; previous available published rate used for non-publication dates"
2023-07-13,USD,1.0,2023-07-13,Native USD; no conversion applied
2023-07-14,EUR,1.1221,2023-07-14,"Frankfurter API v2, provider=ECB, EUR/USD; previous available published rate used for non-publication dates"
2023-07-14,USD,1.0,2023-07-14,Native USD; no conversion applied
2023-07-15,EUR,1.1221,2023-07-14,"Frankfurter API v2, provider=ECB, EUR/USD; previous available published rate used for non-publication dates"
2023-07-15,USD,1.0,2023-07-15,Native USD; no conversion applied
2023-07-16,EUR,1.1221,2023-07-14,"Frankfurter API v2, provider=ECB, EUR/USD; previous available published rate used for non-publication dates"
2023-07-16,USD,1.0,2023-07-16,Native USD; no conversion applied
2023-07-17,EUR,1.123,2023-07-17,"Frankfurter API v2, provider=ECB, EUR/USD; previous available published rate used for non-publication dates"
2023-07-17,USD,1.0,2023-07-17,Native USD; no conversion applied
2023-07-18,EUR,1.1255,2023-07-18,"Frankfurter API v2, provider=ECB, EUR/USD; previous available published rate used for non-publication dates"
2023-07-18,USD,1.0,2023-07-18,Native USD; no conversion applied
2023-07-19,EUR,1.1222,2023-07-19,"Frankfurter API v2, provider=ECB, EUR/USD; previous available published rate used for non-publication dates"
2023-07-19,USD,1.0,2023-07-19,Native USD; no conversion applied
2023-07-20,EUR,1.1197,2023-07-20,"Frankfurter API v2, provider=ECB, EUR/USD; previous available published rate used for non-publication dates"
2023-07-20,USD,1.0,2023-07-20,Native USD; no conversion applied
2023-07-21,EUR,1.1123,2023-07-21,"Frankfurter API v2, provider=ECB, EUR/USD; previous available published rate used for non-publication dates"
2023-07-21,USD,1.0,2023-07-21,Native USD; no conversion applied
2023-07-22,EUR,1.1123,2023-07-21,"Frankfurter API v2, provider=ECB, EUR/USD; previous available published rate used for non-publication dates"
2023-07-22,USD,1.0,2023-07-22,Native USD; no conversion applied
2023-07-23,EUR,1.1123,2023-07-21,"Frankfurter API v2, provider=ECB, EUR/USD; previous available published rate used for non-publication dates"
2023-07-23,USD,1.0,2023-07-23,Native USD; no conversion applied
2023-07-24,EUR,1.1096,2023-07-24,"Frankfurter API v2, provider=ECB, EUR/USD; previous available published rate used for non-publication dates"
2023-07-24,USD,1.0,2023-07-24,Native USD; no conversion applied
2023-07-25,EUR,1.1051,2023-07-25,"Frankfurter API v2, provider=ECB, EUR/USD; previous available published rate used for non-publication dates"
2023-07-25,USD,1.0,2023-07-25,Native USD; no conversion applied
2023-07-26,EUR,1.1059,2023-07-26,"Frankfurter API v2, provider=ECB, EUR/USD; previous available published rate used for non-publication dates"
2023-07-26,USD,1.0,2023-07-26,Native USD; no conversion applied
2023-07-27,EUR,1.1125,2023-07-27,"Frankfurter API v2, provider=ECB, EUR/USD; previous available published rate used for non-publication dates"
2023-07-27,USD,1.0,2023-07-27,Native USD; no conversion applied
2023-07-28,EUR,1.101,2023-07-28,"Frankfurter API v2, provider=ECB, EUR/USD; previous available published rate used for non-publication dates"
2023-07-28,USD,1.0,2023-07-28,Native USD; no conversion applied
2023-07-29,EUR,1.101,2023-07-28,"Frankfurter API v2, provider=ECB, EUR/USD; previous available published rate used for non-publication dates"
2023-07-29,USD,1.0,2023-07-29,Native USD; no conversion applied
2023-07-30,EUR,1.101,2023-07-28,"Frankfurter API v2, provider=ECB, EUR/USD; previous available published rate used for non-publication dates"
2023-07-30,USD,1.0,2023-07-30,Native USD; no conversion applied
2023-07-31,EUR,1.1023,2023-07-31,"Frankfurter API v2, provider=ECB, EUR/USD; previous available published rate used for non-publication dates"
2023-07-31,USD,1.0,2023-07-31,Native USD; no conversion applied
2023-08-01,EUR,1.097,2023-08-01,"Frankfurter API v2, provider=ECB, EUR/USD; previous available published rate used for non-publication dates"
2023-08-01,USD,1.0,2023-08-01,Native USD; no conversion applied
2023-08-02,EUR,1.0985,2023-08-02,"Frankfurter API v2, provider=ECB, EUR/USD; previous available published rate used for non-publication dates"
2023-08-02,USD,1.0,2023-08-02,Native USD; no conversion applied
2023-08-03,EUR,1.0932,2023-08-03,"Frankfurter API v2, provider=ECB, EUR/USD; previous available published rate used for non-publication dates"
2023-08-03,USD,1.0,2023-08-03,Native USD; no conversion applied
2023-08-04,EUR,1.0946,2023-08-04,"Frankfurter API v2, provider=ECB, EUR/USD; previous available published rate used for non-publication dates"
2023-08-04,USD,1.0,2023-08-04,Native USD; no conversion applied
2023-08-05,EUR,1.0946,2023-08-04,"Frankfurter API v2, provider=ECB, EUR/USD; previous available published rate used for non-publication dates"
2023-08-05,USD,1.0,2023-08-05,Native USD; no conversion applied
2023-08-06,EUR,1.0946,2023-08-04,"Frankfurter API v2, provider=ECB, EUR/USD; previous available published rate used for non-publication dates"
2023-08-06,USD,1.0,2023-08-06,Native USD; no conversion applied
2023-08-07,EUR,1.0984,2023-08-07,"Frankfurter API v2, provider=ECB, EUR/USD; previous available published rate used for non-publication dates"
2023-08-07,USD,1.0,2023-08-07,Native USD; no conversion applied
2023-08-08,EUR,1.0944,2023-08-08,"Frankfurter API v2, provider=ECB, EUR/USD; previous available published rate used for non-publication dates"
2023-08-08,USD,1.0,2023-08-08,Native USD; no conversion applied
2023-08-09,EUR,1.0968,2023-08-09,"Frankfurter API v2, provider=ECB, EUR/USD; previous available published rate used for non-publication dates"
2023-08-09,USD,1.0,2023-08-09,Native USD; no conversion applied
2023-08-10,EUR,1.1019,2023-08-10,"Frankfurter API v2, provider=ECB, EUR/USD; previous available published rate used for non-publication dates"
2023-08-10,USD,1.0,2023-08-10,Native USD; no conversion applied
2023-08-11,EUR,1.1004,2023-08-11,"Frankfurter API v2, provider=ECB, EUR/USD; previous available published rate used for non-publication dates"
2023-08-11,USD,1.0,2023-08-11,Native USD; no conversion applied
2023-08-12,EUR,1.1004,2023-08-11,"Frankfurter API v2, provider=ECB, EUR/USD; previous available published rate used for non-publication dates"
2023-08-12,USD,1.0,2023-08-12,Native USD; no conversion applied
2023-08-13,EUR,1.1004,2023-08-11,"Frankfurter API v2, provider=ECB, EUR/USD; previous available published rate used for non-publication dates"
2023-08-13,USD,1.0,2023-08-13,Native USD; no conversion applied
2023-08-14,EUR,1.093,2023-08-14,"Frankfurter API v2, provider=ECB, EUR/USD; previous available published rate used for non-publication dates"
2023-08-14,USD,1.0,2023-08-14,Native USD; no conversion applied
2023-08-15,EUR,1.0926,2023-08-15,"Frankfurter API v2, provider=ECB, EUR/USD; previous available published rate used for non-publication dates"
2023-08-15,USD,1.0,2023-08-15,Native USD; no conversion applied
2023-08-16,EUR,1.0916,2023-08-16,"Frankfurter API v2, provider=ECB, EUR/USD; previous available published rate used for non-publication dates"
2023-08-16,USD,1.0,2023-08-16,Native USD; no conversion applied
2023-08-17,EUR,1.09,2023-08-17,"Frankfurter API v2, provider=ECB, EUR/USD; previous available published rate used for non-publication dates"
2023-08-17,USD,1.0,2023-08-17,Native USD; no conversion applied
2023-08-18,EUR,1.0867,2023-08-18,"Frankfurter API v2, provider=ECB, EUR/USD; previous available published rate used for non-publication dates"
2023-08-18,USD,1.0,2023-08-18,Native USD; no conversion applied
2023-08-19,EUR,1.0867,2023-08-18,"Frankfurter API v2, provider=ECB, EUR/USD; previous available published rate used for non-publication dates"
2023-08-19,USD,1.0,2023-08-19,Native USD; no conversion applied
2023-08-20,EUR,1.0867,2023-08-18,"Frankfurter API v2, provider=ECB, EUR/USD; previous available published rate used for non-publication dates"
2023-08-20,USD,1.0,2023-08-20,Native USD; no conversion applied
2023-08-21,EUR,1.0908,2023-08-21,"Frankfurter API v2, provider=ECB, EUR/USD; previous available published rate used for non-publication dates"
2023-08-21,USD,1.0,2023-08-21,Native USD; no conversion applied
2023-08-22,EUR,1.0887,2023-08-22,"Frankfurter API v2, provider=ECB, EUR/USD; previous available published rate used for non-publication dates"
2023-08-22,USD,1.0,2023-08-22,Native USD; no conversion applied
2023-08-23,EUR,1.0805,2023-08-23,"Frankfurter API v2, provider=ECB, EUR/USD; previous available published rate used for non-publication dates"
2023-08-23,USD,1.0,2023-08-23,Native USD; no conversion applied
2023-08-24,EUR,1.084,2023-08-24,"Frankfurter API v2, provider=ECB, EUR/USD; previous available published rate used for non-publication dates"
2023-08-24,USD,1.0,2023-08-24,Native USD; no conversion applied
2023-08-25,EUR,1.0808,2023-08-25,"Frankfurter API v2, provider=ECB, EUR/USD; previous available published rate used for non-publication dates"
2023-08-25,USD,1.0,2023-08-25,Native USD; no conversion applied
2023-08-26,EUR,1.0808,2023-08-25,"Frankfurter API v2, provider=ECB, EUR/USD; previous available published rate used for non-publication dates"
2023-08-26,USD,1.0,2023-08-26,Native USD; no conversion applied
2023-08-27,EUR,1.0808,2023-08-25,"Frankfurter API v2, provider=ECB, EUR/USD; previous available published rate used for non-publication dates"
2023-08-27,USD,1.0,2023-08-27,Native USD; no conversion applied
2023-08-28,EUR,1.0808,2023-08-28,"Frankfurter API v2, provider=ECB, EUR/USD; previous available published rate used for non-publication dates"
2023-08-28,USD,1.0,2023-08-28,Native USD; no conversion applied
2023-08-29,EUR,1.0803,2023-08-29,"Frankfurter API v2, provider=ECB, EUR/USD; previous available published rate used for non-publication dates"
2023-08-29,USD,1.0,2023-08-29,Native USD; no conversion applied
2023-08-30,EUR,1.0886,2023-08-30,"Frankfurter API v2, provider=ECB, EUR/USD; previous available published rate used for non-publication dates"
2023-08-30,USD,1.0,2023-08-30,Native USD; no conversion applied
2023-08-31,EUR,1.0868,2023-08-31,"Frankfurter API v2, provider=ECB, EUR/USD; previous available published rate used for non-publication dates"
2023-08-31,USD,1.0,2023-08-31,Native USD; no conversion applied
2023-09-01,EUR,1.0844,2023-09-01,"Frankfurter API v2, provider=ECB, EUR/USD; previous available published rate used for non-publication dates"
2023-09-01,USD,1.0,2023-09-01,Native USD; no conversion applied
2023-09-02,EUR,1.0844,2023-09-01,"Frankfurter API v2, provider=ECB, EUR/USD; previous available published rate used for non-publication dates"
2023-09-02,USD,1.0,2023-09-02,Native USD; no conversion applied
2023-09-03,EUR,1.0844,2023-09-01,"Frankfurter API v2, provider=ECB, EUR/USD; previous available published rate used for non-publication dates"
2023-09-03,USD,1.0,2023-09-03,Native USD; no conversion applied
2023-09-04,EUR,1.0801,2023-09-04,"Frankfurter API v2, provider=ECB, EUR/USD; previous available published rate used for non-publication dates"
2023-09-04,USD,1.0,2023-09-04,Native USD; no conversion applied
2023-09-05,EUR,1.0731,2023-09-05,"Frankfurter API v2, provider=ECB, EUR/USD; previous available published rate used for non-publication dates"
2023-09-05,USD,1.0,2023-09-05,Native USD; no conversion applied
2023-09-06,EUR,1.0745,2023-09-06,"Frankfurter API v2, provider=ECB, EUR/USD; previous available published rate used for non-publication dates"
2023-09-06,USD,1.0,2023-09-06,Native USD; no conversion applied
2023-09-07,EUR,1.071,2023-09-07,"Frankfurter API v2, provider=ECB, EUR/USD; previous available published rate used for non-publication dates"
2023-09-07,USD,1.0,2023-09-07,Native USD; no conversion applied
2023-09-08,EUR,1.0704,2023-09-08,"Frankfurter API v2, provider=ECB, EUR/USD; previous available published rate used for non-publication dates"
2023-09-08,USD,1.0,2023-09-08,Native USD; no conversion applied
2023-09-09,EUR,1.0704,2023-09-08,"Frankfurter API v2, provider=ECB, EUR/USD; previous available published rate used for non-publication dates"
2023-09-09,USD,1.0,2023-09-09,Native USD; no conversion applied
2023-09-10,EUR,1.0704,2023-09-08,"Frankfurter API v2, provider=ECB, EUR/USD; previous available published rate used for non-publication dates"
2023-09-10,USD,1.0,2023-09-10,Native USD; no conversion applied
2023-09-11,EUR,1.0724,2023-09-11,"Frankfurter API v2, provider=ECB, EUR/USD; previous available published rate used for non-publication dates"
2023-09-11,USD,1.0,2023-09-11,Native USD; no conversion applied
2023-09-12,EUR,1.0713,2023-09-12,"Frankfurter API v2, provider=ECB, EUR/USD; previous available published rate used for non-publication dates"
2023-09-12,USD,1.0,2023-09-12,Native USD; no conversion applied
2023-09-13,EUR,1.0733,2023-09-13,"Frankfurter API v2, provider=ECB, EUR/USD; previous available published rate used for non-publication dates"
2023-09-13,USD,1.0,2023-09-13,Native USD; no conversion applied
2023-09-14,EUR,1.073,2023-09-14,"Frankfurter API v2, provider=ECB, EUR/USD; previous available published rate used for non-publication dates"
2023-09-14,USD,1.0,2023-09-14,Native USD; no conversion applied
2023-09-15,EUR,1.0658,2023-09-15,"Frankfurter API v2, provider=ECB, EUR/USD; previous available published rate used for non-publication dates"
2023-09-15,USD,1.0,2023-09-15,Native USD; no conversion applied
2023-09-16,EUR,1.0658,2023-09-15,"Frankfurter API v2, provider=ECB, EUR/USD; previous available published rate used for non-publication dates"
2023-09-16,USD,1.0,2023-09-16,Native USD; no conversion applied
2023-09-17,EUR,1.0658,2023-09-15,"Frankfurter API v2, provider=ECB, EUR/USD; previous available published rate used for non-publication dates"
2023-09-17,USD,1.0,2023-09-17,Native USD; no conversion applied
2023-09-18,EUR,1.0663,2023-09-18,"Frankfurter API v2, provider=ECB, EUR/USD; previous available published rate used for non-publication dates"
2023-09-18,USD,1.0,2023-09-18,Native USD; no conversion applied
2023-09-19,EUR,1.0713,2023-09-19,"Frankfurter API v2, provider=ECB, EUR/USD; previous available published rate used for non-publication dates"
2023-09-19,USD,1.0,2023-09-19,Native USD; no conversion applied
2023-09-20,EUR,1.0702,2023-09-20,"Frankfurter API v2, provider=ECB, EUR/USD; previous available published rate used for non-publication dates"
2023-09-20,USD,1.0,2023-09-20,Native USD; no conversion applied
2023-09-21,EUR,1.0635,2023-09-21,"Frankfurter API v2, provider=ECB, EUR/USD; previous available published rate used for non-publication dates"
2023-09-21,USD,1.0,2023-09-21,Native USD; no conversion applied
2023-09-22,EUR,1.0647,2023-09-22,"Frankfurter API v2, provider=ECB, EUR/USD; previous available published rate used for non-publication dates"
2023-09-22,USD,1.0,2023-09-22,Native USD; no conversion applied
2023-09-23,EUR,1.0647,2023-09-22,"Frankfurter API v2, provider=ECB, EUR/USD; previous available published rate used for non-publication dates"
2023-09-23,USD,1.0,2023-09-23,Native USD; no conversion applied
2023-09-24,EUR,1.0647,2023-09-22,"Frankfurter API v2, provider=ECB, EUR/USD; previous available published rate used for non-publication dates"
2023-09-24,USD,1.0,2023-09-24,Native USD; no conversion applied
2023-09-25,EUR,1.0633,2023-09-25,"Frankfurter API v2, provider=ECB, EUR/USD; previous available published rate used for non-publication dates"
2023-09-25,USD,1.0,2023-09-25,Native USD; no conversion applied
2023-09-26,EUR,1.0605,2023-09-26,"Frankfurter API v2, provider=ECB, EUR/USD; previous available published rate used for non-publication dates"
2023-09-26,USD,1.0,2023-09-26,Native USD; no conversion applied
2023-09-27,EUR,1.0536,2023-09-27,"Frankfurter API v2, provider=ECB, EUR/USD; previous available published rate used for non-publication dates"
2023-09-27,USD,1.0,2023-09-27,Native USD; no conversion applied
2023-09-28,EUR,1.0539,2023-09-28,"Frankfurter API v2, provider=ECB, EUR/USD; previous available published rate used for non-publication dates"
2023-09-28,USD,1.0,2023-09-28,Native USD; no conversion applied
2023-09-29,EUR,1.0594,2023-09-29,"Frankfurter API v2, provider=ECB, EUR/USD; previous available published rate used for non-publication dates"
2023-09-29,USD,1.0,2023-09-29,Native USD; no conversion applied
2023-09-30,EUR,1.0594,2023-09-29,"Frankfurter API v2, provider=ECB, EUR/USD; previous available published rate used for non-publication dates"
2023-09-30,USD,1.0,2023-09-30,Native USD; no conversion applied
2023-10-01,EUR,1.0594,2023-09-29,"Frankfurter API v2, provider=ECB, EUR/USD; previous available published rate used for non-publication dates"
2023-10-01,USD,1.0,2023-10-01,Native USD; no conversion applied
2023-10-02,EUR,1.053,2023-10-02,"Frankfurter API v2, provider=ECB, EUR/USD; previous available published rate used for non-publication dates"
2023-10-02,USD,1.0,2023-10-02,Native USD; no conversion applied
2023-10-03,EUR,1.0469,2023-10-03,"Frankfurter API v2, provider=ECB, EUR/USD; previous available published rate used for non-publication dates"
2023-10-03,USD,1.0,2023-10-03,Native USD; no conversion applied
2023-10-04,EUR,1.0497,2023-10-04,"Frankfurter API v2, provider=ECB, EUR/USD; previous available published rate used for non-publication dates"
2023-10-04,USD,1.0,2023-10-04,Native USD; no conversion applied
2023-10-05,EUR,1.0526,2023-10-05,"Frankfurter API v2, provider=ECB, EUR/USD; previous available published rate used for non-publication dates"
2023-10-05,USD,1.0,2023-10-05,Native USD; no conversion applied
2023-10-06,EUR,1.0563,2023-10-06,"Frankfurter API v2, provider=ECB, EUR/USD; previous available published rate used for non-publication dates"
2023-10-06,USD,1.0,2023-10-06,Native USD; no conversion applied
2023-10-07,EUR,1.0563,2023-10-06,"Frankfurter API v2, provider=ECB, EUR/USD; previous available published rate used for non-publication dates"
2023-10-07,USD,1.0,2023-10-07,Native USD; no conversion applied
2023-10-08,EUR,1.0563,2023-10-06,"Frankfurter API v2, provider=ECB, EUR/USD; previous available published rate used for non-publication dates"
2023-10-08,USD,1.0,2023-10-08,Native USD; no conversion applied
2023-10-09,EUR,1.0531,2023-10-09,"Frankfurter API v2, provider=ECB, EUR/USD; previous available published rate used for non-publication dates"
2023-10-09,USD,1.0,2023-10-09,Native USD; no conversion applied
2023-10-10,EUR,1.0582,2023-10-10,"Frankfurter API v2, provider=ECB, EUR/USD; previous available published rate used for non-publication dates"
2023-10-10,USD,1.0,2023-10-10,Native USD; no conversion applied
2023-10-11,EUR,1.0604,2023-10-11,"Frankfurter API v2, provider=ECB, EUR/USD; previous available published rate used for non-publication dates"
2023-10-11,USD,1.0,2023-10-11,Native USD; no conversion applied
2023-10-12,EUR,1.0619,2023-10-12,"Frankfurter API v2, provider=ECB, EUR/USD; previous available published rate used for non-publication dates"
2023-10-12,USD,1.0,2023-10-12,Native USD; no conversion applied
2023-10-13,EUR,1.0524,2023-10-13,"Frankfurter API v2, provider=ECB, EUR/USD; previous available published rate used for non-publication dates"
2023-10-13,USD,1.0,2023-10-13,Native USD; no conversion applied
2023-10-14,EUR,1.0524,2023-10-13,"Frankfurter API v2, provider=ECB, EUR/USD; previous available published rate used for non-publication dates"
2023-10-14,USD,1.0,2023-10-14,Native USD; no conversion applied
2023-10-15,EUR,1.0524,2023-10-13,"Frankfurter API v2, provider=ECB, EUR/USD; previous available published rate used for non-publication dates"
2023-10-15,USD,1.0,2023-10-15,Native USD; no conversion applied
2023-10-16,EUR,1.0538,2023-10-16,"Frankfurter API v2, provider=ECB, EUR/USD; previous available published rate used for non-publication dates"
2023-10-16,USD,1.0,2023-10-16,Native USD; no conversion applied
2023-10-17,EUR,1.0569,2023-10-17,"Frankfurter API v2, provider=ECB, EUR/USD; previous available published rate used for non-publication dates"
2023-10-17,USD,1.0,2023-10-17,Native USD; no conversion applied
2023-10-18,EUR,1.0565,2023-10-18,"Frankfurter API v2, provider=ECB, EUR/USD; previous available published rate used for non-publication dates"
2023-10-18,USD,1.0,2023-10-18,Native USD; no conversion applied
2023-10-19,EUR,1.0558,2023-10-19,"Frankfurter API v2, provider=ECB, EUR/USD; previous available published rate used for non-publication dates"
2023-10-19,USD,1.0,2023-10-19,Native USD; no conversion applied
2023-10-20,EUR,1.0591,2023-10-20,"Frankfurter API v2, provider=ECB, EUR/USD; previous available published rate used for non-publication dates"
2023-10-20,USD,1.0,2023-10-20,Native USD; no conversion applied
2023-10-21,EUR,1.0591,2023-10-20,"Frankfurter API v2, provider=ECB, EUR/USD; previous available published rate used for non-publication dates"
2023-10-21,USD,1.0,2023-10-21,Native USD; no conversion applied
2023-10-22,EUR,1.0591,2023-10-20,"Frankfurter API v2, provider=ECB, EUR/USD; previous available published rate used for non-publication dates"
2023-10-22,USD,1.0,2023-10-22,Native USD; no conversion applied
2023-10-23,EUR,1.0597,2023-10-23,"Frankfurter API v2, provider=ECB, EUR/USD; previous available published rate used for non-publication dates"
2023-10-23,USD,1.0,2023-10-23,Native USD; no conversion applied
2023-10-24,EUR,1.0632,2023-10-24,"Frankfurter API v2, provider=ECB, EUR/USD; previous available published rate used for non-publication dates"
2023-10-24,USD,1.0,2023-10-24,Native USD; no conversion applied
2023-10-25,EUR,1.0576,2023-10-25,"Frankfurter API v2, provider=ECB, EUR/USD; previous available published rate used for non-publication dates"
2023-10-25,USD,1.0,2023-10-25,Native USD; no conversion applied
2023-10-26,EUR,1.054,2023-10-26,"Frankfurter API v2, provider=ECB, EUR/USD; previous available published rate used for non-publication dates"
2023-10-26,USD,1.0,2023-10-26,Native USD; no conversion applied
2023-10-27,EUR,1.0541,2023-10-27,"Frankfurter API v2, provider=ECB, EUR/USD; previous available published rate used for non-publication dates"
2023-10-27,USD,1.0,2023-10-27,Native USD; no conversion applied
2023-10-28,EUR,1.0541,2023-10-27,"Frankfurter API v2, provider=ECB, EUR/USD; previous available published rate used for non-publication dates"
2023-10-28,USD,1.0,2023-10-28,Native USD; no conversion applied
2023-10-29,EUR,1.0541,2023-10-27,"Frankfurter API v2, provider=ECB, EUR/USD; previous available published rate used for non-publication dates"
2023-10-29,USD,1.0,2023-10-29,Native USD; no conversion applied
2023-10-30,EUR,1.0605,2023-10-30,"Frankfurter API v2, provider=ECB, EUR/USD; previous available published rate used for non-publication dates"
2023-10-30,USD,1.0,2023-10-30,Native USD; no conversion applied
2023-10-31,EUR,1.0619,2023-10-31,"Frankfurter API v2, provider=ECB, EUR/USD; previous available published rate used for non-publication dates"
2023-10-31,USD,1.0,2023-10-31,Native USD; no conversion applied
2023-11-01,EUR,1.0537,2023-11-01,"Frankfurter API v2, provider=ECB, EUR/USD; previous available published rate used for non-publication dates"
2023-11-01,USD,1.0,2023-11-01,Native USD; no conversion applied
2023-11-02,EUR,1.0661,2023-11-02,"Frankfurter API v2, provider=ECB, EUR/USD; previous available published rate used for non-publication dates"
2023-11-02,USD,1.0,2023-11-02,Native USD; no conversion applied
2023-11-03,EUR,1.0702,2023-11-03,"Frankfurter API v2, provider=ECB, EUR/USD; previous available published rate used for non-publication dates"
2023-11-03,USD,1.0,2023-11-03,Native USD; no conversion applied
2023-11-04,EUR,1.0702,2023-11-03,"Frankfurter API v2, provider=ECB, EUR/USD; previous available published rate used for non-publication dates"
2023-11-04,USD,1.0,2023-11-04,Native USD; no conversion applied
2023-11-05,EUR,1.0702,2023-11-03,"Frankfurter API v2, provider=ECB, EUR/USD; previous available published rate used for non-publication dates"
2023-11-05,USD,1.0,2023-11-05,Native USD; no conversion applied
2023-11-06,EUR,1.0741,2023-11-06,"Frankfurter API v2, provider=ECB, EUR/USD; previous available published rate used for non-publication dates"
2023-11-06,USD,1.0,2023-11-06,Native USD; no conversion applied
2023-11-07,EUR,1.0686,2023-11-07,"Frankfurter API v2, provider=ECB, EUR/USD; previous available published rate used for non-publication dates"
2023-11-07,USD,1.0,2023-11-07,Native USD; no conversion applied
2023-11-08,EUR,1.0671,2023-11-08,"Frankfurter API v2, provider=ECB, EUR/USD; previous available published rate used for non-publication dates"
2023-11-08,USD,1.0,2023-11-08,Native USD; no conversion applied
2023-11-09,EUR,1.0691,2023-11-09,"Frankfurter API v2, provider=ECB, EUR/USD; previous available published rate used for non-publication dates"
2023-11-09,USD,1.0,2023-11-09,Native USD; no conversion applied
2023-11-10,EUR,1.0683,2023-11-10,"Frankfurter API v2, provider=ECB, EUR/USD; previous available published rate used for non-publication dates"
2023-11-10,USD,1.0,2023-11-10,Native USD; no conversion applied
2023-11-11,EUR,1.0683,2023-11-10,"Frankfurter API v2, provider=ECB, EUR/USD; previous available published rate used for non-publication dates"
2023-11-11,USD,1.0,2023-11-11,Native USD; no conversion applied
2023-11-12,EUR,1.0683,2023-11-10,"Frankfurter API v2, provider=ECB, EUR/USD; previous available published rate used for non-publication dates"
2023-11-12,USD,1.0,2023-11-12,Native USD; no conversion applied
2023-11-13,EUR,1.067,2023-11-13,"Frankfurter API v2, provider=ECB, EUR/USD; previous available published rate used for non-publication dates"
2023-11-13,USD,1.0,2023-11-13,Native USD; no conversion applied
2023-11-14,EUR,1.0724,2023-11-14,"Frankfurter API v2, provider=ECB, EUR/USD; previous available published rate used for non-publication dates"
2023-11-14,USD,1.0,2023-11-14,Native USD; no conversion applied
2023-11-15,EUR,1.0868,2023-11-15,"Frankfurter API v2, provider=ECB, EUR/USD; previous available published rate used for non-publication dates"
2023-11-15,USD,1.0,2023-11-15,Native USD; no conversion applied
2023-11-16,EUR,1.0849,2023-11-16,"Frankfurter API v2, provider=ECB, EUR/USD; previous available published rate used for non-publication dates"
2023-11-16,USD,1.0,2023-11-16,Native USD; no conversion applied
2023-11-17,EUR,1.0872,2023-11-17,"Frankfurter API v2, provider=ECB, EUR/USD; previous available published rate used for non-publication dates"
2023-11-17,USD,1.0,2023-11-17,Native USD; no conversion applied
2023-11-18,EUR,1.0872,2023-11-17,"Frankfurter API v2, provider=ECB, EUR/USD; previous available published rate used for non-publication dates"
2023-11-18,USD,1.0,2023-11-18,Native USD; no conversion applied
2023-11-19,EUR,1.0872,2023-11-17,"Frankfurter API v2, provider=ECB, EUR/USD; previous available published rate used for non-publication dates"
2023-11-19,USD,1.0,2023-11-19,Native USD; no conversion applied
2023-11-20,EUR,1.0928,2023-11-20,"Frankfurter API v2, provider=ECB, EUR/USD; previous available published rate used for non-publication dates"
2023-11-20,USD,1.0,2023-11-20,Native USD; no conversion applied
2023-11-21,EUR,1.0955,2023-11-21,"Frankfurter API v2, provider=ECB, EUR/USD; previous available published rate used for non-publication dates"
2023-11-21,USD,1.0,2023-11-21,Native USD; no conversion applied
2023-11-22,EUR,1.0911,2023-11-22,"Frankfurter API v2, provider=ECB, EUR/USD; previous available published rate used for non-publication dates"
2023-11-22,USD,1.0,2023-11-22,Native USD; no conversion applied
2023-11-23,EUR,1.09,2023-11-23,"Frankfurter API v2, provider=ECB, EUR/USD; previous available published rate used for non-publication dates"
2023-11-23,USD,1.0,2023-11-23,Native USD; no conversion applied
2023-11-24,EUR,1.0916,2023-11-24,"Frankfurter API v2, provider=ECB, EUR/USD; previous available published rate used for non-publication dates"
2023-11-24,USD,1.0,2023-11-24,Native USD; no conversion applied
2023-11-25,EUR,1.0916,2023-11-24,"Frankfurter API v2, provider=ECB, EUR/USD; previous available published rate used for non-publication dates"
2023-11-25,USD,1.0,2023-11-25,Native USD; no conversion applied
2023-11-26,EUR,1.0916,2023-11-24,"Frankfurter API v2, provider=ECB, EUR/USD; previous available published rate used for non-publication dates"
2023-11-26,USD,1.0,2023-11-26,Native USD; no conversion applied
2023-11-27,EUR,1.0951,2023-11-27,"Frankfurter API v2, provider=ECB, EUR/USD; previous available published rate used for non-publication dates"
2023-11-27,USD,1.0,2023-11-27,Native USD; no conversion applied
2023-11-28,EUR,1.0949,2023-11-28,"Frankfurter API v2, provider=ECB, EUR/USD; previous available published rate used for non-publication dates"
2023-11-28,USD,1.0,2023-11-28,Native USD; no conversion applied
2023-11-29,EUR,1.0985,2023-11-29,"Frankfurter API v2, provider=ECB, EUR/USD; previous available published rate used for non-publication dates"
2023-11-29,USD,1.0,2023-11-29,Native USD; no conversion applied
2023-11-30,EUR,1.0931,2023-11-30,"Frankfurter API v2, provider=ECB, EUR/USD; previous available published rate used for non-publication dates"
2023-11-30,USD,1.0,2023-11-30,Native USD; no conversion applied
2023-12-01,EUR,1.0875,2023-12-01,"Frankfurter API v2, provider=ECB, EUR/USD; previous available published rate used for non-publication dates"
2023-12-01,USD,1.0,2023-12-01,Native USD; no conversion applied
2023-12-02,EUR,1.0875,2023-12-01,"Frankfurter API v2, provider=ECB, EUR/USD; previous available published rate used for non-publication dates"
2023-12-02,USD,1.0,2023-12-02,Native USD; no conversion applied
2023-12-03,EUR,1.0875,2023-12-01,"Frankfurter API v2, provider=ECB, EUR/USD; previous available published rate used for non-publication dates"
2023-12-03,USD,1.0,2023-12-03,Native USD; no conversion applied
2023-12-04,EUR,1.0868,2023-12-04,"Frankfurter API v2, provider=ECB, EUR/USD; previous available published rate used for non-publication dates"
2023-12-04,USD,1.0,2023-12-04,Native USD; no conversion applied
2023-12-05,EUR,1.0817,2023-12-05,"Frankfurter API v2, provider=ECB, EUR/USD; previous available published rate used for non-publication dates"
2023-12-05,USD,1.0,2023-12-05,Native USD; no conversion applied
2023-12-06,EUR,1.0778,2023-12-06,"Frankfurter API v2, provider=ECB, EUR/USD; previous available published rate used for non-publication dates"
2023-12-06,USD,1.0,2023-12-06,Native USD; no conversion applied
2023-12-07,EUR,1.0771,2023-12-07,"Frankfurter API v2, provider=ECB, EUR/USD; previous available published rate used for non-publication dates"
2023-12-07,USD,1.0,2023-12-07,Native USD; no conversion applied
2023-12-08,EUR,1.0777,2023-12-08,"Frankfurter API v2, provider=ECB, EUR/USD; previous available published rate used for non-publication dates"
2023-12-08,USD,1.0,2023-12-08,Native USD; no conversion applied
2023-12-09,EUR,1.0777,2023-12-08,"Frankfurter API v2, provider=ECB, EUR/USD; previous available published rate used for non-publication dates"
2023-12-09,USD,1.0,2023-12-09,Native USD; no conversion applied
2023-12-10,EUR,1.0777,2023-12-08,"Frankfurter API v2, provider=ECB, EUR/USD; previous available published rate used for non-publication dates"
2023-12-10,USD,1.0,2023-12-10,Native USD; no conversion applied
2023-12-11,EUR,1.0757,2023-12-11,"Frankfurter API v2, provider=ECB, EUR/USD; previous available published rate used for non-publication dates"
2023-12-11,USD,1.0,2023-12-11,Native USD; no conversion applied
2023-12-12,EUR,1.0804,2023-12-12,"Frankfurter API v2, provider=ECB, EUR/USD; previous available published rate used for non-publication dates"
2023-12-12,USD,1.0,2023-12-12,Native USD; no conversion applied
2023-12-13,EUR,1.0787,2023-12-13,"Frankfurter API v2, provider=ECB, EUR/USD; previous available published rate used for non-publication dates"
2023-12-13,USD,1.0,2023-12-13,Native USD; no conversion applied
2023-12-14,EUR,1.0919,2023-12-14,"Frankfurter API v2, provider=ECB, EUR/USD; previous available published rate used for non-publication dates"
2023-12-14,USD,1.0,2023-12-14,Native USD; no conversion applied
2023-12-15,EUR,1.0946,2023-12-15,"Frankfurter API v2, provider=ECB, EUR/USD; previous available published rate used for non-publication dates"
2023-12-15,USD,1.0,2023-12-15,Native USD; no conversion applied
2023-12-16,EUR,1.0946,2023-12-15,"Frankfurter API v2, provider=ECB, EUR/USD; previous available published rate used for non-publication dates"
2023-12-16,USD,1.0,2023-12-16,Native USD; no conversion applied
2023-12-17,EUR,1.0946,2023-12-15,"Frankfurter API v2, provider=ECB, EUR/USD; previous available published rate used for non-publication dates"
2023-12-17,USD,1.0,2023-12-17,Native USD; no conversion applied
2023-12-18,EUR,1.0918,2023-12-18,"Frankfurter API v2, provider=ECB, EUR/USD; previous available published rate used for non-publication dates"
2023-12-18,USD,1.0,2023-12-18,Native USD; no conversion applied
2023-12-19,EUR,1.0962,2023-12-19,"Frankfurter API v2, provider=ECB, EUR/USD; previous available published rate used for non-publication dates"
2023-12-19,USD,1.0,2023-12-19,Native USD; no conversion applied
2023-12-20,EUR,1.0944,2023-12-20,"Frankfurter API v2, provider=ECB, EUR/USD; previous available published rate used for non-publication dates"
2023-12-20,USD,1.0,2023-12-20,Native USD; no conversion applied
2023-12-21,EUR,1.0983,2023-12-21,"Frankfurter API v2, provider=ECB, EUR/USD; previous available published rate used for non-publication dates"
2023-12-21,USD,1.0,2023-12-21,Native USD; no conversion applied
2023-12-22,EUR,1.1023,2023-12-22,"Frankfurter API v2, provider=ECB, EUR/USD; previous available published rate used for non-publication dates"
2023-12-22,USD,1.0,2023-12-22,Native USD; no conversion applied
2023-12-23,EUR,1.1023,2023-12-22,"Frankfurter API v2, provider=ECB, EUR/USD; previous available published rate used for non-publication dates"
2023-12-23,USD,1.0,2023-12-23,Native USD; no conversion applied
2023-12-24,EUR,1.1023,2023-12-22,"Frankfurter API v2, provider=ECB, EUR/USD; previous available published rate used for non-publication dates"
2023-12-24,USD,1.0,2023-12-24,Native USD; no conversion applied
2023-12-25,EUR,1.1023,2023-12-22,"Frankfurter API v2, provider=ECB, EUR/USD; previous available published rate used for non-publication dates"
2023-12-25,USD,1.0,2023-12-25,Native USD; no conversion applied
2023-12-26,EUR,1.1023,2023-12-22,"Frankfurter API v2, provider=ECB, EUR/USD; previous available published rate used for non-publication dates"
2023-12-26,USD,1.0,2023-12-26,Native USD; no conversion applied
2023-12-27,EUR,1.1065,2023-12-27,"Frankfurter API v2, provider=ECB, EUR/USD; previous available published rate used for non-publication dates"
2023-12-27,USD,1.0,2023-12-27,Native USD; no conversion applied
2023-12-28,EUR,1.1114,2023-12-28,"Frankfurter API v2, provider=ECB, EUR/USD; previous available published rate used for non-publication dates"
2023-12-28,USD,1.0,2023-12-28,Native USD; no conversion applied
2023-12-29,EUR,1.105,2023-12-29,"Frankfurter API v2, provider=ECB, EUR/USD; previous available published rate used for non-publication dates"
2023-12-29,USD,1.0,2023-12-29,Native USD; no conversion applied
2023-12-30,EUR,1.105,2023-12-29,"Frankfurter API v2, provider=ECB, EUR/USD; previous available published rate used for non-publication dates"
2023-12-30,USD,1.0,2023-12-30,Native USD; no conversion applied
2023-12-31,EUR,1.105,2023-12-29,"Frankfurter API v2, provider=ECB, EUR/USD; previous available published rate used for non-publication dates"
2023-12-31,USD,1.0,2023-12-31,Native USD; no conversion applied
2024-01-01,EUR,1.105,2023-12-29,"Frankfurter API v2, provider=ECB, EUR/USD; previous available published rate used for non-publication dates"
2024-01-01,USD,1.0,2024-01-01,Native USD; no conversion applied
2024-01-02,EUR,1.0956,2024-01-02,"Frankfurter API v2, provider=ECB, EUR/USD; previous available published rate used for non-publication dates"
2024-01-02,USD,1.0,2024-01-02,Native USD; no conversion applied
2024-01-03,EUR,1.0919,2024-01-03,"Frankfurter API v2, provider=ECB, EUR/USD; previous available published rate used for non-publication dates"
2024-01-03,USD,1.0,2024-01-03,Native USD; no conversion applied
2024-01-04,EUR,1.0953,2024-01-04,"Frankfurter API v2, provider=ECB, EUR/USD; previous available published rate used for non-publication dates"
2024-01-04,USD,1.0,2024-01-04,Native USD; no conversion applied
2024-01-05,EUR,1.0921,2024-01-05,"Frankfurter API v2, provider=ECB, EUR/USD; previous available published rate used for non-publication dates"
2024-01-05,USD,1.0,2024-01-05,Native USD; no conversion applied
2024-01-06,EUR,1.0921,2024-01-05,"Frankfurter API v2, provider=ECB, EUR/USD; previous available published rate used for non-publication dates"
2024-01-06,USD,1.0,2024-01-06,Native USD; no conversion applied
2024-01-07,EUR,1.0921,2024-01-05,"Frankfurter API v2, provider=ECB, EUR/USD; previous available published rate used for non-publication dates"
2024-01-07,USD,1.0,2024-01-07,Native USD; no conversion applied
2024-01-08,EUR,1.0946,2024-01-08,"Frankfurter API v2, provider=ECB, EUR/USD; previous available published rate used for non-publication dates"
2024-01-08,USD,1.0,2024-01-08,Native USD; no conversion applied
2024-01-09,EUR,1.094,2024-01-09,"Frankfurter API v2, provider=ECB, EUR/USD; previous available published rate used for non-publication dates"
2024-01-09,USD,1.0,2024-01-09,Native USD; no conversion applied
2024-01-10,EUR,1.0946,2024-01-10,"Frankfurter API v2, provider=ECB, EUR/USD; previous available published rate used for non-publication dates"
2024-01-10,USD,1.0,2024-01-10,Native USD; no conversion applied
2024-01-11,EUR,1.0987,2024-01-11,"Frankfurter API v2, provider=ECB, EUR/USD; previous available published rate used for non-publication dates"
2024-01-11,USD,1.0,2024-01-11,Native USD; no conversion applied
2024-01-12,EUR,1.0942,2024-01-12,"Frankfurter API v2, provider=ECB, EUR/USD; previous available published rate used for non-publication dates"
2024-01-12,USD,1.0,2024-01-12,Native USD; no conversion applied
2024-01-13,EUR,1.0942,2024-01-12,"Frankfurter API v2, provider=ECB, EUR/USD; previous available published rate used for non-publication dates"
2024-01-13,USD,1.0,2024-01-13,Native USD; no conversion applied
2024-01-14,EUR,1.0942,2024-01-12,"Frankfurter API v2, provider=ECB, EUR/USD; previous available published rate used for non-publication dates"
2024-01-14,USD,1.0,2024-01-14,Native USD; no conversion applied
2024-01-15,EUR,1.0945,2024-01-15,"Frankfurter API v2, provider=ECB, EUR/USD; previous available published rate used for non-publication dates"
2024-01-15,USD,1.0,2024-01-15,Native USD; no conversion applied
2024-01-16,EUR,1.0882,2024-01-16,"Frankfurter API v2, provider=ECB, EUR/USD; previous available published rate used for non-publication dates"
2024-01-16,USD,1.0,2024-01-16,Native USD; no conversion applied
2024-01-17,EUR,1.0877,2024-01-17,"Frankfurter API v2, provider=ECB, EUR/USD; previous available published rate used for non-publication dates"
2024-01-17,USD,1.0,2024-01-17,Native USD; no conversion applied
2024-01-18,EUR,1.0875,2024-01-18,"Frankfurter API v2, provider=ECB, EUR/USD; previous available published rate used for non-publication dates"
2024-01-18,USD,1.0,2024-01-18,Native USD; no conversion applied
2024-01-19,EUR,1.0887,2024-01-19,"Frankfurter API v2, provider=ECB, EUR/USD; previous available published rate used for non-publication dates"
2024-01-19,USD,1.0,2024-01-19,Native USD; no conversion applied
2024-01-20,EUR,1.0887,2024-01-19,"Frankfurter API v2, provider=ECB, EUR/USD; previous available published rate used for non-publication dates"
2024-01-20,USD,1.0,2024-01-20,Native USD; no conversion applied
2024-01-21,EUR,1.0887,2024-01-19,"Frankfurter API v2, provider=ECB, EUR/USD; previous available published rate used for non-publication dates"
2024-01-21,USD,1.0,2024-01-21,Native USD; no conversion applied
2024-01-22,EUR,1.089,2024-01-22,"Frankfurter API v2, provider=ECB, EUR/USD; previous available published rate used for non-publication dates"
2024-01-22,USD,1.0,2024-01-22,Native USD; no conversion applied
2024-01-23,EUR,1.0872,2024-01-23,"Frankfurter API v2, provider=ECB, EUR/USD; previous available published rate used for non-publication dates"
2024-01-23,USD,1.0,2024-01-23,Native USD; no conversion applied
2024-01-24,EUR,1.0905,2024-01-24,"Frankfurter API v2, provider=ECB, EUR/USD; previous available published rate used for non-publication dates"
2024-01-24,USD,1.0,2024-01-24,Native USD; no conversion applied
2024-01-25,EUR,1.0893,2024-01-25,"Frankfurter API v2, provider=ECB, EUR/USD; previous available published rate used for non-publication dates"
2024-01-25,USD,1.0,2024-01-25,Native USD; no conversion applied
2024-01-26,EUR,1.0871,2024-01-26,"Frankfurter API v2, provider=ECB, EUR/USD; previous available published rate used for non-publication dates"
2024-01-26,USD,1.0,2024-01-26,Native USD; no conversion applied
2024-01-27,EUR,1.0871,2024-01-26,"Frankfurter API v2, provider=ECB, EUR/USD; previous available published rate used for non-publication dates"
2024-01-27,USD,1.0,2024-01-27,Native USD; no conversion applied
2024-01-28,EUR,1.0871,2024-01-26,"Frankfurter API v2, provider=ECB, EUR/USD; previous available published rate used for non-publication dates"
2024-01-28,USD,1.0,2024-01-28,Native USD; no conversion applied
2024-01-29,EUR,1.0823,2024-01-29,"Frankfurter API v2, provider=ECB, EUR/USD; previous available published rate used for non-publication dates"
2024-01-29,USD,1.0,2024-01-29,Native USD; no conversion applied
2024-01-30,EUR,1.0846,2024-01-30,"Frankfurter API v2, provider=ECB, EUR/USD; previous available published rate used for non-publication dates"
2024-01-30,USD,1.0,2024-01-30,Native USD; no conversion applied
2024-01-31,EUR,1.0837,2024-01-31,"Frankfurter API v2, provider=ECB, EUR/USD; previous available published rate used for non-publication dates"
2024-01-31,USD,1.0,2024-01-31,Native USD; no conversion applied
2024-02-01,EUR,1.0814,2024-02-01,"Frankfurter API v2, provider=ECB, EUR/USD; previous available published rate used for non-publication dates"
2024-02-01,USD,1.0,2024-02-01,Native USD; no conversion applied
2024-02-02,EUR,1.0883,2024-02-02,"Frankfurter API v2, provider=ECB, EUR/USD; previous available published rate used for non-publication dates"
2024-02-02,USD,1.0,2024-02-02,Native USD; no conversion applied
2024-02-03,EUR,1.0883,2024-02-02,"Frankfurter API v2, provider=ECB, EUR/USD; previous available published rate used for non-publication dates"
2024-02-03,USD,1.0,2024-02-03,Native USD; no conversion applied
2024-02-04,EUR,1.0883,2024-02-02,"Frankfurter API v2, provider=ECB, EUR/USD; previous available published rate used for non-publication dates"
2024-02-04,USD,1.0,2024-02-04,Native USD; no conversion applied
2024-02-05,EUR,1.0746,2024-02-05,"Frankfurter API v2, provider=ECB, EUR/USD; previous available published rate used for non-publication dates"
2024-02-05,USD,1.0,2024-02-05,Native USD; no conversion applied
2024-02-06,EUR,1.0743,2024-02-06,"Frankfurter API v2, provider=ECB, EUR/USD; previous available published rate used for non-publication dates"
2024-02-06,USD,1.0,2024-02-06,Native USD; no conversion applied
2024-02-07,EUR,1.0776,2024-02-07,"Frankfurter API v2, provider=ECB, EUR/USD; previous available published rate used for non-publication dates"
2024-02-07,USD,1.0,2024-02-07,Native USD; no conversion applied
2024-02-08,EUR,1.0758,2024-02-08,"Frankfurter API v2, provider=ECB, EUR/USD; previous available published rate used for non-publication dates"
2024-02-08,USD,1.0,2024-02-08,Native USD; no conversion applied
2024-02-09,EUR,1.0772,2024-02-09,"Frankfurter API v2, provider=ECB, EUR/USD; previous available published rate used for non-publication dates"
2024-02-09,USD,1.0,2024-02-09,Native USD; no conversion applied
2024-02-10,EUR,1.0772,2024-02-09,"Frankfurter API v2, provider=ECB, EUR/USD; previous available published rate used for non-publication dates"
2024-02-10,USD,1.0,2024-02-10,Native USD; no conversion applied
2024-02-11,EUR,1.0772,2024-02-09,"Frankfurter API v2, provider=ECB, EUR/USD; previous available published rate used for non-publication dates"
2024-02-11,USD,1.0,2024-02-11,Native USD; no conversion applied
2024-02-12,EUR,1.0773,2024-02-12,"Frankfurter API v2, provider=ECB, EUR/USD; previous available published rate used for non-publication dates"
2024-02-12,USD,1.0,2024-02-12,Native USD; no conversion applied
2024-02-13,EUR,1.0793,2024-02-13,"Frankfurter API v2, provider=ECB, EUR/USD; previous available published rate used for non-publication dates"
2024-02-13,USD,1.0,2024-02-13,Native USD; no conversion applied
2024-02-14,EUR,1.0713,2024-02-14,"Frankfurter API v2, provider=ECB, EUR/USD; previous available published rate used for non-publication dates"
2024-02-14,USD,1.0,2024-02-14,Native USD; no conversion applied
2024-02-15,EUR,1.0743,2024-02-15,"Frankfurter API v2, provider=ECB, EUR/USD; previous available published rate used for non-publication dates"
2024-02-15,USD,1.0,2024-02-15,Native USD; no conversion applied
2024-02-16,EUR,1.0768,2024-02-16,"Frankfurter API v2, provider=ECB, EUR/USD; previous available published rate used for non-publication dates"
2024-02-16,USD,1.0,2024-02-16,Native USD; no conversion applied
2024-02-17,EUR,1.0768,2024-02-16,"Frankfurter API v2, provider=ECB, EUR/USD; previous available published rate used for non-publication dates"
2024-02-17,USD,1.0,2024-02-17,Native USD; no conversion applied
2024-02-18,EUR,1.0768,2024-02-16,"Frankfurter API v2, provider=ECB, EUR/USD; previous available published rate used for non-publication dates"
2024-02-18,USD,1.0,2024-02-18,Native USD; no conversion applied
2024-02-19,EUR,1.0776,2024-02-19,"Frankfurter API v2, provider=ECB, EUR/USD; previous available published rate used for non-publication dates"
2024-02-19,USD,1.0,2024-02-19,Native USD; no conversion applied
2024-02-20,EUR,1.0802,2024-02-20,"Frankfurter API v2, provider=ECB, EUR/USD; previous available published rate used for non-publication dates"
2024-02-20,USD,1.0,2024-02-20,Native USD; no conversion applied
2024-02-21,EUR,1.0809,2024-02-21,"Frankfurter API v2, provider=ECB, EUR/USD; previous available published rate used for non-publication dates"
2024-02-21,USD,1.0,2024-02-21,Native USD; no conversion applied
2024-02-22,EUR,1.0844,2024-02-22,"Frankfurter API v2, provider=ECB, EUR/USD; previous available published rate used for non-publication dates"
2024-02-22,USD,1.0,2024-02-22,Native USD; no conversion applied
2024-02-23,EUR,1.0834,2024-02-23,"Frankfurter API v2, provider=ECB, EUR/USD; previous available published rate used for non-publication dates"
2024-02-23,USD,1.0,2024-02-23,Native USD; no conversion applied
2024-02-24,EUR,1.0834,2024-02-23,"Frankfurter API v2, provider=ECB, EUR/USD; previous available published rate used for non-publication dates"
2024-02-24,USD,1.0,2024-02-24,Native USD; no conversion applied
2024-02-25,EUR,1.0834,2024-02-23,"Frankfurter API v2, provider=ECB, EUR/USD; previous available published rate used for non-publication dates"
2024-02-25,USD,1.0,2024-02-25,Native USD; no conversion applied
2024-02-26,EUR,1.0852,2024-02-26,"Frankfurter API v2, provider=ECB, EUR/USD; previous available published rate used for non-publication dates"
2024-02-26,USD,1.0,2024-02-26,Native USD; no conversion applied
2024-02-27,EUR,1.0856,2024-02-27,"Frankfurter API v2, provider=ECB, EUR/USD; previous available published rate used for non-publication dates"
2024-02-27,USD,1.0,2024-02-27,Native USD; no conversion applied
2024-02-28,EUR,1.0808,2024-02-28,"Frankfurter API v2, provider=ECB, EUR/USD; previous available published rate used for non-publication dates"
2024-02-28,USD,1.0,2024-02-28,Native USD; no conversion applied
2024-02-29,EUR,1.0826,2024-02-29,"Frankfurter API v2, provider=ECB, EUR/USD; previous available published rate used for non-publication dates"
2024-02-29,USD,1.0,2024-02-29,Native USD; no conversion applied
2024-03-01,EUR,1.0813,2024-03-01,"Frankfurter API v2, provider=ECB, EUR/USD; previous available published rate used for non-publication dates"
2024-03-01,USD,1.0,2024-03-01,Native USD; no conversion applied
2024-03-02,EUR,1.0813,2024-03-01,"Frankfurter API v2, provider=ECB, EUR/USD; previous available published rate used for non-publication dates"
2024-03-02,USD,1.0,2024-03-02,Native USD; no conversion applied
2024-03-03,EUR,1.0813,2024-03-01,"Frankfurter API v2, provider=ECB, EUR/USD; previous available published rate used for non-publication dates"
2024-03-03,USD,1.0,2024-03-03,Native USD; no conversion applied
2024-03-04,EUR,1.0846,2024-03-04,"Frankfurter API v2, provider=ECB, EUR/USD; previous available published rate used for non-publication dates"
2024-03-04,USD,1.0,2024-03-04,Native USD; no conversion applied
2024-03-05,EUR,1.0849,2024-03-05,"Frankfurter API v2, provider=ECB, EUR/USD; previous available published rate used for non-publication dates"
2024-03-05,USD,1.0,2024-03-05,Native USD; no conversion applied
2024-03-06,EUR,1.0874,2024-03-06,"Frankfurter API v2, provider=ECB, EUR/USD; previous available published rate used for non-publication dates"
2024-03-06,USD,1.0,2024-03-06,Native USD; no conversion applied
2024-03-07,EUR,1.0895,2024-03-07,"Frankfurter API v2, provider=ECB, EUR/USD; previous available published rate used for non-publication dates"
2024-03-07,USD,1.0,2024-03-07,Native USD; no conversion applied
2024-03-08,EUR,1.0932,2024-03-08,"Frankfurter API v2, provider=ECB, EUR/USD; previous available published rate used for non-publication dates"
2024-03-08,USD,1.0,2024-03-08,Native USD; no conversion applied
2024-03-09,EUR,1.0932,2024-03-08,"Frankfurter API v2, provider=ECB, EUR/USD; previous available published rate used for non-publication dates"
2024-03-09,USD,1.0,2024-03-09,Native USD; no conversion applied
2024-03-10,EUR,1.0932,2024-03-08,"Frankfurter API v2, provider=ECB, EUR/USD; previous available published rate used for non-publication dates"
2024-03-10,USD,1.0,2024-03-10,Native USD; no conversion applied
2024-03-11,EUR,1.0926,2024-03-11,"Frankfurter API v2, provider=ECB, EUR/USD; previous available published rate used for non-publication dates"
2024-03-11,USD,1.0,2024-03-11,Native USD; no conversion applied
2024-03-12,EUR,1.0916,2024-03-12,"Frankfurter API v2, provider=ECB, EUR/USD; previous available published rate used for non-publication dates"
2024-03-12,USD,1.0,2024-03-12,Native USD; no conversion applied
2024-03-13,EUR,1.0939,2024-03-13,"Frankfurter API v2, provider=ECB, EUR/USD; previous available published rate used for non-publication dates"
2024-03-13,USD,1.0,2024-03-13,Native USD; no conversion applied
2024-03-14,EUR,1.0925,2024-03-14,"Frankfurter API v2, provider=ECB, EUR/USD; previous available published rate used for non-publication dates"
2024-03-14,USD,1.0,2024-03-14,Native USD; no conversion applied
2024-03-15,EUR,1.0892,2024-03-15,"Frankfurter API v2, provider=ECB, EUR/USD; previous available published rate used for non-publication dates"
2024-03-15,USD,1.0,2024-03-15,Native USD; no conversion applied
2024-03-16,EUR,1.0892,2024-03-15,"Frankfurter API v2, provider=ECB, EUR/USD; previous available published rate used for non-publication dates"
2024-03-16,USD,1.0,2024-03-16,Native USD; no conversion applied
2024-03-17,EUR,1.0892,2024-03-15,"Frankfurter API v2, provider=ECB, EUR/USD; previous available published rate used for non-publication dates"
2024-03-17,USD,1.0,2024-03-17,Native USD; no conversion applied
2024-03-18,EUR,1.0892,2024-03-18,"Frankfurter API v2, provider=ECB, EUR/USD; previous available published rate used for non-publication dates"
2024-03-18,USD,1.0,2024-03-18,Native USD; no conversion applied
2024-03-19,EUR,1.0854,2024-03-19,"Frankfurter API v2, provider=ECB, EUR/USD; previous available published rate used for non-publication dates"
2024-03-19,USD,1.0,2024-03-19,Native USD; no conversion applied
2024-03-20,EUR,1.0844,2024-03-20,"Frankfurter API v2, provider=ECB, EUR/USD; previous available published rate used for non-publication dates"
2024-03-20,USD,1.0,2024-03-20,Native USD; no conversion applied
2024-03-21,EUR,1.0907,2024-03-21,"Frankfurter API v2, provider=ECB, EUR/USD; previous available published rate used for non-publication dates"
2024-03-21,USD,1.0,2024-03-21,Native USD; no conversion applied
2024-03-22,EUR,1.0823,2024-03-22,"Frankfurter API v2, provider=ECB, EUR/USD; previous available published rate used for non-publication dates"
2024-03-22,USD,1.0,2024-03-22,Native USD; no conversion applied
2024-03-23,EUR,1.0823,2024-03-22,"Frankfurter API v2, provider=ECB, EUR/USD; previous available published rate used for non-publication dates"
2024-03-23,USD,1.0,2024-03-23,Native USD; no conversion applied
2024-03-24,EUR,1.0823,2024-03-22,"Frankfurter API v2, provider=ECB, EUR/USD; previous available published rate used for non-publication dates"
2024-03-24,USD,1.0,2024-03-24,Native USD; no conversion applied
2024-03-25,EUR,1.0835,2024-03-25,"Frankfurter API v2, provider=ECB, EUR/USD; previous available published rate used for non-publication dates"
2024-03-25,USD,1.0,2024-03-25,Native USD; no conversion applied
2024-03-26,EUR,1.0855,2024-03-26,"Frankfurter API v2, provider=ECB, EUR/USD; previous available published rate used for non-publication dates"
2024-03-26,USD,1.0,2024-03-26,Native USD; no conversion applied
2024-03-27,EUR,1.0816,2024-03-27,"Frankfurter API v2, provider=ECB, EUR/USD; previous available published rate used for non-publication dates"
2024-03-27,USD,1.0,2024-03-27,Native USD; no conversion applied
2024-03-28,EUR,1.0811,2024-03-28,"Frankfurter API v2, provider=ECB, EUR/USD; previous available published rate used for non-publication dates"
2024-03-28,USD,1.0,2024-03-28,Native USD; no conversion applied
2024-03-29,EUR,1.0811,2024-03-28,"Frankfurter API v2, provider=ECB, EUR/USD; previous available published rate used for non-publication dates"
2024-03-29,USD,1.0,2024-03-29,Native USD; no conversion applied
2024-03-30,EUR,1.0811,2024-03-28,"Frankfurter API v2, provider=ECB, EUR/USD; previous available published rate used for non-publication dates"
2024-03-30,USD,1.0,2024-03-30,Native USD; no conversion applied
2024-03-31,EUR,1.0811,2024-03-28,"Frankfurter API v2, provider=ECB, EUR/USD; previous available published rate used for non-publication dates"
2024-03-31,USD,1.0,2024-03-31,Native USD; no conversion applied
2024-04-01,EUR,1.0811,2024-03-28,"Frankfurter API v2, provider=ECB, EUR/USD; previous available published rate used for non-publication dates"
2024-04-01,USD,1.0,2024-04-01,Native USD; no conversion applied
2024-04-02,EUR,1.0749,2024-04-02,"Frankfurter API v2, provider=ECB, EUR/USD; previous available published rate used for non-publication dates"
2024-04-02,USD,1.0,2024-04-02,Native USD; no conversion applied
2024-04-03,EUR,1.0783,2024-04-03,"Frankfurter API v2, provider=ECB, EUR/USD; previous available published rate used for non-publication dates"
2024-04-03,USD,1.0,2024-04-03,Native USD; no conversion applied
2024-04-04,EUR,1.0852,2024-04-04,"Frankfurter API v2, provider=ECB, EUR/USD; previous available published rate used for non-publication dates"
2024-04-04,USD,1.0,2024-04-04,Native USD; no conversion applied
2024-04-05,EUR,1.0841,2024-04-05,"Frankfurter API v2, provider=ECB, EUR/USD; previous available published rate used for non-publication dates"
2024-04-05,USD,1.0,2024-04-05,Native USD; no conversion applied
2024-04-06,EUR,1.0841,2024-04-05,"Frankfurter API v2, provider=ECB, EUR/USD; previous available published rate used for non-publication dates"
2024-04-06,USD,1.0,2024-04-06,Native USD; no conversion applied
2024-04-07,EUR,1.0841,2024-04-05,"Frankfurter API v2, provider=ECB, EUR/USD; previous available published rate used for non-publication dates"
2024-04-07,USD,1.0,2024-04-07,Native USD; no conversion applied
2024-04-08,EUR,1.0823,2024-04-08,"Frankfurter API v2, provider=ECB, EUR/USD; previous available published rate used for non-publication dates"
2024-04-08,USD,1.0,2024-04-08,Native USD; no conversion applied
2024-04-09,EUR,1.0867,2024-04-09,"Frankfurter API v2, provider=ECB, EUR/USD; previous available published rate used for non-publication dates"
2024-04-09,USD,1.0,2024-04-09,Native USD; no conversion applied
2024-04-10,EUR,1.086,2024-04-10,"Frankfurter API v2, provider=ECB, EUR/USD; previous available published rate used for non-publication dates"
2024-04-10,USD,1.0,2024-04-10,Native USD; no conversion applied
2024-04-11,EUR,1.0729,2024-04-11,"Frankfurter API v2, provider=ECB, EUR/USD; previous available published rate used for non-publication dates"
2024-04-11,USD,1.0,2024-04-11,Native USD; no conversion applied
2024-04-12,EUR,1.0652,2024-04-12,"Frankfurter API v2, provider=ECB, EUR/USD; previous available published rate used for non-publication dates"
2024-04-12,USD,1.0,2024-04-12,Native USD; no conversion applied
2024-04-13,EUR,1.0652,2024-04-12,"Frankfurter API v2, provider=ECB, EUR/USD; previous available published rate used for non-publication dates"
2024-04-13,USD,1.0,2024-04-13,Native USD; no conversion applied
2024-04-14,EUR,1.0652,2024-04-12,"Frankfurter API v2, provider=ECB, EUR/USD; previous available published rate used for non-publication dates"
2024-04-14,USD,1.0,2024-04-14,Native USD; no conversion applied
2024-04-15,EUR,1.0656,2024-04-15,"Frankfurter API v2, provider=ECB, EUR/USD; previous available published rate used for non-publication dates"
2024-04-15,USD,1.0,2024-04-15,Native USD; no conversion applied
2024-04-16,EUR,1.0637,2024-04-16,"Frankfurter API v2, provider=ECB, EUR/USD; previous available published rate used for non-publication dates"
2024-04-16,USD,1.0,2024-04-16,Native USD; no conversion applied
2024-04-17,EUR,1.0638,2024-04-17,"Frankfurter API v2, provider=ECB, EUR/USD; previous available published rate used for non-publication dates"
2024-04-17,USD,1.0,2024-04-17,Native USD; no conversion applied
2024-04-18,EUR,1.0679,2024-04-18,"Frankfurter API v2, provider=ECB, EUR/USD; previous available published rate used for non-publication dates"
2024-04-18,USD,1.0,2024-04-18,Native USD; no conversion applied
2024-04-19,EUR,1.0653,2024-04-19,"Frankfurter API v2, provider=ECB, EUR/USD; previous available published rate used for non-publication dates"
2024-04-19,USD,1.0,2024-04-19,Native USD; no conversion applied
2024-04-20,EUR,1.0653,2024-04-19,"Frankfurter API v2, provider=ECB, EUR/USD; previous available published rate used for non-publication dates"
2024-04-20,USD,1.0,2024-04-20,Native USD; no conversion applied
2024-04-21,EUR,1.0653,2024-04-19,"Frankfurter API v2, provider=ECB, EUR/USD; previous available published rate used for non-publication dates"
2024-04-21,USD,1.0,2024-04-21,Native USD; no conversion applied
2024-04-22,EUR,1.0632,2024-04-22,"Frankfurter API v2, provider=ECB, EUR/USD; previous available published rate used for non-publication dates"
2024-04-22,USD,1.0,2024-04-22,Native USD; no conversion applied
2024-04-23,EUR,1.0674,2024-04-23,"Frankfurter API v2, provider=ECB, EUR/USD; previous available published rate used for non-publication dates"
2024-04-23,USD,1.0,2024-04-23,Native USD; no conversion applied
2024-04-24,EUR,1.0686,2024-04-24,"Frankfurter API v2, provider=ECB, EUR/USD; previous available published rate used for non-publication dates"
2024-04-24,USD,1.0,2024-04-24,Native USD; no conversion applied
2024-04-25,EUR,1.072,2024-04-25,"Frankfurter API v2, provider=ECB, EUR/USD; previous available published rate used for non-publication dates"
2024-04-25,USD,1.0,2024-04-25,Native USD; no conversion applied
2024-04-26,EUR,1.0714,2024-04-26,"Frankfurter API v2, provider=ECB, EUR/USD; previous available published rate used for non-publication dates"
2024-04-26,USD,1.0,2024-04-26,Native USD; no conversion applied
2024-04-27,EUR,1.0714,2024-04-26,"Frankfurter API v2, provider=ECB, EUR/USD; previous available published rate used for non-publication dates"
2024-04-27,USD,1.0,2024-04-27,Native USD; no conversion applied
2024-04-28,EUR,1.0714,2024-04-26,"Frankfurter API v2, provider=ECB, EUR/USD; previous available published rate used for non-publication dates"
2024-04-28,USD,1.0,2024-04-28,Native USD; no conversion applied
2024-04-29,EUR,1.072,2024-04-29,"Frankfurter API v2, provider=ECB, EUR/USD; previous available published rate used for non-publication dates"
2024-04-29,USD,1.0,2024-04-29,Native USD; no conversion applied
2024-04-30,EUR,1.0718,2024-04-30,"Frankfurter API v2, provider=ECB, EUR/USD; previous available published rate used for non-publication dates"
2024-04-30,USD,1.0,2024-04-30,Native USD; no conversion applied
2024-05-01,EUR,1.0718,2024-04-30,"Frankfurter API v2, provider=ECB, EUR/USD; previous available published rate used for non-publication dates"
2024-05-01,USD,1.0,2024-05-01,Native USD; no conversion applied
2024-05-02,EUR,1.0698,2024-05-02,"Frankfurter API v2, provider=ECB, EUR/USD; previous available published rate used for non-publication dates"
2024-05-02,USD,1.0,2024-05-02,Native USD; no conversion applied
2024-05-03,EUR,1.0744,2024-05-03,"Frankfurter API v2, provider=ECB, EUR/USD; previous available published rate used for non-publication dates"
2024-05-03,USD,1.0,2024-05-03,Native USD; no conversion applied
2024-05-04,EUR,1.0744,2024-05-03,"Frankfurter API v2, provider=ECB, EUR/USD; previous available published rate used for non-publication dates"
2024-05-04,USD,1.0,2024-05-04,Native USD; no conversion applied
2024-05-05,EUR,1.0744,2024-05-03,"Frankfurter API v2, provider=ECB, EUR/USD; previous available published rate used for non-publication dates"
2024-05-05,USD,1.0,2024-05-05,Native USD; no conversion applied
2024-05-06,EUR,1.0776,2024-05-06,"Frankfurter API v2, provider=ECB, EUR/USD; previous available published rate used for non-publication dates"
2024-05-06,USD,1.0,2024-05-06,Native USD; no conversion applied
2024-05-07,EUR,1.0766,2024-05-07,"Frankfurter API v2, provider=ECB, EUR/USD; previous available published rate used for non-publication dates"
2024-05-07,USD,1.0,2024-05-07,Native USD; no conversion applied
2024-05-08,EUR,1.0743,2024-05-08,"Frankfurter API v2, provider=ECB, EUR/USD; previous available published rate used for non-publication dates"
2024-05-08,USD,1.0,2024-05-08,Native USD; no conversion applied
2024-05-09,EUR,1.0732,2024-05-09,"Frankfurter API v2, provider=ECB, EUR/USD; previous available published rate used for non-publication dates"
2024-05-09,USD,1.0,2024-05-09,Native USD; no conversion applied
2024-05-10,EUR,1.0779,2024-05-10,"Frankfurter API v2, provider=ECB, EUR/USD; previous available published rate used for non-publication dates"
2024-05-10,USD,1.0,2024-05-10,Native USD; no conversion applied
2024-05-11,EUR,1.0779,2024-05-10,"Frankfurter API v2, provider=ECB, EUR/USD; previous available published rate used for non-publication dates"
2024-05-11,USD,1.0,2024-05-11,Native USD; no conversion applied
2024-05-12,EUR,1.0779,2024-05-10,"Frankfurter API v2, provider=ECB, EUR/USD; previous available published rate used for non-publication dates"
2024-05-12,USD,1.0,2024-05-12,Native USD; no conversion applied
2024-05-13,EUR,1.0795,2024-05-13,"Frankfurter API v2, provider=ECB, EUR/USD; previous available published rate used for non-publication dates"
2024-05-13,USD,1.0,2024-05-13,Native USD; no conversion applied
2024-05-14,EUR,1.0796,2024-05-14,"Frankfurter API v2, provider=ECB, EUR/USD; previous available published rate used for non-publication dates"
2024-05-14,USD,1.0,2024-05-14,Native USD; no conversion applied
2024-05-15,EUR,1.0832,2024-05-15,"Frankfurter API v2, provider=ECB, EUR/USD; previous available published rate used for non-publication dates"
2024-05-15,USD,1.0,2024-05-15,Native USD; no conversion applied
2024-05-16,EUR,1.0866,2024-05-16,"Frankfurter API v2, provider=ECB, EUR/USD; previous available published rate used for non-publication dates"
2024-05-16,USD,1.0,2024-05-16,Native USD; no conversion applied
2024-05-17,EUR,1.0844,2024-05-17,"Frankfurter API v2, provider=ECB, EUR/USD; previous available published rate used for non-publication dates"
2024-05-17,USD,1.0,2024-05-17,Native USD; no conversion applied
2024-05-18,EUR,1.0844,2024-05-17,"Frankfurter API v2, provider=ECB, EUR/USD; previous available published rate used for non-publication dates"
2024-05-18,USD,1.0,2024-05-18,Native USD; no conversion applied
2024-05-19,EUR,1.0844,2024-05-17,"Frankfurter API v2, provider=ECB, EUR/USD; previous available published rate used for non-publication dates"
2024-05-19,USD,1.0,2024-05-19,Native USD; no conversion applied
2024-05-20,EUR,1.0861,2024-05-20,"Frankfurter API v2, provider=ECB, EUR/USD; previous available published rate used for non-publication dates"
2024-05-20,USD,1.0,2024-05-20,Native USD; no conversion applied
2024-05-21,EUR,1.0864,2024-05-21,"Frankfurter API v2, provider=ECB, EUR/USD; previous available published rate used for non-publication dates"
2024-05-21,USD,1.0,2024-05-21,Native USD; no conversion applied
2024-05-22,EUR,1.083,2024-05-22,"Frankfurter API v2, provider=ECB, EUR/USD; previous available published rate used for non-publication dates"
2024-05-22,USD,1.0,2024-05-22,Native USD; no conversion applied
2024-05-23,EUR,1.0854,2024-05-23,"Frankfurter API v2, provider=ECB, EUR/USD; previous available published rate used for non-publication dates"
2024-05-23,USD,1.0,2024-05-23,Native USD; no conversion applied
2024-05-24,EUR,1.084,2024-05-24,"Frankfurter API v2, provider=ECB, EUR/USD; previous available published rate used for non-publication dates"
2024-05-24,USD,1.0,2024-05-24,Native USD; no conversion applied
2024-05-25,EUR,1.084,2024-05-24,"Frankfurter API v2, provider=ECB, EUR/USD; previous available published rate used for non-publication dates"
2024-05-25,USD,1.0,2024-05-25,Native USD; no conversion applied
2024-05-26,EUR,1.084,2024-05-24,"Frankfurter API v2, provider=ECB, EUR/USD; previous available published rate used for non-publication dates"
2024-05-26,USD,1.0,2024-05-26,Native USD; no conversion applied
2024-05-27,EUR,1.0843,2024-05-27,"Frankfurter API v2, provider=ECB, EUR/USD; previous available published rate used for non-publication dates"
2024-05-27,USD,1.0,2024-05-27,Native USD; no conversion applied
2024-05-28,EUR,1.0882,2024-05-28,"Frankfurter API v2, provider=ECB, EUR/USD; previous available published rate used for non-publication dates"
2024-05-28,USD,1.0,2024-05-28,Native USD; no conversion applied
2024-05-29,EUR,1.0857,2024-05-29,"Frankfurter API v2, provider=ECB, EUR/USD; previous available published rate used for non-publication dates"
2024-05-29,USD,1.0,2024-05-29,Native USD; no conversion applied
2024-05-30,EUR,1.0815,2024-05-30,"Frankfurter API v2, provider=ECB, EUR/USD; previous available published rate used for non-publication dates"
2024-05-30,USD,1.0,2024-05-30,Native USD; no conversion applied
2024-05-31,EUR,1.0852,2024-05-31,"Frankfurter API v2, provider=ECB, EUR/USD; previous available published rate used for non-publication dates"
2024-05-31,USD,1.0,2024-05-31,Native USD; no conversion applied
2024-06-01,EUR,1.0852,2024-05-31,"Frankfurter API v2, provider=ECB, EUR/USD; previous available published rate used for non-publication dates"
2024-06-01,USD,1.0,2024-06-01,Native USD; no conversion applied
2024-06-02,EUR,1.0852,2024-05-31,"Frankfurter API v2, provider=ECB, EUR/USD; previous available published rate used for non-publication dates"
2024-06-02,USD,1.0,2024-06-02,Native USD; no conversion applied
2024-06-03,EUR,1.0842,2024-06-03,"Frankfurter API v2, provider=ECB, EUR/USD; previous available published rate used for non-publication dates"
2024-06-03,USD,1.0,2024-06-03,Native USD; no conversion applied
2024-06-04,EUR,1.0865,2024-06-04,"Frankfurter API v2, provider=ECB, EUR/USD; previous available published rate used for non-publication dates"
2024-06-04,USD,1.0,2024-06-04,Native USD; no conversion applied
2024-06-05,EUR,1.0872,2024-06-05,"Frankfurter API v2, provider=ECB, EUR/USD; previous available published rate used for non-publication dates"
2024-06-05,USD,1.0,2024-06-05,Native USD; no conversion applied
2024-06-06,EUR,1.0865,2024-06-06,"Frankfurter API v2, provider=ECB, EUR/USD; previous available published rate used for non-publication dates"
2024-06-06,USD,1.0,2024-06-06,Native USD; no conversion applied
2024-06-07,EUR,1.0898,2024-06-07,"Frankfurter API v2, provider=ECB, EUR/USD; previous available published rate used for non-publication dates"
2024-06-07,USD,1.0,2024-06-07,Native USD; no conversion applied
2024-06-08,EUR,1.0898,2024-06-07,"Frankfurter API v2, provider=ECB, EUR/USD; previous available published rate used for non-publication dates"
2024-06-08,USD,1.0,2024-06-08,Native USD; no conversion applied
2024-06-09,EUR,1.0898,2024-06-07,"Frankfurter API v2, provider=ECB, EUR/USD; previous available published rate used for non-publication dates"
2024-06-09,USD,1.0,2024-06-09,Native USD; no conversion applied
2024-06-10,EUR,1.0756,2024-06-10,"Frankfurter API v2, provider=ECB, EUR/USD; previous available published rate used for non-publication dates"
2024-06-10,USD,1.0,2024-06-10,Native USD; no conversion applied
2024-06-11,EUR,1.073,2024-06-11,"Frankfurter API v2, provider=ECB, EUR/USD; previous available published rate used for non-publication dates"
2024-06-11,USD,1.0,2024-06-11,Native USD; no conversion applied
2024-06-12,EUR,1.0765,2024-06-12,"Frankfurter API v2, provider=ECB, EUR/USD; previous available published rate used for non-publication dates"
2024-06-12,USD,1.0,2024-06-12,Native USD; no conversion applied
2024-06-13,EUR,1.0784,2024-06-13,"Frankfurter API v2, provider=ECB, EUR/USD; previous available published rate used for non-publication dates"
2024-06-13,USD,1.0,2024-06-13,Native USD; no conversion applied
2024-06-14,EUR,1.0686,2024-06-14,"Frankfurter API v2, provider=ECB, EUR/USD; previous available published rate used for non-publication dates"
2024-06-14,USD,1.0,2024-06-14,Native USD; no conversion applied
2024-06-15,EUR,1.0686,2024-06-14,"Frankfurter API v2, provider=ECB, EUR/USD; previous available published rate used for non-publication dates"
2024-06-15,USD,1.0,2024-06-15,Native USD; no conversion applied
2024-06-16,EUR,1.0686,2024-06-14,"Frankfurter API v2, provider=ECB, EUR/USD; previous available published rate used for non-publication dates"
2024-06-16,USD,1.0,2024-06-16,Native USD; no conversion applied
2024-06-17,EUR,1.0712,2024-06-17,"Frankfurter API v2, provider=ECB, EUR/USD; previous available published rate used for non-publication dates"
2024-06-17,USD,1.0,2024-06-17,Native USD; no conversion applied
2024-06-18,EUR,1.0715,2024-06-18,"Frankfurter API v2, provider=ECB, EUR/USD; previous available published rate used for non-publication dates"
2024-06-18,USD,1.0,2024-06-18,Native USD; no conversion applied
2024-06-19,EUR,1.0749,2024-06-19,"Frankfurter API v2, provider=ECB, EUR/USD; previous available published rate used for non-publication dates"
2024-06-19,USD,1.0,2024-06-19,Native USD; no conversion applied
2024-06-20,EUR,1.0719,2024-06-20,"Frankfurter API v2, provider=ECB, EUR/USD; previous available published rate used for non-publication dates"
2024-06-20,USD,1.0,2024-06-20,Native USD; no conversion applied
2024-06-21,EUR,1.0688,2024-06-21,"Frankfurter API v2, provider=ECB, EUR/USD; previous available published rate used for non-publication dates"
2024-06-21,USD,1.0,2024-06-21,Native USD; no conversion applied
2024-06-22,EUR,1.0688,2024-06-21,"Frankfurter API v2, provider=ECB, EUR/USD; previous available published rate used for non-publication dates"
2024-06-22,USD,1.0,2024-06-22,Native USD; no conversion applied
2024-06-23,EUR,1.0688,2024-06-21,"Frankfurter API v2, provider=ECB, EUR/USD; previous available published rate used for non-publication dates"
2024-06-23,USD,1.0,2024-06-23,Native USD; no conversion applied
2024-06-24,EUR,1.073,2024-06-24,"Frankfurter API v2, provider=ECB, EUR/USD; previous available published rate used for non-publication dates"
2024-06-24,USD,1.0,2024-06-24,Native USD; no conversion applied
2024-06-25,EUR,1.0714,2024-06-25,"Frankfurter API v2, provider=ECB, EUR/USD; previous available published rate used for non-publication dates"
2024-06-25,USD,1.0,2024-06-25,Native USD; no conversion applied
2024-06-26,EUR,1.0689,2024-06-26,"Frankfurter API v2, provider=ECB, EUR/USD; previous available published rate used for non-publication dates"
2024-06-26,USD,1.0,2024-06-26,Native USD; no conversion applied
2024-06-27,EUR,1.0696,2024-06-27,"Frankfurter API v2, provider=ECB, EUR/USD; previous available published rate used for non-publication dates"
2024-06-27,USD,1.0,2024-06-27,Native USD; no conversion applied
2024-06-28,EUR,1.0705,2024-06-28,"Frankfurter API v2, provider=ECB, EUR/USD; previous available published rate used for non-publication dates"
2024-06-28,USD,1.0,2024-06-28,Native USD; no conversion applied
2024-06-29,EUR,1.0705,2024-06-28,"Frankfurter API v2, provider=ECB, EUR/USD; previous available published rate used for non-publication dates"
2024-06-29,USD,1.0,2024-06-29,Native USD; no conversion applied
2024-06-30,EUR,1.0705,2024-06-28,"Frankfurter API v2, provider=ECB, EUR/USD; previous available published rate used for non-publication dates"
2024-06-30,USD,1.0,2024-06-30,Native USD; no conversion applied
2024-07-01,EUR,1.0745,2024-07-01,"Frankfurter API v2, provider=ECB, EUR/USD; previous available published rate used for non-publication dates"
2024-07-01,USD,1.0,2024-07-01,Native USD; no conversion applied
2024-07-02,EUR,1.0729,2024-07-02,"Frankfurter API v2, provider=ECB, EUR/USD; previous available published rate used for non-publication dates"
2024-07-02,USD,1.0,2024-07-02,Native USD; no conversion applied
2024-07-03,EUR,1.0758,2024-07-03,"Frankfurter API v2, provider=ECB, EUR/USD; previous available published rate used for non-publication dates"
2024-07-03,USD,1.0,2024-07-03,Native USD; no conversion applied
2024-07-04,EUR,1.08,2024-07-04,"Frankfurter API v2, provider=ECB, EUR/USD; previous available published rate used for non-publication dates"
2024-07-04,USD,1.0,2024-07-04,Native USD; no conversion applied
2024-07-05,EUR,1.0824,2024-07-05,"Frankfurter API v2, provider=ECB, EUR/USD; previous available published rate used for non-publication dates"
2024-07-05,USD,1.0,2024-07-05,Native USD; no conversion applied
2024-07-06,EUR,1.0824,2024-07-05,"Frankfurter API v2, provider=ECB, EUR/USD; previous available published rate used for non-publication dates"
2024-07-06,USD,1.0,2024-07-06,Native USD; no conversion applied
2024-07-07,EUR,1.0824,2024-07-05,"Frankfurter API v2, provider=ECB, EUR/USD; previous available published rate used for non-publication dates"
2024-07-07,USD,1.0,2024-07-07,Native USD; no conversion applied
2024-07-08,EUR,1.0835,2024-07-08,"Frankfurter API v2, provider=ECB, EUR/USD; previous available published rate used for non-publication dates"
2024-07-08,USD,1.0,2024-07-08,Native USD; no conversion applied
2024-07-09,EUR,1.0814,2024-07-09,"Frankfurter API v2, provider=ECB, EUR/USD; previous available published rate used for non-publication dates"
2024-07-09,USD,1.0,2024-07-09,Native USD; no conversion applied
2024-07-10,EUR,1.0825,2024-07-10,"Frankfurter API v2, provider=ECB, EUR/USD; previous available published rate used for non-publication dates"
2024-07-10,USD,1.0,2024-07-10,Native USD; no conversion applied
2024-07-11,EUR,1.0855,2024-07-11,"Frankfurter API v2, provider=ECB, EUR/USD; previous available published rate used for non-publication dates"
2024-07-11,USD,1.0,2024-07-11,Native USD; no conversion applied
2024-07-12,EUR,1.089,2024-07-12,"Frankfurter API v2, provider=ECB, EUR/USD; previous available published rate used for non-publication dates"
2024-07-12,USD,1.0,2024-07-12,Native USD; no conversion applied
2024-07-13,EUR,1.089,2024-07-12,"Frankfurter API v2, provider=ECB, EUR/USD; previous available published rate used for non-publication dates"
2024-07-13,USD,1.0,2024-07-13,Native USD; no conversion applied
2024-07-14,EUR,1.089,2024-07-12,"Frankfurter API v2, provider=ECB, EUR/USD; previous available published rate used for non-publication dates"
2024-07-14,USD,1.0,2024-07-14,Native USD; no conversion applied
2024-07-15,EUR,1.0907,2024-07-15,"Frankfurter API v2, provider=ECB, EUR/USD; previous available published rate used for non-publication dates"
2024-07-15,USD,1.0,2024-07-15,Native USD; no conversion applied
2024-07-16,EUR,1.0902,2024-07-16,"Frankfurter API v2, provider=ECB, EUR/USD; previous available published rate used for non-publication dates"
2024-07-16,USD,1.0,2024-07-16,Native USD; no conversion applied
2024-07-17,EUR,1.0934,2024-07-17,"Frankfurter API v2, provider=ECB, EUR/USD; previous available published rate used for non-publication dates"
2024-07-17,USD,1.0,2024-07-17,Native USD; no conversion applied
2024-07-18,EUR,1.093,2024-07-18,"Frankfurter API v2, provider=ECB, EUR/USD; previous available published rate used for non-publication dates"
2024-07-18,USD,1.0,2024-07-18,Native USD; no conversion applied
2024-07-19,EUR,1.089,2024-07-19,"Frankfurter API v2, provider=ECB, EUR/USD; previous available published rate used for non-publication dates"
2024-07-19,USD,1.0,2024-07-19,Native USD; no conversion applied
2024-07-20,EUR,1.089,2024-07-19,"Frankfurter API v2, provider=ECB, EUR/USD; previous available published rate used for non-publication dates"
2024-07-20,USD,1.0,2024-07-20,Native USD; no conversion applied
2024-07-21,EUR,1.089,2024-07-19,"Frankfurter API v2, provider=ECB, EUR/USD; previous available published rate used for non-publication dates"
2024-07-21,USD,1.0,2024-07-21,Native USD; no conversion applied
2024-07-22,EUR,1.0888,2024-07-22,"Frankfurter API v2, provider=ECB, EUR/USD; previous available published rate used for non-publication dates"
2024-07-22,USD,1.0,2024-07-22,Native USD; no conversion applied
2024-07-23,EUR,1.086,2024-07-23,"Frankfurter API v2, provider=ECB, EUR/USD; previous available published rate used for non-publication dates"
2024-07-23,USD,1.0,2024-07-23,Native USD; no conversion applied
2024-07-24,EUR,1.0848,2024-07-24,"Frankfurter API v2, provider=ECB, EUR/USD; previous available published rate used for non-publication dates"
2024-07-24,USD,1.0,2024-07-24,Native USD; no conversion applied
2024-07-25,EUR,1.0851,2024-07-25,"Frankfurter API v2, provider=ECB, EUR/USD; previous available published rate used for non-publication dates"
2024-07-25,USD,1.0,2024-07-25,Native USD; no conversion applied
2024-07-26,EUR,1.086,2024-07-26,"Frankfurter API v2, provider=ECB, EUR/USD; previous available published rate used for non-publication dates"
2024-07-26,USD,1.0,2024-07-26,Native USD; no conversion applied
2024-07-27,EUR,1.086,2024-07-26,"Frankfurter API v2, provider=ECB, EUR/USD; previous available published rate used for non-publication dates"
2024-07-27,USD,1.0,2024-07-27,Native USD; no conversion applied
2024-07-28,EUR,1.086,2024-07-26,"Frankfurter API v2, provider=ECB, EUR/USD; previous available published rate used for non-publication dates"
2024-07-28,USD,1.0,2024-07-28,Native USD; no conversion applied
2024-07-29,EUR,1.0817,2024-07-29,"Frankfurter API v2, provider=ECB, EUR/USD; previous available published rate used for non-publication dates"
2024-07-29,USD,1.0,2024-07-29,Native USD; no conversion applied
2024-07-30,EUR,1.0824,2024-07-30,"Frankfurter API v2, provider=ECB, EUR/USD; previous available published rate used for non-publication dates"
2024-07-30,USD,1.0,2024-07-30,Native USD; no conversion applied
2024-07-31,EUR,1.0828,2024-07-31,"Frankfurter API v2, provider=ECB, EUR/USD; previous available published rate used for non-publication dates"
2024-07-31,USD,1.0,2024-07-31,Native USD; no conversion applied
2024-08-01,EUR,1.0789,2024-08-01,"Frankfurter API v2, provider=ECB, EUR/USD; previous available published rate used for non-publication dates"
2024-08-01,USD,1.0,2024-08-01,Native USD; no conversion applied
2024-08-02,EUR,1.0835,2024-08-02,"Frankfurter API v2, provider=ECB, EUR/USD; previous available published rate used for non-publication dates"
2024-08-02,USD,1.0,2024-08-02,Native USD; no conversion applied
2024-08-03,EUR,1.0835,2024-08-02,"Frankfurter API v2, provider=ECB, EUR/USD; previous available published rate used for non-publication dates"
2024-08-03,USD,1.0,2024-08-03,Native USD; no conversion applied
2024-08-04,EUR,1.0835,2024-08-02,"Frankfurter API v2, provider=ECB, EUR/USD; previous available published rate used for non-publication dates"
2024-08-04,USD,1.0,2024-08-04,Native USD; no conversion applied
2024-08-05,EUR,1.0966,2024-08-05,"Frankfurter API v2, provider=ECB, EUR/USD; previous available published rate used for non-publication dates"
2024-08-05,USD,1.0,2024-08-05,Native USD; no conversion applied
2024-08-06,EUR,1.0915,2024-08-06,"Frankfurter API v2, provider=ECB, EUR/USD; previous available published rate used for non-publication dates"
2024-08-06,USD,1.0,2024-08-06,Native USD; no conversion applied
2024-08-07,EUR,1.0922,2024-08-07,"Frankfurter API v2, provider=ECB, EUR/USD; previous available published rate used for non-publication dates"
2024-08-07,USD,1.0,2024-08-07,Native USD; no conversion applied
2024-08-08,EUR,1.093,2024-08-08,"Frankfurter API v2, provider=ECB, EUR/USD; previous available published rate used for non-publication dates"
2024-08-08,USD,1.0,2024-08-08,Native USD; no conversion applied
2024-08-09,EUR,1.0917,2024-08-09,"Frankfurter API v2, provider=ECB, EUR/USD; previous available published rate used for non-publication dates"
2024-08-09,USD,1.0,2024-08-09,Native USD; no conversion applied
2024-08-10,EUR,1.0917,2024-08-09,"Frankfurter API v2, provider=ECB, EUR/USD; previous available published rate used for non-publication dates"
2024-08-10,USD,1.0,2024-08-10,Native USD; no conversion applied
2024-08-11,EUR,1.0917,2024-08-09,"Frankfurter API v2, provider=ECB, EUR/USD; previous available published rate used for non-publication dates"
2024-08-11,USD,1.0,2024-08-11,Native USD; no conversion applied
2024-08-12,EUR,1.0925,2024-08-12,"Frankfurter API v2, provider=ECB, EUR/USD; previous available published rate used for non-publication dates"
2024-08-12,USD,1.0,2024-08-12,Native USD; no conversion applied
2024-08-13,EUR,1.0931,2024-08-13,"Frankfurter API v2, provider=ECB, EUR/USD; previous available published rate used for non-publication dates"
2024-08-13,USD,1.0,2024-08-13,Native USD; no conversion applied
2024-08-14,EUR,1.1019,2024-08-14,"Frankfurter API v2, provider=ECB, EUR/USD; previous available published rate used for non-publication dates"
2024-08-14,USD,1.0,2024-08-14,Native USD; no conversion applied
2024-08-15,EUR,1.1011,2024-08-15,"Frankfurter API v2, provider=ECB, EUR/USD; previous available published rate used for non-publication dates"
2024-08-15,USD,1.0,2024-08-15,Native USD; no conversion applied
2024-08-16,EUR,1.0994,2024-08-16,"Frankfurter API v2, provider=ECB, EUR/USD; previous available published rate used for non-publication dates"
2024-08-16,USD,1.0,2024-08-16,Native USD; no conversion applied
2024-08-17,EUR,1.0994,2024-08-16,"Frankfurter API v2, provider=ECB, EUR/USD; previous available published rate used for non-publication dates"
2024-08-17,USD,1.0,2024-08-17,Native USD; no conversion applied
2024-08-18,EUR,1.0994,2024-08-16,"Frankfurter API v2, provider=ECB, EUR/USD; previous available published rate used for non-publication dates"
2024-08-18,USD,1.0,2024-08-18,Native USD; no conversion applied
2024-08-19,EUR,1.1041,2024-08-19,"Frankfurter API v2, provider=ECB, EUR/USD; previous available published rate used for non-publication dates"
2024-08-19,USD,1.0,2024-08-19,Native USD; no conversion applied
2024-08-20,EUR,1.1084,2024-08-20,"Frankfurter API v2, provider=ECB, EUR/USD; previous available published rate used for non-publication dates"
2024-08-20,USD,1.0,2024-08-20,Native USD; no conversion applied
2024-08-21,EUR,1.1116,2024-08-21,"Frankfurter API v2, provider=ECB, EUR/USD; previous available published rate used for non-publication dates"
2024-08-21,USD,1.0,2024-08-21,Native USD; no conversion applied
2024-08-22,EUR,1.1135,2024-08-22,"Frankfurter API v2, provider=ECB, EUR/USD; previous available published rate used for non-publication dates"
2024-08-22,USD,1.0,2024-08-22,Native USD; no conversion applied
2024-08-23,EUR,1.1121,2024-08-23,"Frankfurter API v2, provider=ECB, EUR/USD; previous available published rate used for non-publication dates"
2024-08-23,USD,1.0,2024-08-23,Native USD; no conversion applied
2024-08-24,EUR,1.1121,2024-08-23,"Frankfurter API v2, provider=ECB, EUR/USD; previous available published rate used for non-publication dates"
2024-08-24,USD,1.0,2024-08-24,Native USD; no conversion applied
2024-08-25,EUR,1.1121,2024-08-23,"Frankfurter API v2, provider=ECB, EUR/USD; previous available published rate used for non-publication dates"
2024-08-25,USD,1.0,2024-08-25,Native USD; no conversion applied
2024-08-26,EUR,1.1163,2024-08-26,"Frankfurter API v2, provider=ECB, EUR/USD; previous available published rate used for non-publication dates"
2024-08-26,USD,1.0,2024-08-26,Native USD; no conversion applied
2024-08-27,EUR,1.1162,2024-08-27,"Frankfurter API v2, provider=ECB, EUR/USD; previous available published rate used for non-publication dates"
2024-08-27,USD,1.0,2024-08-27,Native USD; no conversion applied
2024-08-28,EUR,1.1117,2024-08-28,"Frankfurter API v2, provider=ECB, EUR/USD; previous available published rate used for non-publication dates"
2024-08-28,USD,1.0,2024-08-28,Native USD; no conversion applied
2024-08-29,EUR,1.1088,2024-08-29,"Frankfurter API v2, provider=ECB, EUR/USD; previous available published rate used for non-publication dates"
2024-08-29,USD,1.0,2024-08-29,Native USD; no conversion applied
2024-08-30,EUR,1.1087,2024-08-30,"Frankfurter API v2, provider=ECB, EUR/USD; previous available published rate used for non-publication dates"
2024-08-30,USD,1.0,2024-08-30,Native USD; no conversion applied
2024-08-31,EUR,1.1087,2024-08-30,"Frankfurter API v2, provider=ECB, EUR/USD; previous available published rate used for non-publication dates"
2024-08-31,USD,1.0,2024-08-31,Native USD; no conversion applied
2024-09-01,EUR,1.1087,2024-08-30,"Frankfurter API v2, provider=ECB, EUR/USD; previous available published rate used for non-publication dates"
2024-09-01,USD,1.0,2024-09-01,Native USD; no conversion applied
2024-09-02,EUR,1.1061,2024-09-02,"Frankfurter API v2, provider=ECB, EUR/USD; previous available published rate used for non-publication dates"
2024-09-02,USD,1.0,2024-09-02,Native USD; no conversion applied
2024-09-03,EUR,1.1035,2024-09-03,"Frankfurter API v2, provider=ECB, EUR/USD; previous available published rate used for non-publication dates"
2024-09-03,USD,1.0,2024-09-03,Native USD; no conversion applied
2024-09-04,EUR,1.105,2024-09-04,"Frankfurter API v2, provider=ECB, EUR/USD; previous available published rate used for non-publication dates"
2024-09-04,USD,1.0,2024-09-04,Native USD; no conversion applied
2024-09-05,EUR,1.1097,2024-09-05,"Frankfurter API v2, provider=ECB, EUR/USD; previous available published rate used for non-publication dates"
2024-09-05,USD,1.0,2024-09-05,Native USD; no conversion applied
2024-09-06,EUR,1.1103,2024-09-06,"Frankfurter API v2, provider=ECB, EUR/USD; previous available published rate used for non-publication dates"
2024-09-06,USD,1.0,2024-09-06,Native USD; no conversion applied
2024-09-07,EUR,1.1103,2024-09-06,"Frankfurter API v2, provider=ECB, EUR/USD; previous available published rate used for non-publication dates"
2024-09-07,USD,1.0,2024-09-07,Native USD; no conversion applied
2024-09-08,EUR,1.1103,2024-09-06,"Frankfurter API v2, provider=ECB, EUR/USD; previous available published rate used for non-publication dates"
2024-09-08,USD,1.0,2024-09-08,Native USD; no conversion applied
2024-09-09,EUR,1.1043,2024-09-09,"Frankfurter API v2, provider=ECB, EUR/USD; previous available published rate used for non-publication dates"
2024-09-09,USD,1.0,2024-09-09,Native USD; no conversion applied
2024-09-10,EUR,1.1031,2024-09-10,"Frankfurter API v2, provider=ECB, EUR/USD; previous available published rate used for non-publication dates"
2024-09-10,USD,1.0,2024-09-10,Native USD; no conversion applied
2024-09-11,EUR,1.1043,2024-09-11,"Frankfurter API v2, provider=ECB, EUR/USD; previous available published rate used for non-publication dates"
2024-09-11,USD,1.0,2024-09-11,Native USD; no conversion applied
2024-09-12,EUR,1.1016,2024-09-12,"Frankfurter API v2, provider=ECB, EUR/USD; previous available published rate used for non-publication dates"
2024-09-12,USD,1.0,2024-09-12,Native USD; no conversion applied
2024-09-13,EUR,1.1081,2024-09-13,"Frankfurter API v2, provider=ECB, EUR/USD; previous available published rate used for non-publication dates"
2024-09-13,USD,1.0,2024-09-13,Native USD; no conversion applied
2024-09-14,EUR,1.1081,2024-09-13,"Frankfurter API v2, provider=ECB, EUR/USD; previous available published rate used for non-publication dates"
2024-09-14,USD,1.0,2024-09-14,Native USD; no conversion applied
2024-09-15,EUR,1.1081,2024-09-13,"Frankfurter API v2, provider=ECB, EUR/USD; previous available published rate used for non-publication dates"
2024-09-15,USD,1.0,2024-09-15,Native USD; no conversion applied
2024-09-16,EUR,1.1126,2024-09-16,"Frankfurter API v2, provider=ECB, EUR/USD; previous available published rate used for non-publication dates"
2024-09-16,USD,1.0,2024-09-16,Native USD; no conversion applied
2024-09-17,EUR,1.1139,2024-09-17,"Frankfurter API v2, provider=ECB, EUR/USD; previous available published rate used for non-publication dates"
2024-09-17,USD,1.0,2024-09-17,Native USD; no conversion applied
2024-09-18,EUR,1.1124,2024-09-18,"Frankfurter API v2, provider=ECB, EUR/USD; previous available published rate used for non-publication dates"
2024-09-18,USD,1.0,2024-09-18,Native USD; no conversion applied
2024-09-19,EUR,1.1156,2024-09-19,"Frankfurter API v2, provider=ECB, EUR/USD; previous available published rate used for non-publication dates"
2024-09-19,USD,1.0,2024-09-19,Native USD; no conversion applied
2024-09-20,EUR,1.1166,2024-09-20,"Frankfurter API v2, provider=ECB, EUR/USD; previous available published rate used for non-publication dates"
2024-09-20,USD,1.0,2024-09-20,Native USD; no conversion applied
2024-09-21,EUR,1.1166,2024-09-20,"Frankfurter API v2, provider=ECB, EUR/USD; previous available published rate used for non-publication dates"
2024-09-21,USD,1.0,2024-09-21,Native USD; no conversion applied
2024-09-22,EUR,1.1166,2024-09-20,"Frankfurter API v2, provider=ECB, EUR/USD; previous available published rate used for non-publication dates"
2024-09-22,USD,1.0,2024-09-22,Native USD; no conversion applied
2024-09-23,EUR,1.1119,2024-09-23,"Frankfurter API v2, provider=ECB, EUR/USD; previous available published rate used for non-publication dates"
2024-09-23,USD,1.0,2024-09-23,Native USD; no conversion applied
2024-09-24,EUR,1.1133,2024-09-24,"Frankfurter API v2, provider=ECB, EUR/USD; previous available published rate used for non-publication dates"
2024-09-24,USD,1.0,2024-09-24,Native USD; no conversion applied
2024-09-25,EUR,1.1194,2024-09-25,"Frankfurter API v2, provider=ECB, EUR/USD; previous available published rate used for non-publication dates"
2024-09-25,USD,1.0,2024-09-25,Native USD; no conversion applied
2024-09-26,EUR,1.1155,2024-09-26,"Frankfurter API v2, provider=ECB, EUR/USD; previous available published rate used for non-publication dates"
2024-09-26,USD,1.0,2024-09-26,Native USD; no conversion applied
2024-09-27,EUR,1.1158,2024-09-27,"Frankfurter API v2, provider=ECB, EUR/USD; previous available published rate used for non-publication dates"
2024-09-27,USD,1.0,2024-09-27,Native USD; no conversion applied
2024-09-28,EUR,1.1158,2024-09-27,"Frankfurter API v2, provider=ECB, EUR/USD; previous available published rate used for non-publication dates"
2024-09-28,USD,1.0,2024-09-28,Native USD; no conversion applied
2024-09-29,EUR,1.1158,2024-09-27,"Frankfurter API v2, provider=ECB, EUR/USD; previous available published rate used for non-publication dates"
2024-09-29,USD,1.0,2024-09-29,Native USD; no conversion applied
2024-09-30,EUR,1.1196,2024-09-30,"Frankfurter API v2, provider=ECB, EUR/USD; previous available published rate used for non-publication dates"
2024-09-30,USD,1.0,2024-09-30,Native USD; no conversion applied
2024-10-01,EUR,1.1086,2024-10-01,"Frankfurter API v2, provider=ECB, EUR/USD; previous available published rate used for non-publication dates"
2024-10-01,USD,1.0,2024-10-01,Native USD; no conversion applied
2024-10-02,EUR,1.1071,2024-10-02,"Frankfurter API v2, provider=ECB, EUR/USD; previous available published rate used for non-publication dates"
2024-10-02,USD,1.0,2024-10-02,Native USD; no conversion applied
2024-10-03,EUR,1.1039,2024-10-03,"Frankfurter API v2, provider=ECB, EUR/USD; previous available published rate used for non-publication dates"
2024-10-03,USD,1.0,2024-10-03,Native USD; no conversion applied
2024-10-04,EUR,1.1029,2024-10-04,"Frankfurter API v2, provider=ECB, EUR/USD; previous available published rate used for non-publication dates"
2024-10-04,USD,1.0,2024-10-04,Native USD; no conversion applied
2024-10-05,EUR,1.1029,2024-10-04,"Frankfurter API v2, provider=ECB, EUR/USD; previous available published rate used for non-publication dates"
2024-10-05,USD,1.0,2024-10-05,Native USD; no conversion applied
2024-10-06,EUR,1.1029,2024-10-04,"Frankfurter API v2, provider=ECB, EUR/USD; previous available published rate used for non-publication dates"
2024-10-06,USD,1.0,2024-10-06,Native USD; no conversion applied
2024-10-07,EUR,1.0982,2024-10-07,"Frankfurter API v2, provider=ECB, EUR/USD; previous available published rate used for non-publication dates"
2024-10-07,USD,1.0,2024-10-07,Native USD; no conversion applied
2024-10-08,EUR,1.0982,2024-10-08,"Frankfurter API v2, provider=ECB, EUR/USD; previous available published rate used for non-publication dates"
2024-10-08,USD,1.0,2024-10-08,Native USD; no conversion applied
2024-10-09,EUR,1.0957,2024-10-09,"Frankfurter API v2, provider=ECB, EUR/USD; previous available published rate used for non-publication dates"
2024-10-09,USD,1.0,2024-10-09,Native USD; no conversion applied
2024-10-10,EUR,1.0932,2024-10-10,"Frankfurter API v2, provider=ECB, EUR/USD; previous available published rate used for non-publication dates"
2024-10-10,USD,1.0,2024-10-10,Native USD; no conversion applied
2024-10-11,EUR,1.0938,2024-10-11,"Frankfurter API v2, provider=ECB, EUR/USD; previous available published rate used for non-publication dates"
2024-10-11,USD,1.0,2024-10-11,Native USD; no conversion applied
2024-10-12,EUR,1.0938,2024-10-11,"Frankfurter API v2, provider=ECB, EUR/USD; previous available published rate used for non-publication dates"
2024-10-12,USD,1.0,2024-10-12,Native USD; no conversion applied
2024-10-13,EUR,1.0938,2024-10-11,"Frankfurter API v2, provider=ECB, EUR/USD; previous available published rate used for non-publication dates"
2024-10-13,USD,1.0,2024-10-13,Native USD; no conversion applied
2024-10-14,EUR,1.0915,2024-10-14,"Frankfurter API v2, provider=ECB, EUR/USD; previous available published rate used for non-publication dates"
2024-10-14,USD,1.0,2024-10-14,Native USD; no conversion applied
2024-10-15,EUR,1.0903,2024-10-15,"Frankfurter API v2, provider=ECB, EUR/USD; previous available published rate used for non-publication dates"
2024-10-15,USD,1.0,2024-10-15,Native USD; no conversion applied
2024-10-16,EUR,1.0897,2024-10-16,"Frankfurter API v2, provider=ECB, EUR/USD; previous available published rate used for non-publication dates"
2024-10-16,USD,1.0,2024-10-16,Native USD; no conversion applied
2024-10-17,EUR,1.0866,2024-10-17,"Frankfurter API v2, provider=ECB, EUR/USD; previous available published rate used for non-publication dates"
2024-10-17,USD,1.0,2024-10-17,Native USD; no conversion applied
2024-10-18,EUR,1.0847,2024-10-18,"Frankfurter API v2, provider=ECB, EUR/USD; previous available published rate used for non-publication dates"
2024-10-18,USD,1.0,2024-10-18,Native USD; no conversion applied
2024-10-19,EUR,1.0847,2024-10-18,"Frankfurter API v2, provider=ECB, EUR/USD; previous available published rate used for non-publication dates"
2024-10-19,USD,1.0,2024-10-19,Native USD; no conversion applied
2024-10-20,EUR,1.0847,2024-10-18,"Frankfurter API v2, provider=ECB, EUR/USD; previous available published rate used for non-publication dates"
2024-10-20,USD,1.0,2024-10-20,Native USD; no conversion applied
2024-10-21,EUR,1.0853,2024-10-21,"Frankfurter API v2, provider=ECB, EUR/USD; previous available published rate used for non-publication dates"
2024-10-21,USD,1.0,2024-10-21,Native USD; no conversion applied
2024-10-22,EUR,1.0821,2024-10-22,"Frankfurter API v2, provider=ECB, EUR/USD; previous available published rate used for non-publication dates"
2024-10-22,USD,1.0,2024-10-22,Native USD; no conversion applied
2024-10-23,EUR,1.0767,2024-10-23,"Frankfurter API v2, provider=ECB, EUR/USD; previous available published rate used for non-publication dates"
2024-10-23,USD,1.0,2024-10-23,Native USD; no conversion applied
2024-10-24,EUR,1.0801,2024-10-24,"Frankfurter API v2, provider=ECB, EUR/USD; previous available published rate used for non-publication dates"
2024-10-24,USD,1.0,2024-10-24,Native USD; no conversion applied
2024-10-25,EUR,1.0825,2024-10-25,"Frankfurter API v2, provider=ECB, EUR/USD; previous available published rate used for non-publication dates"
2024-10-25,USD,1.0,2024-10-25,Native USD; no conversion applied
2024-10-26,EUR,1.0825,2024-10-25,"Frankfurter API v2, provider=ECB, EUR/USD; previous available published rate used for non-publication dates"
2024-10-26,USD,1.0,2024-10-26,Native USD; no conversion applied
2024-10-27,EUR,1.0825,2024-10-25,"Frankfurter API v2, provider=ECB, EUR/USD; previous available published rate used for non-publication dates"
2024-10-27,USD,1.0,2024-10-27,Native USD; no conversion applied
2024-10-28,EUR,1.0818,2024-10-28,"Frankfurter API v2, provider=ECB, EUR/USD; previous available published rate used for non-publication dates"
2024-10-28,USD,1.0,2024-10-28,Native USD; no conversion applied
2024-10-29,EUR,1.0774,2024-10-29,"Frankfurter API v2, provider=ECB, EUR/USD; previous available published rate used for non-publication dates"
2024-10-29,USD,1.0,2024-10-29,Native USD; no conversion applied
2024-10-30,EUR,1.0815,2024-10-30,"Frankfurter API v2, provider=ECB, EUR/USD; previous available published rate used for non-publication dates"
2024-10-30,USD,1.0,2024-10-30,Native USD; no conversion applied
2024-10-31,EUR,1.0882,2024-10-31,"Frankfurter API v2, provider=ECB, EUR/USD; previous available published rate used for non-publication dates"
2024-10-31,USD,1.0,2024-10-31,Native USD; no conversion applied
2024-11-01,EUR,1.0885,2024-11-01,"Frankfurter API v2, provider=ECB, EUR/USD; previous available published rate used for non-publication dates"
2024-11-01,USD,1.0,2024-11-01,Native USD; no conversion applied
2024-11-02,EUR,1.0885,2024-11-01,"Frankfurter API v2, provider=ECB, EUR/USD; previous available published rate used for non-publication dates"
2024-11-02,USD,1.0,2024-11-02,Native USD; no conversion applied
2024-11-03,EUR,1.0885,2024-11-01,"Frankfurter API v2, provider=ECB, EUR/USD; previous available published rate used for non-publication dates"
2024-11-03,USD,1.0,2024-11-03,Native USD; no conversion applied
2024-11-04,EUR,1.0904,2024-11-04,"Frankfurter API v2, provider=ECB, EUR/USD; previous available published rate used for non-publication dates"
2024-11-04,USD,1.0,2024-11-04,Native USD; no conversion applied
2024-11-05,EUR,1.0897,2024-11-05,"Frankfurter API v2, provider=ECB, EUR/USD; previous available published rate used for non-publication dates"
2024-11-05,USD,1.0,2024-11-05,Native USD; no conversion applied
2024-11-06,EUR,1.0695,2024-11-06,"Frankfurter API v2, provider=ECB, EUR/USD; previous available published rate used for non-publication dates"
2024-11-06,USD,1.0,2024-11-06,Native USD; no conversion applied
2024-11-07,EUR,1.0785,2024-11-07,"Frankfurter API v2, provider=ECB, EUR/USD; previous available published rate used for non-publication dates"
2024-11-07,USD,1.0,2024-11-07,Native USD; no conversion applied
2024-11-08,EUR,1.0772,2024-11-08,"Frankfurter API v2, provider=ECB, EUR/USD; previous available published rate used for non-publication dates"
2024-11-08,USD,1.0,2024-11-08,Native USD; no conversion applied
2024-11-09,EUR,1.0772,2024-11-08,"Frankfurter API v2, provider=ECB, EUR/USD; previous available published rate used for non-publication dates"
2024-11-09,USD,1.0,2024-11-09,Native USD; no conversion applied
2024-11-10,EUR,1.0772,2024-11-08,"Frankfurter API v2, provider=ECB, EUR/USD; previous available published rate used for non-publication dates"
2024-11-10,USD,1.0,2024-11-10,Native USD; no conversion applied
2024-11-11,EUR,1.0651,2024-11-11,"Frankfurter API v2, provider=ECB, EUR/USD; previous available published rate used for non-publication dates"
2024-11-11,USD,1.0,2024-11-11,Native USD; no conversion applied
2024-11-12,EUR,1.0617,2024-11-12,"Frankfurter API v2, provider=ECB, EUR/USD; previous available published rate used for non-publication dates"
2024-11-12,USD,1.0,2024-11-12,Native USD; no conversion applied
2024-11-13,EUR,1.0629,2024-11-13,"Frankfurter API v2, provider=ECB, EUR/USD; previous available published rate used for non-publication dates"
2024-11-13,USD,1.0,2024-11-13,Native USD; no conversion applied
2024-11-14,EUR,1.0533,2024-11-14,"Frankfurter API v2, provider=ECB, EUR/USD; previous available published rate used for non-publication dates"
2024-11-14,USD,1.0,2024-11-14,Native USD; no conversion applied
2024-11-15,EUR,1.0583,2024-11-15,"Frankfurter API v2, provider=ECB, EUR/USD; previous available published rate used for non-publication dates"
2024-11-15,USD,1.0,2024-11-15,Native USD; no conversion applied
2024-11-16,EUR,1.0583,2024-11-15,"Frankfurter API v2, provider=ECB, EUR/USD; previous available published rate used for non-publication dates"
2024-11-16,USD,1.0,2024-11-16,Native USD; no conversion applied
2024-11-17,EUR,1.0583,2024-11-15,"Frankfurter API v2, provider=ECB, EUR/USD; previous available published rate used for non-publication dates"
2024-11-17,USD,1.0,2024-11-17,Native USD; no conversion applied
2024-11-18,EUR,1.0552,2024-11-18,"Frankfurter API v2, provider=ECB, EUR/USD; previous available published rate used for non-publication dates"
2024-11-18,USD,1.0,2024-11-18,Native USD; no conversion applied
2024-11-19,EUR,1.0578,2024-11-19,"Frankfurter API v2, provider=ECB, EUR/USD; previous available published rate used for non-publication dates"
2024-11-19,USD,1.0,2024-11-19,Native USD; no conversion applied
2024-11-20,EUR,1.0562,2024-11-20,"Frankfurter API v2, provider=ECB, EUR/USD; previous available published rate used for non-publication dates"
2024-11-20,USD,1.0,2024-11-20,Native USD; no conversion applied
2024-11-21,EUR,1.0526,2024-11-21,"Frankfurter API v2, provider=ECB, EUR/USD; previous available published rate used for non-publication dates"
2024-11-21,USD,1.0,2024-11-21,Native USD; no conversion applied
2024-11-22,EUR,1.0412,2024-11-22,"Frankfurter API v2, provider=ECB, EUR/USD; previous available published rate used for non-publication dates"
2024-11-22,USD,1.0,2024-11-22,Native USD; no conversion applied
2024-11-23,EUR,1.0412,2024-11-22,"Frankfurter API v2, provider=ECB, EUR/USD; previous available published rate used for non-publication dates"
2024-11-23,USD,1.0,2024-11-23,Native USD; no conversion applied
2024-11-24,EUR,1.0412,2024-11-22,"Frankfurter API v2, provider=ECB, EUR/USD; previous available published rate used for non-publication dates"
2024-11-24,USD,1.0,2024-11-24,Native USD; no conversion applied
2024-11-25,EUR,1.0495,2024-11-25,"Frankfurter API v2, provider=ECB, EUR/USD; previous available published rate used for non-publication dates"
2024-11-25,USD,1.0,2024-11-25,Native USD; no conversion applied
2024-11-26,EUR,1.0522,2024-11-26,"Frankfurter API v2, provider=ECB, EUR/USD; previous available published rate used for non-publication dates"
2024-11-26,USD,1.0,2024-11-26,Native USD; no conversion applied
2024-11-27,EUR,1.0531,2024-11-27,"Frankfurter API v2, provider=ECB, EUR/USD; previous available published rate used for non-publication dates"
2024-11-27,USD,1.0,2024-11-27,Native USD; no conversion applied
2024-11-28,EUR,1.0542,2024-11-28,"Frankfurter API v2, provider=ECB, EUR/USD; previous available published rate used for non-publication dates"
2024-11-28,USD,1.0,2024-11-28,Native USD; no conversion applied
2024-11-29,EUR,1.0562,2024-11-29,"Frankfurter API v2, provider=ECB, EUR/USD; previous available published rate used for non-publication dates"
2024-11-29,USD,1.0,2024-11-29,Native USD; no conversion applied
2024-11-30,EUR,1.0562,2024-11-29,"Frankfurter API v2, provider=ECB, EUR/USD; previous available published rate used for non-publication dates"
2024-11-30,USD,1.0,2024-11-30,Native USD; no conversion applied
2024-12-01,EUR,1.0562,2024-11-29,"Frankfurter API v2, provider=ECB, EUR/USD; previous available published rate used for non-publication dates"
2024-12-01,USD,1.0,2024-12-01,Native USD; no conversion applied
2024-12-02,EUR,1.0507,2024-12-02,"Frankfurter API v2, provider=ECB, EUR/USD; previous available published rate used for non-publication dates"
2024-12-02,USD,1.0,2024-12-02,Native USD; no conversion applied
2024-12-03,EUR,1.0512,2024-12-03,"Frankfurter API v2, provider=ECB, EUR/USD; previous available published rate used for non-publication dates"
2024-12-03,USD,1.0,2024-12-03,Native USD; no conversion applied
2024-12-04,EUR,1.0492,2024-12-04,"Frankfurter API v2, provider=ECB, EUR/USD; previous available published rate used for non-publication dates"
2024-12-04,USD,1.0,2024-12-04,Native USD; no conversion applied
2024-12-05,EUR,1.054,2024-12-05,"Frankfurter API v2, provider=ECB, EUR/USD; previous available published rate used for non-publication dates"
2024-12-05,USD,1.0,2024-12-05,Native USD; no conversion applied
2024-12-06,EUR,1.0581,2024-12-06,"Frankfurter API v2, provider=ECB, EUR/USD; previous available published rate used for non-publication dates"
2024-12-06,USD,1.0,2024-12-06,Native USD; no conversion applied
2024-12-07,EUR,1.0581,2024-12-06,"Frankfurter API v2, provider=ECB, EUR/USD; previous available published rate used for non-publication dates"
2024-12-07,USD,1.0,2024-12-07,Native USD; no conversion applied
2024-12-08,EUR,1.0581,2024-12-06,"Frankfurter API v2, provider=ECB, EUR/USD; previous available published rate used for non-publication dates"
2024-12-08,USD,1.0,2024-12-08,Native USD; no conversion applied
2024-12-09,EUR,1.0568,2024-12-09,"Frankfurter API v2, provider=ECB, EUR/USD; previous available published rate used for non-publication dates"
2024-12-09,USD,1.0,2024-12-09,Native USD; no conversion applied
2024-12-10,EUR,1.0527,2024-12-10,"Frankfurter API v2, provider=ECB, EUR/USD; previous available published rate used for non-publication dates"
2024-12-10,USD,1.0,2024-12-10,Native USD; no conversion applied
2024-12-11,EUR,1.0507,2024-12-11,"Frankfurter API v2, provider=ECB, EUR/USD; previous available published rate used for non-publication dates"
2024-12-11,USD,1.0,2024-12-11,Native USD; no conversion applied
2024-12-12,EUR,1.0491,2024-12-12,"Frankfurter API v2, provider=ECB, EUR/USD; previous available published rate used for non-publication dates"
2024-12-12,USD,1.0,2024-12-12,Native USD; no conversion applied
2024-12-13,EUR,1.0518,2024-12-13,"Frankfurter API v2, provider=ECB, EUR/USD; previous available published rate used for non-publication dates"
2024-12-13,USD,1.0,2024-12-13,Native USD; no conversion applied
2024-12-14,EUR,1.0518,2024-12-13,"Frankfurter API v2, provider=ECB, EUR/USD; previous available published rate used for non-publication dates"
2024-12-14,USD,1.0,2024-12-14,Native USD; no conversion applied
2024-12-15,EUR,1.0518,2024-12-13,"Frankfurter API v2, provider=ECB, EUR/USD; previous available published rate used for non-publication dates"
2024-12-15,USD,1.0,2024-12-15,Native USD; no conversion applied
2024-12-16,EUR,1.0498,2024-12-16,"Frankfurter API v2, provider=ECB, EUR/USD; previous available published rate used for non-publication dates"
2024-12-16,USD,1.0,2024-12-16,Native USD; no conversion applied
2024-12-17,EUR,1.0497,2024-12-17,"Frankfurter API v2, provider=ECB, EUR/USD; previous available published rate used for non-publication dates"
2024-12-17,USD,1.0,2024-12-17,Native USD; no conversion applied
2024-12-18,EUR,1.0496,2024-12-18,"Frankfurter API v2, provider=ECB, EUR/USD; previous available published rate used for non-publication dates"
2024-12-18,USD,1.0,2024-12-18,Native USD; no conversion applied
2024-12-19,EUR,1.0395,2024-12-19,"Frankfurter API v2, provider=ECB, EUR/USD; previous available published rate used for non-publication dates"
2024-12-19,USD,1.0,2024-12-19,Native USD; no conversion applied
2024-12-20,EUR,1.039,2024-12-20,"Frankfurter API v2, provider=ECB, EUR/USD; previous available published rate used for non-publication dates"
2024-12-20,USD,1.0,2024-12-20,Native USD; no conversion applied
2024-12-21,EUR,1.039,2024-12-20,"Frankfurter API v2, provider=ECB, EUR/USD; previous available published rate used for non-publication dates"
2024-12-21,USD,1.0,2024-12-21,Native USD; no conversion applied
2024-12-22,EUR,1.039,2024-12-20,"Frankfurter API v2, provider=ECB, EUR/USD; previous available published rate used for non-publication dates"
2024-12-22,USD,1.0,2024-12-22,Native USD; no conversion applied
2024-12-23,EUR,1.0393,2024-12-23,"Frankfurter API v2, provider=ECB, EUR/USD; previous available published rate used for non-publication dates"
2024-12-23,USD,1.0,2024-12-23,Native USD; no conversion applied
2024-12-24,EUR,1.0395,2024-12-24,"Frankfurter API v2, provider=ECB, EUR/USD; previous available published rate used for non-publication dates"
2024-12-24,USD,1.0,2024-12-24,Native USD; no conversion applied
2024-12-25,EUR,1.0395,2024-12-24,"Frankfurter API v2, provider=ECB, EUR/USD; previous available published rate used for non-publication dates"
2024-12-25,USD,1.0,2024-12-25,Native USD; no conversion applied
2024-12-26,EUR,1.0395,2024-12-24,"Frankfurter API v2, provider=ECB, EUR/USD; previous available published rate used for non-publication dates"
2024-12-26,USD,1.0,2024-12-26,Native USD; no conversion applied
2024-12-27,EUR,1.0435,2024-12-27,"Frankfurter API v2, provider=ECB, EUR/USD; previous available published rate used for non-publication dates"
2024-12-27,USD,1.0,2024-12-27,Native USD; no conversion applied
2024-12-28,EUR,1.0435,2024-12-27,"Frankfurter API v2, provider=ECB, EUR/USD; previous available published rate used for non-publication dates"
2024-12-28,USD,1.0,2024-12-28,Native USD; no conversion applied
2024-12-29,EUR,1.0435,2024-12-27,"Frankfurter API v2, provider=ECB, EUR/USD; previous available published rate used for non-publication dates"
2024-12-29,USD,1.0,2024-12-29,Native USD; no conversion applied
2024-12-30,EUR,1.0444,2024-12-30,"Frankfurter API v2, provider=ECB, EUR/USD; previous available published rate used for non-publication dates"
2024-12-30,USD,1.0,2024-12-30,Native USD; no conversion applied
2024-12-31,EUR,1.0389,2024-12-31,"Frankfurter API v2, provider=ECB, EUR/USD; previous available published rate used for non-publication dates"
2024-12-31,USD,1.0,2024-12-31,Native USD; no conversion applied
2025-01-01,EUR,1.0389,2024-12-31,"Frankfurter API v2, provider=ECB, EUR/USD; previous available published rate used for non-publication dates"
2025-01-01,USD,1.0,2025-01-01,Native USD; no conversion applied
2025-01-02,EUR,1.0321,2025-01-02,"Frankfurter API v2, provider=ECB, EUR/USD; previous available published rate used for non-publication dates"
2025-01-02,USD,1.0,2025-01-02,Native USD; no conversion applied
2025-01-03,EUR,1.0299,2025-01-03,"Frankfurter API v2, provider=ECB, EUR/USD; previous available published rate used for non-publication dates"
2025-01-03,USD,1.0,2025-01-03,Native USD; no conversion applied
2025-01-04,EUR,1.0299,2025-01-03,"Frankfurter API v2, provider=ECB, EUR/USD; previous available published rate used for non-publication dates"
2025-01-04,USD,1.0,2025-01-04,Native USD; no conversion applied
2025-01-05,EUR,1.0299,2025-01-03,"Frankfurter API v2, provider=ECB, EUR/USD; previous available published rate used for non-publication dates"
2025-01-05,USD,1.0,2025-01-05,Native USD; no conversion applied
2025-01-06,EUR,1.0426,2025-01-06,"Frankfurter API v2, provider=ECB, EUR/USD; previous available published rate used for non-publication dates"
2025-01-06,USD,1.0,2025-01-06,Native USD; no conversion applied
2025-01-07,EUR,1.0393,2025-01-07,"Frankfurter API v2, provider=ECB, EUR/USD; previous available published rate used for non-publication dates"
2025-01-07,USD,1.0,2025-01-07,Native USD; no conversion applied
2025-01-08,EUR,1.0286,2025-01-08,"Frankfurter API v2, provider=ECB, EUR/USD; previous available published rate used for non-publication dates"
2025-01-08,USD,1.0,2025-01-08,Native USD; no conversion applied
2025-01-09,EUR,1.0305,2025-01-09,"Frankfurter API v2, provider=ECB, EUR/USD; previous available published rate used for non-publication dates"
2025-01-09,USD,1.0,2025-01-09,Native USD; no conversion applied
2025-01-10,EUR,1.0304,2025-01-10,"Frankfurter API v2, provider=ECB, EUR/USD; previous available published rate used for non-publication dates"
2025-01-10,USD,1.0,2025-01-10,Native USD; no conversion applied
2025-01-11,EUR,1.0304,2025-01-10,"Frankfurter API v2, provider=ECB, EUR/USD; previous available published rate used for non-publication dates"
2025-01-11,USD,1.0,2025-01-11,Native USD; no conversion applied
2025-01-12,EUR,1.0304,2025-01-10,"Frankfurter API v2, provider=ECB, EUR/USD; previous available published rate used for non-publication dates"
2025-01-12,USD,1.0,2025-01-12,Native USD; no conversion applied
2025-01-13,EUR,1.0198,2025-01-13,"Frankfurter API v2, provider=ECB, EUR/USD; previous available published rate used for non-publication dates"
2025-01-13,USD,1.0,2025-01-13,Native USD; no conversion applied
2025-01-14,EUR,1.0245,2025-01-14,"Frankfurter API v2, provider=ECB, EUR/USD; previous available published rate used for non-publication dates"
2025-01-14,USD,1.0,2025-01-14,Native USD; no conversion applied
2025-01-15,EUR,1.03,2025-01-15,"Frankfurter API v2, provider=ECB, EUR/USD; previous available published rate used for non-publication dates"
2025-01-15,USD,1.0,2025-01-15,Native USD; no conversion applied
2025-01-16,EUR,1.0272,2025-01-16,"Frankfurter API v2, provider=ECB, EUR/USD; previous available published rate used for non-publication dates"
2025-01-16,USD,1.0,2025-01-16,Native USD; no conversion applied
2025-01-17,EUR,1.0298,2025-01-17,"Frankfurter API v2, provider=ECB, EUR/USD; previous available published rate used for non-publication dates"
2025-01-17,USD,1.0,2025-01-17,Native USD; no conversion applied
2025-01-18,EUR,1.0298,2025-01-17,"Frankfurter API v2, provider=ECB, EUR/USD; previous available published rate used for non-publication dates"
2025-01-18,USD,1.0,2025-01-18,Native USD; no conversion applied
2025-01-19,EUR,1.0298,2025-01-17,"Frankfurter API v2, provider=ECB, EUR/USD; previous available published rate used for non-publication dates"
2025-01-19,USD,1.0,2025-01-19,Native USD; no conversion applied
2025-01-20,EUR,1.0316,2025-01-20,"Frankfurter API v2, provider=ECB, EUR/USD; previous available published rate used for non-publication dates"
2025-01-20,USD,1.0,2025-01-20,Native USD; no conversion applied
2025-01-21,EUR,1.0357,2025-01-21,"Frankfurter API v2, provider=ECB, EUR/USD; previous available published rate used for non-publication dates"
2025-01-21,USD,1.0,2025-01-21,Native USD; no conversion applied
2025-01-22,EUR,1.0443,2025-01-22,"Frankfurter API v2, provider=ECB, EUR/USD; previous available published rate used for non-publication dates"
2025-01-22,USD,1.0,2025-01-22,Native USD; no conversion applied
2025-01-23,EUR,1.0404,2025-01-23,"Frankfurter API v2, provider=ECB, EUR/USD; previous available published rate used for non-publication dates"
2025-01-23,USD,1.0,2025-01-23,Native USD; no conversion applied
2025-01-24,EUR,1.0472,2025-01-24,"Frankfurter API v2, provider=ECB, EUR/USD; previous available published rate used for non-publication dates"
2025-01-24,USD,1.0,2025-01-24,Native USD; no conversion applied
2025-01-25,EUR,1.0472,2025-01-24,"Frankfurter API v2, provider=ECB, EUR/USD; previous available published rate used for non-publication dates"
2025-01-25,USD,1.0,2025-01-25,Native USD; no conversion applied
2025-01-26,EUR,1.0472,2025-01-24,"Frankfurter API v2, provider=ECB, EUR/USD; previous available published rate used for non-publication dates"
2025-01-26,USD,1.0,2025-01-26,Native USD; no conversion applied
2025-01-27,EUR,1.053,2025-01-27,"Frankfurter API v2, provider=ECB, EUR/USD; previous available published rate used for non-publication dates"
2025-01-27,USD,1.0,2025-01-27,Native USD; no conversion applied
2025-01-28,EUR,1.0421,2025-01-28,"Frankfurter API v2, provider=ECB, EUR/USD; previous available published rate used for non-publication dates"
2025-01-28,USD,1.0,2025-01-28,Native USD; no conversion applied
2025-01-29,EUR,1.0396,2025-01-29,"Frankfurter API v2, provider=ECB, EUR/USD; previous available published rate used for non-publication dates"
2025-01-29,USD,1.0,2025-01-29,Native USD; no conversion applied
2025-01-30,EUR,1.0403,2025-01-30,"Frankfurter API v2, provider=ECB, EUR/USD; previous available published rate used for non-publication dates"
2025-01-30,USD,1.0,2025-01-30,Native USD; no conversion applied
2025-01-31,EUR,1.0393,2025-01-31,"Frankfurter API v2, provider=ECB, EUR/USD; previous available published rate used for non-publication dates"
2025-01-31,USD,1.0,2025-01-31,Native USD; no conversion applied
2025-02-01,EUR,1.0393,2025-01-31,"Frankfurter API v2, provider=ECB, EUR/USD; previous available published rate used for non-publication dates"
2025-02-01,USD,1.0,2025-02-01,Native USD; no conversion applied
2025-02-02,EUR,1.0393,2025-01-31,"Frankfurter API v2, provider=ECB, EUR/USD; previous available published rate used for non-publication dates"
2025-02-02,USD,1.0,2025-02-02,Native USD; no conversion applied
2025-02-03,EUR,1.0274,2025-02-03,"Frankfurter API v2, provider=ECB, EUR/USD; previous available published rate used for non-publication dates"
2025-02-03,USD,1.0,2025-02-03,Native USD; no conversion applied
2025-02-04,EUR,1.0335,2025-02-04,"Frankfurter API v2, provider=ECB, EUR/USD; previous available published rate used for non-publication dates"
2025-02-04,USD,1.0,2025-02-04,Native USD; no conversion applied
2025-02-05,EUR,1.0422,2025-02-05,"Frankfurter API v2, provider=ECB, EUR/USD; previous available published rate used for non-publication dates"
2025-02-05,USD,1.0,2025-02-05,Native USD; no conversion applied
2025-02-06,EUR,1.036,2025-02-06,"Frankfurter API v2, provider=ECB, EUR/USD; previous available published rate used for non-publication dates"
2025-02-06,USD,1.0,2025-02-06,Native USD; no conversion applied
2025-02-07,EUR,1.0377,2025-02-07,"Frankfurter API v2, provider=ECB, EUR/USD; previous available published rate used for non-publication dates"
2025-02-07,USD,1.0,2025-02-07,Native USD; no conversion applied
2025-02-08,EUR,1.0377,2025-02-07,"Frankfurter API v2, provider=ECB, EUR/USD; previous available published rate used for non-publication dates"
2025-02-08,USD,1.0,2025-02-08,Native USD; no conversion applied
2025-02-09,EUR,1.0377,2025-02-07,"Frankfurter API v2, provider=ECB, EUR/USD; previous available published rate used for non-publication dates"
2025-02-09,USD,1.0,2025-02-09,Native USD; no conversion applied
2025-02-10,EUR,1.032,2025-02-10,"Frankfurter API v2, provider=ECB, EUR/USD; previous available published rate used for non-publication dates"
2025-02-10,USD,1.0,2025-02-10,Native USD; no conversion applied
2025-02-11,EUR,1.0324,2025-02-11,"Frankfurter API v2, provider=ECB, EUR/USD; previous available published rate used for non-publication dates"
2025-02-11,USD,1.0,2025-02-11,Native USD; no conversion applied
2025-02-12,EUR,1.037,2025-02-12,"Frankfurter API v2, provider=ECB, EUR/USD; previous available published rate used for non-publication dates"
2025-02-12,USD,1.0,2025-02-12,Native USD; no conversion applied
2025-02-13,EUR,1.039,2025-02-13,"Frankfurter API v2, provider=ECB, EUR/USD; previous available published rate used for non-publication dates"
2025-02-13,USD,1.0,2025-02-13,Native USD; no conversion applied
2025-02-14,EUR,1.0478,2025-02-14,"Frankfurter API v2, provider=ECB, EUR/USD; previous available published rate used for non-publication dates"
2025-02-14,USD,1.0,2025-02-14,Native USD; no conversion applied
2025-02-15,EUR,1.0478,2025-02-14,"Frankfurter API v2, provider=ECB, EUR/USD; previous available published rate used for non-publication dates"
2025-02-15,USD,1.0,2025-02-15,Native USD; no conversion applied
2025-02-16,EUR,1.0478,2025-02-14,"Frankfurter API v2, provider=ECB, EUR/USD; previous available published rate used for non-publication dates"
2025-02-16,USD,1.0,2025-02-16,Native USD; no conversion applied
2025-02-17,EUR,1.0473,2025-02-17,"Frankfurter API v2, provider=ECB, EUR/USD; previous available published rate used for non-publication dates"
2025-02-17,USD,1.0,2025-02-17,Native USD; no conversion applied
2025-02-18,EUR,1.0447,2025-02-18,"Frankfurter API v2, provider=ECB, EUR/USD; previous available published rate used for non-publication dates"
2025-02-18,USD,1.0,2025-02-18,Native USD; no conversion applied
2025-02-19,EUR,1.0434,2025-02-19,"Frankfurter API v2, provider=ECB, EUR/USD; previous available published rate used for non-publication dates"
2025-02-19,USD,1.0,2025-02-19,Native USD; no conversion applied
2025-02-20,EUR,1.0443,2025-02-20,"Frankfurter API v2, provider=ECB, EUR/USD; previous available published rate used for non-publication dates"
2025-02-20,USD,1.0,2025-02-20,Native USD; no conversion applied
2025-02-21,EUR,1.0465,2025-02-21,"Frankfurter API v2, provider=ECB, EUR/USD; previous available published rate used for non-publication dates"
2025-02-21,USD,1.0,2025-02-21,Native USD; no conversion applied
2025-02-22,EUR,1.0465,2025-02-21,"Frankfurter API v2, provider=ECB, EUR/USD; previous available published rate used for non-publication dates"
2025-02-22,USD,1.0,2025-02-22,Native USD; no conversion applied
2025-02-23,EUR,1.0465,2025-02-21,"Frankfurter API v2, provider=ECB, EUR/USD; previous available published rate used for non-publication dates"
2025-02-23,USD,1.0,2025-02-23,Native USD; no conversion applied
2025-02-24,EUR,1.0466,2025-02-24,"Frankfurter API v2, provider=ECB, EUR/USD; previous available published rate used for non-publication dates"
2025-02-24,USD,1.0,2025-02-24,Native USD; no conversion applied
2025-02-25,EUR,1.0497,2025-02-25,"Frankfurter API v2, provider=ECB, EUR/USD; previous available published rate used for non-publication dates"
2025-02-25,USD,1.0,2025-02-25,Native USD; no conversion applied
2025-02-26,EUR,1.0487,2025-02-26,"Frankfurter API v2, provider=ECB, EUR/USD; previous available published rate used for non-publication dates"
2025-02-26,USD,1.0,2025-02-26,Native USD; no conversion applied
2025-02-27,EUR,1.0477,2025-02-27,"Frankfurter API v2, provider=ECB, EUR/USD; previous available published rate used for non-publication dates"
2025-02-27,USD,1.0,2025-02-27,Native USD; no conversion applied
2025-02-28,EUR,1.0411,2025-02-28,"Frankfurter API v2, provider=ECB, EUR/USD; previous available published rate used for non-publication dates"
2025-02-28,USD,1.0,2025-02-28,Native USD; no conversion applied
2025-03-01,EUR,1.0411,2025-02-28,"Frankfurter API v2, provider=ECB, EUR/USD; previous available published rate used for non-publication dates"
2025-03-01,USD,1.0,2025-03-01,Native USD; no conversion applied
2025-03-02,EUR,1.0411,2025-02-28,"Frankfurter API v2, provider=ECB, EUR/USD; previous available published rate used for non-publication dates"
2025-03-02,USD,1.0,2025-03-02,Native USD; no conversion applied
2025-03-03,EUR,1.0465,2025-03-03,"Frankfurter API v2, provider=ECB, EUR/USD; previous available published rate used for non-publication dates"
2025-03-03,USD,1.0,2025-03-03,Native USD; no conversion applied
2025-03-04,EUR,1.0557,2025-03-04,"Frankfurter API v2, provider=ECB, EUR/USD; previous available published rate used for non-publication dates"
2025-03-04,USD,1.0,2025-03-04,Native USD; no conversion applied
2025-03-05,EUR,1.0694,2025-03-05,"Frankfurter API v2, provider=ECB, EUR/USD; previous available published rate used for non-publication dates"
2025-03-05,USD,1.0,2025-03-05,Native USD; no conversion applied
2025-03-06,EUR,1.0796,2025-03-06,"Frankfurter API v2, provider=ECB, EUR/USD; previous available published rate used for non-publication dates"
2025-03-06,USD,1.0,2025-03-06,Native USD; no conversion applied
2025-03-07,EUR,1.0857,2025-03-07,"Frankfurter API v2, provider=ECB, EUR/USD; previous available published rate used for non-publication dates"
2025-03-07,USD,1.0,2025-03-07,Native USD; no conversion applied
2025-03-08,EUR,1.0857,2025-03-07,"Frankfurter API v2, provider=ECB, EUR/USD; previous available published rate used for non-publication dates"
2025-03-08,USD,1.0,2025-03-08,Native USD; no conversion applied
2025-03-09,EUR,1.0857,2025-03-07,"Frankfurter API v2, provider=ECB, EUR/USD; previous available published rate used for non-publication dates"
2025-03-09,USD,1.0,2025-03-09,Native USD; no conversion applied
2025-03-10,EUR,1.0845,2025-03-10,"Frankfurter API v2, provider=ECB, EUR/USD; previous available published rate used for non-publication dates"
2025-03-10,USD,1.0,2025-03-10,Native USD; no conversion applied
2025-03-11,EUR,1.0912,2025-03-11,"Frankfurter API v2, provider=ECB, EUR/USD; previous available published rate used for non-publication dates"
2025-03-11,USD,1.0,2025-03-11,Native USD; no conversion applied
2025-03-12,EUR,1.0886,2025-03-12,"Frankfurter API v2, provider=ECB, EUR/USD; previous available published rate used for non-publication dates"
2025-03-12,USD,1.0,2025-03-12,Native USD; no conversion applied
2025-03-13,EUR,1.083,2025-03-13,"Frankfurter API v2, provider=ECB, EUR/USD; previous available published rate used for non-publication dates"
2025-03-13,USD,1.0,2025-03-13,Native USD; no conversion applied
2025-03-14,EUR,1.0889,2025-03-14,"Frankfurter API v2, provider=ECB, EUR/USD; previous available published rate used for non-publication dates"
2025-03-14,USD,1.0,2025-03-14,Native USD; no conversion applied
2025-03-15,EUR,1.0889,2025-03-14,"Frankfurter API v2, provider=ECB, EUR/USD; previous available published rate used for non-publication dates"
2025-03-15,USD,1.0,2025-03-15,Native USD; no conversion applied
2025-03-16,EUR,1.0889,2025-03-14,"Frankfurter API v2, provider=ECB, EUR/USD; previous available published rate used for non-publication dates"
2025-03-16,USD,1.0,2025-03-16,Native USD; no conversion applied
2025-03-17,EUR,1.0903,2025-03-17,"Frankfurter API v2, provider=ECB, EUR/USD; previous available published rate used for non-publication dates"
2025-03-17,USD,1.0,2025-03-17,Native USD; no conversion applied
2025-03-18,EUR,1.0918,2025-03-18,"Frankfurter API v2, provider=ECB, EUR/USD; previous available published rate used for non-publication dates"
2025-03-18,USD,1.0,2025-03-18,Native USD; no conversion applied
2025-03-19,EUR,1.0897,2025-03-19,"Frankfurter API v2, provider=ECB, EUR/USD; previous available published rate used for non-publication dates"
2025-03-19,USD,1.0,2025-03-19,Native USD; no conversion applied
2025-03-20,EUR,1.0833,2025-03-20,"Frankfurter API v2, provider=ECB, EUR/USD; previous available published rate used for non-publication dates"
2025-03-20,USD,1.0,2025-03-20,Native USD; no conversion applied
2025-03-21,EUR,1.0827,2025-03-21,"Frankfurter API v2, provider=ECB, EUR/USD; previous available published rate used for non-publication dates"
2025-03-21,USD,1.0,2025-03-21,Native USD; no conversion applied
2025-03-22,EUR,1.0827,2025-03-21,"Frankfurter API v2, provider=ECB, EUR/USD; previous available published rate used for non-publication dates"
2025-03-22,USD,1.0,2025-03-22,Native USD; no conversion applied
2025-03-23,EUR,1.0827,2025-03-21,"Frankfurter API v2, provider=ECB, EUR/USD; previous available published rate used for non-publication dates"
2025-03-23,USD,1.0,2025-03-23,Native USD; no conversion applied
2025-03-24,EUR,1.0824,2025-03-24,"Frankfurter API v2, provider=ECB, EUR/USD; previous available published rate used for non-publication dates"
2025-03-24,USD,1.0,2025-03-24,Native USD; no conversion applied
2025-03-25,EUR,1.0825,2025-03-25,"Frankfurter API v2, provider=ECB, EUR/USD; previous available published rate used for non-publication dates"
2025-03-25,USD,1.0,2025-03-25,Native USD; no conversion applied
2025-03-26,EUR,1.0788,2025-03-26,"Frankfurter API v2, provider=ECB, EUR/USD; previous available published rate used for non-publication dates"
2025-03-26,USD,1.0,2025-03-26,Native USD; no conversion applied
2025-03-27,EUR,1.0785,2025-03-27,"Frankfurter API v2, provider=ECB, EUR/USD; previous available published rate used for non-publication dates"
2025-03-27,USD,1.0,2025-03-27,Native USD; no conversion applied
2025-03-28,EUR,1.0797,2025-03-28,"Frankfurter API v2, provider=ECB, EUR/USD; previous available published rate used for non-publication dates"
2025-03-28,USD,1.0,2025-03-28,Native USD; no conversion applied
2025-03-29,EUR,1.0797,2025-03-28,"Frankfurter API v2, provider=ECB, EUR/USD; previous available published rate used for non-publication dates"
2025-03-29,USD,1.0,2025-03-29,Native USD; no conversion applied
2025-03-30,EUR,1.0797,2025-03-28,"Frankfurter API v2, provider=ECB, EUR/USD; previous available published rate used for non-publication dates"
2025-03-30,USD,1.0,2025-03-30,Native USD; no conversion applied
2025-03-31,EUR,1.0815,2025-03-31,"Frankfurter API v2, provider=ECB, EUR/USD; previous available published rate used for non-publication dates"
2025-03-31,USD,1.0,2025-03-31,Native USD; no conversion applied
2025-04-01,EUR,1.0788,2025-04-01,"Frankfurter API v2, provider=ECB, EUR/USD; previous available published rate used for non-publication dates"
2025-04-01,USD,1.0,2025-04-01,Native USD; no conversion applied
2025-04-02,EUR,1.0803,2025-04-02,"Frankfurter API v2, provider=ECB, EUR/USD; previous available published rate used for non-publication dates"
2025-04-02,USD,1.0,2025-04-02,Native USD; no conversion applied
2025-04-03,EUR,1.1097,2025-04-03,"Frankfurter API v2, provider=ECB, EUR/USD; previous available published rate used for non-publication dates"
2025-04-03,USD,1.0,2025-04-03,Native USD; no conversion applied
2025-04-04,EUR,1.1057,2025-04-04,"Frankfurter API v2, provider=ECB, EUR/USD; previous available published rate used for non-publication dates"
2025-04-04,USD,1.0,2025-04-04,Native USD; no conversion applied
2025-04-05,EUR,1.1057,2025-04-04,"Frankfurter API v2, provider=ECB, EUR/USD; previous available published rate used for non-publication dates"
2025-04-05,USD,1.0,2025-04-05,Native USD; no conversion applied
2025-04-06,EUR,1.1057,2025-04-04,"Frankfurter API v2, provider=ECB, EUR/USD; previous available published rate used for non-publication dates"
2025-04-06,USD,1.0,2025-04-06,Native USD; no conversion applied
2025-04-07,EUR,1.0967,2025-04-07,"Frankfurter API v2, provider=ECB, EUR/USD; previous available published rate used for non-publication dates"
2025-04-07,USD,1.0,2025-04-07,Native USD; no conversion applied
2025-04-08,EUR,1.095,2025-04-08,"Frankfurter API v2, provider=ECB, EUR/USD; previous available published rate used for non-publication dates"
2025-04-08,USD,1.0,2025-04-08,Native USD; no conversion applied
2025-04-09,EUR,1.1045,2025-04-09,"Frankfurter API v2, provider=ECB, EUR/USD; previous available published rate used for non-publication dates"
2025-04-09,USD,1.0,2025-04-09,Native USD; no conversion applied
2025-04-10,EUR,1.1082,2025-04-10,"Frankfurter API v2, provider=ECB, EUR/USD; previous available published rate used for non-publication dates"
2025-04-10,USD,1.0,2025-04-10,Native USD; no conversion applied
2025-04-11,EUR,1.1346,2025-04-11,"Frankfurter API v2, provider=ECB, EUR/USD; previous available published rate used for non-publication dates"
2025-04-11,USD,1.0,2025-04-11,Native USD; no conversion applied
2025-04-12,EUR,1.1346,2025-04-11,"Frankfurter API v2, provider=ECB, EUR/USD; previous available published rate used for non-publication dates"
2025-04-12,USD,1.0,2025-04-12,Native USD; no conversion applied
2025-04-13,EUR,1.1346,2025-04-11,"Frankfurter API v2, provider=ECB, EUR/USD; previous available published rate used for non-publication dates"
2025-04-13,USD,1.0,2025-04-13,Native USD; no conversion applied
2025-04-14,EUR,1.1377,2025-04-14,"Frankfurter API v2, provider=ECB, EUR/USD; previous available published rate used for non-publication dates"
2025-04-14,USD,1.0,2025-04-14,Native USD; no conversion applied
2025-04-15,EUR,1.1324,2025-04-15,"Frankfurter API v2, provider=ECB, EUR/USD; previous available published rate used for non-publication dates"
2025-04-15,USD,1.0,2025-04-15,Native USD; no conversion applied
2025-04-16,EUR,1.1355,2025-04-16,"Frankfurter API v2, provider=ECB, EUR/USD; previous available published rate used for non-publication dates"
2025-04-16,USD,1.0,2025-04-16,Native USD; no conversion applied
2025-04-17,EUR,1.136,2025-04-17,"Frankfurter API v2, provider=ECB, EUR/USD; previous available published rate used for non-publication dates"
2025-04-17,USD,1.0,2025-04-17,Native USD; no conversion applied
2025-04-18,EUR,1.136,2025-04-17,"Frankfurter API v2, provider=ECB, EUR/USD; previous available published rate used for non-publication dates"
2025-04-18,USD,1.0,2025-04-18,Native USD; no conversion applied
2025-04-19,EUR,1.136,2025-04-17,"Frankfurter API v2, provider=ECB, EUR/USD; previous available published rate used for non-publication dates"
2025-04-19,USD,1.0,2025-04-19,Native USD; no conversion applied
2025-04-20,EUR,1.136,2025-04-17,"Frankfurter API v2, provider=ECB, EUR/USD; previous available published rate used for non-publication dates"
2025-04-20,USD,1.0,2025-04-20,Native USD; no conversion applied
2025-04-21,EUR,1.136,2025-04-17,"Frankfurter API v2, provider=ECB, EUR/USD; previous available published rate used for non-publication dates"
2025-04-21,USD,1.0,2025-04-21,Native USD; no conversion applied
2025-04-22,EUR,1.1476,2025-04-22,"Frankfurter API v2, provider=ECB, EUR/USD; previous available published rate used for non-publication dates"
2025-04-22,USD,1.0,2025-04-22,Native USD; no conversion applied
2025-04-23,EUR,1.1415,2025-04-23,"Frankfurter API v2, provider=ECB, EUR/USD; previous available published rate used for non-publication dates"
2025-04-23,USD,1.0,2025-04-23,Native USD; no conversion applied
2025-04-24,EUR,1.1376,2025-04-24,"Frankfurter API v2, provider=ECB, EUR/USD; previous available published rate used for non-publication dates"
2025-04-24,USD,1.0,2025-04-24,Native USD; no conversion applied
2025-04-25,EUR,1.1357,2025-04-25,"Frankfurter API v2, provider=ECB, EUR/USD; previous available published rate used for non-publication dates"
2025-04-25,USD,1.0,2025-04-25,Native USD; no conversion applied
2025-04-26,EUR,1.1357,2025-04-25,"Frankfurter API v2, provider=ECB, EUR/USD; previous available published rate used for non-publication dates"
2025-04-26,USD,1.0,2025-04-26,Native USD; no conversion applied
2025-04-27,EUR,1.1357,2025-04-25,"Frankfurter API v2, provider=ECB, EUR/USD; previous available published rate used for non-publication dates"
2025-04-27,USD,1.0,2025-04-27,Native USD; no conversion applied
2025-04-28,EUR,1.1358,2025-04-28,"Frankfurter API v2, provider=ECB, EUR/USD; previous available published rate used for non-publication dates"
2025-04-28,USD,1.0,2025-04-28,Native USD; no conversion applied
2025-04-29,EUR,1.1373,2025-04-29,"Frankfurter API v2, provider=ECB, EUR/USD; previous available published rate used for non-publication dates"
2025-04-29,USD,1.0,2025-04-29,Native USD; no conversion applied
2025-04-30,EUR,1.1373,2025-04-30,"Frankfurter API v2, provider=ECB, EUR/USD; previous available published rate used for non-publication dates"
2025-04-30,USD,1.0,2025-04-30,Native USD; no conversion applied
2025-05-01,EUR,1.1373,2025-04-30,"Frankfurter API v2, provider=ECB, EUR/USD; previous available published rate used for non-publication dates"
2025-05-01,USD,1.0,2025-05-01,Native USD; no conversion applied
2025-05-02,EUR,1.1343,2025-05-02,"Frankfurter API v2, provider=ECB, EUR/USD; previous available published rate used for non-publication dates"
2025-05-02,USD,1.0,2025-05-02,Native USD; no conversion applied
2025-05-03,EUR,1.1343,2025-05-02,"Frankfurter API v2, provider=ECB, EUR/USD; previous available published rate used for non-publication dates"
2025-05-03,USD,1.0,2025-05-03,Native USD; no conversion applied
2025-05-04,EUR,1.1343,2025-05-02,"Frankfurter API v2, provider=ECB, EUR/USD; previous available published rate used for non-publication dates"
2025-05-04,USD,1.0,2025-05-04,Native USD; no conversion applied
2025-05-05,EUR,1.1343,2025-05-05,"Frankfurter API v2, provider=ECB, EUR/USD; previous available published rate used for non-publication dates"
2025-05-05,USD,1.0,2025-05-05,Native USD; no conversion applied
2025-05-06,EUR,1.1325,2025-05-06,"Frankfurter API v2, provider=ECB, EUR/USD; previous available published rate used for non-publication dates"
2025-05-06,USD,1.0,2025-05-06,Native USD; no conversion applied
2025-05-07,EUR,1.136,2025-05-07,"Frankfurter API v2, provider=ECB, EUR/USD; previous available published rate used for non-publication dates"
2025-05-07,USD,1.0,2025-05-07,Native USD; no conversion applied
2025-05-08,EUR,1.1297,2025-05-08,"Frankfurter API v2, provider=ECB, EUR/USD; previous available published rate used for non-publication dates"
2025-05-08,USD,1.0,2025-05-08,Native USD; no conversion applied
2025-05-09,EUR,1.1252,2025-05-09,"Frankfurter API v2, provider=ECB, EUR/USD; previous available published rate used for non-publication dates"
2025-05-09,USD,1.0,2025-05-09,Native USD; no conversion applied
2025-05-10,EUR,1.1252,2025-05-09,"Frankfurter API v2, provider=ECB, EUR/USD; previous available published rate used for non-publication dates"
2025-05-10,USD,1.0,2025-05-10,Native USD; no conversion applied
2025-05-11,EUR,1.1252,2025-05-09,"Frankfurter API v2, provider=ECB, EUR/USD; previous available published rate used for non-publication dates"
2025-05-11,USD,1.0,2025-05-11,Native USD; no conversion applied
2025-05-12,EUR,1.1106,2025-05-12,"Frankfurter API v2, provider=ECB, EUR/USD; previous available published rate used for non-publication dates"
2025-05-12,USD,1.0,2025-05-12,Native USD; no conversion applied
2025-05-13,EUR,1.1112,2025-05-13,"Frankfurter API v2, provider=ECB, EUR/USD; previous available published rate used for non-publication dates"
2025-05-13,USD,1.0,2025-05-13,Native USD; no conversion applied
2025-05-14,EUR,1.1214,2025-05-14,"Frankfurter API v2, provider=ECB, EUR/USD; previous available published rate used for non-publication dates"
2025-05-14,USD,1.0,2025-05-14,Native USD; no conversion applied
2025-05-15,EUR,1.1185,2025-05-15,"Frankfurter API v2, provider=ECB, EUR/USD; previous available published rate used for non-publication dates"
2025-05-15,USD,1.0,2025-05-15,Native USD; no conversion applied
2025-05-16,EUR,1.1194,2025-05-16,"Frankfurter API v2, provider=ECB, EUR/USD; previous available published rate used for non-publication dates"
2025-05-16,USD,1.0,2025-05-16,Native USD; no conversion applied
2025-05-17,EUR,1.1194,2025-05-16,"Frankfurter API v2, provider=ECB, EUR/USD; previous available published rate used for non-publication dates"
2025-05-17,USD,1.0,2025-05-17,Native USD; no conversion applied
2025-05-18,EUR,1.1194,2025-05-16,"Frankfurter API v2, provider=ECB, EUR/USD; previous available published rate used for non-publication dates"
2025-05-18,USD,1.0,2025-05-18,Native USD; no conversion applied
2025-05-19,EUR,1.1262,2025-05-19,"Frankfurter API v2, provider=ECB, EUR/USD; previous available published rate used for non-publication dates"
2025-05-19,USD,1.0,2025-05-19,Native USD; no conversion applied
2025-05-20,EUR,1.1241,2025-05-20,"Frankfurter API v2, provider=ECB, EUR/USD; previous available published rate used for non-publication dates"
2025-05-20,USD,1.0,2025-05-20,Native USD; no conversion applied
