CustomerID,Transactions,FirstTransactionDate,LastTransactionDate,PrimaryCustomerSegment,PrimaryCreditScoreBand,PrimaryMonthlyIncomeBand,AverageCustomerScore,AverageMonthlyIncome,TotalAmountUSD,TotalFeesUSD,HighFeeBurdenTransactions,SegmentVersionCount,ScoreVersionCount,IncomeVersionCount,ProfileChangesDetected
1000,1,2024-05-27,2024-05-27,Low Income Segment,Poor,Under 3k,399.0,2434.25,10083.34,40.22,0,1,1,1,False
1001,5,2023-03-02,2025-03-02,Middle Income Segment,Poor,3k-6k,445.0,3881.028,16786.33,141.35000000000002,0,2,5,5,True
1002,2,2023-05-05,2023-08-19,High Income Segment,Fair,3k-6k,650.0,6720.254999999999,15409.65,35.2,0,2,2,2,True
1003,1,2025-05-19,2025-05-19,Middle Income Segment,Exceptional,3k-6k,821.0,4615.51,5868.65,4.83,0,1,1,1,False
1004,3,2024-04-14,2024-11-16,Middle Income Segment,Fair,3k-6k,671.6666666666666,4815.5233333333335,24878.04,18.83,0,2,3,3,True
1005,3,2023-01-27,2025-02-20,Low Income Segment,Poor,Under 3k,583.0,3661.6666666666665,12098.1,0.0,0,2,3,3,True
1006,1,2023-12-17,2023-12-17,Middle Income Segment,Fair,3k-6k,589.0,5967.58,10363.43,0.0,0,1,1,1,False
1007,2,2023-12-15,2024-06-23,Low Income Segment,Poor,3k-6k,413.5,3152.43,8333.470000000001,222.48,1,2,2,2,True
1008,1,2023-10-14,2023-10-14,Low Income Segment,Very Good,Under 3k,742.0,1645.01,8460.26,16.48,0,1,1,1,False
1009,3,2023-09-16,2024-09-30,Middle Income Segment,Good,3k-6k,687.0,3607.0833333333335,19926.92,0.0,0,2,3,3,True
1010,1,2023-05-05,2023-05-05,High Income Segment,Poor,6k-10k,457.0,8914.52,4593.96,0.0,0,1,1,1,False
1011,5,2023-02-15,2025-02-07,High Income Segment,Poor,6k-10k,504.8,4744.237999999999,6513.74,63.92,0,3,5,5,True
1012,3,2023-04-08,2024-09-19,High Income Segment,Poor,6k-10k,467.3333333333333,6815.2733333333335,16767.02,68.03999999999999,0,2,3,3,True
1013,1,2024-09-07,2024-09-07,High Income Segment,Exceptional,6k-10k,807.0,7433.44,7580.33,0.0,0,1,1,1,False
1014,2,2023-08-19,2023-12-12,High Income Segment,Good,6k-10k,618.0,8262.279999999999,2760.4199999999996,165.62,1,1,2,2,True
1015,2,2024-03-28,2024-07-27,Middle Income Segment,Good,3k-6k,574.0,4377.9,9709.11,16.31,0,1,2,2,True
1016,5,2023-01-05,2024-04-14,Low Income Segment,Poor,6k-10k,538.4,4670.066000000001,21382.03,33.09,0,3,5,5,True
1018,5,2023-07-26,2024-08-16,High Income Segment,Poor,6k-10k,611.6,5888.58,21802.89,36.29,0,3,5,5,True
1019,1,2024-03-01,2024-03-01,High Income Segment,Very Good,6k-10k,793.0,8131.52,6692.94,0.0,0,1,1,1,False
1020,2,2023-04-14,2024-03-21,High Income Segment,Good,3k-6k,578.0,6578.015,9474.539999999999,140.23,0,2,2,2,True
1021,2,2023-02-04,2023-06-07,High Income Segment,Poor,3k-6k,442.0,7287.705,4575.2,59.37,0,2,2,2,True
1022,4,2023-11-07,2024-07-21,High Income Segment,Poor,6k-10k,674.5,6974.135,30540.13,155.07,0,2,4,4,True
1023,1,2023-06-04,2023-06-04,High Income Segment,Good,6k-10k,723.0,9564.17,13679.04,0.0,0,1,1,1,False
1024,2,2023-01-10,2025-03-22,High Income Segment,Good,6k-10k,694.0,9071.67,16881.69,0.0,0,1,2,2,True
1025,3,2023-03-15,2024-04-02,High Income Segment,Poor,6k-10k,478.6666666666667,6639.040000000001,17860.75,135.45,0,2,3,3,True
1026,2,2023-08-31,2023-12-24,High Income Segment,Poor,6k-10k,643.0,8184.96,19483.97,64.31,0,1,2,2,True
1027,5,2023-07-09,2024-10-28,Low Income Segment,Poor,Under 3k,544.4,3607.108,35323.0,135.72,0,3,5,5,True
1028,2,2024-05-03,2024-06-16,Low Income Segment,Good,3k-6k,532.5,3407.4449999999997,9574.64,53.61,0,2,2,2,True
1029,1,2023-03-05,2023-03-05,Middle Income Segment,Good,3k-6k,704.0,3163.3,10193.67,12.02,0,1,1,1,False
1031,2,2024-04-28,2025-05-13,High Income Segment,Exceptional,3k-6k,576.0,7464.575,8947.14,90.21,0,2,2,2,True
1032,2,2023-09-07,2024-02-20,High Income Segment,Good,6k-10k,603.5,7768.875,12156.84,241.96,1,2,2,2,True
1033,1,2024-12-16,2024-12-16,High Income Segment,Good,6k-10k,672.0,7171.58,6101.85,29.01,0,1,1,1,False
1036,2,2023-11-15,2024-11-07,Low Income Segment,Poor,Under 3k,438.5,2457.21,20022.83,101.73,0,1,2,2,True
1037,3,2023-01-10,2025-04-12,Middle Income Segment,Poor,3k-6k,469.0,6615.82,19714.77,148.59,0,2,3,3,True
1038,4,2023-08-18,2025-02-14,High Income Segment,Poor,3k-6k,466.75,6270.5325,18559.93,50.42,0,2,4,4,True
1039,1,2024-04-14,2024-04-14,High Income Segment,Poor,6k-10k,552.0,9157.98,2542.19,109.01,0,1,1,1,False
1040,2,2023-04-15,2024-04-04,High Income Segment,Poor,3k-6k,626.5,5482.46,12935.49,25.55,0,2,2,2,True
1041,1,2023-10-22,2023-10-22,Low Income Segment,Poor,Under 3k,561.0,2876.58,3687.54,60.62,0,1,1,1,False
1042,1,2024-02-13,2024-02-13,Middle Income Segment,Poor,3k-6k,356.0,3542.79,4584.72,134.96,0,1,1,1,False
1043,1,2023-06-25,2023-06-25,Middle Income Segment,Poor,3k-6k,302.0,4785.0,3139.06,144.42,1,1,1,1,False
1044,2,2024-01-10,2024-07-13,Low Income Segment,Good,6k-10k,694.5,3825.835,4367.54,39.26,0,2,2,2,True
1045,3,2024-03-24,2025-03-31,High Income Segment,Exceptional,6k-10k,662.6666666666666,7096.876666666667,15657.99,216.23,1,2,3,3,True
1047,1,2024-04-02,2024-04-02,Middle Income Segment,Very Good,3k-6k,789.0,5341.47,7279.92,25.77,0,1,1,1,False
1048,2,2023-05-31,2025-02-11,High Income Segment,Fair,6k-10k,514.0,5427.37,10570.45,45.57,0,2,2,2,True
1049,2,2024-03-02,2024-10-06,Middle Income Segment,Fair,3k-6k,449.0,4585.360000000001,12668.609999999999,71.78,0,1,2,2,True
1050,3,2023-12-29,2024-04-06,Middle Income Segment,Fair,3k-6k,606.3333333333334,4428.926666666666,7646.04,347.44,1,1,3,3,True
1051,2,2023-05-19,2024-03-04,High Income Segment,Poor,6k-10k,665.5,4718.785000000001,22138.760000000002,103.55,0,2,2,2,True
1052,1,2024-06-01,2024-06-01,Middle Income Segment,Very Good,6k-10k,774.0,6812.03,4282.66,35.27,0,1,1,1,False
1053,1,2023-10-03,2023-10-03,High Income Segment,Poor,6k-10k,415.0,9020.63,4755.17,105.37,0,1,1,1,False
1054,3,2023-01-23,2025-01-05,Low Income Segment,Fair,Under 3k,599.6666666666666,3274.7533333333336,11029.880000000001,14.26,0,2,3,3,True
1055,3,2024-03-07,2024-11-13,Low Income Segment,Good,Under 3k,602.6666666666666,3709.4233333333336,16393.65,49.84,0,2,3,3,True
1056,4,2023-04-27,2024-11-01,High Income Segment,Good,6k-10k,638.0,6680.3125,20718.88,156.55,0,2,4,4,True
1057,1,2024-06-02,2024-06-02,Middle Income Segment,Good,3k-6k,710.0,4655.76,3124.25,73.73,0,1,1,1,False
1058,3,2024-07-18,2025-05-06,High Income Segment,Exceptional,6k-10k,653.0,8094.603333333333,23109.87,155.82,1,2,3,3,True
1059,1,2024-01-15,2024-01-15,Middle Income Segment,Exceptional,3k-6k,827.0,4021.18,40.2,0.0,0,1,1,1,False
1060,5,2023-03-06,2025-03-20,High Income Segment,Poor,6k-10k,569.4,6049.78,26842.55,209.3,1,2,5,5,True
1061,3,2024-05-24,2025-01-11,Low Income Segment,Exceptional,Under 3k,741.6666666666666,3944.7400000000002,8640.720000000001,96.48,0,2,3,3,True
1062,3,2023-04-24,2024-09-12,Middle Income Segment,Poor,3k-6k,557.3333333333334,4100.153333333333,11589.08,120.78999999999999,0,2,3,3,True
1063,3,2023-05-16,2024-08-24,Middle Income Segment,Exceptional,3k-6k,737.0,5691.983333333334,30946.879999999997,221.31,1,2,3,3,True
1064,5,2023-03-27,2025-04-12,High Income Segment,Poor,6k-10k,518.6,7009.067999999999,18099.53,62.68,0,2,5,5,True
1065,3,2023-11-05,2025-01-17,Middle Income Segment,Fair,3k-6k,601.6666666666666,5094.57,7848.76,0.0,0,1,3,3,True
1066,4,2023-06-20,2024-06-29,High Income Segment,Fair,6k-10k,656.75,6579.195,30382.84,77.39999999999999,0,3,4,4,True
1067,2,2024-03-09,2025-05-10,High Income Segment,Poor,3k-6k,633.5,5255.335,10803.55,95.4,0,2,2,2,True
1068,3,2023-09-05,2025-03-06,High Income Segment,Poor,6k-10k,559.6666666666666,7188.526666666668,7938.41,0.0,0,2,3,3,True
1069,2,2023-10-12,2023-11-23,Low Income Segment,Fair,Under 3k,587.5,2000.185,4949.17,169.82,1,1,2,2,True
1070,1,2025-01-27,2025-01-27,Low Income Segment,Very Good,Under 3k,747.0,1502.73,5635.23,3.15,0,1,1,1,False
1071,6,2023-09-08,2024-12-24,Middle Income Segment,Poor,6k-10k,575.1666666666666,6199.21,42017.19,65.15,0,3,6,6,True
1072,2,2024-01-29,2025-05-20,High Income Segment,Fair,3k-6k,495.0,7052.709999999999,28230.65,0.0,0,2,2,2,True
1073,2,2023-11-24,2024-08-08,High Income Segment,Poor,3k-6k,548.5,5403.405,8325.84,26.44,0,2,2,2,True
1074,2,2023-02-04,2023-07-28,Low Income Segment,Poor,6k-10k,653.0,4316.6849999999995,21278.760000000002,0.0,0,2,2,2,True
1075,2,2023-09-17,2024-02-09,High Income Segment,Good,3k-6k,534.0,7123.415,5105.110000000001,145.57,0,2,2,2,True
1076,3,2023-01-13,2023-04-24,Middle Income Segment,Poor,3k-6k,510.0,4302.5,13720.14,57.23,0,2,3,3,True
1077,1,2024-12-26,2024-12-26,High Income Segment,Good,6k-10k,683.0,8632.14,12095.25,55.71,0,1,1,1,False
1078,4,2023-10-16,2025-05-14,Low Income Segment,Good,Under 3k,591.0,3922.7675,30722.51,60.26,0,3,4,4,True
1079,3,2023-01-11,2024-11-05,Low Income Segment,Poor,Under 3k,582.3333333333334,3081.3266666666664,4563.64,121.36000000000001,0,2,3,3,True
1080,3,2023-04-05,2025-01-18,Middle Income Segment,Fair,3k-6k,688.6666666666666,5338.533333333333,25889.04,180.14,0,2,3,3,True
1081,2,2023-04-05,2023-12-26,High Income Segment,Good,6k-10k,519.5,8839.905,21036.72,0.0,0,1,2,2,True
1082,1,2023-03-26,2023-03-26,Middle Income Segment,Poor,3k-6k,336.0,4600.31,4097.51,0.0,0,1,1,1,False
1084,2,2023-09-04,2024-03-02,Middle Income Segment,Poor,3k-6k,399.0,4739.969999999999,2036.9699999999998,5.64,0,1,2,2,True
1085,2,2023-11-20,2025-05-03,High Income Segment,Good,3k-6k,565.5,6497.245,17987.489999999998,146.7,0,2,2,2,True
1086,1,2024-12-30,2024-12-30,Low Income Segment,Poor,Under 3k,529.0,2584.27,7812.33,0.0,0,1,1,1,False
1087,2,2023-04-19,2024-07-11,High Income Segment,Good,6k-10k,507.5,8709.385,10602.94,77.96,0,1,2,2,True
1088,3,2023-02-16,2024-06-21,Middle Income Segment,Poor,3k-6k,493.0,3958.9833333333336,19662.739999999998,235.38,1,2,3,3,True
1089,4,2023-08-14,2025-03-06,Low Income Segment,Poor,6k-10k,599.25,4405.8125,19670.32,0.0,0,3,4,4,True
1090,2,2023-06-02,2023-06-19,Middle Income Segment,Poor,3k-6k,548.0,5488.5599999999995,11990.529999999999,12.15,0,1,2,2,True
1091,2,2024-01-01,2024-09-09,Middle Income Segment,Poor,3k-6k,503.5,4802.395,3309.8,17.0,0,1,2,2,True
1092,2,2023-10-02,2025-05-18,Middle Income Segment,Poor,3k-6k,473.0,4494.005,16489.67,80.67,0,1,2,2,True
1093,3,2024-05-26,2024-11-02,High Income Segment,Poor,6k-10k,415.0,7620.596666666667,10208.980000000001,207.86,1,2,3,3,True
1094,3,2023-07-20,2025-01-09,Low Income Segment,Poor,Under 3k,517.6666666666666,2824.66,11210.83,60.440000000000005,0,2,3,3,True
1095,2,2024-04-18,2024-08-28,Low Income Segment,Poor,3k-6k,462.0,3073.6800000000003,6790.879999999999,183.36,1,2,2,2,True
1096,1,2025-02-12,2025-02-12,Low Income Segment,Very Good,Under 3k,792.0,1654.9,2156.22,48.96,0,1,1,1,False
1097,3,2023-08-02,2024-09-20,High Income Segment,Poor,3k-6k,547.6666666666666,5303.926666666666,26469.58,81.23,0,3,3,3,True
1098,5,2023-02-14,2024-12-14,High Income Segment,Poor,3k-6k,642.6,5391.394,29016.34,753.21,2,3,5,5,True
1100,3,2023-07-18,2024-01-27,Low Income Segment,Poor,Under 3k,513.0,3235.866666666667,11592.17,84.68,0,2,3,3,True
1101,1,2023-09-07,2023-09-07,High Income Segment,Fair,6k-10k,618.0,9220.16,4231.99,6.73,0,1,1,1,False
1102,1,2025-02-11,2025-02-11,High Income Segment,Fair,6k-10k,652.0,7460.03,2849.63,88.77,0,1,1,1,False
1104,3,2023-01-28,2023-12-29,Middle Income Segment,Poor,6k-10k,528.3333333333334,6612.490000000001,25936.71,0.0,0,2,3,3,True
1105,7,2023-01-12,2025-04-04,High Income Segment,Poor,6k-10k,509.0,7956.021428571429,39137.630000000005,320.54,0,1,7,7,True
1106,6,2023-03-21,2025-04-22,High Income Segment,Poor,6k-10k,580.3333333333334,6409.208333333333,37642.08,238.08999999999997,0,3,6,6,True
1107,3,2023-02-21,2024-11-03,High Income Segment,Good,6k-10k,599.6666666666666,7379.863333333334,22044.89,51.9,0,1,3,3,True
1108,1,2023-09-01,2023-09-01,Middle Income Segment,Very Good,3k-6k,780.0,4173.25,10601.45,17.42,0,1,1,1,False
1109,3,2023-01-01,2025-04-03,Low Income Segment,Fair,Under 3k,556.0,3399.883333333333,17666.07,34.79,0,2,3,3,True
1110,4,2024-01-30,2025-03-10,High Income Segment,Good,6k-10k,722.0,7118.46,9513.39,211.8,0,2,4,4,True
1111,3,2024-02-18,2024-04-28,High Income Segment,Exceptional,6k-10k,667.6666666666666,5694.516666666667,22047.64,103.2,0,2,3,3,True
1112,3,2023-03-29,2025-03-16,High Income Segment,Poor,6k-10k,458.6666666666667,8401.626666666665,11559.75,220.47,1,2,3,3,True
1113,1,2023-07-14,2023-07-14,Middle Income Segment,Exceptional,3k-6k,826.0,3387.47,11168.94,0.0,0,1,1,1,False
1114,2,2023-12-20,2024-06-26,Low Income Segment,Exceptional,3k-6k,655.0,2786.73,22085.75,40.28,0,2,2,2,True
1115,2,2023-12-08,2025-03-15,High Income Segment,Poor,3k-6k,517.5,6676.17,5000.71,36.9,0,2,2,2,True
1116,2,2023-01-21,2024-09-01,High Income Segment,Poor,6k-10k,423.5,7297.82,9597.630000000001,51.69,0,2,2,2,True
1117,2,2023-07-29,2024-07-16,Middle Income Segment,Good,3k-6k,531.5,5985.75,5493.11,0.0,0,1,2,2,True
1118,2,2023-05-19,2024-01-23,High Income Segment,Good,6k-10k,727.0,6070.37,10118.82,146.33,1,2,2,2,True
1120,2,2023-12-30,2024-03-26,High Income Segment,Poor,6k-10k,443.5,7471.305,489.21999999999997,0.0,0,1,2,2,True
1122,3,2023-02-12,2024-10-12,Low Income Segment,Poor,Under 3k,482.3333333333333,3587.08,26299.48,126.95,0,2,3,3,True
1123,1,2023-03-11,2023-03-11,High Income Segment,Poor,6k-10k,399.0,9064.92,4513.69,0.0,0,1,1,1,False
1124,2,2023-02-01,2024-07-22,High Income Segment,Poor,6k-10k,553.0,8768.265,11659.46,171.06,1,1,2,2,True
1125,6,2023-02-01,2025-02-14,Middle Income Segment,Poor,6k-10k,427.1666666666667,5645.063333333333,25380.97,146.06,1,3,6,6,True
1126,2,2024-05-16,2024-07-04,High Income Segment,Poor,6k-10k,600.5,5375.135,7317.52,0.0,0,2,2,2,True
1128,2,2023-04-13,2024-11-09,High Income Segment,Good,3k-6k,554.5,7079.57,9928.79,35.72,0,2,2,2,True
1129,3,2024-03-27,2024-11-09,Middle Income Segment,Poor,3k-6k,361.3333333333333,5595.836666666667,20042.88,186.22,0,1,3,3,True
1130,3,2023-01-24,2025-04-07,High Income Segment,Fair,6k-10k,587.3333333333334,6528.18,29192.67,216.89,0,2,3,3,True
1131,3,2023-09-01,2024-11-29,Middle Income Segment,Poor,6k-10k,457.6666666666667,6714.75,11066.47,0.0,0,2,3,3,True
1132,2,2023-01-14,2024-11-29,High Income Segment,Poor,3k-6k,446.0,7826.665,18520.84,23.42,0,2,2,2,True
1133,2,2024-05-04,2025-02-03,Middle Income Segment,Fair,3k-6k,622.5,5220.955,5417.700000000001,182.59,1,1,2,2,True
1134,1,2024-10-12,2024-10-12,Middle Income Segment,Poor,3k-6k,414.0,4831.98,12453.47,78.68,0,1,1,1,False
1135,3,2024-04-11,2025-01-11,Middle Income Segment,Poor,3k-6k,407.0,3302.5466666666666,21819.510000000002,275.58,1,2,3,3,True
1136,2,2023-02-11,2023-08-18,High Income Segment,Fair,6k-10k,684.5,7175.695,8556.88,8.45,0,2,2,2,True
1137,3,2023-06-07,2023-09-02,Middle Income Segment,Poor,6k-10k,389.0,5871.123333333333,9637.27,5.49,0,2,3,3,True
1138,2,2023-01-02,2023-11-18,Low Income Segment,Poor,6k-10k,482.0,4415.315,13747.45,0.0,0,2,2,2,True
1139,1,2024-12-28,2024-12-28,Low Income Segment,Poor,Under 3k,564.0,1881.3,3276.57,43.6,0,1,1,1,False
1140,5,2023-03-16,2024-12-25,Low Income Segment,Poor,Under 3k,546.8,3776.346,30606.8,227.81,0,3,5,5,True
1141,2,2023-05-27,2025-01-28,Middle Income Segment,Fair,3k-6k,585.0,3823.295,15264.39,1.26,0,1,2,2,True
1142,4,2023-01-24,2025-02-12,High Income Segment,Poor,6k-10k,470.25,7433.432500000001,24704.38,214.70999999999998,1,2,4,4,True
1143,3,2023-07-23,2024-12-08,High Income Segment,Poor,3k-6k,416.6666666666667,5118.3533333333335,10827.86,106.78,0,3,3,3,True
1144,1,2024-01-22,2024-01-22,Middle Income Segment,Fair,6k-10k,660.0,6083.04,5341.85,0.0,0,1,1,1,False
1145,4,2023-05-27,2023-12-03,High Income Segment,Good,6k-10k,737.0,5844.875,19617.269999999997,23.07,0,2,4,4,True
1146,2,2023-09-25,2024-02-26,High Income Segment,Good,6k-10k,518.5,5294.01,22816.97,29.08,0,2,2,2,True
1147,1,2023-10-11,2023-10-11,Middle Income Segment,Poor,3k-6k,453.0,4655.0,7907.33,0.0,0,1,1,1,False
1148,5,2024-03-26,2025-05-07,Middle Income Segment,Fair,3k-6k,639.8,5788.336,17260.600000000002,177.41,0,3,5,5,True
1149,4,2023-09-26,2024-09-19,Middle Income Segment,Poor,3k-6k,458.75,4632.165,23882.18,191.37,1,3,4,4,True
1151,4,2023-07-01,2025-03-25,High Income Segment,Fair,6k-10k,650.25,7321.462500000001,22140.09,184.18,1,2,4,4,True
1152,2,2023-11-22,2024-02-17,High Income Segment,Poor,6k-10k,685.5,9027.57,12134.54,129.57,0,1,2,2,True
1153,4,2023-05-05,2024-01-06,High Income Segment,Poor,6k-10k,572.5,4946.0975,14792.69,304.59999999999997,1,2,4,4,True
1154,4,2023-06-18,2023-11-11,High Income Segment,Poor,6k-10k,459.75,5460.3525,25529.98,271.73,1,2,4,4,True
1155,1,2023-09-13,2023-09-13,Low Income Segment,Poor,Under 3k,346.0,1905.03,4769.73,35.06,0,1,1,1,False
1156,1,2024-09-17,2024-09-17,Middle Income Segment,Poor,6k-10k,391.0,6656.21,11934.51,0.0,0,1,1,1,False
1157,1,2023-06-29,2023-06-29,Low Income Segment,Poor,Under 3k,550.0,1794.05,1381.42,0.0,0,1,1,1,False
1158,2,2023-09-10,2024-10-14,Middle Income Segment,Fair,3k-6k,602.0,4562.04,5331.21,230.21,1,1,2,2,True
1159,4,2023-04-16,2025-04-30,High Income Segment,Exceptional,3k-6k,676.75,6203.57,28239.59,93.33,0,2,4,4,True
1160,3,2023-05-20,2025-02-19,Middle Income Segment,Poor,3k-6k,580.6666666666666,4810.830000000001,19328.95,24.03,0,2,3,3,True
1161,2,2023-02-19,2023-10-10,Middle Income Segment,Good,6k-10k,600.0,6849.24,7373.460000000001,0.0,0,1,2,2,True
1162,3,2023-12-26,2024-12-18,High Income Segment,Poor,6k-10k,552.0,8177.596666666667,21774.54,19.09,0,1,3,3,True
1163,3,2023-01-08,2025-01-23,Middle Income Segment,Good,6k-10k,745.0,6326.170000000001,13559.31,168.79,1,2,3,3,True
1164,2,2023-11-21,2024-04-03,High Income Segment,Exceptional,6k-10k,753.0,6880.9400000000005,7778.08,0.0,0,2,2,2,True
1165,2,2023-08-18,2023-08-19,High Income Segment,Fair,6k-10k,657.5,8285.945,3480.19,77.95,0,1,2,2,True
1166,3,2023-07-13,2024-06-21,High Income Segment,Poor,6k-10k,490.3333333333333,8359.276666666667,13132.15,0.0,0,1,3,3,True
1167,1,2025-01-16,2025-01-16,High Income Segment,Poor,6k-10k,423.0,7980.86,820.83,0.0,0,1,1,1,False
1168,1,2023-03-19,2023-03-19,Low Income Segment,Poor,Under 3k,419.0,1654.35,12563.02,74.69,0,1,1,1,False
1169,2,2023-07-16,2025-02-06,High Income Segment,Fair,3k-6k,573.0,7544.764999999999,7294.43,64.15,0,2,2,2,True
1170,2,2023-01-10,2024-02-19,High Income Segment,Fair,6k-10k,653.0,8242.44,9399.98,33.93,0,2,2,2,True
1171,4,2023-04-06,2024-08-15,High Income Segment,Poor,6k-10k,564.75,6056.39,10865.53,205.6,1,3,4,4,True
1172,2,2023-12-20,2024-11-30,High Income Segment,Exceptional,6k-10k,758.0,6893.3099999999995,17478.77,16.94,0,2,2,2,True
1173,1,2024-01-06,2024-01-06,Low Income Segment,Poor,Under 3k,305.0,2079.33,4945.19,0.0,0,1,1,1,False
1174,2,2023-04-10,2024-06-13,High Income Segment,Fair,6k-10k,590.5,9104.73,11191.18,28.17,0,1,2,2,True
1175,2,2023-05-20,2025-05-20,High Income Segment,Good,3k-6k,589.5,6725.295,4058.59,50.39,0,2,2,2,True
1176,1,2023-02-05,2023-02-05,Low Income Segment,Poor,Under 3k,357.0,2115.0,3345.38,56.84,0,1,1,1,False
1177,1,2025-01-26,2025-01-26,Middle Income Segment,Very Good,3k-6k,783.0,3597.81,782.59,25.89,0,1,1,1,False
1178,5,2023-10-20,2025-01-09,High Income Segment,Poor,6k-10k,570.4,7126.26,22615.07,140.68,0,2,5,5,True
1179,2,2024-01-27,2024-04-05,Low Income Segment,Good,3k-6k,529.0,3142.465,21098.61,107.39,0,2,2,2,True
1180,1,2023-01-18,2023-01-18,High Income Segment,Exceptional,6k-10k,838.0,7653.12,291.09,59.82,0,1,1,1,False
1181,2,2024-07-31,2025-03-26,Low Income Segment,Poor,3k-6k,491.5,3114.675,15005.32,36.8,0,2,2,2,True
1182,3,2023-01-06,2024-04-06,High Income Segment,Poor,3k-6k,431.3333333333333,4596.143333333333,28305.699999999997,56.74,0,3,3,3,True
1183,2,2024-03-31,2025-02-13,High Income Segment,Fair,6k-10k,520.5,5317.639999999999,7415.36,68.21,0,2,2,2,True
1184,5,2023-02-07,2024-06-27,Middle Income Segment,Fair,3k-6k,534.4,4465.2699999999995,36870.509999999995,157.15,0,2,5,5,True
1185,3,2023-10-15,2024-06-29,Middle Income Segment,Poor,6k-10k,446.3333333333333,6016.139999999999,13136.5,0.0,0,1,3,3,True
1186,1,2023-07-19,2023-07-19,Middle Income Segment,Poor,3k-6k,379.0,3690.05,1182.9,0.0,0,1,1,1,False
1187,3,2023-01-10,2024-02-02,High Income Segment,Poor,6k-10k,482.6666666666667,7050.463333333333,9314.0,107.63,0,2,3,3,True
1189,2,2023-01-07,2024-09-25,Low Income Segment,Fair,6k-10k,655.5,4227.825000000001,8009.73,106.91,0,2,2,2,True
1190,2,2024-03-28,2025-02-18,High Income Segment,Fair,6k-10k,699.0,8917.12,14906.869999999999,159.56,1,1,2,2,True
1191,5,2023-01-19,2025-04-09,High Income Segment,Poor,3k-6k,603.2,5989.356,25622.71,294.44,1,3,5,5,True
1192,2,2023-08-24,2023-10-25,High Income Segment,Fair,6k-10k,493.5,5759.379999999999,3539.63,33.79,0,2,2,2,True
1193,4,2024-01-01,2024-11-12,High Income Segment,Poor,6k-10k,565.0,7827.754999999999,20899.010000000002,146.11,0,2,4,4,True
1194,2,2024-06-21,2024-08-30,Low Income Segment,Very Good,3k-6k,776.0,3434.04,7028.13,177.55,1,2,2,2,True
1195,4,2023-04-07,2023-12-21,High Income Segment,Poor,6k-10k,557.75,5641.4825,11168.87,0.0,0,2,4,4,True
1197,2,2023-01-23,2024-07-13,Middle Income Segment,Poor,3k-6k,312.0,5762.785,1372.54,0.0,0,1,1,2,True
1198,2,2023-11-21,2024-09-20,Middle Income Segment,Good,3k-6k,648.0,3752.38,3051.96,22.57,0,1,2,2,True
1201,7,2023-06-24,2024-12-26,Middle Income Segment,Poor,3k-6k,556.5714285714286,5665.96,30712.32,305.01,1,3,7,7,True
1202,2,2023-08-08,2024-08-27,Middle Income Segment,Fair,3k-6k,710.0,5586.115,9974.73,20.35,0,1,2,2,True
1203,2,2024-03-01,2024-03-06,Middle Income Segment,Good,3k-6k,574.0,5709.155,10131.71,13.71,0,1,2,2,True
1204,3,2023-01-14,2024-12-15,High Income Segment,Exceptional,6k-10k,648.3333333333334,8683.563333333334,11683.21,19.89,0,1,3,3,True
1205,2,2023-04-10,2025-04-03,High Income Segment,Good,6k-10k,565.5,4637.96,5183.17,0.0,0,2,2,2,True
1206,3,2023-03-16,2024-06-18,High Income Segment,Fair,6k-10k,649.3333333333334,7501.509999999999,12139.95,70.6,0,2,3,3,True
1207,4,2023-03-02,2024-05-05,Low Income Segment,Fair,3k-6k,600.75,3555.5975,17067.43,201.13,1,2,4,4,True
1208,1,2024-08-20,2024-08-20,Middle Income Segment,Poor,3k-6k,368.0,4716.14,1689.67,0.0,0,1,1,1,False
1209,4,2023-01-19,2025-02-22,High Income Segment,Poor,6k-10k,556.25,6561.52,16347.16,94.99,0,2,4,4,True
1211,2,2023-09-17,2025-03-23,Low Income Segment,Exceptional,3k-6k,615.5,4141.235,16442.08,113.28,0,2,2,2,True
1212,1,2023-08-25,2023-08-25,Middle Income Segment,Poor,3k-6k,371.0,3838.47,429.01,0.0,0,1,1,1,False
1213,1,2024-12-03,2024-12-03,Low Income Segment,Fair,Under 3k,641.0,1963.32,7851.07,14.3,0,1,1,1,False
1214,1,2025-01-14,2025-01-14,Middle Income Segment,Very Good,3k-6k,791.0,3140.21,10212.38,46.26,0,1,1,1,False
1215,2,2023-03-13,2024-01-28,High Income Segment,Fair,6k-10k,538.0,7287.135,17781.85,114.55,0,2,2,2,True
1216,1,2023-03-27,2023-03-27,Middle Income Segment,Fair,3k-6k,641.0,4943.59,439.48,79.14,0,1,1,1,False
1218,1,2024-05-05,2024-05-05,High Income Segment,Poor,6k-10k,428.0,9865.37,3971.78,0.0,0,1,1,1,False
1219,1,2025-05-04,2025-05-04,Low Income Segment,Poor,Under 3k,563.0,1721.15,5464.27,0.0,0,1,1,1,False
1220,1,2023-06-25,2023-06-25,Middle Income Segment,Poor,3k-6k,358.0,3012.56,2531.86,0.0,0,1,1,1,False
1221,1,2024-01-06,2024-01-06,Middle Income Segment,Exceptional,3k-6k,818.0,5989.5,1723.01,0.0,0,1,1,1,False
1223,2,2023-04-06,2024-09-01,Low Income Segment,Exceptional,3k-6k,691.0,3853.925,11586.509999999998,8.47,0,2,2,2,True
1224,6,2023-02-27,2025-04-20,High Income Segment,Poor,3k-6k,554.0,4341.95,35827.16,680.5699999999999,3,3,6,6,True
1225,3,2023-04-16,2024-05-29,Middle Income Segment,Exceptional,6k-10k,842.6666666666666,7409.883333333334,21501.88,243.49999999999997,1,2,3,3,True
1226,4,2023-04-15,2025-04-21,High Income Segment,Good,6k-10k,616.25,8899.2575,37270.99,256.7,0,1,4,4,True
1227,3,2025-02-15,2025-04-20,High Income Segment,Exceptional,3k-6k,703.0,5395.03,5098.13,54.16,0,3,3,3,True
1228,1,2023-03-05,2023-03-05,Low Income Segment,Very Good,Under 3k,792.0,1479.06,10125.06,50.35,0,1,1,1,False
1229,1,2024-01-02,2024-01-02,High Income Segment,Exceptional,6k-10k,838.0,8207.7,236.05,19.45,0,1,1,1,False
1231,2,2023-08-31,2025-03-26,High Income Segment,Good,3k-6k,585.5,5920.495,19706.77,0.0,0,2,2,2,True
1232,4,2023-04-02,2024-11-30,High Income Segment,Poor,6k-10k,558.0,6967.4974999999995,17251.9,177.84,1,2,4,4,True
1233,4,2023-09-10,2025-04-03,High Income Segment,Poor,6k-10k,549.25,7344.4675,33861.99,48.62,0,2,4,4,True
1234,5,2023-04-22,2025-01-05,High Income Segment,Exceptional,6k-10k,683.6,7007.608,23969.88,318.57,1,2,5,5,True
1235,2,2023-07-18,2023-10-30,Low Income Segment,Poor,3k-6k,436.0,3551.7749999999996,5100.9,0.0,0,2,2,2,True
1236,2,2023-05-20,2025-01-10,High Income Segment,Fair,6k-10k,679.0,8371.44,10497.2,316.0,1,1,2,2,True
1237,2,2023-01-18,2023-10-25,High Income Segment,Fair,6k-10k,512.5,9721.099999999999,3154.0299999999997,0.0,0,1,2,2,True
1238,4,2023-04-14,2023-12-29,Middle Income Segment,Poor,6k-10k,549.5,6319.0425,18222.25,142.0,0,3,4,4,True
1239,2,2024-10-09,2025-01-26,High Income Segment,Fair,3k-6k,670.0,7344.115,10269.45,121.99,0,2,2,2,True
1240,2,2023-12-17,2024-02-29,High Income Segment,Poor,6k-10k,490.0,4824.095,12079.859999999999,3.77,0,2,2,2,True
1241,2,2025-04-09,2025-04-26,Middle Income Segment,Exceptional,3k-6k,566.5,4922.505,20015.199999999997,0.0,0,1,2,2,True
1242,3,2023-12-16,2025-01-04,Middle Income Segment,Exceptional,3k-6k,708.6666666666666,6349.786666666667,11075.14,98.63,0,2,3,3,True
1243,1,2023-06-01,2023-06-01,Low Income Segment,Good,Under 3k,724.0,2960.37,5613.38,0.0,0,1,1,1,False
1244,6,2023-08-12,2024-11-09,Middle Income Segment,Poor,3k-6k,493.1666666666667,4500.995,30516.14,285.71000000000004,1,3,6,6,True
1245,1,2024-05-01,2024-05-01,Low Income Segment,Good,Under 3k,697.0,2279.36,1360.31,0.0,0,1,1,1,False
1246,4,2023-03-28,2024-07-11,Middle Income Segment,Poor,3k-6k,508.0,4364.0175,32708.519999999997,181.17,1,2,4,4,True
1247,1,2024-01-22,2024-01-22,Middle Income Segment,Good,3k-6k,683.0,5539.3,5164.67,0.0,0,1,1,1,False
1248,2,2023-10-24,2024-10-01,Low Income Segment,Poor,3k-6k,516.0,3721.8250000000003,2241.71,98.67999999999999,0,2,2,2,True
1249,3,2023-01-22,2024-12-10,Middle Income Segment,Exceptional,6k-10k,676.6666666666666,6531.636666666666,16274.130000000001,96.39999999999999,0,2,3,3,True
1250,2,2024-04-18,2024-06-07,High Income Segment,Poor,3k-6k,471.0,6940.0,9279.75,11.86,0,2,2,2,True
1252,2,2024-11-29,2025-03-24,Low Income Segment,Fair,3k-6k,499.0,3362.885,10741.779999999999,122.7,0,2,2,2,True
1253,2,2024-03-09,2024-07-03,High Income Segment,Fair,3k-6k,495.0,7502.9400000000005,6595.299999999999,0.0,0,2,2,2,True
1254,2,2023-07-08,2023-08-31,High Income Segment,Good,3k-6k,615.5,5779.625,6128.5,20.24,0,2,2,2,True
1255,4,2023-02-17,2024-10-25,Middle Income Segment,Poor,3k-6k,547.0,4558.85,17538.4,98.78,0,3,4,4,True
1256,7,2023-03-21,2025-05-19,Middle Income Segment,Exceptional,3k-6k,659.5714285714286,4506.214285714285,42174.42,84.14,0,3,7,7,True
1257,1,2024-06-09,2024-06-09,High Income Segment,Poor,6k-10k,312.0,9308.46,13071.49,86.11,0,1,1,1,False
1258,2,2023-10-25,2023-11-29,Low Income Segment,Very Good,3k-6k,756.5,2685.34,9234.98,205.77,1,2,2,2,True
1259,1,2024-01-31,2024-01-31,Low Income Segment,Fair,Under 3k,624.0,1366.56,7182.63,0.0,0,1,1,1,False
1260,2,2024-12-23,2025-02-15,High Income Segment,Poor,6k-10k,559.0,4629.71,6822.16,74.66,0,2,2,2,True
1261,1,2025-02-17,2025-02-17,High Income Segment,Poor,6k-10k,448.0,8720.54,2369.42,36.62,0,1,1,1,False
1262,2,2023-07-09,2023-08-23,High Income Segment,Poor,3k-6k,632.0,6813.745,3174.24,98.6,0,2,2,2,True
1264,4,2023-01-10,2025-01-30,Low Income Segment,Poor,Under 3k,585.75,4101.365,25173.49,39.23,0,3,4,4,True
1265,1,2025-02-28,2025-02-28,High Income Segment,Very Good,6k-10k,746.0,7623.58,9620.0,0.0,0,1,1,1,False
1266,1,2023-05-27,2023-05-27,Middle Income Segment,Poor,3k-6k,307.0,4604.66,2481.18,0.0,0,1,1,1,False
1267,2,2023-07-02,2024-03-23,Low Income Segment,Fair,Under 3k,578.0,1663.49,8027.0599999999995,141.64,0,1,2,2,True
1268,2,2023-11-10,2024-11-22,High Income Segment,Poor,6k-10k,441.5,8349.07,15132.25,79.59,0,1,2,2,True
1269,4,2023-03-26,2024-07-28,High Income Segment,Fair,6k-10k,552.0,5761.625,10309.48,137.64,0,2,4,4,True
1270,4,2023-11-26,2025-01-28,High Income Segment,Exceptional,6k-10k,692.0,6598.6275,17214.86,146.3,0,2,4,4,True
1271,4,2024-08-07,2024-12-26,High Income Segment,Poor,3k-6k,531.25,6383.365,22023.37,231.94,1,2,4,4,True
1272,1,2024-10-28,2024-10-28,High Income Segment,Poor,6k-10k,347.0,9422.49,5221.11,0.0,0,1,1,1,False
1275,3,2023-09-06,2025-03-10,Middle Income Segment,Poor,6k-10k,384.6666666666667,4621.323333333333,14490.79,44.17,0,2,3,3,True
1276,3,2023-02-18,2025-03-11,Middle Income Segment,Poor,3k-6k,398.3333333333333,4085.1200000000003,19040.83,161.88,0,2,3,3,True
1277,6,2023-08-12,2025-01-22,High Income Segment,Good,6k-10k,707.6666666666666,6410.513333333333,36978.39,147.62,0,2,6,6,True
1278,1,2024-05-06,2024-05-06,Low Income Segment,Fair,Under 3k,604.0,2588.16,10251.82,100.69,0,1,1,1,False
1279,2,2024-05-28,2024-12-09,High Income Segment,Good,6k-10k,646.5,5220.95,5847.0,0.0,0,2,2,2,True
1281,2,2024-11-07,2025-01-18,High Income Segment,Fair,3k-6k,550.0,6584.115,11640.21,185.76999999999998,1,2,2,2,True
1282,3,2023-07-30,2023-10-19,Middle Income Segment,Exceptional,6k-10k,629.3333333333334,6505.576666666667,13025.64,135.5,0,2,3,3,True
1283,1,2024-11-19,2024-11-19,Low Income Segment,Exceptional,Under 3k,806.0,1129.83,3152.97,116.17,0,1,1,1,False
1284,1,2023-03-30,2023-03-30,Low Income Segment,Fair,Under 3k,588.0,1779.24,5047.27,0.0,0,1,1,1,False
1285,3,2023-06-22,2024-04-24,Middle Income Segment,Fair,6k-10k,580.0,5913.153333333333,20297.32,71.18,0,1,3,3,True
1286,1,2024-03-11,2024-03-11,Middle Income Segment,Exceptional,6k-10k,843.0,6267.44,790.12,108.94,0,1,1,1,False
1287,2,2023-09-28,2025-03-01,High Income Segment,Poor,6k-10k,660.0,5879.615,1469.29,0.0,0,2,2,2,True
1288,1,2023-01-05,2023-01-05,Low Income Segment,Fair,Under 3k,629.0,2194.69,6510.15,30.2,0,1,1,1,False
1289,3,2023-09-26,2024-12-09,Middle Income Segment,Poor,3k-6k,572.3333333333334,3911.013333333334,25903.35,185.01,1,2,3,3,True
1292,4,2023-01-22,2025-04-07,High Income Segment,Poor,6k-10k,518.0,6799.110000000001,36758.84,231.38,0,3,4,4,True
1293,2,2023-02-06,2023-10-20,High Income Segment,Good,3k-6k,552.5,5682.945,14240.23,46.72,0,2,2,2,True
1294,6,2023-01-29,2025-03-28,Middle Income Segment,Poor,6k-10k,609.5,5820.3,29520.59,258.36,1,3,6,6,True
1295,3,2023-11-22,2025-02-10,Middle Income Segment,Poor,3k-6k,529.6666666666666,6161.446666666667,19356.379999999997,281.94,1,2,3,3,True
1296,3,2023-11-29,2025-01-01,Middle Income Segment,Good,3k-6k,628.3333333333334,4139.096666666667,19063.49,0.0,0,2,3,3,True
1297,1,2024-12-28,2024-12-28,High Income Segment,Fair,6k-10k,630.0,7206.44,5997.7,48.53,0,1,1,1,False
1298,2,2023-08-12,2025-05-04,High Income Segment,Fair,6k-10k,487.5,7023.7,9299.470000000001,138.1,0,2,2,2,True
1299,1,2023-03-07,2023-03-07,High Income Segment,Exceptional,6k-10k,819.0,8569.74,3532.61,0.0,0,1,1,1,False
1300,2,2024-05-27,2024-10-23,High Income Segment,Poor,3k-6k,532.0,6915.11,20245.98,105.72,0,2,2,2,True
1301,4,2023-05-04,2024-04-09,High Income Segment,Poor,6k-10k,661.0,7401.8275,24165.690000000002,304.24,1,2,4,4,True
1302,3,2024-06-03,2025-05-13,Low Income Segment,Poor,Under 3k,530.3333333333334,4402.173333333333,21800.84,219.18,1,2,3,3,True
1303,3,2023-08-22,2024-03-13,High Income Segment,Very Good,3k-6k,610.3333333333334,4608.6466666666665,18063.14,80.34,0,3,3,3,True
1304,1,2024-03-30,2024-03-30,Middle Income Segment,Exceptional,3k-6k,825.0,3961.22,12837.86,29.58,0,1,1,1,False
1305,3,2024-01-22,2025-03-19,Middle Income Segment,Exceptional,3k-6k,589.3333333333334,5158.733333333334,6625.05,25.39,0,2,3,3,True
1306,3,2024-01-22,2024-07-16,Middle Income Segment,Poor,3k-6k,503.6666666666667,3637.846666666667,20236.579999999998,300.04,1,2,3,3,True
1307,5,2023-07-19,2025-04-11,Middle Income Segment,Fair,3k-6k,575.2,4900.226000000001,19253.42,209.49,0,2,5,5,True
1308,2,2023-06-11,2025-03-30,High Income Segment,Poor,6k-10k,514.0,7519.535,17746.239999999998,0.0,0,1,2,2,True
1309,2,2023-05-20,2024-03-04,Low Income Segment,Poor,3k-6k,620.5,3225.015,6924.59,0.0,0,2,2,2,True
1310,1,2024-06-15,2024-06-15,Middle Income Segment,Fair,3k-6k,669.0,3190.52,3948.41,85.94,0,1,1,1,False
1312,1,2024-07-28,2024-07-28,Low Income Segment,Fair,Under 3k,604.0,1422.31,464.26,0.0,0,1,1,1,False
1313,1,2023-02-21,2023-02-21,Low Income Segment,Good,Under 3k,694.0,1091.48,6898.59,47.56,0,1,1,1,False
1314,2,2024-02-20,2025-04-27,High Income Segment,Fair,6k-10k,483.0,4270.545,6727.900000000001,17.34,0,2,2,2,True
1316,1,2024-07-07,2024-07-07,Low Income Segment,Fair,Under 3k,645.0,2684.84,1108.97,0.0,0,1,1,1,False
1317,2,2023-07-29,2024-02-28,High Income Segment,Good,6k-10k,639.5,8621.835,14678.380000000001,127.01,0,1,2,2,True
1318,4,2023-05-27,2024-12-11,Middle Income Segment,Poor,6k-10k,553.25,6081.05,13583.75,90.28,0,2,4,4,True
1319,2,2023-02-18,2023-08-13,High Income Segment,Poor,6k-10k,447.0,8885.400000000001,9745.02,45.51,0,1,2,2,True
1320,2,2024-02-13,2024-12-20,High Income Segment,Exceptional,3k-6k,828.5,7626.68,13433.57,7.3,0,2,2,2,True
1321,2,2023-03-19,2023-12-23,High Income Segment,Fair,6k-10k,634.5,7029.655,5704.39,83.03,0,2,2,2,True
1322,1,2023-09-22,2023-09-22,Middle Income Segment,Good,3k-6k,709.0,5617.44,12731.89,40.32,0,1,1,1,False
1324,4,2023-02-05,2024-04-24,Middle Income Segment,Poor,6k-10k,478.0,5306.6675,7546.34,206.0,0,2,4,4,True
1325,6,2023-02-04,2025-01-24,High Income Segment,Poor,6k-10k,631.3333333333334,6032.3,20062.15,296.15999999999997,1,3,6,6,True
1326,1,2025-04-28,2025-04-28,Middle Income Segment,Poor,6k-10k,402.0,6890.79,5014.47,0.0,0,1,1,1,False
1327,1,2024-09-28,2024-09-28,Middle Income Segment,Very Good,3k-6k,779.0,5344.49,6102.91,98.67,0,1,1,1,False
1328,3,2024-09-18,2025-03-19,High Income Segment,Poor,3k-6k,535.0,4155.69,16771.8,53.36,0,3,3,3,True
1329,6,2023-02-11,2025-04-03,High Income Segment,Poor,6k-10k,541.8333333333334,6675.346666666667,33069.67,214.69,1,3,6,6,True
1330,1,2025-02-05,2025-02-05,Middle Income Segment,Good,3k-6k,718.0,4573.13,6795.47,49.23,0,1,1,1,False
1331,4,2023-02-01,2024-11-02,Middle Income Segment,Exceptional,3k-6k,685.0,5922.5650000000005,27278.67,245.7,0,2,4,4,True
1332,1,2024-09-15,2024-09-15,Middle Income Segment,Good,3k-6k,670.0,3113.13,1533.14,0.0,0,1,1,1,False
1333,3,2023-07-06,2024-07-23,Middle Income Segment,Fair,6k-10k,688.6666666666666,7211.736666666667,14701.39,48.16,0,2,3,3,True
1335,2,2024-01-10,2024-10-06,High Income Segment,Good,6k-10k,530.5,5013.465,13012.65,158.01,0,2,2,2,True
1336,2,2023-01-06,2025-01-05,High Income Segment,Good,3k-6k,563.5,6702.085,1182.75,347.51,2,2,2,2,True
1337,1,2024-12-06,2024-12-06,Middle Income Segment,Poor,3k-6k,394.0,3184.31,4986.18,35.33,0,1,1,1,False
1338,3,2023-09-10,2025-04-01,High Income Segment,Poor,6k-10k,536.3333333333334,6702.843333333333,10390.54,13.51,0,2,3,3,True
1339,2,2023-10-28,2025-04-09,Middle Income Segment,Good,3k-6k,550.0,4629.620000000001,5913.2,0.0,0,1,2,2,True
1340,5,2023-05-21,2025-01-22,Low Income Segment,Fair,Under 3k,609.8,2475.524,12248.7,232.06,0,2,5,5,True
1341,1,2023-10-12,2023-10-12,Middle Income Segment,Poor,6k-10k,447.0,6093.12,7548.13,13.02,0,1,1,1,False
1342,1,2023-12-10,2023-12-10,Low Income Segment,Poor,Under 3k,408.0,2358.35,2544.48,163.8,1,1,1,1,False
1343,3,2023-04-29,2024-09-22,High Income Segment,Poor,3k-6k,490.6666666666667,5833.403333333333,13917.099999999999,0.0,0,3,3,3,True
1345,1,2023-11-25,2023-11-25,Low Income Segment,Poor,Under 3k,524.0,2779.11,7007.89,0.0,0,1,1,1,False
1347,3,2023-10-25,2024-09-19,Middle Income Segment,Poor,6k-10k,522.0,6418.56,16317.07,308.73,1,2,3,3,True
1348,3,2023-03-22,2024-04-19,Middle Income Segment,Poor,3k-6k,543.0,4497.893333333333,29647.08,170.14,0,1,3,3,True
1349,2,2023-10-25,2024-02-14,Low Income Segment,Poor,3k-6k,507.0,4049.01,18385.579999999998,0.0,0,2,2,2,True
1350,1,2024-06-17,2024-06-17,Low Income Segment,Good,Under 3k,713.0,1642.45,6830.6,24.54,0,1,1,1,False
1352,3,2023-05-01,2024-07-23,Middle Income Segment,Poor,3k-6k,464.0,5445.963333333333,13715.77,86.78,0,1,3,3,True
1353,2,2023-12-30,2024-08-23,High Income Segment,Poor,3k-6k,519.5,6512.43,14012.529999999999,118.73,0,2,2,2,True
1354,5,2023-04-10,2025-01-05,Middle Income Segment,Poor,3k-6k,593.8,4214.14,26530.68,38.6,0,2,5,5,True
1355,1,2023-11-04,2023-11-04,Low Income Segment,Poor,Under 3k,558.0,1075.52,8180.3,0.0,0,1,1,1,False
1356,3,2023-09-12,2024-10-10,Middle Income Segment,Poor,3k-6k,410.3333333333333,4348.18,16310.37,34.78,0,2,3,3,True
1357,3,2024-02-19,2024-09-26,High Income Segment,Poor,3k-6k,588.3333333333334,5290.69,6637.969999999999,44.76,0,3,3,3,True
1358,3,2023-06-21,2023-12-06,Middle Income Segment,Poor,6k-10k,423.0,6934.573333333334,8417.12,112.5,0,2,3,3,True
1359,1,2024-01-28,2024-01-28,Middle Income Segment,Poor,3k-6k,526.0,3339.4,5424.71,42.33,0,1,1,1,False
1360,3,2024-07-22,2025-01-15,High Income Segment,Fair,6k-10k,572.6666666666666,6861.8,18644.93,124.06,0,2,3,3,True
1361,1,2025-01-11,2025-01-11,Low Income Segment,Poor,Under 3k,519.0,2599.88,3267.17,9.42,0,1,1,1,False
1362,3,2023-05-22,2023-11-22,Middle Income Segment,Poor,3k-6k,448.6666666666667,3285.8933333333334,21753.91,27.42,0,2,3,3,True
1363,3,2023-02-13,2024-07-10,High Income Segment,Fair,6k-10k,622.3333333333334,7528.0233333333335,17987.82,229.47,0,1,3,3,True
1364,7,2023-01-03,2025-03-10,Middle Income Segment,Fair,3k-6k,633.7142857142857,4508.917142857143,46294.07,152.95,0,3,7,7,True
1365,2,2023-10-03,2024-08-25,Middle Income Segment,Poor,3k-6k,421.5,3388.17,18200.690000000002,24.01,0,1,2,2,True
1366,1,2025-03-19,2025-03-19,Low Income Segment,Poor,Under 3k,315.0,2663.39,3761.36,69.38,0,1,1,1,False
1368,1,2023-05-28,2023-05-28,Middle Income Segment,Fair,6k-10k,626.0,6325.08,12840.68,0.0,0,1,1,1,False
1369,1,2023-11-22,2023-11-22,High Income Segment,Good,6k-10k,729.0,9092.6,7696.45,0.0,0,1,1,1,False
1370,3,2023-07-02,2024-08-16,Middle Income Segment,Poor,3k-6k,496.0,4347.72,19917.66,168.23,1,2,3,3,True
1371,3,2023-05-22,2024-12-21,Low Income Segment,Poor,Under 3k,481.6666666666667,3748.85,22126.46,26.06,0,2,3,3,True
1372,3,2023-06-26,2024-07-03,Middle Income Segment,Poor,3k-6k,545.0,4729.990000000001,22521.83,52.58,0,1,3,3,True
1373,1,2025-01-18,2025-01-18,Low Income Segment,Poor,Under 3k,578.0,1679.88,1760.95,142.58,1,1,1,1,False
1374,1,2023-04-13,2023-04-13,Middle Income Segment,Fair,3k-6k,622.0,5800.92,13598.63,0.0,0,1,1,1,False
1375,5,2023-03-10,2024-12-01,High Income Segment,Poor,6k-10k,505.2,6053.039999999999,20130.050000000003,102.94,0,3,5,5,True
1376,2,2023-02-23,2024-10-23,High Income Segment,Good,6k-10k,722.0,8491.075,23413.940000000002,95.39,0,1,2,2,True
1377,1,2024-07-02,2024-07-02,Middle Income Segment,Poor,3k-6k,503.0,4986.84,192.54,0.0,0,1,1,1,False
1378,3,2023-03-10,2024-07-31,Middle Income Segment,Fair,3k-6k,586.6666666666666,5904.95,15766.92,52.58,0,2,3,3,True
1379,1,2025-02-11,2025-02-11,Middle Income Segment,Poor,6k-10k,409.0,6185.24,13983.83,0.0,0,1,1,1,False
1381,2,2023-02-11,2024-10-02,High Income Segment,Poor,6k-10k,430.5,6131.575,9899.9,21.63,0,2,2,2,True
1382,3,2023-04-02,2024-06-03,Middle Income Segment,Poor,3k-6k,447.3333333333333,4650.906666666667,23871.75,83.92,0,1,3,3,True
1383,2,2025-01-30,2025-05-05,High Income Segment,Poor,3k-6k,546.0,5185.8099999999995,21197.949999999997,150.7,0,2,2,2,True
1384,1,2024-04-24,2024-04-24,High Income Segment,Poor,6k-10k,407.0,7868.88,2281.36,0.0,0,1,1,1,False
1385,1,2024-08-18,2024-08-18,High Income Segment,Good,6k-10k,727.0,9004.48,567.6,0.0,0,1,1,1,False
1386,7,2023-01-07,2024-07-27,High Income Segment,Fair,3k-6k,569.8571428571429,5625.185714285714,35479.9,291.88,1,3,7,7,True
1387,1,2023-04-06,2023-04-06,Middle Income Segment,Poor,3k-6k,366.0,5252.41,499.08,0.0,0,1,1,1,False
1388,1,2025-05-20,2025-05-20,High Income Segment,Poor,6k-10k,382.0,7859.51,942.98,0.0,0,1,1,1,False
1389,1,2023-05-21,2023-05-21,High Income Segment,Poor,6k-10k,349.0,8694.32,15980.88,0.0,0,1,1,1,False
1390,5,2023-07-03,2025-01-21,High Income Segment,Poor,3k-6k,652.2,5662.29,29511.65,0.0,0,3,5,5,True
1391,4,2023-05-02,2024-08-05,Middle Income Segment,Poor,3k-6k,562.75,5838.755,18457.01,177.95,0,2,4,4,True
1392,4,2023-04-07,2024-02-08,Middle Income Segment,Poor,3k-6k,565.5,3896.69,21385.8,263.48,0,2,4,4,True
1393,5,2023-01-13,2025-01-31,Low Income Segment,Fair,3k-6k,635.8,4139.85,26946.480000000003,262.21000000000004,0,3,5,5,True
1394,2,2023-02-01,2024-07-11,Low Income Segment,Poor,3k-6k,400.5,4063.7,7293.8099999999995,77.46000000000001,0,2,2,2,True
1395,3,2023-10-24,2025-05-16,Middle Income Segment,Fair,3k-6k,615.6666666666666,3969.093333333333,10746.3,28.86,0,2,3,3,True
1397,1,2025-03-27,2025-03-27,Middle Income Segment,Very Good,3k-6k,782.0,3591.56,787.98,0.0,0,1,1,1,False
1398,2,2023-06-14,2024-04-25,High Income Segment,Poor,6k-10k,339.5,4605.9,5966.0599999999995,0.0,0,2,2,2,True
1399,2,2023-06-02,2023-10-21,Low Income Segment,Good,3k-6k,557.5,3998.3900000000003,5071.52,207.37,1,2,2,2,True
1400,3,2023-12-12,2025-04-09,Middle Income Segment,Good,6k-10k,629.6666666666666,6643.34,17054.05,50.18,0,2,3,3,True
1402,4,2023-06-28,2024-04-12,Low Income Segment,Poor,Under 3k,423.75,4657.58,23040.899999999998,181.79,0,3,4,4,True
1403,1,2024-07-18,2024-07-18,High Income Segment,Good,6k-10k,717.0,7229.39,5921.45,108.35,0,1,1,1,False
1404,4,2024-01-10,2025-05-19,Middle Income Segment,Poor,6k-10k,480.0,6600.405,23738.46,146.8,0,2,4,4,True
1405,2,2023-10-07,2024-04-19,High Income Segment,Poor,3k-6k,463.0,6381.2699999999995,10793.880000000001,0.0,0,2,2,2,True
1406,3,2023-09-10,2025-04-07,Middle Income Segment,Poor,3k-6k,556.6666666666666,6283.19,7667.5599999999995,20.29,0,2,3,3,True
1407,1,2023-02-13,2023-02-13,Middle Income Segment,Poor,3k-6k,517.0,3488.15,768.39,0.0,0,1,1,1,False
1409,1,2023-04-28,2023-04-28,Low Income Segment,Fair,Under 3k,614.0,2855.86,343.16,0.0,0,1,1,1,False
1410,1,2023-04-20,2023-04-20,High Income Segment,Poor,6k-10k,516.0,7940.01,7324.29,46.23,0,1,1,1,False
1411,1,2024-12-25,2024-12-25,High Income Segment,Fair,6k-10k,581.0,8257.92,3162.63,22.97,0,1,1,1,False
1412,1,2024-01-03,2024-01-03,Middle Income Segment,Poor,3k-6k,521.0,4199.36,11022.66,30.57,0,1,1,1,False
1413,2,2023-06-03,2024-04-08,High Income Segment,Poor,6k-10k,377.5,7199.205,17671.36,0.0,0,2,2,2,True
1414,2,2025-01-07,2025-05-18,High Income Segment,Poor,3k-6k,411.0,6448.875,17023.23,11.1,0,2,2,2,True
1415,2,2024-01-14,2025-05-01,Middle Income Segment,Poor,3k-6k,444.0,4189.165,14705.099999999999,19.78,0,1,2,2,True
1416,2,2023-08-18,2024-07-19,Low Income Segment,Fair,3k-6k,658.5,3276.1899999999996,3352.45,15.61,0,2,2,2,True
1417,1,2023-08-17,2023-08-17,Middle Income Segment,Very Good,3k-6k,761.0,3273.06,3232.26,0.0,0,1,1,1,False
1418,3,2023-09-24,2024-05-29,Middle Income Segment,Poor,3k-6k,580.6666666666666,4517.1033333333335,18921.55,162.45,0,2,3,3,True
1419,5,2023-01-24,2025-04-15,Middle Income Segment,Good,3k-6k,618.2,6332.58,19757.14,169.48000000000002,1,2,5,5,True
1420,2,2023-05-14,2023-11-14,High Income Segment,Poor,3k-6k,459.5,6455.475,3007.29,195.63,1,2,2,2,True
1421,4,2023-11-28,2024-10-12,High Income Segment,Exceptional,6k-10k,610.5,7328.36,10058.2,172.38,1,2,4,4,True
1422,3,2023-02-16,2024-09-09,High Income Segment,Poor,6k-10k,588.0,5219.34,16343.83,301.02,1,2,3,3,True
1423,1,2023-02-24,2023-02-24,High Income Segment,Very Good,6k-10k,763.0,7881.89,6779.52,0.0,0,1,1,1,False
1424,1,2023-02-03,2023-02-03,High Income Segment,Good,6k-10k,717.0,9220.06,3166.51,0.0,0,1,1,1,False
1425,2,2023-02-28,2023-04-25,Low Income Segment,Poor,3k-6k,395.5,4297.35,13265.800000000001,181.88,0,2,2,2,True
1426,1,2023-07-19,2023-07-19,Middle Income Segment,Very Good,3k-6k,766.0,4377.71,3679.03,0.0,0,1,1,1,False
1427,1,2023-05-24,2023-05-24,Low Income Segment,Poor,Under 3k,315.0,2362.16,4311.61,0.0,0,1,1,1,False
1429,2,2023-08-11,2024-03-27,High Income Segment,Poor,6k-10k,492.0,7032.1,2099.08,42.730000000000004,0,2,2,2,True
1430,1,2023-02-19,2023-02-19,High Income Segment,Fair,6k-10k,626.0,7023.33,9224.19,48.72,0,1,1,1,False
1432,2,2023-08-06,2024-02-05,High Income Segment,Fair,6k-10k,695.5,5525.469999999999,5971.92,0.0,0,2,2,2,True
1433,1,2023-07-28,2023-07-28,High Income Segment,Good,6k-10k,703.0,9959.54,13443.59,0.0,0,1,1,1,False
1434,2,2024-02-09,2024-06-06,Low Income Segment,Poor,3k-6k,513.0,3668.8900000000003,4351.4,160.37,0,2,2,2,True
1435,2,2023-06-25,2024-07-13,Low Income Segment,Fair,3k-6k,472.0,3163.635,11750.66,142.39,0,2,2,2,True
1436,3,2024-02-23,2024-12-29,Middle Income Segment,Poor,3k-6k,627.6666666666666,2659.6,21964.519999999997,90.08,0,2,3,3,True
1437,3,2024-02-28,2025-05-16,Middle Income Segment,Exceptional,3k-6k,659.0,3790.1733333333336,24518.21,6.06,0,2,3,3,True
1439,1,2024-11-23,2024-11-23,Low Income Segment,Good,Under 3k,720.0,2818.18,7657.0,65.97,0,1,1,1,False
1440,3,2024-01-10,2025-04-18,Middle Income Segment,Poor,3k-6k,538.6666666666666,5992.836666666666,18617.5,376.34000000000003,2,2,3,3,True
1441,2,2023-04-17,2024-10-08,Low Income Segment,Exceptional,3k-6k,662.0,4283.86,11706.73,163.09,1,2,2,2,True
1442,3,2023-04-13,2025-05-14,Middle Income Segment,Exceptional,6k-10k,666.0,6757.639999999999,9598.91,190.85,1,2,3,3,True
1443,3,2023-02-03,2025-04-01,High Income Segment,Exceptional,6k-10k,775.6666666666666,6392.483333333334,23137.600000000002,113.17999999999999,0,2,3,3,True
1444,1,2023-03-29,2023-03-29,Middle Income Segment,Fair,3k-6k,589.0,4230.9,4248.92,48.89,0,1,1,1,False
1445,3,2024-04-13,2025-02-07,Middle Income Segment,Exceptional,3k-6k,648.3333333333334,5251.21,5146.1,0.0,0,1,3,3,True
1446,4,2023-02-13,2025-01-29,Middle Income Segment,Poor,6k-10k,443.5,5355.8925,5503.03,0.0,0,3,4,4,True
1448,6,2023-07-21,2024-08-26,Middle Income Segment,Poor,3k-6k,596.0,4008.3866666666668,34788.87,68.43,0,2,6,6,True
1449,3,2023-11-25,2024-08-10,High Income Segment,Poor,6k-10k,582.0,6576.443333333334,4337.59,342.28,2,2,3,3,True
1450,1,2024-11-19,2024-11-19,Low Income Segment,Good,Under 3k,706.0,2274.57,11989.96,64.64,0,1,1,1,False
1451,1,2024-09-20,2024-09-20,High Income Segment,Poor,6k-10k,325.0,8898.58,3345.27,0.0,0,1,1,1,False
1452,2,2024-12-16,2025-02-23,Low Income Segment,Fair,Under 3k,476.5,1856.025,16454.1,0.0,0,1,2,2,True
1453,1,2024-07-11,2024-07-11,High Income Segment,Poor,6k-10k,307.0,9495.13,1337.43,0.0,0,1,1,1,False
1454,3,2023-08-14,2023-11-10,High Income Segment,Fair,6k-10k,578.0,7111.736666666667,13290.38,43.72,0,2,3,3,True
1455,2,2023-01-07,2023-03-05,High Income Segment,Exceptional,6k-10k,799.0,7830.41,10247.949999999999,8.24,0,1,2,2,True
1456,1,2023-04-20,2023-04-20,Middle Income Segment,Poor,3k-6k,472.0,4004.77,4370.11,178.32,1,1,1,1,False
1458,2,2024-04-09,2025-02-09,Middle Income Segment,Exceptional,3k-6k,595.5,4851.225,13212.77,37.36,0,1,2,2,True
1459,1,2024-06-16,2024-06-16,High Income Segment,Poor,6k-10k,412.0,7526.8,7137.04,0.0,0,1,1,1,False
1460,1,2025-04-12,2025-04-12,Middle Income Segment,Good,6k-10k,681.0,6424.92,8221.97,29.61,0,1,1,1,False
1461,4,2023-09-24,2025-04-07,High Income Segment,Poor,6k-10k,528.5,5346.8825,39059.009999999995,130.22,0,3,4,4,True
1462,1,2024-12-28,2024-12-28,Middle Income Segment,Good,3k-6k,701.0,4113.54,330.04,0.0,0,1,1,1,False
1463,1,2024-09-12,2024-09-12,Middle Income Segment,Poor,6k-10k,435.0,6652.27,11944.36,6.1,0,1,1,1,False
1464,3,2024-04-11,2025-04-30,Middle Income Segment,Poor,3k-6k,429.6666666666667,4967.236666666667,8711.539999999999,321.53,1,1,3,3,True
1465,1,2024-07-07,2024-07-07,High Income Segment,Poor,6k-10k,553.0,9447.59,1741.11,0.0,0,1,1,1,False
1466,2,2023-02-11,2024-07-16,Low Income Segment,Exceptional,6k-10k,639.0,3805.415,8329.45,18.14,0,2,2,2,True
1467,1,2024-07-17,2024-07-17,High Income Segment,Poor,6k-10k,371.0,7604.08,11407.0,71.38,0,1,1,1,False
1468,1,2024-09-08,2024-09-08,High Income Segment,Fair,6k-10k,628.0,8387.85,3736.04,160.75,1,1,1,1,False
1469,1,2023-01-18,2023-01-18,High Income Segment,Poor,6k-10k,330.0,8653.47,1767.32,0.0,0,1,1,1,False
1470,2,2023-09-17,2023-12-02,Middle Income Segment,Fair,3k-6k,483.0,5424.92,8148.51,0.0,0,1,2,2,True
1471,2,2025-02-05,2025-03-25,Middle Income Segment,Poor,3k-6k,667.0,4259.395,8407.57,95.85,0,1,2,2,True
1472,2,2023-05-23,2024-06-18,Low Income Segment,Good,3k-6k,516.5,3249.33,11888.72,0.0,0,2,2,2,True
1473,4,2023-03-04,2024-03-04,High Income Segment,Poor,3k-6k,525.25,7123.1525,14296.66,202.47,1,2,4,4,True
1475,2,2024-03-18,2024-04-23,High Income Segment,Good,6k-10k,679.5,4459.62,8544.61,0.0,0,2,2,2,True
1476,1,2024-01-06,2024-01-06,High Income Segment,Poor,6k-10k,328.0,9730.48,4714.14,0.0,0,1,1,1,False
1477,2,2024-02-25,2024-10-26,Low Income Segment,Poor,3k-6k,363.5,3304.04,4908.389999999999,0.0,0,2,2,2,True
1478,3,2024-01-22,2025-03-05,Middle Income Segment,Poor,3k-6k,560.3333333333334,4877.45,7954.49,21.17,0,1,3,3,True
1479,2,2024-04-13,2025-02-07,High Income Segment,Exceptional,6k-10k,688.0,9259.31,6111.23,0.0,0,1,2,2,True
1480,1,2023-11-11,2023-11-11,Low Income Segment,Good,Under 3k,700.0,1051.49,12111.51,120.4,0,1,1,1,False
1481,3,2023-05-01,2024-09-25,Middle Income Segment,Poor,3k-6k,473.0,3817.096666666667,11321.62,50.33,0,2,3,3,True
1482,2,2023-12-24,2025-02-06,High Income Segment,Fair,3k-6k,567.0,6042.05,21393.6,10.24,0,2,2,2,True
1483,1,2024-01-16,2024-01-16,Middle Income Segment,Very Good,6k-10k,774.0,6151.7,1159.47,0.0,0,1,1,1,False
1484,2,2023-05-31,2023-06-29,High Income Segment,Poor,3k-6k,467.0,7458.424999999999,8467.99,82.81,0,2,2,2,True
1486,1,2023-10-03,2023-10-03,Low Income Segment,Very Good,Under 3k,798.0,1135.69,11624.79,29.25,0,1,1,1,False
1488,2,2023-08-13,2023-11-06,High Income Segment,Poor,3k-6k,574.0,6685.165,7966.05,0.0,0,2,2,2,True
1489,5,2023-02-05,2024-06-29,Middle Income Segment,Poor,3k-6k,470.4,5433.719999999999,17782.8,211.19,1,2,5,5,True
1490,3,2023-12-24,2024-09-07,High Income Segment,Exceptional,6k-10k,641.0,7184.900000000001,14666.689999999999,86.13,0,2,3,3,True
1492,2,2023-11-11,2023-11-14,High Income Segment,Poor,6k-10k,563.0,5479.55,11811.900000000001,11.14,0,2,2,2,True
1493,3,2023-06-26,2024-10-09,Middle Income Segment,Poor,3k-6k,374.3333333333333,4082.7566666666667,16738.07,35.53,0,1,3,3,True
1494,3,2023-08-03,2024-02-03,Middle Income Segment,Poor,3k-6k,404.0,5154.426666666667,27013.72,5.38,0,1,3,3,True
1495,4,2023-03-26,2023-11-11,High Income Segment,Poor,6k-10k,585.0,7363.509999999999,17047.07,170.95,1,2,4,4,True
1496,3,2023-03-27,2024-12-04,High Income Segment,Exceptional,6k-10k,661.3333333333334,7293.283333333333,7297.95,222.21,0,2,3,3,True
1497,4,2023-09-09,2025-03-23,Low Income Segment,Poor,Under 3k,554.75,4384.8724999999995,19515.48,175.87,0,3,4,4,True
1498,3,2023-05-25,2024-10-15,Low Income Segment,Poor,Under 3k,556.0,3073.9833333333336,7670.63,18.61,0,2,3,3,True
1500,3,2023-05-08,2024-02-04,Low Income Segment,Fair,Under 3k,624.0,4275.806666666666,12053.85,134.61,0,2,3,3,True
1501,1,2024-04-03,2024-04-03,High Income Segment,Poor,6k-10k,501.0,9520.21,6512.38,4.28,0,1,1,1,False
1502,2,2024-03-15,2024-05-16,High Income Segment,Exceptional,3k-6k,651.5,5140.165,7483.94,0.0,0,2,2,2,True
1504,3,2023-09-05,2023-12-02,High Income Segment,Poor,6k-10k,561.0,7253.373333333334,6441.540000000001,82.53,0,2,3,3,True
1506,2,2024-10-05,2024-12-16,High Income Segment,Fair,6k-10k,493.0,4793.36,7708.129999999999,131.76,0,2,2,2,True
1507,2,2023-08-21,2023-10-23,High Income Segment,Fair,3k-6k,523.0,6851.715,9509.93,0.0,0,2,2,2,True
1508,4,2023-01-15,2025-01-25,Low Income Segment,Poor,Under 3k,556.75,3534.105,21477.3,58.870000000000005,0,2,4,4,True
1509,1,2023-07-03,2023-07-03,Middle Income Segment,Fair,3k-6k,602.0,3875.75,2884.96,34.24,0,1,1,1,False
1510,2,2023-05-25,2025-02-24,High Income Segment,Fair,6k-10k,467.5,9424.825,6627.389999999999,181.54999999999998,1,1,2,2,True
1511,2,2024-06-17,2024-12-31,Middle Income Segment,Poor,3k-6k,407.5,3339.965,8759.03,60.68000000000001,0,1,2,2,True
1512,2,2024-12-11,2025-04-26,Low Income Segment,Poor,3k-6k,437.0,3293.875,26042.72,0.0,0,2,2,2,True
1513,1,2023-11-11,2023-11-11,Low Income Segment,Poor,Under 3k,523.0,1784.86,9834.73,86.58,0,1,1,1,False
1514,4,2023-09-06,2024-09-30,High Income Segment,Fair,6k-10k,527.75,5255.349999999999,39769.34,15.95,0,2,4,4,True
1515,1,2023-05-06,2023-05-06,Low Income Segment,Fair,Under 3k,656.0,2905.77,8161.81,157.28,1,1,1,1,False
1517,2,2024-12-11,2025-03-27,Low Income Segment,Fair,3k-6k,507.0,3424.5299999999997,15451.97,0.0,0,2,2,2,True
1518,1,2024-06-04,2024-06-04,Middle Income Segment,Good,3k-6k,699.0,3855.64,8676.43,80.29,0,1,1,1,False
1519,2,2024-10-08,2025-01-25,High Income Segment,Fair,6k-10k,538.0,7958.344999999999,11506.98,75.6,0,1,2,2,True
1521,4,2023-03-06,2024-07-13,High Income Segment,Poor,6k-10k,493.25,6770.055,12243.02,178.45999999999998,0,2,4,4,True
1522,2,2023-06-08,2024-04-23,Low Income Segment,Exceptional,3k-6k,813.5,3067.85,8279.4,0.0,0,2,2,2,True
1523,2,2024-06-23,2024-09-03,High Income Segment,Good,3k-6k,735.0,7574.650000000001,11376.619999999999,90.66,0,2,2,2,True
1524,2,2023-03-16,2024-05-17,High Income Segment,Good,6k-10k,530.0,8072.355,13517.48,82.89,0,2,2,2,True
1525,3,2024-07-05,2025-03-29,High Income Segment,Fair,6k-10k,592.6666666666666,6677.573333333334,26054.5,1.16,0,2,3,3,True
1526,6,2023-01-26,2025-03-09,High Income Segment,Poor,6k-10k,483.6666666666667,6621.306666666667,35604.99,380.53,1,2,6,6,True
1527,4,2023-02-07,2025-03-03,High Income Segment,Poor,6k-10k,514.25,6284.51,20898.81,191.15,0,3,4,4,True
1528,1,2024-06-10,2024-06-10,Middle Income Segment,Good,3k-6k,697.0,3583.43,1226.01,0.0,0,1,1,1,False
1529,5,2023-09-16,2024-09-16,Low Income Segment,Good,3k-6k,590.6,4338.868,26868.41,222.29999999999998,1,3,5,5,True
1530,2,2023-09-13,2025-04-02,High Income Segment,Poor,6k-10k,649.5,9547.455,8547.16,12.07,0,1,2,2,True
1531,3,2023-08-21,2025-01-09,Middle Income Segment,Poor,3k-6k,466.6666666666667,6162.163333333333,6873.72,33.44,0,2,3,3,True
1532,1,2023-03-10,2023-03-10,Middle Income Segment,Fair,3k-6k,645.0,4742.46,7697.3,9.77,0,1,1,1,False
1533,2,2023-09-14,2023-12-30,Low Income Segment,Poor,Under 3k,437.5,1875.32,12754.13,24.35,0,1,2,2,True
1534,2,2024-02-11,2024-08-27,Low Income Segment,Poor,3k-6k,483.0,2281.94,21500.57,0.0,0,2,2,2,True
1535,2,2023-06-22,2024-07-28,Low Income Segment,Exceptional,6k-10k,785.5,4474.525,18101.75,199.13,1,2,2,2,True
1536,2,2023-11-09,2024-10-07,High Income Segment,Good,6k-10k,720.0,5572.210000000001,12069.44,34.03,0,2,2,2,True
1537,3,2023-07-09,2025-05-06,Middle Income Segment,Exceptional,6k-10k,639.3333333333334,4832.066666666667,21109.64,138.87,0,2,3,3,True
1539,5,2023-02-12,2025-03-05,High Income Segment,Poor,6k-10k,476.6,6497.616,24816.18,88.09,0,3,5,5,True
1540,4,2023-04-18,2024-01-19,Low Income Segment,Exceptional,Under 3k,662.0,3467.5975,26152.25,263.9,1,2,4,4,True
1541,3,2023-01-12,2024-02-27,Middle Income Segment,Poor,6k-10k,351.6666666666667,5733.95,20102.77,37.18,0,2,3,3,True
1542,1,2025-02-28,2025-02-28,Middle Income Segment,Exceptional,3k-6k,821.0,4070.48,10152.68,68.64,0,1,1,1,False
1543,2,2024-03-12,2024-11-19,High Income Segment,Poor,6k-10k,558.0,7364.715,17293.11,184.34,0,2,2,2,True
1544,2,2024-12-23,2025-01-31,High Income Segment,Good,6k-10k,710.5,5316.360000000001,9774.46,6.69,0,2,2,2,True
1545,3,2023-05-14,2024-04-06,High Income Segment,Exceptional,6k-10k,829.0,7658.186666666666,23772.2,45.89,0,1,3,3,True
1546,1,2023-09-14,2023-09-14,High Income Segment,Exceptional,6k-10k,849.0,8588.8,2971.51,162.22,1,1,1,1,False
1547,2,2024-02-18,2025-04-25,High Income Segment,Poor,6k-10k,461.0,6440.915,11108.97,10.58,0,2,2,2,True
1548,2,2023-06-24,2023-07-22,Middle Income Segment,Poor,3k-6k,551.5,4168.485000000001,5311.6,49.06,0,1,2,2,True
1549,1,2024-06-10,2024-06-10,Middle Income Segment,Poor,3k-6k,394.0,4732.77,1442.95,0.0,0,1,1,1,False
1550,1,2025-03-24,2025-03-24,Low Income Segment,Poor,Under 3k,359.0,2068.7,2067.25,0.0,0,1,1,1,False
1551,3,2023-12-19,2024-11-26,Middle Income Segment,Fair,3k-6k,618.6666666666666,5482.796666666666,11654.15,83.78,0,1,3,3,True
1552,3,2023-12-18,2024-06-28,High Income Segment,Poor,6k-10k,521.6666666666666,5972.576666666667,9564.96,0.0,0,2,3,3,True
1553,3,2023-06-03,2024-03-07,High Income Segment,Poor,6k-10k,397.6666666666667,6683.676666666667,14889.43,28.97,0,2,3,3,True
1554,2,2024-07-22,2024-08-10,Middle Income Segment,Exceptional,3k-6k,624.0,5402.48,5336.610000000001,40.99,0,1,2,2,True
1555,2,2023-12-16,2025-04-11,Middle Income Segment,Fair,3k-6k,691.5,5091.115,8605.54,0.0,0,1,2,2,True
1556,6,2023-06-27,2024-12-31,Middle Income Segment,Poor,3k-6k,590.1666666666666,5975.841666666667,34557.63,56.44,0,2,6,6,True
1557,4,2023-08-21,2024-05-07,High Income Segment,Poor,6k-10k,562.25,6070.35,16405.699999999997,180.81,1,3,4,4,True
1558,1,2024-12-08,2024-12-08,Low Income Segment,Poor,Under 3k,571.0,1060.67,10434.0,0.0,0,1,1,1,False
1559,6,2023-04-23,2024-12-21,Low Income Segment,Poor,Under 3k,482.0,4374.54,46987.08,301.97999999999996,1,2,6,6,True
1560,4,2023-04-21,2025-02-14,Low Income Segment,Very Good,Under 3k,626.5,4423.2675,11477.769999999999,0.0,0,3,4,4,True
1561,5,2023-02-14,2024-01-02,Low Income Segment,Poor,Under 3k,576.8,2523.946,23197.87,55.75,0,2,5,5,True
1562,2,2024-04-15,2024-08-02,Low Income Segment,Good,3k-6k,586.0,4398.0650000000005,8862.13,23.18,0,2,2,2,True
1564,2,2023-02-27,2025-01-13,Middle Income Segment,Fair,3k-6k,542.0,5048.23,11526.45,59.68,0,1,2,2,True
1565,5,2023-05-07,2024-10-27,Middle Income Segment,Poor,3k-6k,607.4,5740.418,28415.43,169.59,0,3,5,5,True
1566,1,2024-06-20,2024-06-20,Low Income Segment,Good,Under 3k,703.0,1918.28,4012.91,27.88,0,1,1,1,False
1567,2,2023-03-05,2024-07-19,High Income Segment,Poor,3k-6k,598.0,6912.110000000001,18044.25,114.86,0,2,2,2,True
1568,2,2023-12-01,2025-04-04,Middle Income Segment,Fair,3k-6k,463.0,5641.4,6817.94,0.0,0,1,2,2,True
1569,5,2023-04-07,2024-06-22,High Income Segment,Poor,6k-10k,483.8,6193.4580000000005,40431.32,571.38,2,2,5,5,True
1570,2,2024-08-09,2024-10-30,Middle Income Segment,Fair,3k-6k,487.0,5421.6900000000005,9683.0,34.24,0,1,2,2,True
1571,5,2023-02-22,2025-04-21,Middle Income Segment,Good,6k-10k,579.2,6609.388000000001,19595.17,51.79,0,2,5,5,True
1572,4,2024-01-07,2025-05-04,High Income Segment,Poor,3k-6k,547.5,6753.4125,33751.25,256.32,1,2,4,4,True
1573,1,2023-07-18,2023-07-18,High Income Segment,Fair,6k-10k,629.0,9706.9,6470.71,0.0,0,1,1,1,False
1574,4,2023-02-20,2025-03-16,Low Income Segment,Poor,Under 3k,581.0,3728.7325,32320.34,321.61,2,2,4,4,True
1575,2,2023-05-31,2025-02-27,High Income Segment,Fair,6k-10k,449.0,8294.115,15011.380000000001,2.22,0,1,2,2,True
1576,1,2024-02-14,2024-02-14,Middle Income Segment,Poor,3k-6k,539.0,3110.97,8630.62,20.42,0,1,1,1,False
1577,2,2025-02-24,2025-04-11,Low Income Segment,Fair,3k-6k,597.5,3311.635,12096.4,108.06,0,2,2,2,True
1578,2,2023-01-02,2025-01-08,Middle Income Segment,Exceptional,3k-6k,811.5,5125.77,5388.25,0.0,0,1,2,2,True
1579,1,2024-07-07,2024-07-07,Middle Income Segment,Very Good,6k-10k,782.0,6820.86,4039.12,7.36,0,1,1,1,False
1580,3,2023-10-22,2024-04-02,Middle Income Segment,Poor,3k-6k,458.3333333333333,5286.376666666667,14966.86,90.82,0,2,3,3,True
1581,3,2024-09-22,2025-02-04,High Income Segment,Poor,3k-6k,397.0,4981.586666666667,12748.44,27.25,0,3,3,3,True
1582,1,2025-02-21,2025-02-21,Low Income Segment,Poor,Under 3k,464.0,2718.68,3666.17,107.48,0,1,1,1,False
1583,3,2023-02-23,2023-10-03,Middle Income Segment,Poor,6k-10k,554.3333333333334,6326.686666666667,22533.879999999997,77.19,0,1,3,3,True
1584,2,2025-02-25,2025-04-29,Middle Income Segment,Exceptional,3k-6k,693.5,4928.835,7255.51,39.49,0,1,2,2,True
1585,1,2023-10-01,2023-10-01,Low Income Segment,Poor,Under 3k,527.0,2341.36,5808.83,52.55,0,1,1,1,False
1586,1,2023-12-25,2023-12-25,Low Income Segment,Poor,Under 3k,311.0,1471.82,5162.98,0.0,0,1,1,1,False
1587,1,2024-05-31,2024-05-31,Middle Income Segment,Poor,3k-6k,541.0,5209.32,600.45,97.67,0,1,1,1,False
1588,3,2023-07-28,2024-12-17,High Income Segment,Poor,6k-10k,451.3333333333333,7280.856666666667,24837.24,39.43,0,2,3,3,True
1589,5,2023-11-08,2024-12-26,High Income Segment,Poor,6k-10k,498.2,6746.697999999999,44823.43,39.36,0,3,5,5,True
1590,2,2023-02-23,2025-02-10,High Income Segment,Poor,6k-10k,418.5,7762.025,5610.29,7.39,0,1,2,2,True
1591,2,2024-03-02,2025-05-03,High Income Segment,Good,3k-6k,617.5,6422.555,2515.5,155.64,1,2,2,2,True
1592,2,2023-09-24,2024-12-15,High Income Segment,Good,6k-10k,720.0,8639.435,10145.34,88.67999999999999,0,1,2,2,True
1593,3,2023-10-13,2024-08-26,High Income Segment,Good,6k-10k,646.6666666666666,6830.516666666667,17361.53,33.68,0,2,2,3,True
1594,5,2023-03-22,2025-05-08,Middle Income Segment,Poor,3k-6k,522.6,5442.728,25035.95,141.02,0,3,5,5,True
1595,2,2023-10-07,2025-04-07,Low Income Segment,Good,6k-10k,608.0,4247.205,5704.83,0.0,0,2,2,2,True
1596,3,2023-07-04,2024-04-06,Middle Income Segment,Good,6k-10k,635.3333333333334,6833.713333333333,18580.15,65.78,0,2,3,3,True
1597,5,2023-02-15,2025-04-24,Middle Income Segment,Poor,3k-6k,515.4,5471.248,37141.2,117.05,0,3,5,5,True
1598,2,2023-05-12,2023-05-12,Low Income Segment,Poor,3k-6k,438.5,3594.6800000000003,14558.82,61.33,0,2,2,2,True
1599,4,2024-04-22,2025-03-11,Low Income Segment,Poor,6k-10k,570.0,4883.0225,10066.44,240.42,1,3,4,4,True
1600,4,2024-05-03,2024-11-18,Middle Income Segment,Fair,3k-6k,709.5,4346.7325,14864.95,16.3,0,1,4,4,True
1601,1,2023-02-03,2023-02-03,Middle Income Segment,Good,3k-6k,737.0,3160.93,4513.3,49.62,0,1,1,1,False
1602,3,2023-02-09,2024-11-03,High Income Segment,Exceptional,6k-10k,668.3333333333334,9296.103333333333,15175.449999999999,150.65,1,1,3,3,True
1603,1,2023-04-16,2023-04-16,High Income Segment,Very Good,6k-10k,768.0,7197.63,15389.68,0.0,0,1,1,1,False
1604,3,2023-05-03,2024-11-22,Middle Income Segment,Fair,3k-6k,619.0,5555.343333333333,7505.65,266.81,1,1,3,3,True
1605,3,2024-06-12,2025-03-21,High Income Segment,Fair,6k-10k,655.0,8589.656666666668,4068.61,0.0,0,1,3,3,True
1606,3,2023-02-03,2024-08-18,High Income Segment,Fair,6k-10k,664.3333333333334,5148.986666666667,7318.08,210.68999999999997,1,3,2,3,True
1607,2,2023-12-14,2024-03-21,High Income Segment,Exceptional,3k-6k,711.0,6232.14,17310.55,83.17,0,2,2,2,True
1608,1,2023-07-17,2023-07-17,Low Income Segment,Very Good,Under 3k,782.0,1724.14,8801.3,16.24,0,1,1,1,False
1609,1,2024-01-05,2024-01-05,High Income Segment,Fair,6k-10k,666.0,9751.23,1960.72,0.0,0,1,1,1,False
1610,2,2023-08-22,2025-04-10,Low Income Segment,Exceptional,6k-10k,673.5,4065.74,6166.78,29.55,0,2,2,2,True
1611,1,2023-09-10,2023-09-10,Middle Income Segment,Fair,3k-6k,658.0,3934.89,12884.96,47.11,0,1,1,1,False
1612,1,2025-02-28,2025-02-28,High Income Segment,Good,6k-10k,674.0,7274.72,7129.35,50.6,0,1,1,1,False
1613,4,2024-05-17,2025-02-20,High Income Segment,Poor,6k-10k,480.25,6307.8875,26076.379999999997,25.53,0,3,4,4,True
1614,4,2023-03-28,2025-02-09,High Income Segment,Exceptional,6k-10k,663.5,7948.584999999999,16795.04,204.99,1,2,4,4,True
1615,7,2023-01-13,2025-01-25,Middle Income Segment,Very Good,3k-6k,664.5714285714286,5184.71,31341.1,310.29,1,2,7,7,True
1616,1,2024-05-27,2024-05-27,High Income Segment,Poor,6k-10k,449.0,8623.18,2867.27,0.0,0,1,1,1,False
1617,3,2023-03-29,2024-10-29,Middle Income Segment,Fair,6k-10k,592.6666666666666,6584.150000000001,16980.58,69.76,0,2,3,3,True
1618,1,2025-04-16,2025-04-16,Low Income Segment,Poor,Under 3k,440.0,2953.73,1005.91,0.0,0,1,1,1,False
1619,4,2023-07-31,2024-06-30,Middle Income Segment,Good,3k-6k,688.0,5711.5125,25597.83,86.02,0,3,4,4,True
1620,3,2023-10-08,2025-05-04,High Income Segment,Fair,3k-6k,550.3333333333334,5117.19,15354.32,119.66,0,3,3,3,True
1622,3,2023-01-28,2023-11-06,High Income Segment,Exceptional,6k-10k,654.6666666666666,7638.25,15604.119999999999,396.49,2,2,3,3,True
1623,2,2023-08-31,2025-02-18,High Income Segment,Good,6k-10k,741.0,7800.435,13780.23,0.0,0,2,2,2,True
1625,3,2023-03-15,2025-01-05,High Income Segment,Exceptional,6k-10k,694.3333333333334,7326.206666666666,13105.72,0.0,0,2,3,3,True
1626,1,2023-09-28,2023-09-28,High Income Segment,Fair,6k-10k,622.0,9443.1,7424.04,0.0,0,1,1,1,False
1627,1,2025-02-20,2025-02-20,High Income Segment,Poor,6k-10k,457.0,9342.69,3552.56,0.0,0,1,1,1,False
1628,2,2024-11-15,2024-12-03,Middle Income Segment,Poor,6k-10k,405.0,6608.325000000001,22056.71,99.52000000000001,0,1,2,2,True
1629,2,2024-01-28,2024-10-11,High Income Segment,Poor,3k-6k,405.0,6404.45,3203.9799999999996,0.0,0,2,2,2,True
1630,2,2023-09-14,2024-12-01,High Income Segment,Good,3k-6k,596.0,7041.67,6190.69,252.45999999999998,1,2,2,2,True
1631,2,2023-08-17,2024-11-04,Low Income Segment,Fair,3k-6k,476.0,2710.08,19262.199999999997,0.0,0,2,2,2,True
1632,3,2023-12-28,2025-01-20,High Income Segment,Poor,6k-10k,410.6666666666667,7529.169999999999,10469.36,43.34,0,2,3,3,True
1633,2,2023-10-15,2024-07-24,Low Income Segment,Poor,3k-6k,404.0,3432.1,3129.63,39.81,0,2,2,2,True
1634,4,2023-01-02,2024-12-24,Middle Income Segment,Fair,6k-10k,601.75,5350.54,25041.65,66.09,0,3,4,4,True
1635,2,2023-04-13,2025-04-14,High Income Segment,Poor,6k-10k,436.0,4662.335,16436.61,42.06,0,2,2,2,True
1636,1,2025-02-18,2025-02-18,Low Income Segment,Very Good,Under 3k,789.0,1775.72,8693.72,34.36,0,1,1,1,False
1637,3,2023-03-28,2025-02-02,High Income Segment,Poor,6k-10k,598.3333333333334,6467.860000000001,20132.64,101.15,0,2,3,3,True
1638,3,2023-01-09,2023-06-03,High Income Segment,Poor,3k-6k,605.3333333333334,4564.636666666666,7609.03,108.2,0,3,3,3,True
1639,2,2023-04-23,2024-09-23,High Income Segment,Poor,6k-10k,500.5,5120.0,15205.34,121.01,0,2,2,2,True
1641,2,2023-12-23,2023-12-29,High Income Segment,Poor,6k-10k,440.0,5797.82,13535.93,41.11,0,2,2,2,True
1642,1,2024-07-30,2024-07-30,Middle Income Segment,Exceptional,6k-10k,836.0,6003.58,1863.83,3.69,0,1,1,1,False
1643,2,2023-01-05,2024-05-26,High Income Segment,Fair,3k-6k,609.5,6855.445,12080.57,0.0,0,2,2,2,True
1644,1,2024-01-21,2024-01-21,Middle Income Segment,Fair,6k-10k,584.0,6039.79,12372.94,0.0,0,1,1,1,False
1645,3,2023-06-02,2024-06-16,Middle Income Segment,Exceptional,6k-10k,686.3333333333334,5191.233333333334,14589.98,170.23,1,2,3,3,True
1646,2,2023-04-05,2023-05-11,High Income Segment,Poor,3k-6k,404.5,7031.719999999999,18507.96,316.68,1,2,2,2,True
1648,3,2023-06-16,2025-05-01,High Income Segment,Poor,3k-6k,537.6666666666666,4971.956666666666,16149.63,190.04000000000002,0,3,3,3,True
1649,1,2024-09-02,2024-09-02,Middle Income Segment,Very Good,6k-10k,754.0,6523.76,2839.02,0.0,0,1,1,1,False
1650,1,2023-03-30,2023-03-30,Low Income Segment,Poor,Under 3k,459.0,1405.5,5333.92,0.0,0,1,1,1,False
1652,1,2023-03-02,2023-03-02,Low Income Segment,Fair,Under 3k,665.0,2023.62,9692.57,1.01,0,1,1,1,False
1653,2,2023-05-07,2024-09-06,High Income Segment,Fair,6k-10k,674.5,5750.575000000001,13071.09,62.0,0,2,2,2,True
1654,3,2023-11-09,2024-12-20,Low Income Segment,Poor,Under 3k,517.6666666666666,2056.44,13674.92,57.92,0,1,3,3,True
1656,1,2023-02-12,2023-02-12,Middle Income Segment,Poor,3k-6k,511.0,5191.5,5819.84,44.99,0,1,1,1,False
1658,4,2023-04-29,2024-09-18,Middle Income Segment,Poor,6k-10k,483.0,5178.595,23149.170000000002,308.45,1,3,4,4,True
1659,5,2023-01-17,2024-03-09,Middle Income Segment,Poor,3k-6k,444.0,4547.7919999999995,29447.95,404.0,1,2,5,5,True
1660,5,2023-01-01,2023-11-21,High Income Segment,Fair,6k-10k,598.8,7402.152,40365.11,121.39,0,2,5,5,True
1661,4,2023-07-19,2024-06-08,Middle Income Segment,Poor,3k-6k,418.5,5548.42,16399.05,190.58,1,2,4,4,True
1662,4,2023-09-23,2025-01-22,Middle Income Segment,Exceptional,3k-6k,681.0,5525.5025000000005,14180.369999999999,49.25,0,3,4,4,True
1663,5,2023-02-21,2024-12-17,High Income Segment,Poor,6k-10k,576.6,5739.26,28138.41,55.92,0,3,5,5,True
1665,3,2023-01-07,2025-03-30,High Income Segment,Poor,6k-10k,644.0,6830.900000000001,8348.650000000001,140.55,0,2,3,3,True
1666,4,2024-10-20,2025-01-02,Middle Income Segment,Exceptional,3k-6k,646.0,3645.6575,18549.29,179.31,0,2,4,4,True
1667,3,2024-05-15,2025-04-09,High Income Segment,Good,6k-10k,604.6666666666666,6290.080000000001,10735.23,0.0,0,2,3,3,True
1668,1,2024-06-20,2024-06-20,Middle Income Segment,Poor,3k-6k,550.0,5107.19,8848.26,47.28,0,1,1,1,False
1669,2,2023-05-25,2024-09-26,Low Income Segment,Poor,Under 3k,445.5,1701.5300000000002,6624.389999999999,296.97,1,1,2,2,True
1670,1,2025-02-05,2025-02-05,Middle Income Segment,Fair,3k-6k,621.0,3394.04,1172.79,30.26,0,1,1,1,False
1671,5,2023-07-23,2025-03-19,Middle Income Segment,Fair,3k-6k,620.0,5199.718,31723.84,374.94,1,3,5,5,True
1672,1,2023-03-07,2023-03-07,Middle Income Segment,Very Good,3k-6k,771.0,4431.49,1605.6,0.0,0,1,1,1,False
1673,1,2023-06-05,2023-06-05,Low Income Segment,Good,Under 3k,715.0,1678.84,4960.23,0.0,0,1,1,1,False
1674,1,2023-11-24,2023-11-24,Middle Income Segment,Poor,6k-10k,388.0,6613.97,859.34,134.15,0,1,1,1,False
1675,3,2024-01-17,2024-04-19,High Income Segment,Fair,3k-6k,574.0,5974.893333333333,28291.6,178.95,1,3,3,3,True
1676,1,2023-08-15,2023-08-15,Middle Income Segment,Poor,6k-10k,553.0,6083.9,1653.16,0.0,0,1,1,1,False
1677,2,2024-07-24,2025-01-28,Low Income Segment,Poor,6k-10k,406.0,4167.4400000000005,11276.740000000002,3.84,0,2,2,2,True
1678,3,2024-04-05,2024-11-26,Middle Income Segment,Poor,6k-10k,539.0,6320.353333333333,25168.54,22.32,0,2,3,3,True
1679,5,2023-02-22,2025-03-30,Low Income Segment,Fair,3k-6k,662.0,4027.468,37438.740000000005,197.37,0,3,5,5,True
1680,3,2023-01-31,2024-07-14,Middle Income Segment,Poor,6k-10k,513.6666666666666,7268.653333333333,13980.42,29.17,0,2,3,3,True
1681,2,2024-04-07,2025-02-19,Low Income Segment,Poor,3k-6k,406.0,3538.74,13467.99,145.37,0,2,2,2,True
1682,1,2023-07-25,2023-07-25,Low Income Segment,Poor,Under 3k,489.0,2083.94,7063.71,81.39,0,1,1,1,False
1683,1,2023-01-10,2023-01-10,Middle Income Segment,Good,3k-6k,700.0,5655.95,6042.16,76.58,0,1,1,1,False
1684,3,2023-01-22,2024-03-19,Middle Income Segment,Fair,3k-6k,619.6666666666666,3718.6066666666666,15821.71,0.0,0,2,3,3,True
1685,2,2023-04-23,2023-12-15,Low Income Segment,Fair,3k-6k,715.5,3716.96,8291.36,195.79,1,2,2,2,True
1686,3,2023-05-10,2024-06-20,High Income Segment,Exceptional,3k-6k,648.0,5069.7266666666665,19729.92,372.40999999999997,1,3,3,3,True
1687,6,2023-07-07,2024-11-26,Low Income Segment,Poor,Under 3k,635.6666666666666,3957.6650000000004,31931.39,309.19,1,3,6,6,True
1688,2,2023-09-01,2024-10-06,High Income Segment,Poor,6k-10k,442.0,8764.595000000001,5883.08,39.0,0,1,2,2,True
1689,5,2023-03-04,2024-11-27,Middle Income Segment,Poor,3k-6k,618.4,5703.258,9691.46,233.03,0,1,5,5,True
1690,4,2023-10-14,2025-03-06,Low Income Segment,Poor,Under 3k,453.5,3936.06,21589.6,227.37,0,3,4,4,True
1691,2,2023-10-26,2023-11-26,Middle Income Segment,Good,6k-10k,610.5,6700.465,10181.11,244.61,0,1,2,2,True
1692,2,2023-10-09,2024-08-12,Low Income Segment,Exceptional,Under 3k,703.0,1727.5300000000002,5392.49,0.0,0,1,2,2,True
1693,6,2023-03-09,2024-12-23,Middle Income Segment,Poor,3k-6k,557.3333333333334,4322.8,49854.07,395.29999999999995,1,2,6,6,True
1694,1,2023-11-27,2023-11-27,Middle Income Segment,Fair,3k-6k,663.0,3141.82,1163.44,3.79,0,1,1,1,False
1695,2,2024-05-20,2025-03-15,Middle Income Segment,Good,3k-6k,515.0,6279.4,14155.7,18.71,0,1,2,2,True
1696,1,2025-04-19,2025-04-19,High Income Segment,Poor,6k-10k,494.0,9880.02,5323.75,40.35,0,1,1,1,False
1697,2,2024-05-01,2025-05-09,Low Income Segment,Poor,3k-6k,462.0,2781.105,11292.91,122.58000000000001,0,2,2,2,True
1698,3,2023-04-10,2024-10-22,Middle Income Segment,Fair,3k-6k,579.0,4372.136666666666,11782.170000000002,196.64,1,2,3,3,True
1699,2,2024-04-08,2024-10-16,High Income Segment,Fair,3k-6k,577.0,6264.645,8283.53,18.54,0,2,2,2,True
1700,3,2023-05-14,2024-11-18,Middle Income Segment,Poor,3k-6k,562.0,5821.16,24104.37,0.0,0,2,3,3,True
1701,2,2024-09-30,2025-02-05,Low Income Segment,Exceptional,6k-10k,835.0,4065.48,4728.85,6.59,0,2,2,2,True
1702,1,2024-07-21,2024-07-21,Middle Income Segment,Exceptional,6k-10k,818.0,6752.38,918.38,0.0,0,1,1,1,False
1703,6,2023-03-20,2024-07-06,Low Income Segment,Poor,Under 3k,511.1666666666667,4204.155,50630.09,79.63,0,3,6,6,True
1704,2,2023-08-16,2025-02-25,High Income Segment,Poor,3k-6k,423.5,7390.775,8067.49,87.41,0,2,2,2,True
1706,1,2023-09-04,2023-09-04,Low Income Segment,Fair,Under 3k,619.0,1125.81,3009.81,22.7,0,1,1,1,False
1707,3,2024-04-15,2024-10-05,High Income Segment,Good,6k-10k,677.6666666666666,7798.57,8937.55,87.94,0,2,2,3,True
1708,1,2023-10-04,2023-10-04,High Income Segment,Poor,6k-10k,477.0,9386.68,4175.69,0.0,0,1,1,1,False
1709,2,2023-01-21,2023-07-25,Low Income Segment,Poor,6k-10k,437.0,4692.02,13395.42,183.79000000000002,0,2,2,2,True
1710,2,2023-06-17,2025-04-21,High Income Segment,Fair,6k-10k,670.0,8213.19,2872.6800000000003,238.51,1,2,2,2,True
1711,3,2023-12-13,2025-02-19,Low Income Segment,Poor,Under 3k,596.3333333333334,4169.456666666667,23701.56,0.0,0,2,3,3,True
1712,4,2023-01-07,2024-11-05,Middle Income Segment,Poor,6k-10k,496.25,4958.327499999999,19967.760000000002,22.61,0,3,4,4,True
1713,3,2024-06-28,2024-11-20,Middle Income Segment,Very Good,6k-10k,738.3333333333334,7464.329999999999,13881.689999999999,37.92,0,2,3,3,True
1714,1,2025-02-25,2025-02-25,Middle Income Segment,Fair,6k-10k,654.0,6013.84,3344.94,0.0,0,1,1,1,False
1716,6,2023-05-05,2025-05-13,High Income Segment,Poor,6k-10k,557.0,6555.134999999999,38663.0,378.62,2,3,6,6,True
1717,5,2023-03-14,2024-06-05,High Income Segment,Poor,6k-10k,496.2,6641.436,35612.56,34.400000000000006,0,3,5,5,True
1719,5,2023-05-04,2025-03-07,High Income Segment,Poor,6k-10k,587.8,7084.9580000000005,39859.46,378.15,2,2,5,5,True
1720,1,2025-01-29,2025-01-29,Middle Income Segment,Poor,3k-6k,311.0,3371.7,11667.86,86.17,0,1,1,1,False
1721,5,2024-10-06,2025-02-21,Middle Income Segment,Poor,6k-10k,555.6,6118.832,33992.3,181.8,0,2,5,5,True
1722,5,2023-03-03,2024-12-02,Middle Income Segment,Fair,3k-6k,586.6,4852.38,28162.690000000002,254.83999999999997,1,3,5,5,True
1723,4,2023-03-09,2025-05-18,Middle Income Segment,Exceptional,3k-6k,668.75,5366.05,15124.85,419.77,2,2,4,4,True
1724,1,2024-01-30,2024-01-30,Low Income Segment,Poor,Under 3k,512.0,2614.64,3374.47,0.0,0,1,1,1,False
1725,1,2024-11-07,2024-11-07,Middle Income Segment,Good,3k-6k,722.0,5421.75,3624.45,0.0,0,1,1,1,False
1726,5,2023-04-27,2025-03-15,Middle Income Segment,Poor,3k-6k,537.2,4724.992,35646.89,271.41999999999996,1,2,5,5,True
1727,3,2024-01-28,2025-03-12,High Income Segment,Poor,6k-10k,563.3333333333334,5353.623333333334,24037.0,14.74,0,3,3,3,True
1728,2,2023-04-03,2023-08-09,Low Income Segment,Exceptional,3k-6k,696.0,2886.87,22752.23,42.38,0,2,2,2,True
1730,3,2023-12-01,2025-03-19,Middle Income Segment,Poor,6k-10k,552.6666666666666,6674.81,17149.21,31.39,0,2,3,3,True
1731,2,2023-01-31,2024-05-27,High Income Segment,Exceptional,6k-10k,744.5,6029.4800000000005,13048.23,42.71,0,2,2,2,True
1732,2,2024-09-01,2025-03-23,High Income Segment,Exceptional,3k-6k,659.5,7555.639999999999,8864.619999999999,0.0,0,2,2,2,True
1734,2,2023-10-14,2023-11-11,High Income Segment,Exceptional,6k-10k,686.0,8038.695,17356.82,80.55000000000001,0,2,2,2,True
1735,1,2023-06-14,2023-06-14,Middle Income Segment,Poor,6k-10k,455.0,6761.86,8461.17,62.65,0,1,1,1,False
1737,3,2023-10-24,2024-09-22,High Income Segment,Exceptional,6k-10k,650.0,6352.166666666667,6389.51,58.25,0,2,3,3,True
1739,2,2023-12-22,2025-03-06,Middle Income Segment,Poor,3k-6k,626.0,3455.4,15564.95,0.0,0,1,2,2,True
1740,3,2023-10-01,2024-02-17,High Income Segment,Fair,6k-10k,652.6666666666666,8678.513333333334,14124.78,0.0,0,1,3,3,True
1743,4,2023-07-09,2025-05-04,High Income Segment,Fair,6k-10k,511.0,5179.55,26896.15,319.74,1,3,4,4,True
1744,2,2024-05-26,2024-10-29,Low Income Segment,Good,6k-10k,633.0,3924.94,12275.61,114.85,0,2,2,2,True
1745,2,2023-12-30,2025-02-25,High Income Segment,Fair,6k-10k,570.5,5026.995000000001,1255.12,0.0,0,2,2,2,True
1746,3,2023-05-30,2024-10-19,Middle Income Segment,Poor,3k-6k,463.0,6022.993333333333,12670.79,0.0,0,2,3,3,True
1747,2,2023-07-05,2023-08-23,High Income Segment,Poor,3k-6k,433.0,6588.425,11089.76,138.07,0,2,2,2,True
1748,1,2023-01-31,2023-01-31,Low Income Segment,Fair,Under 3k,616.0,1141.82,4029.1,62.7,0,1,1,1,False
1749,4,2024-03-20,2025-03-29,High Income Segment,Poor,6k-10k,600.5,6104.51,30943.04,144.23999999999998,0,3,4,4,True
1750,1,2023-09-06,2023-09-06,Middle Income Segment,Poor,6k-10k,464.0,6028.72,324.33,46.02,0,1,1,1,False
1751,1,2024-07-12,2024-07-12,Low Income Segment,Fair,Under 3k,637.0,1565.81,6045.6,31.48,0,1,1,1,False
1752,1,2023-05-17,2023-05-17,Middle Income Segment,Poor,3k-6k,387.0,4971.05,12199.16,69.25,0,1,1,1,False
1753,2,2023-04-05,2024-12-27,High Income Segment,Good,3k-6k,716.5,6147.055,9057.86,51.24,0,2,2,2,True
1754,5,2023-05-08,2024-12-26,High Income Segment,Poor,6k-10k,654.0,8155.308,9954.54,176.5,1,2,5,5,True
1755,3,2023-08-10,2024-06-27,High Income Segment,Poor,6k-10k,508.6666666666667,8137.416666666667,21742.33,96.18,0,1,3,3,True
1756,2,2023-06-30,2023-07-31,Low Income Segment,Exceptional,Under 3k,632.5,1821.32,3062.33,171.59,1,1,2,2,True
1757,3,2023-11-10,2025-03-02,High Income Segment,Fair,6k-10k,688.3333333333334,6051.170000000001,30034.980000000003,104.73,0,3,3,3,True
1758,1,2024-08-22,2024-08-22,Middle Income Segment,Very Good,3k-6k,791.0,3520.91,1365.49,42.43,0,1,1,1,False
1759,3,2023-02-08,2024-10-09,High Income Segment,Fair,3k-6k,699.6666666666666,4954.84,7665.32,0.0,0,3,3,3,True
1760,4,2023-08-25,2024-09-23,Middle Income Segment,Poor,3k-6k,574.0,4344.555,23633.88,60.97,0,1,4,4,True
1761,4,2023-11-02,2024-12-15,High Income Segment,Poor,6k-10k,426.25,7112.1525,26923.010000000002,259.86,1,2,4,4,True
1762,1,2024-09-18,2024-09-18,Middle Income Segment,Good,3k-6k,717.0,4081.05,3826.16,0.0,0,1,1,1,False
1763,3,2024-05-29,2025-02-27,High Income Segment,Poor,6k-10k,582.0,7360.576666666667,18779.7,113.55000000000001,0,2,3,3,True
1764,2,2025-01-03,2025-04-27,High Income Segment,Poor,3k-6k,535.0,6569.645,12426.77,53.14,0,2,2,2,True
1765,2,2023-01-06,2024-07-22,High Income Segment,Good,6k-10k,710.0,8559.985,13141.21,0.0,0,1,2,2,True
1766,2,2025-03-12,2025-04-15,Low Income Segment,Fair,3k-6k,677.5,3895.6850000000004,9955.58,7.75,0,2,2,2,True
1767,3,2023-04-12,2024-08-08,High Income Segment,Poor,6k-10k,444.6666666666667,7918.393333333333,18100.03,116.46000000000001,0,1,3,3,True
1768,3,2023-09-26,2024-12-05,High Income Segment,Poor,3k-6k,543.6666666666666,4659.543333333334,13520.79,59.88,0,3,3,3,True
1769,5,2023-07-02,2025-02-22,High Income Segment,Poor,6k-10k,580.0,8029.214,36247.15,234.52,1,2,5,5,True
1770,4,2023-09-10,2024-10-31,Middle Income Segment,Fair,6k-10k,624.0,5759.0375,20063.42,40.73,0,3,4,4,True
1771,3,2023-04-30,2025-04-21,Middle Income Segment,Exceptional,3k-6k,631.6666666666666,3875.1766666666663,8060.599999999999,0.0,0,2,3,3,True
1772,1,2024-04-19,2024-04-19,Low Income Segment,Very Good,Under 3k,752.0,1163.03,2912.02,0.0,0,1,1,1,False
1773,3,2023-12-10,2025-05-02,High Income Segment,Fair,6k-10k,589.0,7063.68,8454.49,212.39999999999998,0,2,3,3,True
1774,3,2023-06-24,2024-06-04,High Income Segment,Poor,6k-10k,543.3333333333334,8169.696666666667,23046.129999999997,107.10000000000001,0,1,3,3,True
1775,2,2024-02-17,2025-04-29,Middle Income Segment,Poor,3k-6k,446.0,5217.9400000000005,4287.349999999999,0.0,0,1,2,2,True
1776,1,2024-08-10,2024-08-10,High Income Segment,Exceptional,6k-10k,840.0,7961.46,1485.01,27.78,0,1,1,1,False
1777,2,2023-06-16,2024-07-29,High Income Segment,Good,6k-10k,623.5,8069.924999999999,7892.400000000001,0.0,0,2,2,2,True
1778,2,2023-09-01,2023-12-19,Low Income Segment,Poor,3k-6k,607.5,2360.245,17561.37,6.6,0,2,2,2,True
1779,1,2024-01-12,2024-01-12,Middle Income Segment,Fair,3k-6k,604.0,3658.18,14584.91,0.0,0,1,1,1,False
1780,2,2023-01-24,2024-09-22,Low Income Segment,Good,6k-10k,522.5,3988.73,10642.5,35.72,0,2,2,2,True
1781,2,2023-12-29,2024-09-16,High Income Segment,Poor,6k-10k,565.5,5066.1449999999995,12803.7,80.2,0,2,2,2,True
1782,2,2024-07-28,2024-12-04,Low Income Segment,Fair,6k-10k,491.0,4318.24,6981.46,0.0,0,2,2,2,True
1783,2,2023-05-12,2025-05-18,High Income Segment,Poor,6k-10k,568.5,4872.615,9412.33,0.0,0,2,2,2,True
1784,3,2023-04-29,2024-09-07,Middle Income Segment,Exceptional,6k-10k,629.3333333333334,5788.036666666667,18155.89,246.32,1,2,3,3,True
1785,2,2025-01-31,2025-03-14,High Income Segment,Poor,3k-6k,546.5,5710.12,7346.8,0.0,0,2,2,2,True
1786,2,2024-05-08,2025-05-13,Low Income Segment,Fair,3k-6k,548.5,3655.815,13071.25,37.46,0,2,2,2,True
1787,5,2023-09-05,2024-07-25,High Income Segment,Good,3k-6k,624.8,6292.386,31334.18,152.32999999999998,0,3,5,5,True
1788,3,2023-01-02,2025-04-25,High Income Segment,Poor,3k-6k,425.3333333333333,4868.876666666667,23179.769999999997,79.53,0,3,3,3,True
1789,2,2025-03-11,2025-03-31,High Income Segment,Exceptional,6k-10k,813.0,4045.59,6862.8099999999995,114.1,0,2,2,2,True
1790,1,2023-01-17,2023-01-17,High Income Segment,Poor,6k-10k,311.0,8804.79,10251.67,50.2,0,1,1,1,False
1791,2,2024-03-13,2024-06-13,High Income Segment,Poor,3k-6k,566.5,6783.844999999999,21791.22,134.53,0,2,2,2,True
1792,2,2023-06-08,2023-07-16,High Income Segment,Fair,6k-10k,510.5,8459.65,10295.150000000001,37.59,0,1,2,2,True
1793,4,2023-05-21,2024-01-14,Low Income Segment,Poor,Under 3k,463.75,3718.96,18731.83,328.89,2,2,4,4,True
1794,3,2023-07-02,2024-11-17,Middle Income Segment,Poor,3k-6k,563.0,3931.7066666666665,10661.31,192.26,1,1,3,3,True
1796,2,2025-02-23,2025-05-01,Low Income Segment,Poor,3k-6k,520.5,2907.365,5011.0,66.16,0,2,2,2,True
1797,2,2023-03-06,2023-06-21,Low Income Segment,Poor,6k-10k,375.5,3963.0249999999996,8710.51,0.0,0,2,2,2,True
1798,3,2024-04-28,2024-07-23,High Income Segment,Poor,3k-6k,509.6666666666667,4582.916666666667,17051.15,94.75999999999999,0,3,3,3,True
1799,2,2023-12-04,2024-04-15,High Income Segment,Fair,3k-6k,720.5,6110.06,18358.55,17.12,0,2,2,2,True
1800,2,2024-11-11,2024-11-18,Low Income Segment,Poor,3k-6k,456.5,3987.4399999999996,20257.42,0.0,0,2,2,2,True
1801,1,2024-05-27,2024-05-27,Middle Income Segment,Poor,3k-6k,574.0,3216.25,4412.23,16.58,0,1,1,1,False
1802,2,2024-04-22,2025-03-10,Middle Income Segment,Fair,3k-6k,572.0,5866.995,7063.51,17.24,0,1,2,2,True
1803,2,2023-05-02,2024-10-19,High Income Segment,Fair,6k-10k,511.5,8615.994999999999,12471.59,47.53,0,1,2,2,True
1804,5,2023-03-21,2025-05-06,High Income Segment,Poor,6k-10k,618.0,5601.156,18437.18,78.46000000000001,0,3,5,5,True
1805,2,2024-03-28,2024-11-30,High Income Segment,Poor,6k-10k,387.0,5875.305,9133.44,196.67,1,2,2,2,True
1806,1,2024-01-04,2024-01-04,Middle Income Segment,Fair,3k-6k,631.0,4470.02,1193.64,0.0,0,1,1,1,False
1807,2,2023-07-27,2024-05-11,Low Income Segment,Exceptional,Under 3k,664.0,1031.615,6151.96,0.0,0,1,2,2,True
1808,2,2024-10-30,2025-02-17,Middle Income Segment,Exceptional,3k-6k,620.5,5507.610000000001,10472.59,0.0,0,1,2,2,True
1809,2,2024-05-05,2024-12-22,High Income Segment,Exceptional,6k-10k,802.0,5492.41,11119.26,0.0,0,2,2,2,True
1810,2,2023-07-08,2024-10-30,High Income Segment,Poor,6k-10k,413.5,5676.945,4035.96,0.0,0,2,2,2,True
1811,1,2024-03-23,2024-03-23,Low Income Segment,Good,Under 3k,699.0,2180.04,9078.9,19.05,0,1,1,1,False
1812,1,2024-12-11,2024-12-11,High Income Segment,Poor,6k-10k,573.0,8053.82,8606.37,44.63,0,1,1,1,False
1813,2,2024-03-03,2024-09-22,Low Income Segment,Good,3k-6k,547.0,2648.6949999999997,13724.369999999999,52.18,0,2,2,2,True
1814,4,2023-01-14,2025-01-01,Middle Income Segment,Exceptional,6k-10k,658.0,6768.28,6691.0599999999995,184.53,1,2,4,4,True
1815,6,2023-08-03,2025-03-14,Middle Income Segment,Exceptional,3k-6k,684.6666666666666,4454.738333333334,46309.42,84.61000000000001,0,3,6,6,True
1816,2,2025-02-02,2025-05-03,Low Income Segment,Fair,6k-10k,487.5,4465.88,15176.36,105.07,0,2,2,2,True
1817,1,2024-01-25,2024-01-25,High Income Segment,Fair,6k-10k,588.0,8505.85,1909.63,0.0,0,1,1,1,False
1818,3,2023-04-15,2025-05-09,High Income Segment,Exceptional,6k-10k,596.6666666666666,8812.046666666667,5721.62,220.01,1,1,3,3,True
1821,1,2023-03-05,2023-03-05,Middle Income Segment,Poor,3k-6k,554.0,5248.54,238.89,0.0,0,1,1,1,False
1822,2,2024-04-24,2024-09-13,Middle Income Segment,Exceptional,3k-6k,754.5,4395.985,12018.310000000001,0.0,0,1,2,2,True
1823,3,2024-01-20,2024-10-27,High Income Segment,Exceptional,3k-6k,695.3333333333334,5711.673333333333,22755.620000000003,190.04,1,3,3,3,True
1824,3,2023-03-21,2025-01-17,Middle Income Segment,Poor,3k-6k,533.6666666666666,6094.599999999999,16567.07,82.03,0,2,3,3,True
1825,4,2023-01-26,2024-04-10,High Income Segment,Poor,6k-10k,524.0,5813.2175,20887.949999999997,19.92,0,3,4,4,True
1826,1,2025-04-21,2025-04-21,High Income Segment,Poor,6k-10k,475.0,8621.61,2730.9,0.0,0,1,1,1,False
1827,3,2024-09-25,2025-04-04,High Income Segment,Poor,3k-6k,557.0,4856.343333333333,9690.55,113.38000000000001,0,3,3,3,True
1828,1,2023-07-06,2023-07-06,Middle Income Segment,Poor,6k-10k,403.0,6113.22,1926.34,52.91,0,1,1,1,False
1829,1,2025-04-23,2025-04-23,High Income Segment,Very Good,6k-10k,767.0,9994.57,13802.75,0.0,0,1,1,1,False
1830,5,2023-11-02,2025-04-07,Middle Income Segment,Poor,6k-10k,578.4,6256.374,21853.09,275.81,1,2,5,5,True
1831,1,2024-06-05,2024-06-05,High Income Segment,Poor,6k-10k,401.0,9042.98,8218.75,98.85,0,1,1,1,False
1832,4,2023-05-01,2025-02-04,High Income Segment,Poor,6k-10k,493.25,5551.2175,13154.68,100.22,0,3,4,4,True
1834,3,2023-05-22,2025-05-08,High Income Segment,Fair,3k-6k,676.3333333333334,5199.099999999999,15093.460000000001,136.49,0,3,3,3,True
1835,3,2024-10-21,2025-05-17,High Income Segment,Poor,3k-6k,357.3333333333333,5116.906666666667,16341.269999999999,113.03999999999999,0,3,3,3,True
1836,1,2023-02-10,2023-02-10,Low Income Segment,Poor,Under 3k,375.0,2445.39,991.25,56.86,0,1,1,1,False
1837,4,2023-12-02,2024-11-25,High Income Segment,Poor,6k-10k,639.5,6690.025,24915.32,209.49,1,3,4,4,True
1838,2,2023-02-10,2023-04-04,Middle Income Segment,Exceptional,3k-6k,593.0,4414.63,12231.699999999999,65.29,0,1,2,2,True
1839,2,2024-01-18,2025-02-23,High Income Segment,Poor,3k-6k,548.5,7233.3550000000005,8768.960000000001,95.0,0,2,2,2,True
1840,2,2023-03-21,2025-03-08,Middle Income Segment,Poor,3k-6k,522.0,5439.51,6762.03,0.0,0,1,2,2,True
1841,1,2024-11-24,2024-11-24,Middle Income Segment,Good,3k-6k,728.0,3499.18,11862.18,40.69,0,1,1,1,False
1842,2,2024-04-11,2024-10-28,High Income Segment,Poor,3k-6k,434.5,6727.22,11207.85,0.0,0,2,2,2,True
1844,1,2025-05-11,2025-05-11,High Income Segment,Fair,6k-10k,626.0,7534.53,12885.28,40.53,0,1,1,1,False
1845,5,2023-03-14,2025-03-26,Middle Income Segment,Fair,3k-6k,605.0,5539.534000000001,19390.03,784.74,4,3,5,5,True
1846,2,2023-07-17,2023-11-08,Low Income Segment,Good,6k-10k,730.0,4296.835,13047.16,249.5,1,2,2,2,True
1847,3,2023-07-30,2025-03-11,Middle Income Segment,Poor,3k-6k,644.3333333333334,3083.8133333333335,18626.29,134.08,0,2,3,3,True
1848,3,2023-04-30,2024-04-14,High Income Segment,Good,6k-10k,685.3333333333334,5868.813333333334,15134.22,0.0,0,3,3,3,True
1849,3,2023-06-12,2024-10-08,Low Income Segment,Very Good,Under 3k,636.0,4222.453333333334,12713.09,149.53,1,2,3,3,True
1850,1,2024-07-10,2024-07-10,Low Income Segment,Poor,Under 3k,442.0,2986.35,2687.24,41.43,0,1,1,1,False
1851,1,2024-05-20,2024-05-20,Middle Income Segment,Very Good,3k-6k,766.0,3428.69,415.61,0.0,0,1,1,1,False
1853,1,2024-05-09,2024-05-09,Middle Income Segment,Poor,3k-6k,397.0,5039.46,2047.85,45.53,0,1,1,1,False
1854,3,2023-06-09,2025-05-18,Middle Income Segment,Poor,3k-6k,527.3333333333334,4495.376666666667,16543.64,125.12,0,1,3,3,True
1855,2,2023-01-20,2023-04-22,Middle Income Segment,Poor,3k-6k,505.0,4711.200000000001,6728.85,173.55,1,1,2,2,True
1856,1,2024-02-02,2024-02-02,Low Income Segment,Good,Under 3k,707.0,1364.51,4009.56,0.0,0,1,1,1,False
1857,3,2023-09-28,2025-05-09,High Income Segment,Good,3k-6k,625.3333333333334,5111.256666666667,22956.91,83.46,0,3,3,3,True
1858,3,2023-12-22,2025-02-11,Middle Income Segment,Exceptional,3k-6k,666.0,3117.4266666666663,28398.41,198.46,1,2,3,3,True
1859,1,2023-09-27,2023-09-27,Low Income Segment,Fair,Under 3k,592.0,2789.62,3472.38,0.0,0,1,1,1,False
1860,1,2023-02-10,2023-02-10,Low Income Segment,Good,Under 3k,683.0,2441.0,11530.63,0.0,0,1,1,1,False
1861,3,2023-09-10,2024-09-19,Middle Income Segment,Poor,3k-6k,464.6666666666667,4519.05,19007.010000000002,84.61,0,2,3,3,True
1862,2,2023-04-17,2024-09-26,Low Income Segment,Fair,6k-10k,537.5,4264.385,11791.59,14.17,0,2,2,2,True
1863,3,2023-09-19,2024-06-20,Middle Income Segment,Fair,3k-6k,567.0,4031.65,8458.0,48.94,0,2,3,3,True
1864,4,2023-03-10,2025-03-18,High Income Segment,Poor,6k-10k,478.5,6259.4349999999995,26042.239999999998,82.9,0,3,4,4,True
1865,2,2023-02-01,2025-03-27,High Income Segment,Exceptional,6k-10k,602.0,8680.17,14269.89,152.89,1,1,2,2,True
1867,4,2024-03-11,2024-11-07,High Income Segment,Fair,6k-10k,644.5,5709.325,14281.779999999999,17.65,0,3,4,4,True
1868,2,2024-05-12,2024-11-02,High Income Segment,Fair,3k-6k,499.5,7015.16,9613.78,10.16,0,2,2,2,True
1869,6,2023-05-01,2024-06-25,High Income Segment,Poor,6k-10k,552.5,6867.338333333333,36645.6,67.6,0,3,6,6,True
1870,5,2023-06-28,2025-02-26,Middle Income Segment,Poor,3k-6k,556.0,5470.84,18610.64,45.59,0,3,5,5,True
1871,1,2025-02-09,2025-02-09,Middle Income Segment,Poor,3k-6k,389.0,4737.42,994.85,14.68,0,1,1,1,False
1872,1,2023-01-20,2023-01-20,High Income Segment,Fair,6k-10k,596.0,9315.35,10772.69,90.06,0,1,1,1,False
1873,1,2023-07-23,2023-07-23,Middle Income Segment,Poor,3k-6k,456.0,5142.86,2832.13,0.0,0,1,1,1,False
1874,2,2023-06-04,2025-03-04,High Income Segment,Good,3k-6k,624.5,7019.645,13092.57,30.32,0,2,2,2,True
1875,1,2025-04-08,2025-04-08,Middle Income Segment,Fair,3k-6k,594.0,5318.88,3124.9,0.0,0,1,1,1,False
1876,2,2023-06-21,2025-04-26,High Income Segment,Poor,3k-6k,569.0,6646.24,6771.9,56.66,0,2,2,2,True
1877,5,2023-05-15,2025-05-17,High Income Segment,Good,3k-6k,684.6,5863.14,30576.13,429.63,1,3,5,5,True
1878,1,2025-02-10,2025-02-10,High Income Segment,Poor,6k-10k,511.0,7374.19,4214.37,41.6,0,1,1,1,False
1879,2,2023-02-20,2024-06-22,High Income Segment,Poor,3k-6k,503.5,6824.905,5866.91,157.63,1,2,2,2,True
1880,1,2025-01-06,2025-01-06,Middle Income Segment,Good,3k-6k,731.0,5555.5,2884.26,96.03,0,1,1,1,False
1881,2,2023-01-01,2023-05-28,Low Income Segment,Poor,Under 3k,506.5,1562.32,8168.35,0.07,0,1,2,2,True
1882,5,2023-08-14,2025-04-25,Low Income Segment,Poor,3k-6k,572.4,4771.76,32024.85,316.05,1,3,5,5,True
1883,1,2024-04-07,2024-04-07,Middle Income Segment,Fair,3k-6k,610.0,5256.95,5738.92,0.0,0,1,1,1,False
1884,1,2023-04-29,2023-04-29,Middle Income Segment,Fair,3k-6k,623.0,4111.76,7924.42,0.0,0,1,1,1,False
1885,4,2023-07-17,2023-12-08,High Income Segment,Poor,3k-6k,567.75,6476.355,22954.97,48.7,0,2,4,4,True
1886,4,2023-03-26,2025-05-17,High Income Segment,Poor,6k-10k,647.25,6425.1975,14671.94,10.59,0,3,4,4,True
1887,2,2023-07-23,2024-05-08,Low Income Segment,Poor,6k-10k,585.0,4448.395,14529.41,259.02,1,2,2,2,True
1888,2,2023-01-26,2023-03-09,Low Income Segment,Exceptional,3k-6k,705.0,3091.785,13604.35,28.49,0,2,2,2,True
1889,4,2023-06-14,2024-04-06,Middle Income Segment,Poor,3k-6k,540.0,6144.1025,39642.44,0.0,0,2,4,4,True
1890,2,2024-09-17,2025-03-09,Middle Income Segment,Poor,6k-10k,506.5,6419.41,6134.0599999999995,45.15,0,1,2,2,True
1891,2,2024-09-18,2024-10-23,Low Income Segment,Fair,3k-6k,506.0,3444.0699999999997,12198.51,0.0,0,2,2,2,True
1892,4,2023-11-08,2025-01-03,High Income Segment,Poor,3k-6k,412.5,5673.9375,26831.6,151.95,0,2,4,4,True
1893,1,2024-07-23,2024-07-23,Middle Income Segment,Exceptional,6k-10k,809.0,6823.59,8650.56,6.08,0,1,1,1,False
1894,1,2025-05-11,2025-05-11,High Income Segment,Fair,6k-10k,582.0,7566.02,4724.29,47.78,0,1,1,1,False
1895,2,2023-04-28,2024-07-17,High Income Segment,Poor,6k-10k,468.0,5743.19,20236.11,15.42,0,2,2,2,True
1896,1,2024-01-06,2024-01-06,High Income Segment,Very Good,6k-10k,795.0,9493.09,5033.37,0.0,0,1,1,1,False
1897,3,2023-01-16,2024-05-14,Middle Income Segment,Poor,3k-6k,508.3333333333333,6075.2,24631.57,353.68,2,2,3,3,True
1898,1,2024-05-14,2024-05-14,Middle Income Segment,Poor,3k-6k,406.0,4451.03,6050.55,0.0,0,1,1,1,False
1899,2,2023-05-12,2023-06-19,Low Income Segment,Poor,3k-6k,568.5,3356.955,15649.3,217.75,1,2,2,2,True
1901,3,2023-01-29,2024-04-27,High Income Segment,Poor,6k-10k,517.6666666666666,6592.776666666668,19604.1,51.39,0,2,3,3,True
1902,1,2025-02-24,2025-02-24,Middle Income Segment,Exceptional,3k-6k,830.0,3925.19,3269.3,0.0,0,1,1,1,False
1903,1,2025-02-13,2025-02-13,Middle Income Segment,Exceptional,3k-6k,809.0,3133.33,8018.26,0.0,0,1,1,1,False
1904,2,2023-08-10,2024-03-12,Low Income Segment,Good,6k-10k,503.5,3990.33,11514.55,47.74,0,2,2,2,True
1905,1,2024-09-19,2024-09-19,High Income Segment,Fair,6k-10k,647.0,9525.53,5466.94,0.0,0,1,1,1,False
1906,4,2024-01-05,2025-03-20,Middle Income Segment,Poor,6k-10k,597.25,5001.3825,20101.949999999997,386.75,1,3,4,4,True
1908,2,2023-11-17,2025-04-19,High Income Segment,Fair,6k-10k,724.5,4535.889999999999,1609.6100000000001,12.28,0,2,2,2,True
1909,4,2023-06-13,2024-07-27,High Income Segment,Poor,3k-6k,639.0,6100.4275,16794.62,58.16,0,2,4,4,True
1910,4,2023-04-09,2024-09-05,High Income Segment,Poor,6k-10k,563.75,6069.8575,21556.51,0.0,0,3,4,4,True
1912,2,2023-01-24,2024-09-03,Low Income Segment,Fair,3k-6k,509.5,3478.9750000000004,15857.66,126.59,0,2,2,2,True
1913,3,2023-08-23,2024-11-10,Low Income Segment,Good,Under 3k,618.0,3520.876666666667,34173.99,21.94,0,2,3,3,True
1914,1,2024-08-14,2024-08-14,High Income Segment,Poor,6k-10k,544.0,9186.89,3207.64,0.0,0,1,1,1,False
1915,2,2024-01-03,2025-05-17,High Income Segment,Good,6k-10k,570.5,5122.805,14902.84,206.74,0,2,2,2,True
1916,3,2023-04-15,2024-10-03,Middle Income Segment,Fair,3k-6k,593.3333333333334,3404.816666666667,6479.120000000001,318.78000000000003,1,2,3,3,True
1917,4,2023-03-05,2024-11-21,High Income Segment,Fair,6k-10k,674.0,7188.98,18755.27,32.51,0,2,4,4,True
1918,3,2023-09-03,2024-07-18,Middle Income Segment,Exceptional,6k-10k,701.6666666666666,6180.256666666667,10983.87,74.05,0,2,3,3,True
1919,3,2024-04-23,2024-10-08,Middle Income Segment,Fair,6k-10k,584.3333333333334,6328.203333333334,12747.369999999999,26.91,0,2,3,3,True
1920,5,2023-02-02,2025-02-22,Middle Income Segment,Poor,6k-10k,513.6,6239.404,18662.32,86.73,0,2,5,5,True
1921,1,2024-03-16,2024-03-16,Low Income Segment,Good,Under 3k,712.0,2619.79,74.21,0.0,0,1,1,1,False
1922,5,2023-08-07,2025-05-12,High Income Segment,Exceptional,3k-6k,761.6,6221.755999999999,25013.75,144.2,0,3,5,5,True
1923,4,2023-03-14,2024-01-29,High Income Segment,Poor,6k-10k,393.5,8034.8775000000005,39552.01,191.81,0,2,4,4,True
1924,3,2023-07-05,2025-04-24,High Income Segment,Poor,6k-10k,529.6666666666666,7454.7266666666665,12337.96,13.51,0,2,3,3,True
1925,2,2024-02-28,2025-02-08,Low Income Segment,Poor,6k-10k,525.5,4239.16,14654.95,138.69,0,2,2,2,True
1926,2,2023-06-07,2024-06-01,Low Income Segment,Fair,3k-6k,549.5,3401.62,15740.44,29.01,0,2,2,2,True
1928,1,2024-11-17,2024-11-17,Low Income Segment,Poor,Under 3k,447.0,1488.68,6619.07,19.5,0,1,1,1,False
1929,7,2023-04-21,2024-11-25,Middle Income Segment,Fair,3k-6k,594.7142857142857,5337.712857142857,42664.0,447.73,0,3,7,7,True
1930,1,2024-11-22,2024-11-22,Low Income Segment,Very Good,Under 3k,749.0,2274.63,6472.96,186.48,1,1,1,1,False
1931,2,2024-12-25,2025-01-11,Middle Income Segment,Fair,3k-6k,517.0,5737.535,12773.54,114.24,0,1,2,2,True
1932,2,2023-12-31,2024-11-05,Low Income Segment,Poor,3k-6k,447.5,2569.015,5583.64,0.0,0,2,2,2,True
1933,3,2023-04-05,2024-05-03,Low Income Segment,Exceptional,Under 3k,727.6666666666666,3291.0266666666666,11572.46,0.17,0,2,3,3,True
1934,1,2023-05-22,2023-05-22,High Income Segment,Poor,6k-10k,498.0,7905.1,13001.41,112.07,0,1,1,1,False
1935,2,2023-03-02,2023-09-30,High Income Segment,Exceptional,3k-6k,708.5,6656.424999999999,23605.96,0.0,0,2,2,2,True
1936,1,2024-12-26,2024-12-26,Middle Income Segment,Fair,3k-6k,619.0,4443.06,7888.53,0.0,0,1,1,1,False
1937,1,2023-10-23,2023-10-23,Middle Income Segment,Good,3k-6k,710.0,5924.42,7839.56,53.59,0,1,1,1,False
1938,3,2023-06-10,2025-03-05,High Income Segment,Good,6k-10k,601.6666666666666,8542.07,3292.4700000000003,63.68,0,2,3,3,True
1939,1,2025-02-20,2025-02-20,Middle Income Segment,Poor,3k-6k,356.0,5131.63,13864.48,0.0,0,1,1,1,False
1940,1,2023-06-13,2023-06-13,Middle Income Segment,Poor,3k-6k,505.0,5796.14,4703.56,0.0,0,1,1,1,False
1941,4,2023-05-11,2024-12-20,High Income Segment,Fair,6k-10k,492.0,8046.8525,16169.65,89.05000000000001,0,1,4,4,True
1942,3,2023-05-04,2025-04-01,High Income Segment,Good,6k-10k,607.0,7324.886666666666,14258.16,22.93,0,2,3,3,True
1943,2,2024-05-27,2024-11-14,Middle Income Segment,Exceptional,3k-6k,602.0,4019.9399999999996,12886.18,46.1,0,1,2,2,True
1944,4,2023-03-09,2023-11-13,High Income Segment,Good,6k-10k,588.75,6538.7275,17304.97,149.48,0,2,4,4,True
1945,2,2023-03-05,2025-05-13,High Income Segment,Fair,6k-10k,634.5,4877.025,3012.28,8.0,0,2,2,2,True
1946,4,2023-03-10,2025-01-26,Middle Income Segment,Poor,3k-6k,512.5,4656.6075,18185.25,38.04,0,2,4,4,True
1947,8,2023-01-01,2025-01-08,Low Income Segment,Poor,Under 3k,502.0,3261.5375,43117.16,35.160000000000004,0,2,8,8,True
1948,7,2023-06-03,2025-05-10,High Income Segment,Poor,6k-10k,464.14285714285717,7655.79,59827.39,126.67,0,2,7,7,True
1949,7,2023-08-10,2025-05-11,High Income Segment,Poor,6k-10k,606.4285714285714,7310.707142857143,27714.42,133.19,0,2,7,7,True
1950,2,2023-03-23,2025-04-10,High Income Segment,Poor,6k-10k,404.5,9585.66,15344.05,170.51,0,1,2,2,True
1951,3,2023-03-24,2024-02-16,High Income Segment,Exceptional,3k-6k,664.6666666666666,5026.466666666667,5575.01,35.91,0,3,3,3,True
1952,2,2023-02-26,2023-06-28,Middle Income Segment,Fair,3k-6k,524.5,5647.48,6972.24,19.83,0,1,2,2,True
1953,1,2023-04-26,2023-04-26,High Income Segment,Fair,6k-10k,595.0,9292.87,6069.23,27.84,0,1,1,1,False
1954,6,2024-01-27,2025-02-13,High Income Segment,Fair,6k-10k,596.6666666666666,6270.373333333334,31897.18,547.29,1,2,6,6,True
1955,2,2024-09-16,2025-03-10,Middle Income Segment,Fair,3k-6k,603.5,4737.6,22425.84,132.15,0,1,2,2,True
1956,5,2023-06-22,2025-02-21,High Income Segment,Exceptional,6k-10k,702.8,6451.122,25719.45,63.72,0,2,5,5,True
1957,3,2023-05-08,2024-05-06,High Income Segment,Exceptional,6k-10k,655.3333333333334,7969.22,12443.279999999999,0.0,0,2,3,3,True
1958,2,2023-08-12,2024-12-08,Middle Income Segment,Fair,3k-6k,551.5,4712.055,8328.48,181.85999999999999,1,1,2,2,True
1959,1,2024-11-20,2024-11-20,Middle Income Segment,Very Good,3k-6k,783.0,4814.18,7249.61,46.53,0,1,1,1,False
1960,1,2023-08-24,2023-08-24,Middle Income Segment,Poor,6k-10k,452.0,6712.5,2699.67,0.0,0,1,1,1,False
1961,2,2023-01-17,2024-01-07,High Income Segment,Good,3k-6k,617.5,6506.879999999999,5318.76,107.49,0,2,2,2,True
1962,1,2025-04-15,2025-04-15,High Income Segment,Poor,6k-10k,446.0,8771.57,6824.83,22.27,0,1,1,1,False
1963,2,2023-09-25,2024-10-16,Low Income Segment,Fair,3k-6k,615.5,3444.9700000000003,18653.67,2.8,0,2,2,2,True
1964,1,2023-06-28,2023-06-28,Middle Income Segment,Fair,3k-6k,634.0,3010.36,11462.63,0.0,0,1,1,1,False
1965,3,2023-04-10,2024-06-30,Low Income Segment,Poor,Under 3k,445.3333333333333,4412.836666666667,5166.4400000000005,0.0,0,2,3,3,True
1966,4,2023-01-01,2024-11-20,Middle Income Segment,Poor,6k-10k,624.25,5302.9475,14295.150000000001,204.94,0,2,4,4,True
1967,1,2024-04-24,2024-04-24,High Income Segment,Poor,6k-10k,428.0,9209.19,11739.23,0.0,0,1,1,1,False
1968,7,2023-06-13,2025-03-26,High Income Segment,Poor,3k-6k,528.8571428571429,5226.927142857143,52429.58,254.85000000000002,0,3,7,7,True
1969,4,2023-01-30,2024-12-25,Middle Income Segment,Fair,3k-6k,714.0,4564.4725,16949.14,99.02,0,3,4,4,True
1970,1,2024-12-07,2024-12-07,Middle Income Segment,Fair,6k-10k,580.0,6287.36,10213.45,50.55,0,1,1,1,False
1972,5,2023-08-01,2024-09-23,High Income Segment,Fair,3k-6k,679.8,5454.636,13456.539999999999,218.95,1,3,5,5,True
1973,4,2023-10-14,2024-12-08,Low Income Segment,Poor,Under 3k,601.0,3008.0,6733.59,183.59,1,2,4,4,True
1974,6,2023-01-24,2025-02-25,Middle Income Segment,Poor,3k-6k,541.0,4886.561666666667,50587.93,271.18,1,2,6,6,True
1975,6,2023-01-05,2025-04-04,Middle Income Segment,Poor,3k-6k,425.5,4510.586666666666,32551.25,67.3,0,3,5,6,True
1976,3,2023-02-11,2025-03-26,High Income Segment,Poor,6k-10k,547.3333333333334,6374.346666666667,12775.400000000001,88.85,0,3,3,3,True
1977,1,2025-01-10,2025-01-10,Middle Income Segment,Poor,3k-6k,352.0,5094.51,8277.31,28.05,0,1,1,1,False
1978,2,2025-03-25,2025-04-26,High Income Segment,Good,6k-10k,729.0,4882.895,1601.48,0.0,0,2,2,2,True
1979,1,2024-08-02,2024-08-02,High Income Segment,Poor,6k-10k,395.0,7878.2,4019.72,11.86,0,1,1,1,False
1980,1,2024-08-14,2024-08-14,Low Income Segment,Poor,Under 3k,381.0,1505.61,637.24,0.0,0,1,1,1,False
1981,2,2023-12-06,2024-01-29,High Income Segment,Poor,6k-10k,372.5,7289.495000000001,9777.64,0.0,0,1,2,2,True
1982,1,2024-10-14,2024-10-14,High Income Segment,Good,6k-10k,726.0,9150.61,960.43,0.0,0,1,1,1,False
1983,1,2023-05-09,2023-05-09,High Income Segment,Poor,6k-10k,348.0,9262.34,3464.57,28.59,0,1,1,1,False
1984,3,2023-08-17,2024-08-25,High Income Segment,Poor,3k-6k,401.0,4657.636666666666,16726.41,100.92999999999999,0,3,3,3,True
1985,2,2023-03-15,2024-09-30,High Income Segment,Fair,6k-10k,519.5,6000.14,9912.64,13.62,0,2,2,2,True
1986,3,2024-04-30,2025-05-07,High Income Segment,Poor,6k-10k,555.3333333333334,7730.833333333333,30173.28,115.25999999999999,0,2,3,3,True
1987,5,2023-03-02,2025-03-30,Middle Income Segment,Poor,6k-10k,559.2,7080.825999999999,15932.060000000001,177.77,0,2,5,5,True
1988,3,2023-01-22,2024-10-04,Middle Income Segment,Exceptional,3k-6k,630.0,4385.8533333333335,17843.739999999998,75.89,0,1,3,3,True
1989,3,2023-04-13,2025-04-07,High Income Segment,Fair,6k-10k,635.3333333333334,7724.413333333333,12131.11,85.44,0,2,3,3,True
1990,4,2023-07-28,2024-11-28,High Income Segment,Fair,6k-10k,557.25,7359.91,11369.7,13.23,0,2,4,4,True
1991,2,2024-03-15,2024-03-22,Middle Income Segment,Fair,3k-6k,541.5,5110.125,10846.71,31.71,0,1,2,2,True
1992,5,2023-10-14,2024-11-11,High Income Segment,Poor,6k-10k,537.0,7291.598,40099.09,283.1,1,2,5,5,True
1994,2,2024-09-05,2025-04-08,High Income Segment,Poor,6k-10k,444.0,7879.295,6372.63,0.0,0,1,2,2,True
1995,2,2024-02-17,2024-03-15,High Income Segment,Good,3k-6k,545.0,7547.035,4362.81,148.88,0,2,2,2,True
1996,1,2025-02-12,2025-02-12,Middle Income Segment,Poor,3k-6k,540.0,5450.46,3950.74,0.0,0,1,1,1,False
1997,3,2023-07-08,2025-02-24,High Income Segment,Poor,3k-6k,447.0,5586.883333333334,10887.230000000001,78.59,0,3,3,3,True
1998,1,2023-04-07,2023-04-07,Low Income Segment,Poor,Under 3k,528.0,2437.3,8554.24,31.88,0,1,1,1,False
1999,4,2023-09-23,2025-04-25,Low Income Segment,Poor,Under 3k,556.5,4526.3925,31767.48,96.44,0,3,4,4,True
2000,2,2023-07-19,2024-07-07,High Income Segment,Poor,6k-10k,473.0,5466.64,16746.17,217.48999999999998,1,2,2,2,True
2001,2,2023-07-21,2024-06-05,Low Income Segment,Poor,6k-10k,451.5,4448.09,11981.880000000001,22.72,0,2,2,2,True
2002,3,2023-02-16,2025-03-19,Middle Income Segment,Poor,3k-6k,547.3333333333334,3989.2000000000003,15525.96,26.65,0,2,3,3,True
2003,3,2023-05-28,2023-11-15,High Income Segment,Poor,3k-6k,578.0,5024.83,15231.29,156.57,0,3,3,3,True
2004,3,2023-03-13,2024-03-05,Middle Income Segment,Exceptional,3k-6k,637.3333333333334,2748.523333333333,6543.02,0.0,0,2,3,3,True
2005,1,2023-04-29,2023-04-29,Middle Income Segment,Poor,6k-10k,474.0,6727.77,7023.21,0.0,0,1,1,1,False
2006,1,2025-03-23,2025-03-23,Middle Income Segment,Good,3k-6k,692.0,4884.83,1344.37,0.0,0,1,1,1,False
2007,3,2023-01-13,2024-07-14,Middle Income Segment,Poor,3k-6k,508.3333333333333,5998.936666666666,12211.4,231.42999999999998,1,2,3,3,True
2008,2,2023-07-02,2023-07-04,Low Income Segment,Good,3k-6k,497.5,4304.77,11234.380000000001,253.6,1,2,2,2,True
2009,1,2023-06-10,2023-06-10,High Income Segment,Very Good,6k-10k,781.0,7400.9,1487.13,143.55,1,1,1,1,False
2010,1,2023-11-28,2023-11-28,Middle Income Segment,Good,3k-6k,728.0,5230.31,886.63,0.0,0,1,1,1,False
2012,2,2024-06-16,2024-10-10,High Income Segment,Good,6k-10k,631.5,8928.279999999999,9733.199999999999,92.46,0,1,2,2,True
2013,3,2023-03-21,2024-09-02,Middle Income Segment,Poor,3k-6k,482.0,3390.8800000000006,7450.77,53.2,0,2,3,3,True
2014,4,2023-01-19,2024-08-12,High Income Segment,Good,6k-10k,733.75,5480.76,14307.14,43.089999999999996,0,2,4,4,True
2015,4,2023-05-24,2025-04-17,Middle Income Segment,Fair,3k-6k,632.0,5278.9575,19618.059999999998,263.48,1,3,4,4,True
2016,4,2023-06-02,2025-02-06,High Income Segment,Exceptional,6k-10k,702.25,5946.817499999999,6254.6,105.11,0,3,4,4,True
2017,5,2023-02-11,2025-03-26,Low Income Segment,Poor,3k-6k,524.6,4547.487999999999,34081.91,25.79,0,3,5,5,True
2018,3,2023-09-13,2024-05-28,Middle Income Segment,Poor,3k-6k,536.6666666666666,5367.296666666666,17977.48,141.14,0,1,3,3,True
2019,4,2023-05-17,2025-01-13,High Income Segment,Fair,6k-10k,581.25,7235.2075,17563.72,89.48,0,2,4,4,True
2020,1,2024-07-24,2024-07-24,Middle Income Segment,Exceptional,6k-10k,832.0,6248.35,5653.04,0.0,0,1,1,1,False
2021,1,2023-08-17,2023-08-17,Low Income Segment,Fair,Under 3k,593.0,1715.94,1356.33,0.0,0,1,1,1,False
2022,1,2023-08-03,2023-08-03,Middle Income Segment,Fair,3k-6k,624.0,4635.98,8940.88,0.0,0,1,1,1,False
2024,2,2023-05-27,2025-01-19,High Income Segment,Fair,6k-10k,694.5,8640.68,5800.19,44.84,0,1,2,2,True
2025,4,2023-11-30,2025-04-20,Middle Income Segment,Poor,3k-6k,557.25,4363.275,11785.839999999998,312.39,1,2,4,4,True
2027,1,2023-05-14,2023-05-14,Middle Income Segment,Fair,6k-10k,615.0,6021.27,6361.19,12.58,0,1,1,1,False
2028,4,2023-01-24,2025-01-28,High Income Segment,Poor,6k-10k,666.25,5392.9625,15682.17,189.71,0,3,4,4,True
2029,2,2023-03-07,2023-10-04,High Income Segment,Fair,6k-10k,588.5,4991.645,7328.08,0.0,0,2,2,2,True
2030,3,2024-02-10,2025-01-09,High Income Segment,Exceptional,6k-10k,727.0,5699.866666666666,22904.48,26.28,0,3,3,3,True
2031,4,2023-04-05,2025-03-17,High Income Segment,Poor,6k-10k,556.75,6897.3925,24118.43,10.85,0,2,4,4,True
2032,3,2023-09-23,2024-02-26,High Income Segment,Fair,3k-6k,575.3333333333334,5039.906666666667,11439.839999999998,0.0,0,3,3,3,True
2033,2,2024-02-26,2024-05-01,Low Income Segment,Good,3k-6k,698.5,3561.925,7190.1900000000005,16.74,0,2,2,2,True
2036,3,2023-06-14,2024-04-28,Middle Income Segment,Poor,3k-6k,432.3333333333333,4381.303333333333,16438.17,86.36,0,2,3,3,True
2037,7,2023-09-16,2025-04-17,Middle Income Segment,Fair,3k-6k,631.7142857142857,4843.325714285714,21186.68,287.09000000000003,1,3,7,7,True
2038,1,2024-09-27,2024-09-27,Middle Income Segment,Fair,3k-6k,664.0,5550.62,523.74,38.2,0,1,1,1,False
2039,1,2023-05-19,2023-05-19,High Income Segment,Good,6k-10k,714.0,7957.99,1533.95,61.92,0,1,1,1,False
2040,4,2023-05-17,2025-01-19,Low Income Segment,Poor,Under 3k,569.5,4577.2225,20655.36,110.39,0,3,4,4,True
2041,4,2023-03-12,2024-12-25,Low Income Segment,Fair,Under 3k,505.25,4296.4625,25194.370000000003,99.46000000000001,0,3,4,4,True
2042,2,2024-10-14,2025-03-29,Low Income Segment,Poor,Under 3k,410.5,1803.725,15391.82,36.44,0,1,2,2,True
2043,1,2023-12-06,2023-12-06,Middle Income Segment,Poor,3k-6k,303.0,4342.93,7513.64,106.34,0,1,1,1,False
2044,1,2023-06-25,2023-06-25,Middle Income Segment,Exceptional,3k-6k,812.0,5631.78,9053.5,125.96,0,1,1,1,False
2045,2,2023-01-04,2024-06-19,High Income Segment,Poor,6k-10k,430.5,5621.07,18384.5,6.7,0,2,2,2,True
2046,3,2023-03-08,2024-03-14,High Income Segment,Fair,6k-10k,657.6666666666666,8502.543333333333,16912.5,6.06,0,1,3,3,True
2048,2,2023-10-06,2025-04-01,High Income Segment,Poor,6k-10k,353.0,5280.75,6404.95,0.0,0,2,2,2,True
2049,1,2024-04-13,2024-04-13,High Income Segment,Good,6k-10k,697.0,9382.08,1670.02,0.0,0,1,1,1,False
2050,3,2023-07-23,2024-10-21,High Income Segment,Poor,6k-10k,495.0,9043.636666666667,15778.48,322.93,0,1,3,3,True
2051,2,2025-04-05,2025-04-15,High Income Segment,Poor,3k-6k,422.0,6274.4,24020.09,41.12,0,2,2,2,True
2054,5,2023-01-29,2025-01-02,Middle Income Segment,Poor,3k-6k,594.2,6386.512000000001,21835.57,0.09,0,2,5,5,True
2055,2,2023-03-05,2024-03-03,Middle Income Segment,Fair,3k-6k,701.0,5326.455,16123.34,0.0,0,1,2,2,True
2057,2,2023-05-13,2024-03-22,High Income Segment,Fair,6k-10k,538.0,5547.945,9831.41,0.0,0,2,2,2,True
2058,4,2023-11-11,2025-03-28,Middle Income Segment,Poor,3k-6k,645.0,4806.650000000001,16035.99,376.58,1,3,4,4,True
2059,5,2023-09-11,2025-04-11,Middle Income Segment,Fair,6k-10k,616.8,5417.852,26048.79,291.18,1,2,5,5,True
2060,1,2025-02-27,2025-02-27,Middle Income Segment,Fair,3k-6k,590.0,3332.39,1145.07,0.0,0,1,1,1,False
2061,1,2024-04-15,2024-04-15,Middle Income Segment,Poor,3k-6k,502.0,5256.85,9549.46,158.06,1,1,1,1,False
2062,2,2023-01-20,2025-03-04,Low Income Segment,Poor,Under 3k,638.0,1863.63,8653.2,0.0,0,1,2,2,True
2063,2,2023-01-13,2024-06-25,Low Income Segment,Good,3k-6k,554.0,2974.715,20010.47,97.02,0,2,2,2,True
2064,2,2024-10-08,2024-12-02,High Income Segment,Poor,3k-6k,422.5,5768.16,7638.62,45.32,0,2,2,2,True
2065,1,2024-03-01,2024-03-01,Low Income Segment,Poor,Under 3k,562.0,2311.63,1563.64,136.73,0,1,1,1,False
2066,2,2024-02-03,2024-11-15,Middle Income Segment,Poor,3k-6k,328.5,6162.015,16659.9,234.35999999999999,1,1,2,2,True
2067,3,2024-06-17,2024-11-17,Middle Income Segment,Good,3k-6k,644.0,4998.703333333334,15462.53,61.38,0,2,3,3,True
2068,1,2023-07-31,2023-07-31,Low Income Segment,Poor,Under 3k,436.0,2893.52,6475.74,107.44,0,1,1,1,False
2069,3,2023-01-14,2024-11-02,High Income Segment,Poor,6k-10k,475.6666666666667,5884.490000000001,18395.17,148.93,0,2,3,3,True
2070,4,2023-03-04,2025-01-28,High Income Segment,Poor,6k-10k,627.0,7390.63,5154.360000000001,16.97,0,2,4,4,True
2071,1,2023-06-03,2023-06-03,High Income Segment,Poor,6k-10k,317.0,7471.82,6974.88,200.41,1,1,1,1,False
2072,2,2023-08-12,2023-11-22,Middle Income Segment,Fair,3k-6k,507.5,5018.799999999999,1924.3200000000002,84.32,0,1,2,2,True
2073,3,2023-12-09,2024-08-12,Low Income Segment,Poor,Under 3k,503.0,3934.4066666666663,8447.39,0.0,0,2,3,3,True
2074,5,2023-03-20,2024-09-23,Low Income Segment,Poor,6k-10k,579.6,4894.994000000001,26374.99,214.45000000000002,0,3,5,5,True
2075,4,2023-10-04,2025-02-25,High Income Segment,Poor,3k-6k,487.25,6944.625,30224.94,162.20999999999998,0,2,4,4,True
2076,2,2023-03-15,2024-05-20,Low Income Segment,Poor,3k-6k,455.0,2281.695,9115.98,0.0,0,2,2,2,True
2077,2,2023-05-19,2025-01-16,Low Income Segment,Poor,3k-6k,559.5,3111.815,13830.0,102.4,0,2,2,2,True
2079,4,2023-02-12,2025-04-29,Middle Income Segment,Good,3k-6k,580.5,3564.2925,9970.67,91.69999999999999,0,2,4,4,True
2080,4,2023-12-06,2025-04-02,High Income Segment,Very Good,6k-10k,777.25,6844.88,14755.84,68.00999999999999,0,3,4,4,True
2081,4,2023-02-25,2024-07-24,Low Income Segment,Exceptional,Under 3k,729.75,4483.2375,28501.839999999997,239.41000000000003,1,3,4,4,True
2082,2,2023-09-24,2024-07-14,High Income Segment,Good,6k-10k,718.5,5580.8099999999995,14165.03,0.0,0,2,2,2,True
2083,3,2023-04-17,2024-08-25,Low Income Segment,Poor,Under 3k,534.6666666666666,3268.933333333333,11877.98,21.759999999999998,0,2,3,3,True
2084,2,2024-12-02,2025-01-07,Middle Income Segment,Good,3k-6k,498.0,5028.295,2500.85,48.57000000000001,0,1,2,2,True
2085,3,2023-06-14,2025-04-30,High Income Segment,Poor,6k-10k,475.6666666666667,6070.096666666667,26586.489999999998,19.52,0,2,3,3,True
2086,1,2024-08-24,2024-08-24,High Income Segment,Poor,6k-10k,321.0,7381.06,5391.87,0.0,0,1,1,1,False
2088,3,2024-01-21,2024-09-07,Low Income Segment,Good,Under 3k,720.6666666666666,2673.603333333333,12746.34,41.82,0,2,3,3,True
2089,4,2023-06-02,2025-05-20,High Income Segment,Fair,6k-10k,681.25,5676.4275,23172.73,37.22,0,3,4,4,True
2091,2,2024-01-04,2025-01-21,High Income Segment,Fair,6k-10k,676.0,6749.02,11391.060000000001,36.11,0,2,2,2,True
2093,4,2023-08-12,2024-10-26,Middle Income Segment,Exceptional,6k-10k,657.5,4331.287499999999,28116.620000000003,212.79,1,2,4,4,True
2094,3,2023-03-25,2024-02-27,High Income Segment,Poor,6k-10k,513.0,6949.643333333333,9441.29,252.8,1,2,3,3,True
2095,2,2023-05-05,2024-08-02,Low Income Segment,Poor,3k-6k,437.0,3631.68,5917.9,42.78,0,2,2,2,True
2096,5,2023-05-27,2025-03-21,High Income Segment,Poor,3k-6k,558.0,5661.076,27879.42,120.01,0,3,5,5,True
2097,1,2024-12-18,2024-12-18,Middle Income Segment,Fair,3k-6k,614.0,4669.3,4115.55,0.0,0,1,1,1,False
2098,6,2023-07-19,2025-04-25,Middle Income Segment,Poor,3k-6k,535.6666666666666,4285.38,35340.72,106.28,0,3,6,6,True
2099,2,2023-06-27,2024-11-10,High Income Segment,Fair,6k-10k,516.0,7275.045,7690.46,54.18,0,2,2,2,True
2100,2,2023-05-02,2023-08-04,High Income Segment,Exceptional,3k-6k,744.0,7651.29,9306.2,199.49,1,2,2,2,True
2101,2,2024-12-28,2025-01-24,High Income Segment,Poor,3k-6k,411.5,5970.82,10522.98,51.82,0,2,2,2,True
2102,3,2023-04-23,2024-09-04,Low Income Segment,Poor,Under 3k,511.3333333333333,2023.17,5424.6,332.17,2,1,3,3,True
2103,1,2024-03-17,2024-03-17,Low Income Segment,Good,Under 3k,698.0,2898.27,1745.77,0.0,0,1,1,1,False
2104,6,2023-04-23,2025-04-03,High Income Segment,Poor,6k-10k,572.1666666666666,7905.593333333333,28726.52,170.29,1,2,6,6,True
2105,3,2023-02-05,2024-07-23,Middle Income Segment,Fair,3k-6k,644.0,5882.25,17999.2,50.75,0,2,3,3,True
2106,2,2024-02-18,2025-04-03,High Income Segment,Poor,6k-10k,589.5,5025.925,20310.059999999998,0.0,0,2,2,2,True
2107,1,2023-03-21,2023-03-21,Low Income Segment,Good,Under 3k,704.0,2465.48,5627.58,0.0,0,1,1,1,False
2108,1,2023-03-29,2023-03-29,Low Income Segment,Exceptional,Under 3k,810.0,2160.01,1734.67,0.0,0,1,1,1,False
2109,2,2024-03-22,2025-02-09,High Income Segment,Fair,3k-6k,550.0,5594.845,14439.210000000001,55.86,0,2,2,2,True
2110,2,2024-07-13,2025-01-16,High Income Segment,Exceptional,3k-6k,803.0,6343.6,12522.3,2.04,0,2,2,2,True
2111,2,2023-11-29,2025-01-08,Low Income Segment,Poor,3k-6k,519.0,3078.955,17560.02,1.43,0,2,2,2,True
2112,1,2023-05-08,2023-05-08,Middle Income Segment,Exceptional,3k-6k,845.0,5194.49,5421.71,21.08,0,1,1,1,False
2115,2,2024-09-04,2024-09-16,Low Income Segment,Poor,Under 3k,583.0,1408.895,15222.61,67.59,0,1,2,2,True
2116,3,2023-01-17,2024-12-23,Middle Income Segment,Poor,3k-6k,404.3333333333333,3719.876666666667,16827.34,71.12,0,2,3,3,True
2117,1,2025-01-10,2025-01-10,Low Income Segment,Poor,Under 3k,440.0,1553.81,9633.36,134.41,0,1,1,1,False
2118,2,2023-07-04,2024-01-19,High Income Segment,Poor,3k-6k,507.5,6330.4349999999995,8875.78,43.01,0,2,2,2,True
2119,2,2023-08-23,2024-11-27,High Income Segment,Exceptional,6k-10k,713.0,6070.5599999999995,11332.51,0.0,0,2,2,2,True
2120,4,2024-05-26,2025-05-19,High Income Segment,Poor,3k-6k,597.0,6831.1325,27431.589999999997,207.32,1,2,4,4,True
2122,1,2024-06-25,2024-06-25,Low Income Segment,Very Good,Under 3k,792.0,1303.46,610.7,0.0,0,1,1,1,False
2123,1,2025-04-01,2025-04-01,High Income Segment,Very Good,6k-10k,796.0,8282.84,3594.05,52.13,0,1,1,1,False
2124,3,2023-05-13,2025-03-12,Middle Income Segment,Exceptional,3k-6k,599.0,6875.246666666666,23454.239999999998,0.0,0,2,3,3,True
2125,4,2023-01-12,2025-03-23,Low Income Segment,Poor,Under 3k,554.0,4119.4575,5155.29,93.01,0,3,4,4,True
2126,4,2024-01-27,2024-11-20,Low Income Segment,Poor,Under 3k,541.75,4062.4525,19284.84,207.95999999999998,0,3,4,4,True
2127,1,2024-07-28,2024-07-28,High Income Segment,Poor,6k-10k,389.0,7572.38,4411.25,81.54,0,1,1,1,False
2128,3,2023-01-19,2024-07-15,Middle Income Segment,Exceptional,6k-10k,599.3333333333334,6486.44,10906.27,51.41,0,2,3,3,True
2129,5,2023-01-12,2025-02-17,Middle Income Segment,Very Good,3k-6k,666.2,4575.234,19421.649999999998,249.76,1,3,5,5,True
2130,2,2023-08-12,2025-05-12,Low Income Segment,Poor,3k-6k,486.0,2968.325,10210.029999999999,104.92,0,2,2,2,True
2131,1,2023-02-13,2023-02-13,High Income Segment,Poor,6k-10k,386.0,9424.56,4744.59,21.29,0,1,1,1,False
2132,3,2023-03-08,2024-03-06,Middle Income Segment,Very Good,6k-10k,670.6666666666666,7297.783333333333,10969.529999999999,54.03,0,2,3,3,True
2133,1,2025-04-09,2025-04-09,Low Income Segment,Good,Under 3k,700.0,2415.45,5845.11,0.0,0,1,1,1,False
2134,3,2023-03-13,2024-01-28,High Income Segment,Exceptional,6k-10k,702.3333333333334,9744.603333333333,19217.9,154.5,1,1,3,3,True
2135,2,2023-02-12,2023-07-27,High Income Segment,Fair,6k-10k,467.5,9066.285,12720.6,247.7,1,1,2,2,True
2136,2,2023-06-18,2023-11-11,Low Income Segment,Exceptional,6k-10k,634.0,3911.185,3846.62,0.0,0,2,2,2,True
2137,2,2023-09-08,2024-07-25,High Income Segment,Exceptional,6k-10k,623.5,8747.955,13351.94,200.31,1,1,2,2,True
2138,3,2024-03-21,2024-11-30,Middle Income Segment,Poor,3k-6k,503.3333333333333,4029.366666666667,21542.8,75.91,0,2,3,3,True
2139,1,2024-01-19,2024-01-19,High Income Segment,Fair,6k-10k,630.0,9249.88,5657.65,40.51,0,1,1,1,False
2140,3,2023-09-12,2024-08-02,Middle Income Segment,Exceptional,3k-6k,734.0,3616.4533333333334,19128.16,0.0,0,2,3,3,True
2141,5,2023-05-29,2025-04-01,High Income Segment,Poor,3k-6k,557.4,5756.2660000000005,38926.95,235.4,1,3,5,5,True
2142,1,2023-12-23,2023-12-23,Middle Income Segment,Poor,3k-6k,373.0,3091.53,492.53,0.0,0,1,1,1,False
2143,1,2023-11-07,2023-11-07,Low Income Segment,Exceptional,Under 3k,807.0,1712.03,284.84,0.0,0,1,1,1,False
2144,2,2024-03-21,2024-04-06,High Income Segment,Fair,3k-6k,537.0,6842.135,5269.54,0.0,0,2,2,2,True
2145,2,2025-02-12,2025-04-24,Middle Income Segment,Good,3k-6k,680.5,5273.085,10322.8,138.65,0,1,2,2,True
2146,2,2023-04-23,2025-03-14,High Income Segment,Fair,3k-6k,638.5,6444.66,8430.11,0.03,0,2,2,2,True
2148,2,2023-04-13,2024-03-12,High Income Segment,Exceptional,3k-6k,730.5,6430.495,4192.33,29.92,0,2,2,2,True
2149,2,2023-09-19,2025-01-08,High Income Segment,Good,3k-6k,558.5,7163.445,6305.76,27.74,0,2,2,2,True
2150,3,2024-04-12,2025-01-15,High Income Segment,Fair,3k-6k,568.0,4842.05,9502.64,52.96,0,3,3,3,True
2151,3,2023-04-16,2024-12-21,Middle Income Segment,Fair,3k-6k,677.3333333333334,3548.1966666666667,21994.28,187.07,1,2,3,3,True
2152,2,2023-03-16,2023-04-23,Middle Income Segment,Poor,3k-6k,613.5,5288.49,11136.74,118.41999999999999,0,1,2,2,True
2153,1,2025-05-05,2025-05-05,Low Income Segment,Poor,Under 3k,505.0,1305.15,8502.55,0.0,0,1,1,1,False
2154,3,2023-01-12,2025-01-09,Low Income Segment,Exceptional,Under 3k,776.0,3570.126666666667,15574.56,0.0,0,2,3,3,True
2155,1,2023-10-20,2023-10-20,Middle Income Segment,Good,6k-10k,672.0,6515.84,2657.07,114.63,0,1,1,1,False
2156,4,2023-11-11,2024-12-29,Middle Income Segment,Poor,3k-6k,621.25,5295.4625,21709.21,0.0,0,2,4,4,True
2157,1,2023-10-07,2023-10-07,High Income Segment,Good,6k-10k,676.0,8054.06,1306.85,0.0,0,1,1,1,False
2158,1,2024-07-07,2024-07-07,Middle Income Segment,Very Good,3k-6k,795.0,3641.21,5093.11,37.99,0,1,1,1,False
2159,4,2023-03-06,2025-04-17,High Income Segment,Poor,6k-10k,634.5,6607.9825,11790.52,174.61,0,3,4,4,True
2160,2,2024-07-21,2025-05-08,Low Income Segment,Poor,Under 3k,647.5,1891.06,7748.74,42.58,0,1,2,2,True
2161,6,2023-04-09,2025-02-02,Middle Income Segment,Poor,3k-6k,564.1666666666666,4092.9583333333335,26853.02,251.81,0,3,6,6,True
2162,1,2023-05-24,2023-05-24,Middle Income Segment,Poor,3k-6k,564.0,3590.01,392.71,0.0,0,1,1,1,False
2164,5,2023-01-16,2024-06-26,Low Income Segment,Good,3k-6k,643.6,3838.594,13972.68,319.85,1,3,5,5,True
2165,2,2023-03-04,2024-06-14,Middle Income Segment,Poor,3k-6k,473.0,5900.57,11833.07,0.0,0,1,2,2,True
2166,1,2023-02-28,2023-02-28,Middle Income Segment,Poor,3k-6k,395.0,4151.75,12818.03,5.26,0,1,1,1,False
2167,3,2023-12-05,2024-07-23,Middle Income Segment,Fair,3k-6k,624.0,3471.366666666667,12445.94,6.22,0,2,3,3,True
2168,3,2023-03-04,2024-09-05,High Income Segment,Poor,6k-10k,509.6666666666667,7113.79,13351.369999999999,5.22,0,2,3,3,True
2169,4,2023-07-28,2024-05-19,Middle Income Segment,Poor,3k-6k,404.5,6516.64,5396.08,0.0,0,2,4,4,True
2170,1,2023-01-09,2023-01-09,Middle Income Segment,Poor,3k-6k,415.0,4659.27,3216.25,0.0,0,1,1,1,False
2171,2,2023-05-15,2023-10-26,High Income Segment,Poor,6k-10k,631.0,5143.025,17832.45,172.86,1,2,2,2,True
2172,1,2023-11-23,2023-11-23,Low Income Segment,Very Good,Under 3k,793.0,2321.35,2809.24,0.0,0,1,1,1,False
2173,2,2023-03-13,2024-08-15,High Income Segment,Fair,3k-6k,545.0,6584.655000000001,16052.689999999999,46.42,0,2,2,2,True
2174,3,2023-02-09,2023-05-25,High Income Segment,Good,6k-10k,593.6666666666666,7897.873333333333,5825.2300000000005,59.059999999999995,0,2,3,3,True
2176,3,2024-04-29,2024-12-05,Low Income Segment,Poor,Under 3k,511.0,3683.263333333334,19514.399999999998,227.32,0,2,3,3,True
2177,2,2023-01-26,2023-10-11,High Income Segment,Poor,6k-10k,554.5,9602.7,6350.700000000001,193.58,1,1,2,2,True
2178,3,2023-04-07,2024-11-24,Low Income Segment,Poor,Under 3k,538.6666666666666,4677.82,7858.28,41.599999999999994,0,2,3,3,True
2179,2,2024-10-24,2024-11-26,High Income Segment,Fair,3k-6k,714.5,7079.06,1644.94,16.29,0,2,2,2,True
2180,2,2023-08-05,2024-12-07,High Income Segment,Good,3k-6k,704.0,6794.065,4923.12,0.0,0,2,2,2,True
2181,4,2023-05-22,2025-05-04,High Income Segment,Poor,6k-10k,514.5,5697.745,12193.880000000001,58.28,0,3,4,4,True
2183,1,2024-10-05,2024-10-05,Middle Income Segment,Poor,3k-6k,517.0,4911.52,2823.12,14.19,0,1,1,1,False
2184,7,2023-12-20,2025-05-18,Low Income Segment,Poor,Under 3k,589.8571428571429,4357.244285714286,41179.36,153.01,0,3,7,7,True
2185,3,2023-02-28,2024-08-03,Middle Income Segment,Poor,3k-6k,573.0,5611.406666666667,11651.21,54.11,0,1,3,3,True
2186,6,2023-05-04,2024-12-29,High Income Segment,Fair,6k-10k,629.5,6664.291666666667,36564.55,292.08,1,3,6,6,True
2187,1,2024-12-11,2024-12-11,Middle Income Segment,Poor,3k-6k,502.0,3876.34,3890.35,0.0,0,1,1,1,False
2188,1,2024-07-07,2024-07-07,Middle Income Segment,Very Good,3k-6k,772.0,4926.15,9355.77,172.77,1,1,1,1,False
2189,3,2023-09-09,2024-06-03,High Income Segment,Fair,6k-10k,689.6666666666666,7091.036666666667,9887.41,252.0,1,2,3,3,True
2191,4,2024-12-30,2025-05-15,Low Income Segment,Poor,Under 3k,517.25,3458.7925,10936.6,194.31,1,2,4,4,True
2192,2,2023-10-16,2024-12-28,High Income Segment,Poor,3k-6k,535.5,7159.945,10944.56,0.0,0,2,2,2,True
2193,2,2023-12-29,2025-03-27,Low Income Segment,Exceptional,3k-6k,644.5,3188.135,10633.9,223.29000000000002,1,2,2,2,True
2194,2,2023-02-02,2023-11-28,High Income Segment,Poor,6k-10k,481.5,5414.785,12191.61,291.03,1,2,2,2,True
2195,3,2024-01-11,2025-02-13,Middle Income Segment,Exceptional,3k-6k,617.3333333333334,5217.786666666667,18692.54,51.14,0,2,3,3,True
2196,4,2023-01-30,2025-01-10,Middle Income Segment,Poor,3k-6k,536.0,4578.6875,9915.779999999999,0.0,0,1,4,4,True
2198,2,2024-05-27,2024-10-09,High Income Segment,Good,6k-10k,566.0,4867.594999999999,9575.69,23.13,0,2,2,2,True
2199,1,2023-05-30,2023-05-30,Middle Income Segment,Poor,3k-6k,413.0,5233.23,11960.95,138.87,0,1,1,1,False
2200,2,2023-01-26,2024-01-30,High Income Segment,Fair,6k-10k,512.0,5011.95,3564.94,0.0,0,2,2,2,True
2201,1,2023-11-22,2023-11-22,High Income Segment,Poor,6k-10k,379.0,9712.31,1501.62,0.0,0,1,1,1,False
2202,1,2024-09-21,2024-09-21,Middle Income Segment,Poor,3k-6k,391.0,5917.81,5409.42,0.0,0,1,1,1,False
2203,5,2023-01-24,2024-10-12,Middle Income Segment,Poor,3k-6k,612.6,5232.25,43016.380000000005,226.0,1,3,5,5,True
2204,1,2024-09-01,2024-09-01,Middle Income Segment,Exceptional,3k-6k,821.0,3100.32,6068.49,15.41,0,1,1,1,False
2205,4,2023-01-09,2024-09-25,Middle Income Segment,Fair,3k-6k,587.0,4892.0375,29573.73,43.91,0,3,4,4,True
2206,1,2023-05-26,2023-05-26,Middle Income Segment,Fair,3k-6k,625.0,5993.08,9408.23,126.82,0,1,1,1,False
2207,3,2023-01-05,2023-12-19,Middle Income Segment,Exceptional,6k-10k,699.3333333333334,6827.556666666667,19545.25,77.07,0,2,3,3,True
2208,2,2023-07-04,2024-02-22,High Income Segment,Fair,6k-10k,664.0,5486.49,5710.66,0.0,0,2,2,2,True
2209,2,2023-08-28,2025-04-14,Low Income Segment,Fair,3k-6k,695.0,4028.4100000000003,3074.84,0.0,0,2,2,2,True
2210,4,2023-06-01,2024-08-11,High Income Segment,Poor,6k-10k,430.75,6448.295,25056.82,253.59000000000003,1,3,4,4,True
2211,3,2023-08-16,2025-05-07,High Income Segment,Exceptional,6k-10k,787.0,5616.276666666668,15104.26,0.0,0,3,3,3,True
2212,4,2023-03-25,2025-03-02,High Income Segment,Exceptional,6k-10k,732.5,4866.3625,16566.78,315.32,1,2,4,4,True
2213,1,2023-08-29,2023-08-29,High Income Segment,Exceptional,6k-10k,809.0,9490.08,4436.31,0.0,0,1,1,1,False
2214,3,2023-10-30,2024-12-05,Middle Income Segment,Exceptional,6k-10k,655.0,6447.73,24356.96,53.120000000000005,0,2,3,3,True
2216,3,2023-02-21,2025-04-25,Middle Income Segment,Exceptional,6k-10k,688.6666666666666,5979.829999999999,6112.860000000001,134.26,0,2,3,3,True
2217,4,2023-03-12,2024-08-23,High Income Segment,Good,6k-10k,676.0,5472.945,37744.64,0.0,0,2,4,4,True
2218,4,2023-02-22,2025-04-23,High Income Segment,Poor,6k-10k,602.5,6460.675,25102.2,195.94,1,2,4,4,True
2219,1,2025-04-19,2025-04-19,Middle Income Segment,Exceptional,3k-6k,838.0,4045.05,4427.7,0.0,0,1,1,1,False
2220,2,2023-05-06,2024-12-26,High Income Segment,Poor,6k-10k,422.5,4850.6,7758.62,0.0,0,2,2,2,True
2221,1,2025-04-01,2025-04-01,Low Income Segment,Good,Under 3k,699.0,1567.51,2178.11,0.0,0,1,1,1,False
2222,5,2023-05-13,2024-05-14,High Income Segment,Poor,6k-10k,568.2,5485.338,36692.29,176.04,0,3,5,5,True
2223,2,2023-05-25,2025-03-29,High Income Segment,Poor,3k-6k,327.0,6902.254999999999,15851.869999999999,2.03,0,2,2,2,True
2224,2,2024-08-02,2025-04-17,Low Income Segment,Poor,3k-6k,630.0,2114.76,13098.89,119.62,0,2,2,2,True
2225,3,2023-04-03,2025-02-21,Middle Income Segment,Exceptional,6k-10k,678.3333333333334,6693.610000000001,13213.54,32.21,0,2,3,3,True
2226,1,2024-07-21,2024-07-21,Middle Income Segment,Exceptional,3k-6k,829.0,3101.97,5569.7,0.0,0,1,1,1,False
2227,1,2025-02-05,2025-02-05,High Income Segment,Poor,6k-10k,357.0,9555.76,3621.29,0.0,0,1,1,1,False
2228,2,2023-05-28,2024-02-04,Low Income Segment,Fair,3k-6k,522.0,3666.32,18380.6,154.45999999999998,0,2,2,2,True
2229,2,2023-06-03,2024-08-15,Low Income Segment,Poor,3k-6k,504.0,2776.02,8926.6,42.28,0,2,2,2,True
2230,3,2024-01-14,2025-04-21,Middle Income Segment,Poor,3k-6k,551.0,3676.6066666666666,20777.08,121.62,0,2,3,3,True
2231,4,2023-04-01,2024-09-14,Middle Income Segment,Good,3k-6k,558.75,5423.905000000001,11327.68,13.96,0,1,4,4,True
2232,2,2023-12-20,2024-04-29,High Income Segment,Exceptional,6k-10k,707.5,5283.005,10149.59,0.0,0,2,2,2,True
2233,2,2024-05-21,2024-12-18,High Income Segment,Fair,6k-10k,475.0,5111.555,13375.27,27.16,0,2,2,2,True
2234,3,2023-02-23,2025-04-21,High Income Segment,Exceptional,6k-10k,659.6666666666666,8440.523333333333,8797.33,133.94,0,2,3,3,True
2235,4,2023-06-28,2025-03-07,High Income Segment,Poor,6k-10k,616.75,8272.3,13710.73,43.23,0,2,4,4,True
2236,2,2023-11-28,2024-01-20,High Income Segment,Fair,6k-10k,677.5,4195.895,14767.619999999999,14.99,0,2,2,2,True
2237,2,2024-04-21,2024-09-16,High Income Segment,Good,6k-10k,735.0,9472.869999999999,19535.7,69.92,0,1,2,2,True
2238,5,2024-06-03,2025-05-13,Middle Income Segment,Poor,6k-10k,571.4,6205.732,27614.54,365.40999999999997,2,3,5,5,True
2239,3,2023-12-05,2024-04-18,Low Income Segment,Exceptional,Under 3k,635.3333333333334,3353.0,15439.93,67.53999999999999,0,2,3,3,True
2240,1,2024-08-29,2024-08-29,Middle Income Segment,Good,6k-10k,680.0,6905.84,1112.49,0.0,0,1,1,1,False
2241,4,2023-03-25,2024-07-09,Low Income Segment,Poor,Under 3k,620.75,3329.415,27057.699999999997,19.36,0,2,4,4,True
2242,5,2023-04-15,2024-10-17,Middle Income Segment,Poor,6k-10k,439.6,6261.696,28188.93,0.0,0,2,5,5,True
2243,1,2024-10-27,2024-10-27,Low Income Segment,Good,Under 3k,688.0,1184.2,9484.31,0.0,0,1,1,1,False
2244,4,2023-12-08,2025-04-20,Middle Income Segment,Poor,6k-10k,591.0,5098.46,14931.859999999999,143.17000000000002,0,3,4,4,True
2245,3,2023-01-03,2023-07-18,High Income Segment,Poor,6k-10k,465.6666666666667,6850.87,11799.330000000002,19.58,0,2,3,3,True
2246,1,2025-04-03,2025-04-03,High Income Segment,Poor,6k-10k,396.0,7843.28,11998.65,0.0,0,1,1,1,False
2248,4,2023-08-11,2025-04-04,High Income Segment,Poor,6k-10k,506.5,7511.3675,14071.449999999999,75.12,0,2,4,4,True
2249,4,2023-03-16,2025-04-25,Middle Income Segment,Poor,6k-10k,519.75,5469.9225,14294.92,147.04000000000002,0,3,4,4,True
2250,3,2023-06-23,2025-02-02,Middle Income Segment,Good,3k-6k,624.0,3947.1666666666665,10816.96,152.97,0,2,3,3,True
2251,3,2024-01-15,2024-09-26,Middle Income Segment,Fair,6k-10k,695.6666666666666,4850.18,17350.739999999998,54.51,0,2,3,3,True
2252,3,2023-08-23,2025-05-16,High Income Segment,Exceptional,6k-10k,631.6666666666666,7288.153333333333,17910.58,26.9,0,2,3,3,True
2253,1,2023-09-10,2023-09-10,High Income Segment,Exceptional,6k-10k,822.0,7622.08,11876.8,0.0,0,1,1,1,False
2254,2,2023-01-30,2024-11-12,Low Income Segment,Good,6k-10k,629.0,4778.530000000001,3732.05,0.0,0,2,2,2,True
2256,3,2023-03-18,2024-07-14,Middle Income Segment,Poor,3k-6k,519.0,5826.163333333334,10494.33,5.13,0,2,3,3,True
2257,2,2024-07-21,2025-02-19,High Income Segment,Fair,6k-10k,476.5,8406.4,8221.58,87.84,0,1,2,2,True
2258,2,2023-01-16,2024-10-03,High Income Segment,Poor,3k-6k,445.0,5719.075,16442.36,30.67,0,2,2,2,True
2259,3,2023-02-04,2025-03-05,High Income Segment,Poor,6k-10k,463.3333333333333,6947.636666666666,27320.03,240.59,1,2,3,3,True
2260,2,2024-02-16,2024-07-28,Middle Income Segment,Exceptional,3k-6k,573.5,4947.925,7188.09,171.11,0,1,2,2,True
2261,1,2025-02-16,2025-02-16,Low Income Segment,Fair,Under 3k,581.0,1396.97,978.18,0.0,0,1,1,1,False
2262,1,2024-01-14,2024-01-14,Low Income Segment,Poor,Under 3k,506.0,2769.05,762.09,0.0,0,1,1,1,False
2263,2,2023-02-17,2023-12-31,High Income Segment,Poor,6k-10k,554.0,9422.224999999999,17401.989999999998,8.27,0,1,2,2,True
2264,3,2023-03-14,2025-05-03,High Income Segment,Poor,6k-10k,520.6666666666666,6397.553333333333,18925.88,264.65999999999997,1,2,3,3,True
2265,2,2023-03-16,2023-09-06,High Income Segment,Good,6k-10k,741.0,7633.945,14230.630000000001,47.88,0,1,2,2,True
2266,1,2023-12-27,2023-12-27,Low Income Segment,Poor,Under 3k,335.0,1630.06,2038.93,23.39,0,1,1,1,False
2267,2,2024-05-01,2024-07-19,Low Income Segment,Poor,6k-10k,540.5,4468.495,7240.66,0.0,0,2,2,2,True
2268,3,2024-01-27,2025-03-24,High Income Segment,Poor,3k-6k,431.6666666666667,4438.33,17458.5,26.060000000000002,0,3,3,3,True
2269,4,2023-09-13,2024-06-23,High Income Segment,Poor,6k-10k,600.5,7507.275,16824.41,85.58,0,2,4,4,True
2270,1,2024-07-21,2024-07-21,High Income Segment,Poor,6k-10k,486.0,8919.19,3535.55,153.64,1,1,1,1,False
2271,1,2023-02-22,2023-02-22,Low Income Segment,Very Good,Under 3k,788.0,2363.3,3545.79,0.0,0,1,1,1,False
2272,1,2023-04-15,2023-04-15,Middle Income Segment,Poor,3k-6k,319.0,4850.73,9336.93,0.0,0,1,1,1,False
2273,2,2023-04-02,2023-12-31,Middle Income Segment,Poor,3k-6k,609.0,4516.969999999999,16873.96,256.36,1,1,2,2,True
2274,3,2023-05-22,2025-04-30,Middle Income Segment,Poor,3k-6k,528.3333333333334,5925.863333333334,19239.37,222.33999999999997,0,2,3,3,True
2275,1,2024-01-30,2024-01-30,Middle Income Segment,Very Good,3k-6k,759.0,5066.08,8676.95,102.42,0,1,1,1,False
2276,1,2025-02-22,2025-02-22,Middle Income Segment,Good,3k-6k,731.0,3228.64,2454.09,0.0,0,1,1,1,False
2277,1,2023-06-08,2023-06-08,Low Income Segment,Exceptional,Under 3k,839.0,2017.57,5877.13,18.71,0,1,1,1,False
2278,1,2023-05-03,2023-05-03,Middle Income Segment,Good,3k-6k,682.0,3744.55,3478.86,0.35,0,1,1,1,False
2279,1,2024-03-14,2024-03-14,Low Income Segment,Good,Under 3k,690.0,1240.01,864.83,0.0,0,1,1,1,False
2281,1,2023-05-10,2023-05-10,High Income Segment,Poor,6k-10k,305.0,8512.8,2288.61,44.35,0,1,1,1,False
2283,5,2023-01-31,2025-04-02,Low Income Segment,Very Good,3k-6k,666.0,4289.576,10899.960000000001,101.38,0,3,4,5,True
2284,2,2023-05-30,2024-05-19,High Income Segment,Poor,6k-10k,492.5,4304.64,11162.8,78.86,0,2,2,2,True
2285,3,2023-02-10,2023-08-18,Middle Income Segment,Fair,3k-6k,610.3333333333334,5409.373333333334,24072.92,74.88,0,2,3,3,True
2286,3,2023-01-06,2024-10-31,High Income Segment,Poor,6k-10k,492.6666666666667,8444.42,6260.7300000000005,118.21000000000001,0,1,3,3,True
2287,3,2023-02-03,2024-11-03,Middle Income Segment,Poor,3k-6k,507.3333333333333,5517.38,11019.1,22.56,0,2,3,3,True
2289,2,2024-10-16,2025-01-24,Middle Income Segment,Poor,3k-6k,545.0,6014.445,7786.35,192.0,1,1,2,2,True
2290,1,2024-05-25,2024-05-25,Middle Income Segment,Poor,3k-6k,576.0,4589.28,985.03,25.43,0,1,1,1,False
2291,3,2023-05-15,2024-08-02,Low Income Segment,Poor,Under 3k,458.0,4419.63,14629.17,44.32,0,2,3,3,True
2292,3,2024-01-01,2024-04-07,High Income Segment,Exceptional,3k-6k,634.6666666666666,4888.866666666667,8149.66,96.67,0,3,3,3,True
2293,4,2023-06-01,2025-02-17,High Income Segment,Poor,6k-10k,530.0,4465.89,21585.949999999997,108.84,0,2,4,4,True
2294,3,2023-10-01,2024-02-03,Low Income Segment,Exceptional,Under 3k,675.3333333333334,3025.08,23278.78,93.98,0,2,3,3,True
2295,1,2023-10-01,2023-10-01,High Income Segment,Good,6k-10k,702.0,8809.82,2350.77,116.51,0,1,1,1,False
2296,2,2023-01-18,2024-06-13,Low Income Segment,Poor,3k-6k,369.5,2657.7799999999997,6908.78,14.14,0,2,2,2,True
2297,1,2024-12-26,2024-12-26,Middle Income Segment,Poor,3k-6k,467.0,5582.23,1826.86,18.54,0,1,1,1,False
2298,1,2023-09-25,2023-09-25,High Income Segment,Fair,6k-10k,599.0,8821.11,8453.14,75.65,0,1,1,1,False
2299,2,2024-02-11,2024-03-27,Low Income Segment,Good,6k-10k,734.5,4586.07,15333.029999999999,319.4,1,2,2,2,True
2300,4,2023-09-04,2025-01-03,High Income Segment,Poor,6k-10k,577.0,6859.705,22405.46,63.11,0,3,4,4,True
2301,5,2023-05-07,2024-07-18,Middle Income Segment,Poor,3k-6k,612.4,4611.358,34557.45,624.22,3,3,5,5,True
2304,3,2024-01-04,2024-04-27,High Income Segment,Poor,3k-6k,608.6666666666666,5140.723333333332,5319.21,382.62,1,3,3,3,True
2305,1,2023-03-27,2023-03-27,Middle Income Segment,Very Good,3k-6k,788.0,4191.87,8483.73,0.0,0,1,1,1,False
2306,4,2023-04-13,2024-10-18,Middle Income Segment,Poor,3k-6k,405.25,5459.469999999999,42848.61,73.18,0,2,4,4,True
2307,3,2023-09-03,2024-11-12,Middle Income Segment,Poor,3k-6k,364.0,4633.099999999999,15264.61,194.66000000000003,0,1,3,3,True
2308,6,2023-02-07,2025-02-25,High Income Segment,Poor,6k-10k,506.8333333333333,7595.218333333333,23955.15,161.94,0,2,6,6,True
2309,2,2023-09-03,2023-12-18,High Income Segment,Exceptional,6k-10k,779.5,7568.955,23992.39,18.35,0,2,2,2,True
2310,3,2023-08-24,2024-05-09,Low Income Segment,Exceptional,Under 3k,737.6666666666666,2989.8600000000006,23005.17,29.2,0,2,3,3,True
2311,2,2023-02-22,2023-10-01,Low Income Segment,Fair,Under 3k,693.0,1466.9850000000001,14537.42,27.17,0,1,2,2,True
2312,6,2023-05-09,2025-04-21,High Income Segment,Fair,6k-10k,588.5,6627.578333333334,34898.33,102.34,0,3,6,6,True
2313,1,2024-06-21,2024-06-21,Middle Income Segment,Exceptional,3k-6k,842.0,3041.27,12210.65,52.51,0,1,1,1,False
2314,2,2023-04-11,2024-11-02,High Income Segment,Good,3k-6k,596.5,6341.735,11779.55,0.0,0,2,2,2,True
2315,3,2024-10-03,2025-01-06,Middle Income Segment,Poor,3k-6k,545.6666666666666,3136.9500000000003,8373.98,182.87,1,2,3,3,True
2316,6,2023-01-19,2025-04-09,High Income Segment,Poor,6k-10k,535.1666666666666,7002.256666666667,15089.39,55.41,0,2,6,6,True
2317,3,2023-08-18,2025-01-13,High Income Segment,Exceptional,3k-6k,692.0,5904.446666666667,29955.15,97.14,0,3,3,3,True
2319,1,2023-01-30,2023-01-30,High Income Segment,Exceptional,6k-10k,824.0,9983.93,2685.94,0.0,0,1,1,1,False
2320,2,2024-03-19,2024-05-18,High Income Segment,Poor,6k-10k,412.0,5898.31,13611.27,0.0,0,2,2,2,True
2321,1,2024-10-20,2024-10-20,Middle Income Segment,Poor,3k-6k,465.0,3686.77,8443.81,84.56,0,1,1,1,False
2322,1,2025-01-03,2025-01-03,Middle Income Segment,Good,3k-6k,719.0,4639.62,9996.71,13.13,0,1,1,1,False
2324,1,2023-07-06,2023-07-06,Low Income Segment,Fair,Under 3k,644.0,2409.74,5810.38,0.0,0,1,1,1,False
2325,4,2023-01-07,2025-03-13,High Income Segment,Fair,6k-10k,719.0,8183.685,15511.26,181.92000000000002,0,1,4,4,True
2326,3,2023-08-03,2025-03-13,Low Income Segment,Poor,Under 3k,519.6666666666666,2916.586666666666,23613.67,196.70999999999998,0,2,3,3,True
2327,2,2023-06-25,2023-07-30,High Income Segment,Poor,6k-10k,621.5,8312.24,3868.47,165.97,1,2,2,2,True
2329,2,2024-06-08,2024-08-07,High Income Segment,Poor,3k-6k,379.5,7265.94,21350.56,60.629999999999995,0,2,2,2,True
2331,4,2023-01-04,2024-11-25,Middle Income Segment,Poor,3k-6k,459.5,5162.765,17437.31,26.14,0,2,4,4,True
2332,1,2023-04-17,2023-04-17,Middle Income Segment,Poor,6k-10k,387.0,6642.51,1644.56,0.0,0,1,1,1,False
2333,2,2023-11-18,2025-04-27,High Income Segment,Poor,6k-10k,454.0,5655.07,6560.5,51.0,0,2,2,2,True
2334,3,2024-06-04,2025-03-19,High Income Segment,Fair,6k-10k,597.3333333333334,7022.063333333333,18196.5,0.0,0,2,3,3,True
2335,2,2024-07-14,2024-09-19,High Income Segment,Poor,6k-10k,542.5,8713.8,24353.25,56.18,0,1,2,2,True
2337,1,2024-02-28,2024-02-28,Middle Income Segment,Poor,6k-10k,481.0,6852.99,4422.7,0.0,0,1,1,1,False
2338,1,2025-01-12,2025-01-12,High Income Segment,Very Good,6k-10k,752.0,8245.38,4102.64,34.2,0,1,1,1,False
2340,3,2023-06-24,2025-02-24,Middle Income Segment,Good,3k-6k,616.0,4284.253333333333,14018.210000000001,1.11,0,2,3,3,True
2341,2,2023-09-21,2024-07-02,High Income Segment,Poor,6k-10k,446.5,9289.895,5498.7300000000005,43.98,0,1,2,2,True
2342,2,2024-01-01,2024-07-29,High Income Segment,Poor,3k-6k,488.5,7032.06,4167.56,0.0,0,2,2,2,True
2343,2,2023-04-26,2025-03-26,Low Income Segment,Exceptional,3k-6k,658.0,2774.85,11001.15,67.12,0,2,2,2,True
2344,1,2023-03-10,2023-03-10,Low Income Segment,Poor,Under 3k,463.0,1981.32,2552.9,26.17,0,1,1,1,False
2345,3,2023-10-09,2025-05-09,Middle Income Segment,Poor,6k-10k,557.6666666666666,7066.473333333332,16531.29,379.95,1,2,3,3,True
2348,3,2023-03-18,2024-01-11,High Income Segment,Good,6k-10k,651.6666666666666,8238.823333333334,8951.06,52.06,0,2,3,3,True
2349,2,2023-11-16,2024-06-15,High Income Segment,Exceptional,3k-6k,796.5,6522.84,6156.59,11.16,0,2,2,2,True
2350,1,2023-06-01,2023-06-01,Middle Income Segment,Poor,6k-10k,503.0,6709.74,4824.69,28.24,0,1,1,1,False
2351,1,2023-04-21,2023-04-21,Middle Income Segment,Very Good,6k-10k,799.0,6379.96,10568.34,39.56,0,1,1,1,False
2352,1,2024-03-10,2024-03-10,Middle Income Segment,Exceptional,6k-10k,830.0,6069.86,7999.62,0.0,0,1,1,1,False
2353,5,2023-02-07,2025-04-27,Middle Income Segment,Poor,6k-10k,638.8,5515.07,25113.15,28.64,0,3,5,5,True
2354,4,2023-04-03,2025-05-04,High Income Segment,Poor,6k-10k,488.25,7555.2675,31698.59,124.84,0,2,4,4,True
2355,2,2023-01-26,2024-07-26,High Income Segment,Poor,3k-6k,366.5,7187.285,25272.39,14.5,0,2,2,2,True
2356,4,2023-09-02,2024-09-16,Low Income Segment,Poor,3k-6k,510.5,3530.9674999999997,32857.64,25.47,0,2,4,4,True
2357,2,2024-11-29,2025-03-14,High Income Segment,Fair,6k-10k,535.5,9070.05,8441.17,49.83,0,1,2,2,True
2358,1,2024-06-02,2024-06-02,Low Income Segment,Good,Under 3k,701.0,2500.28,241.81,0.0,0,1,1,1,False
2359,5,2023-06-03,2024-08-16,High Income Segment,Poor,6k-10k,467.0,6592.031999999999,21890.44,202.33,1,3,5,5,True
2360,2,2025-03-22,2025-03-23,High Income Segment,Good,3k-6k,705.5,7077.030000000001,3730.22,7.78,0,2,2,2,True
2361,6,2023-01-05,2025-03-12,High Income Segment,Poor,6k-10k,558.0,7507.838333333333,32019.07,211.84000000000003,0,2,6,6,True
2362,1,2024-11-26,2024-11-26,Middle Income Segment,Poor,3k-6k,535.0,4460.09,5761.28,0.0,0,1,1,1,False
2363,4,2023-09-14,2025-03-12,Low Income Segment,Poor,Under 3k,568.5,4396.2074999999995,7511.41,24.6,0,3,4,4,True
2364,3,2023-04-21,2024-01-13,High Income Segment,Very Good,6k-10k,759.0,7560.553333333333,19740.91,150.89,0,2,3,3,True
2365,4,2023-06-12,2024-08-22,Low Income Segment,Exceptional,3k-6k,621.5,3493.4350000000004,22586.86,164.97,1,2,4,4,True
2366,1,2023-05-29,2023-05-29,Low Income Segment,Very Good,Under 3k,779.0,1898.98,1148.13,0.0,0,1,1,1,False
2367,2,2023-03-21,2024-05-02,High Income Segment,Poor,3k-6k,443.5,6442.045,9146.32,6.7,0,2,2,2,True
2368,4,2024-06-10,2025-04-02,High Income Segment,Poor,6k-10k,604.5,7188.6875,18118.96,426.28999999999996,1,2,4,4,True
2369,3,2023-04-14,2023-10-17,High Income Segment,Fair,6k-10k,636.3333333333334,8053.283333333333,17093.75,0.0,0,1,3,3,True
2370,2,2023-11-17,2025-02-25,High Income Segment,Fair,3k-6k,646.0,6339.965,22358.18,7.35,0,2,2,2,True
2371,1,2023-07-30,2023-07-30,High Income Segment,Very Good,6k-10k,781.0,7103.24,9903.18,6.96,0,1,1,1,False
2372,1,2024-12-30,2024-12-30,High Income Segment,Poor,6k-10k,398.0,8147.33,9067.69,101.4,0,1,1,1,False
2373,1,2023-01-22,2023-01-22,Low Income Segment,Exceptional,Under 3k,837.0,1936.52,1695.98,155.1,1,1,1,1,False
2374,4,2023-01-09,2025-05-19,High Income Segment,Poor,3k-6k,494.5,6507.5225,25569.86,26.05,0,2,4,4,True
2375,2,2024-07-17,2024-08-16,High Income Segment,Exceptional,6k-10k,764.0,4697.629999999999,14706.73,34.11,0,2,2,2,True
2376,4,2023-03-13,2024-01-24,High Income Segment,Fair,6k-10k,522.5,7132.6425,27177.28,158.34,0,2,4,4,True
2377,2,2025-02-26,2025-03-19,High Income Segment,Exceptional,6k-10k,626.5,5745.115,11288.640000000001,114.87,0,2,2,2,True
2378,5,2023-03-14,2025-05-16,High Income Segment,Fair,6k-10k,533.4,5440.762,29124.11,149.60000000000002,0,3,5,5,True
2379,4,2023-07-07,2025-04-26,High Income Segment,Fair,6k-10k,682.25,7692.202499999999,29178.23,47.35,0,2,4,4,True
2380,2,2023-06-06,2025-02-15,High Income Segment,Exceptional,6k-10k,658.0,5133.375,5062.22,0.0,0,2,2,2,True
2381,5,2023-03-09,2024-08-14,Middle Income Segment,Poor,3k-6k,536.4,5148.892,10292.53,28.73,0,3,5,5,True
2382,1,2024-06-06,2024-06-06,Middle Income Segment,Poor,6k-10k,486.0,6700.34,2380.93,48.91,0,1,1,1,False
2383,1,2024-11-28,2024-11-28,High Income Segment,Poor,6k-10k,342.0,9842.5,3023.73,39.5,0,1,1,1,False
2384,3,2023-08-24,2025-03-18,High Income Segment,Poor,6k-10k,383.6666666666667,5595.833333333333,26981.590000000004,122.46,0,2,3,3,True
2385,2,2024-10-28,2024-11-10,High Income Segment,Poor,6k-10k,397.5,4705.55,15962.73,33.32,0,2,2,2,True
2386,3,2023-02-17,2023-12-19,High Income Segment,Poor,6k-10k,651.0,6868.850000000001,28453.440000000002,140.47,0,2,3,3,True
2387,4,2024-05-06,2024-10-22,Middle Income Segment,Fair,6k-10k,516.25,5435.0625,35191.509999999995,74.02000000000001,0,3,4,4,True
2388,3,2023-11-21,2025-01-13,Middle Income Segment,Very Good,3k-6k,689.3333333333334,5398.52,23180.649999999998,356.26,1,2,3,3,True
2389,5,2024-03-04,2025-02-17,Middle Income Segment,Poor,3k-6k,532.0,5618.146,19399.059999999998,0.0,0,2,5,5,True
2390,2,2024-06-15,2025-02-28,High Income Segment,Exceptional,6k-10k,632.0,8498.21,4360.95,150.49,1,1,2,2,True
2391,2,2024-09-30,2024-11-17,Middle Income Segment,Good,3k-6k,530.5,6078.48,11340.84,44.69,0,1,2,2,True
2392,3,2023-11-22,2025-03-22,High Income Segment,Poor,6k-10k,563.0,6668.2733333333335,15802.29,237.10000000000002,0,2,3,3,True
2394,5,2023-01-02,2024-04-29,High Income Segment,Poor,6k-10k,539.8,5749.706,20763.94,144.48,0,3,5,5,True
2395,1,2024-10-14,2024-10-14,Middle Income Segment,Poor,3k-6k,320.0,3831.17,4370.33,63.71,0,1,1,1,False
2399,2,2023-05-02,2024-02-26,Middle Income Segment,Poor,6k-10k,537.5,6373.23,12761.5,405.55999999999995,2,1,2,2,True
2400,2,2024-12-12,2025-05-03,Middle Income Segment,Exceptional,3k-6k,613.0,5384.9400000000005,13708.67,229.8,1,1,2,2,True
2401,3,2024-03-17,2025-04-16,High Income Segment,Fair,3k-6k,573.6666666666666,4868.009999999999,15683.77,203.32,0,3,3,3,True
2403,6,2023-01-05,2025-04-28,High Income Segment,Good,6k-10k,687.0,7328.9783333333335,25207.87,242.18,0,2,6,6,True
2404,4,2023-06-12,2024-11-22,Low Income Segment,Poor,Under 3k,635.5,3825.9825,30467.83,25.07,0,2,4,4,True
2405,2,2024-02-01,2024-12-26,High Income Segment,Fair,3k-6k,488.5,6571.504999999999,10491.08,21.14,0,2,2,2,True
2406,2,2023-05-07,2024-11-26,High Income Segment,Good,6k-10k,726.0,5984.95,13945.9,30.77,0,2,2,2,True
2407,2,2023-02-12,2024-07-17,High Income Segment,Poor,6k-10k,342.5,6226.03,15598.59,40.07,0,2,2,2,True
2408,1,2025-04-09,2025-04-09,High Income Segment,Poor,6k-10k,494.0,9529.76,6400.78,0.0,0,1,1,1,False
2409,5,2023-02-14,2025-01-17,Middle Income Segment,Poor,3k-6k,537.4,3949.7520000000004,34072.79,484.22,2,2,5,5,True
2410,3,2023-06-01,2024-09-17,Middle Income Segment,Good,6k-10k,603.0,6180.053333333333,19073.0,354.51,1,2,3,3,True
2412,1,2024-02-02,2024-02-02,Middle Income Segment,Good,3k-6k,688.0,4045.23,11263.98,92.31,0,1,1,1,False
2413,1,2024-01-29,2024-01-29,Low Income Segment,Poor,Under 3k,323.0,2186.12,9438.59,35.23,0,1,1,1,False
2414,1,2023-05-15,2023-05-15,Middle Income Segment,Good,3k-6k,676.0,3032.72,1871.36,0.0,0,1,1,1,False
2415,2,2023-08-02,2024-03-16,Low Income Segment,Fair,3k-6k,516.0,3789.1,2698.2599999999998,20.9,0,2,2,2,True
2416,2,2024-12-12,2025-04-27,High Income Segment,Poor,3k-6k,486.5,6589.2699999999995,21381.94,243.44,1,2,2,2,True
2417,3,2023-04-02,2025-02-09,Low Income Segment,Poor,Under 3k,439.3333333333333,3078.093333333333,18675.04,52.82,0,2,3,3,True
2419,2,2023-12-16,2024-03-23,High Income Segment,Exceptional,6k-10k,638.5,7368.155,2771.0299999999997,19.23,0,2,2,2,True
2420,2,2023-07-03,2023-10-12,High Income Segment,Good,6k-10k,692.0,5903.6,14530.26,176.19,1,2,2,2,True
2421,5,2023-02-16,2025-05-18,High Income Segment,Poor,6k-10k,606.4,7310.745999999999,22140.16,28.04,0,2,5,5,True
2422,2,2024-06-21,2024-11-19,High Income Segment,Exceptional,6k-10k,650.5,5754.155,19796.899999999998,45.67,0,2,2,2,True
2423,1,2024-03-02,2024-03-02,Middle Income Segment,Fair,3k-6k,634.0,4671.67,380.25,89.56,0,1,1,1,False
2424,2,2023-12-28,2024-12-27,Low Income Segment,Fair,3k-6k,527.5,3291.635,23360.08,54.11,0,2,2,2,True
2425,4,2023-09-21,2025-03-04,Middle Income Segment,Poor,3k-6k,422.0,4296.295,30393.09,30.1,0,3,4,4,True
2426,2,2023-01-28,2025-01-19,Low Income Segment,Fair,Under 3k,496.0,1516.8249999999998,7146.77,41.82,0,1,2,2,True
2428,3,2024-04-06,2025-03-01,High Income Segment,Poor,6k-10k,436.3333333333333,8116.933333333333,17749.010000000002,26.99,0,2,3,3,True
2429,1,2023-01-03,2023-01-03,Middle Income Segment,Poor,3k-6k,507.0,5034.67,2653.29,0.0,0,1,1,1,False
2430,1,2023-11-29,2023-11-29,Low Income Segment,Good,Under 3k,676.0,1609.31,3052.56,0.0,0,1,1,1,False
2431,3,2023-07-25,2025-01-16,Middle Income Segment,Poor,3k-6k,518.3333333333334,3773.8133333333335,20026.88,0.0,0,1,3,3,True
2432,1,2024-11-25,2024-11-25,Low Income Segment,Poor,Under 3k,343.0,1552.09,11977.65,0.0,0,1,1,1,False
2434,1,2025-01-06,2025-01-06,High Income Segment,Poor,6k-10k,373.0,8845.09,914.9,0.0,0,1,1,1,False
2435,1,2024-08-04,2024-08-04,Middle Income Segment,Poor,6k-10k,496.0,6031.98,5962.97,83.21,0,1,1,1,False
2436,4,2023-08-08,2025-03-15,Low Income Segment,Exceptional,3k-6k,621.0,3039.8450000000003,14634.99,69.17,0,2,4,4,True
2437,3,2023-11-25,2024-08-04,Middle Income Segment,Fair,6k-10k,642.6666666666666,6313.04,26502.12,75.37,0,2,3,3,True
2438,3,2023-07-20,2024-12-12,Middle Income Segment,Poor,3k-6k,563.0,6001.19,20379.41,4.59,0,2,3,3,True
2439,3,2023-12-07,2025-03-24,Middle Income Segment,Poor,3k-6k,537.0,4088.6800000000003,27065.8,20.13,0,1,3,3,True
2440,5,2023-07-08,2024-09-25,Middle Income Segment,Exceptional,3k-6k,675.4,4703.782,31117.51,328.90999999999997,1,2,5,5,True
2442,3,2023-07-15,2024-09-14,Middle Income Segment,Exceptional,3k-6k,606.0,5076.5199999999995,21195.55,83.97,0,2,3,3,True
2443,1,2023-03-03,2023-03-03,Middle Income Segment,Exceptional,6k-10k,838.0,6965.09,14811.89,106.69,0,1,1,1,False
2445,3,2023-09-02,2024-05-06,High Income Segment,Fair,6k-10k,613.3333333333334,6526.693333333334,10955.89,313.72,1,2,3,3,True
2446,3,2024-02-14,2024-10-26,High Income Segment,Fair,6k-10k,647.3333333333334,9258.483333333332,19787.89,3.66,0,1,3,3,True
2447,4,2023-11-06,2025-01-11,High Income Segment,Fair,3k-6k,643.75,7149.04,34602.51,287.01,0,2,4,4,True
2448,1,2024-01-09,2024-01-09,High Income Segment,Poor,6k-10k,470.0,9273.87,411.0,22.36,0,1,1,1,False
2449,5,2023-11-14,2025-01-21,Middle Income Segment,Fair,3k-6k,562.8,5434.596,29230.52,15.19,0,3,5,5,True
2451,2,2023-04-27,2023-05-24,Middle Income Segment,Poor,6k-10k,624.0,6538.85,11119.42,39.68,0,1,2,2,True
2452,2,2023-06-21,2024-06-08,High Income Segment,Good,6k-10k,515.5,9213.685000000001,18815.97,253.87,1,1,2,2,True
2454,2,2023-06-05,2025-03-08,Low Income Segment,Fair,3k-6k,646.0,3792.755,6675.5,192.98,1,2,2,2,True
2455,2,2024-02-01,2024-02-15,High Income Segment,Exceptional,3k-6k,602.0,7402.9400000000005,13850.43,0.0,0,2,2,2,True
2458,1,2024-11-02,2024-11-02,Low Income Segment,Good,Under 3k,703.0,2473.82,4095.77,0.0,0,1,1,1,False
2459,2,2023-02-22,2024-08-20,Middle Income Segment,Fair,3k-6k,724.5,4340.73,15247.81,19.21,0,1,2,2,True
2460,5,2023-08-30,2025-04-24,Middle Income Segment,Poor,6k-10k,466.2,6103.852000000001,37765.42,146.42000000000002,0,2,5,5,True
2461,5,2023-06-27,2024-09-07,High Income Segment,Poor,6k-10k,448.0,5158.574,33518.36,114.19,0,3,5,5,True
2462,2,2024-01-17,2024-04-30,High Income Segment,Poor,3k-6k,623.0,6502.795,14459.54,144.37,0,2,2,2,True
2463,1,2024-11-21,2024-11-21,Middle Income Segment,Fair,3k-6k,624.0,5084.72,4309.05,31.01,0,1,1,1,False
2464,2,2023-05-30,2023-06-09,High Income Segment,Fair,6k-10k,556.0,7905.469999999999,4294.54,0.0,0,2,2,2,True
2465,3,2023-03-06,2024-11-06,Middle Income Segment,Poor,3k-6k,518.0,5219.84,22044.91,100.97,0,2,3,3,True
2466,4,2023-12-09,2025-02-27,Low Income Segment,Fair,Under 3k,511.5,3767.91,15997.67,283.40999999999997,1,2,4,4,True
2467,1,2024-11-27,2024-11-27,High Income Segment,Exceptional,6k-10k,833.0,8231.9,857.33,0.0,0,1,1,1,False
2468,4,2023-03-29,2025-03-19,High Income Segment,Poor,3k-6k,640.25,7266.215,14539.88,227.92999999999998,1,2,4,4,True
2469,4,2023-06-15,2024-09-29,Middle Income Segment,Fair,3k-6k,558.75,5028.23,31044.510000000002,137.07999999999998,0,2,4,4,True
2471,1,2023-12-19,2023-12-19,Middle Income Segment,Very Good,3k-6k,745.0,4407.69,5903.53,15.03,0,1,1,1,False
2472,2,2023-02-20,2025-01-05,High Income Segment,Fair,6k-10k,642.5,5162.085,12472.1,0.0,0,2,2,2,True
2473,4,2023-05-29,2025-05-03,Middle Income Segment,Poor,3k-6k,622.25,5893.0775,26986.2,82.08,0,2,4,4,True
2474,2,2024-05-11,2024-05-20,High Income Segment,Fair,3k-6k,664.0,7689.2,6687.75,0.0,0,2,2,2,True
2476,2,2023-02-12,2024-12-18,Low Income Segment,Fair,3k-6k,503.0,3492.465,6621.36,0.0,0,2,2,2,True
2477,4,2023-04-24,2024-08-27,Middle Income Segment,Fair,3k-6k,684.25,4607.515,27174.21,6.3,0,2,4,4,True
2478,3,2024-07-04,2025-05-15,Low Income Segment,Good,Under 3k,643.3333333333334,1830.4766666666667,29752.94,128.08,0,2,3,3,True
2479,2,2024-06-21,2025-02-27,Low Income Segment,Poor,6k-10k,483.5,4102.615,6701.6,0.0,0,2,2,2,True
2480,3,2024-08-04,2025-04-20,Middle Income Segment,Poor,3k-6k,433.6666666666667,3481.5699999999997,15150.48,174.98,0,2,3,3,True
2481,3,2023-06-01,2024-08-12,High Income Segment,Exceptional,3k-6k,604.3333333333334,4740.32,26015.39,12.92,0,3,3,3,True
2482,1,2025-01-28,2025-01-28,Low Income Segment,Good,Under 3k,684.0,1373.83,4015.29,31.63,0,1,1,1,False
2484,3,2023-09-02,2025-02-13,Middle Income Segment,Exceptional,3k-6k,729.6666666666666,5847.333333333333,13962.33,128.82999999999998,0,2,3,3,True
2485,2,2023-09-27,2024-08-30,Low Income Segment,Exceptional,Under 3k,606.0,2216.52,5100.8099999999995,0.0,0,1,2,2,True
2486,2,2023-01-18,2023-10-21,High Income Segment,Poor,3k-6k,401.5,6294.110000000001,13151.02,58.11,0,2,2,2,True
2487,2,2024-06-30,2025-05-10,Middle Income Segment,Poor,3k-6k,439.0,3971.735,7721.35,29.42,0,1,2,2,True
2488,2,2023-05-27,2024-04-13,Low Income Segment,Fair,3k-6k,710.0,2883.4849999999997,16237.36,14.56,0,2,2,2,True
2490,2,2023-03-08,2024-01-16,Middle Income Segment,Good,3k-6k,515.0,6167.3150000000005,4363.03,0.0,0,1,2,2,True
2491,2,2023-08-22,2024-02-19,High Income Segment,Good,3k-6k,531.5,6607.47,3394.61,101.83,0,2,2,2,True
2492,2,2023-07-08,2024-03-20,High Income Segment,Good,3k-6k,702.5,7301.4349999999995,9309.74,45.2,0,2,2,2,True
2493,1,2024-03-21,2024-03-21,Middle Income Segment,Very Good,3k-6k,783.0,5917.28,3889.79,0.0,0,1,1,1,False
2494,4,2023-04-23,2025-05-14,Middle Income Segment,Fair,6k-10k,500.75,5081.8125,19336.36,36.34,0,3,4,4,True
2495,4,2023-10-09,2025-01-04,Middle Income Segment,Fair,3k-6k,602.0,5349.4025,19067.739999999998,40.620000000000005,0,3,4,4,True
2496,1,2024-03-11,2024-03-11,High Income Segment,Poor,6k-10k,465.0,9253.34,14068.31,0.0,0,1,1,1,False
2497,4,2023-12-28,2025-05-16,High Income Segment,Fair,3k-6k,632.25,6707.6075,28510.08,70.49,0,2,4,4,True
2498,2,2023-09-27,2024-04-14,High Income Segment,Exceptional,6k-10k,795.0,5702.525,12414.779999999999,37.44,0,2,2,2,True
2499,4,2023-02-25,2024-08-22,High Income Segment,Very Good,3k-6k,668.25,6255.6275,22510.13,56.17,0,2,4,4,True
2500,3,2023-07-28,2025-04-07,High Income Segment,Very Good,6k-10k,697.0,7376.433333333333,7900.24,29.68,0,2,3,3,True
2501,4,2023-08-03,2024-12-26,High Income Segment,Fair,6k-10k,633.75,5486.71,20767.28,116.99,0,3,4,4,True
2502,6,2023-07-04,2025-04-22,Middle Income Segment,Very Good,6k-10k,647.8333333333334,5493.673333333333,42395.979999999996,194.48999999999998,1,3,6,6,True
2504,3,2024-06-28,2025-03-27,High Income Segment,Fair,6k-10k,698.0,6349.346666666667,24896.96,5.14,0,2,3,3,True
2505,4,2023-05-13,2025-02-10,High Income Segment,Good,6k-10k,650.75,6766.3775000000005,23446.809999999998,199.07999999999998,0,2,4,4,True
2506,3,2023-07-12,2024-10-22,Low Income Segment,Exceptional,Under 3k,692.3333333333334,3869.16,17229.0,53.4,0,2,3,3,True
2507,3,2023-07-10,2024-10-28,High Income Segment,Good,3k-6k,663.3333333333334,4952.1866666666665,22522.809999999998,261.88,1,3,3,3,True
2508,1,2023-05-28,2023-05-28,High Income Segment,Very Good,6k-10k,759.0,7155.26,286.76,2.17,0,1,1,1,False
2509,1,2024-07-27,2024-07-27,Middle Income Segment,Very Good,6k-10k,769.0,6723.41,2227.04,83.05,0,1,1,1,False
2511,1,2024-03-03,2024-03-03,Middle Income Segment,Very Good,3k-6k,789.0,5076.03,8794.53,54.68,0,1,1,1,False
2513,2,2023-07-29,2024-06-07,High Income Segment,Exceptional,6k-10k,570.5,4985.16,4267.5,168.08,1,2,2,2,True
2514,2,2023-06-13,2023-08-01,High Income Segment,Good,6k-10k,543.0,5479.464999999999,4198.98,149.79,1,2,2,2,True
2515,3,2024-05-25,2025-04-08,High Income Segment,Good,6k-10k,579.6666666666666,8206.906666666668,18630.43,63.25,0,2,3,3,True
2516,1,2023-06-23,2023-06-23,Low Income Segment,Poor,Under 3k,503.0,1697.17,6914.32,81.04,0,1,1,1,False
2517,4,2024-10-19,2025-04-02,High Income Segment,Fair,6k-10k,550.75,6430.74,20334.06,130.68,0,2,4,4,True
2518,1,2023-12-12,2023-12-12,High Income Segment,Poor,6k-10k,388.0,7658.93,2570.98,0.0,0,1,1,1,False
2519,2,2025-03-08,2025-03-11,Low Income Segment,Exceptional,6k-10k,643.5,4301.33,9254.4,0.0,0,2,2,2,True
2520,1,2024-01-29,2024-01-29,High Income Segment,Very Good,6k-10k,798.0,9752.6,5675.13,0.0,0,1,1,1,False
2521,4,2023-08-17,2024-11-22,Middle Income Segment,Fair,6k-10k,529.75,4730.96,26892.21,366.18,1,3,4,4,True
2522,3,2023-04-20,2023-11-08,Middle Income Segment,Fair,3k-6k,559.3333333333334,4916.963333333333,9483.37,89.57,0,2,3,3,True
2523,3,2023-02-09,2024-11-24,Middle Income Segment,Good,6k-10k,627.0,5928.576666666667,23153.09,155.94,1,1,3,3,True
2524,3,2023-04-20,2023-10-17,High Income Segment,Poor,3k-6k,512.3333333333334,4426.426666666666,23206.91,172.16000000000003,0,3,3,3,True
2525,4,2023-11-04,2025-03-11,Middle Income Segment,Exceptional,3k-6k,776.75,4715.7625,15241.06,129.22,0,1,4,4,True
2526,5,2023-05-09,2025-05-07,Middle Income Segment,Exceptional,6k-10k,670.4,6685.389999999999,20931.14,147.94,0,2,5,5,True
2527,1,2025-03-19,2025-03-19,High Income Segment,Poor,6k-10k,320.0,7506.88,6582.43,0.0,0,1,1,1,False
2528,3,2023-11-22,2024-02-28,High Income Segment,Fair,6k-10k,606.6666666666666,7710.433333333334,7324.2699999999995,30.360000000000003,0,2,3,3,True
2529,4,2023-12-03,2024-09-26,Middle Income Segment,Good,3k-6k,691.25,4829.03,26451.739999999998,252.76,1,3,4,4,True
2531,4,2023-06-07,2024-09-04,High Income Segment,Poor,6k-10k,521.0,7399.2725,5664.6900000000005,5.15,0,2,4,4,True
2532,4,2023-01-13,2024-12-30,Middle Income Segment,Poor,6k-10k,564.25,6183.1875,21843.57,151.26,0,2,4,4,True
2533,2,2024-03-08,2025-03-02,Middle Income Segment,Fair,3k-6k,526.0,3386.54,5563.11,25.81,0,1,2,2,True
2534,1,2025-04-16,2025-04-16,Low Income Segment,Poor,Under 3k,302.0,1107.11,1767.2,16.82,0,1,1,1,False
2535,1,2025-02-11,2025-02-11,Low Income Segment,Poor,Under 3k,566.0,2278.67,4043.33,0.0,0,1,1,1,False
2536,2,2023-04-13,2024-02-25,High Income Segment,Good,6k-10k,734.5,7606.33,21270.67,0.0,0,2,2,2,True
2537,5,2023-06-24,2024-05-09,Low Income Segment,Good,6k-10k,673.2,5352.904,21904.969999999998,114.83,0,3,5,5,True
2538,2,2024-09-01,2025-02-15,High Income Segment,Fair,3k-6k,601.5,6579.4,7952.719999999999,0.0,0,2,2,2,True
2539,4,2024-07-18,2024-10-27,Low Income Segment,Poor,3k-6k,570.25,3335.8275000000003,16582.0,6.7,0,2,4,4,True
2540,2,2023-01-13,2024-03-18,High Income Segment,Very Good,6k-10k,745.0,4914.5,6861.09,167.65,1,2,2,2,True
2541,1,2024-03-31,2024-03-31,Low Income Segment,Poor,Under 3k,466.0,2366.57,1821.29,0.0,0,1,1,1,False
2542,4,2024-03-11,2025-03-16,Low Income Segment,Poor,Under 3k,554.5,1460.01,31720.879999999997,99.08,0,1,4,4,True
2543,3,2023-09-18,2024-09-27,Low Income Segment,Exceptional,Under 3k,632.6666666666666,2991.7433333333333,14835.720000000001,157.83,1,2,3,3,True
2544,1,2023-11-24,2023-11-24,High Income Segment,Poor,6k-10k,431.0,8135.26,9758.85,49.32,0,1,1,1,False
2545,6,2023-01-06,2024-04-29,High Income Segment,Fair,6k-10k,639.0,7134.945,25443.72,173.94,0,2,6,6,True
2546,3,2023-11-10,2024-08-12,High Income Segment,Poor,3k-6k,553.0,5683.860000000001,11264.17,115.04,0,3,3,3,True
2547,1,2025-03-05,2025-03-05,Middle Income Segment,Good,3k-6k,677.0,3776.6,843.11,0.0,0,1,1,1,False
2548,5,2023-03-08,2024-12-17,High Income Segment,Poor,6k-10k,626.6,6864.762,23900.32,122.17,0,3,5,5,True
2549,2,2024-04-01,2025-04-30,Middle Income Segment,Good,3k-6k,581.0,5061.125,21588.9,81.31,0,1,2,2,True
2550,4,2023-07-03,2025-01-16,Middle Income Segment,Fair,3k-6k,616.5,5871.01,23101.07,247.8,1,1,4,4,True
2551,3,2024-01-04,2025-04-07,Low Income Segment,Poor,Under 3k,464.0,2347.806666666667,23296.9,41.31,0,2,3,3,True
2552,2,2024-07-07,2025-01-14,High Income Segment,Poor,6k-10k,546.0,4588.58,6872.13,0.0,0,2,2,2,True
2553,1,2023-04-28,2023-04-28,High Income Segment,Poor,6k-10k,510.0,7848.73,3754.65,0.0,0,1,1,1,False
2554,1,2023-04-14,2023-04-14,Low Income Segment,Very Good,Under 3k,752.0,1136.58,13457.32,100.25,0,1,1,1,False
2555,2,2023-10-13,2023-12-12,High Income Segment,Good,6k-10k,514.0,6468.235000000001,6630.07,0.0,0,2,2,2,True
2556,3,2023-01-12,2024-08-20,Middle Income Segment,Good,6k-10k,753.6666666666666,7061.650000000001,23570.33,92.85,0,2,3,3,True
2557,1,2024-10-05,2024-10-05,Low Income Segment,Very Good,Under 3k,741.0,1304.01,1497.31,0.0,0,1,1,1,False
2558,3,2023-10-18,2024-05-23,Middle Income Segment,Poor,3k-6k,465.3333333333333,5440.166666666667,31116.05,151.47,0,2,3,3,True
2559,2,2023-03-30,2023-07-11,Middle Income Segment,Good,3k-6k,605.0,4631.055,8796.130000000001,119.98,0,1,2,2,True
2560,2,2023-03-27,2023-07-09,High Income Segment,Poor,3k-6k,563.0,7248.77,735.75,5.67,0,2,2,2,True
2561,6,2023-06-15,2025-04-23,Middle Income Segment,Poor,6k-10k,579.8333333333334,4565.298333333333,38544.41,331.31,1,2,6,6,True
2562,2,2023-05-29,2024-12-17,Low Income Segment,Fair,3k-6k,601.0,2991.115,14633.75,0.0,0,2,2,2,True
2563,2,2024-12-03,2025-02-08,High Income Segment,Poor,6k-10k,507.5,7155.05,11209.34,0.0,0,2,2,2,True
2564,2,2023-01-19,2025-01-10,High Income Segment,Fair,3k-6k,609.5,6760.969999999999,6026.610000000001,79.84,0,2,2,2,True
2565,2,2023-05-21,2024-09-14,High Income Segment,Poor,6k-10k,348.5,5694.719999999999,4771.33,0.0,0,2,2,2,True
2566,3,2023-10-25,2025-01-27,High Income Segment,Exceptional,6k-10k,679.6666666666666,7192.389999999999,15998.240000000002,162.11,0,2,3,3,True
2567,3,2023-09-04,2024-09-15,High Income Segment,Poor,6k-10k,559.3333333333334,6435.933333333333,8424.02,67.28,0,3,3,3,True
2568,3,2024-06-23,2025-01-27,High Income Segment,Poor,6k-10k,485.3333333333333,8360.476666666667,8238.58,47.71,0,2,3,3,True
2569,1,2023-11-05,2023-11-05,Middle Income Segment,Poor,6k-10k,344.0,6899.68,11047.56,99.98,0,1,1,1,False
2570,1,2023-10-08,2023-10-08,Middle Income Segment,Good,3k-6k,696.0,3509.0,8362.16,2.08,0,1,1,1,False
2571,2,2023-08-02,2023-09-24,Low Income Segment,Good,3k-6k,529.5,3221.17,5226.66,19.67,0,2,2,2,True
2572,1,2024-06-28,2024-06-28,Middle Income Segment,Fair,3k-6k,663.0,4323.34,9001.79,18.73,0,1,1,1,False
2573,5,2023-09-20,2024-04-06,Middle Income Segment,Good,3k-6k,590.0,5876.684,44394.46,149.44,0,2,5,5,True
2574,3,2023-11-11,2024-10-18,High Income Segment,Poor,6k-10k,566.6666666666666,6646.836666666667,28401.760000000002,0.75,0,2,3,3,True
2575,1,2024-06-16,2024-06-16,Middle Income Segment,Fair,3k-6k,648.0,3891.04,5237.95,13.15,0,1,1,1,False
2576,1,2024-10-18,2024-10-18,High Income Segment,Very Good,6k-10k,745.0,7362.67,7651.34,11.56,0,1,1,1,False
2577,3,2023-06-02,2024-09-19,High Income Segment,Poor,6k-10k,412.0,7801.796666666666,18889.09,283.67,1,2,2,3,True
2578,2,2023-11-10,2023-12-29,Middle Income Segment,Exceptional,3k-6k,734.5,4910.69,3389.1099999999997,10.13,0,1,2,2,True
2579,1,2024-06-10,2024-06-10,High Income Segment,Good,6k-10k,736.0,9743.53,5331.31,0.0,0,1,1,1,False
2580,1,2024-08-01,2024-08-01,Low Income Segment,Poor,Under 3k,519.0,2450.54,13687.45,0.0,0,1,1,1,False
2581,2,2023-11-05,2025-05-02,High Income Segment,Poor,6k-10k,555.0,5420.360000000001,13834.330000000002,0.0,0,2,2,2,True
2582,3,2023-10-14,2025-01-09,Middle Income Segment,Poor,3k-6k,515.0,5316.26,6410.86,97.65,0,1,3,3,True
2583,1,2025-04-13,2025-04-13,Middle Income Segment,Good,3k-6k,692.0,3582.84,7567.0,102.2,0,1,1,1,False
2584,1,2024-06-30,2024-06-30,High Income Segment,Poor,6k-10k,506.0,8855.84,2945.45,256.95,1,1,1,1,False
2585,2,2023-01-28,2023-12-21,Middle Income Segment,Poor,3k-6k,394.0,5134.195,12451.310000000001,148.01,1,1,2,2,True
2586,2,2023-06-07,2024-03-20,High Income Segment,Fair,6k-10k,612.0,4530.125,5915.99,2.44,0,2,2,2,True
2587,2,2023-05-08,2024-08-05,Low Income Segment,Good,6k-10k,719.0,4566.09,2680.1099999999997,99.81,0,2,2,2,True
2588,1,2023-11-26,2023-11-26,Middle Income Segment,Exceptional,3k-6k,821.0,3503.77,12971.51,195.41,1,1,1,1,False
2589,2,2024-07-27,2025-04-09,Middle Income Segment,Poor,3k-6k,367.0,5530.27,12326.119999999999,0.0,0,1,2,2,True
2590,2,2023-02-27,2023-07-28,Low Income Segment,Good,Under 3k,729.0,2441.625,7909.53,81.32,0,1,2,2,True
2591,2,2023-01-04,2024-11-04,High Income Segment,Fair,3k-6k,717.0,7185.835,7078.85,0.0,0,2,2,2,True
2592,1,2024-10-11,2024-10-11,Low Income Segment,Poor,Under 3k,403.0,1394.35,4422.23,203.34,1,1,1,1,False
2593,1,2024-12-04,2024-12-04,Middle Income Segment,Poor,3k-6k,409.0,4757.75,5090.38,0.65,0,1,1,1,False
2594,1,2024-05-24,2024-05-24,High Income Segment,Good,6k-10k,728.0,8988.69,10315.08,56.47,0,1,1,1,False
2595,1,2023-02-09,2023-02-09,Middle Income Segment,Poor,3k-6k,398.0,5250.75,10748.45,104.39,0,1,1,1,False
2596,2,2023-08-15,2023-12-17,Low Income Segment,Good,3k-6k,555.0,3752.875,14295.75,0.0,0,2,2,2,True
2597,2,2023-03-29,2023-12-09,High Income Segment,Poor,6k-10k,547.0,6671.005,8477.99,149.49,0,2,2,2,True
2600,3,2023-07-06,2024-11-05,High Income Segment,Good,6k-10k,590.6666666666666,7303.889999999999,16852.55,101.72,0,2,3,3,True
2601,4,2024-03-14,2025-03-01,High Income Segment,Fair,3k-6k,681.25,6438.115,11769.06,311.69,1,2,4,4,True
2602,4,2023-01-26,2024-04-18,Middle Income Segment,Poor,3k-6k,488.75,3953.065,28480.32,32.34,0,2,4,4,True
2603,1,2024-07-03,2024-07-03,Middle Income Segment,Fair,3k-6k,595.0,4120.73,3683.85,0.0,0,1,1,1,False
2604,3,2023-09-22,2024-12-27,High Income Segment,Poor,6k-10k,536.3333333333334,8810.300000000001,6826.730000000001,60.17,0,1,3,3,True
2605,2,2023-05-03,2024-01-12,High Income Segment,Poor,3k-6k,417.0,5368.785,15214.6,17.19,0,2,2,2,True
2606,1,2023-04-04,2023-04-04,High Income Segment,Very Good,6k-10k,787.0,8068.56,6553.72,0.0,0,1,1,1,False
2607,6,2023-03-26,2025-04-25,Low Income Segment,Poor,Under 3k,529.3333333333334,4230.04,37814.119999999995,227.77,1,3,6,6,True
2608,1,2025-03-09,2025-03-09,Middle Income Segment,Exceptional,3k-6k,800.0,4910.14,1061.78,102.27,0,1,1,1,False
2609,2,2023-11-19,2025-03-08,Middle Income Segment,Good,3k-6k,739.5,5601.595,7172.42,80.28999999999999,0,1,2,2,True
2610,1,2023-04-19,2023-04-19,High Income Segment,Poor,6k-10k,390.0,8571.85,163.84,0.0,0,1,1,1,False
2611,1,2024-05-08,2024-05-08,High Income Segment,Fair,6k-10k,644.0,8152.89,7645.64,119.6,0,1,1,1,False
2612,1,2024-07-07,2024-07-07,High Income Segment,Poor,6k-10k,499.0,7389.21,8614.74,13.66,0,1,1,1,False
2613,3,2023-04-26,2024-12-19,Low Income Segment,Poor,Under 3k,519.3333333333334,3503.19,13721.24,260.56,1,2,3,3,True
2614,1,2025-01-20,2025-01-20,High Income Segment,Poor,6k-10k,325.0,7240.86,7751.16,88.37,0,1,1,1,False
2615,2,2023-05-25,2024-08-15,Middle Income Segment,Good,3k-6k,753.0,4833.469999999999,9490.49,29.95,0,1,2,2,True
2616,1,2025-01-19,2025-01-19,Middle Income Segment,Poor,6k-10k,526.0,6444.56,3575.35,0.0,0,1,1,1,False
2617,3,2023-04-24,2024-09-26,Middle Income Segment,Fair,3k-6k,693.3333333333334,4827.6866666666665,6748.35,34.76,0,2,3,3,True
2618,1,2023-06-28,2023-06-28,High Income Segment,Poor,6k-10k,377.0,7262.39,7338.59,0.0,0,1,1,1,False
2619,2,2023-11-21,2024-05-11,High Income Segment,Poor,6k-10k,346.0,8507.93,12922.98,66.61,0,1,2,2,True
2620,7,2023-06-12,2024-09-10,Middle Income Segment,Fair,3k-6k,637.8571428571429,5141.825714285714,45488.1,132.68,0,3,7,7,True
2621,1,2023-06-19,2023-06-19,High Income Segment,Fair,6k-10k,656.0,9042.38,6291.04,21.43,0,1,1,1,False
2622,4,2024-01-02,2024-11-21,Middle Income Segment,Good,3k-6k,666.5,6314.3375,27702.1,197.86,0,2,4,4,True
2623,2,2023-11-20,2024-05-30,Low Income Segment,Poor,3k-6k,450.0,2679.96,8541.56,18.0,0,2,2,2,True
2624,2,2023-01-03,2025-04-08,High Income Segment,Fair,6k-10k,711.5,8240.154999999999,15843.240000000002,93.78,0,1,2,2,True
2625,2,2023-09-29,2024-09-15,Low Income Segment,Good,3k-6k,528.0,4045.7,18894.64,42.09,0,2,2,2,True
2626,1,2024-01-09,2024-01-09,High Income Segment,Poor,6k-10k,449.0,8001.24,493.59,150.67,1,1,1,1,False
2627,4,2023-05-30,2025-02-16,Low Income Segment,Good,6k-10k,695.75,5002.8875,15544.43,110.44999999999999,0,3,4,4,True
2628,1,2023-07-12,2023-07-12,Middle Income Segment,Poor,3k-6k,336.0,4794.38,10920.52,0.0,0,1,1,1,False
2629,4,2023-04-05,2024-12-04,High Income Segment,Good,6k-10k,621.5,7164.3625,33562.15,228.29000000000002,1,2,4,4,True
2630,2,2024-06-10,2025-04-11,High Income Segment,Fair,6k-10k,565.0,6911.275,10414.86,99.39,0,2,2,2,True
2631,1,2024-04-07,2024-04-07,Middle Income Segment,Good,3k-6k,713.0,5529.66,12511.62,0.0,0,1,1,1,False
2632,1,2025-01-15,2025-01-15,Middle Income Segment,Poor,3k-6k,400.0,4181.41,2940.13,0.0,0,1,1,1,False
2633,4,2023-08-07,2024-10-12,Middle Income Segment,Fair,3k-6k,586.25,4773.6925,10295.48,181.39,0,3,4,4,True
2634,4,2023-02-19,2023-11-25,Low Income Segment,Exceptional,Under 3k,700.75,4028.4875,28816.670000000002,273.8,1,2,4,4,True
2635,2,2024-10-06,2025-04-26,High Income Segment,Poor,6k-10k,452.0,8096.255,17321.63,0.0,0,2,2,2,True
2636,3,2023-05-15,2024-04-25,High Income Segment,Exceptional,3k-6k,657.3333333333334,4505.89,10212.29,380.27,2,3,3,3,True
2637,3,2024-03-31,2025-01-17,High Income Segment,Exceptional,6k-10k,616.6666666666666,7133.106666666667,32116.760000000002,71.3,0,2,3,3,True
2638,2,2024-01-05,2025-03-13,Low Income Segment,Fair,Under 3k,529.5,1977.525,11997.69,111.69,0,1,2,2,True
2639,3,2023-08-07,2024-02-09,High Income Segment,Poor,3k-6k,497.6666666666667,4779.9800000000005,15542.76,128.79,0,3,3,3,True
2640,1,2024-07-31,2024-07-31,High Income Segment,Fair,6k-10k,620.0,9796.56,7939.86,0.0,0,1,1,1,False
2641,2,2023-04-21,2025-03-16,High Income Segment,Poor,3k-6k,593.0,6124.110000000001,5571.42,23.93,0,2,2,2,True
2643,1,2023-09-26,2023-09-26,Middle Income Segment,Poor,3k-6k,327.0,3875.65,7956.28,8.3,0,1,1,1,False
2644,2,2024-08-30,2025-05-07,Low Income Segment,Good,3k-6k,700.5,2908.0299999999997,7831.34,161.92,1,2,2,2,True
2645,4,2023-01-26,2024-07-05,Middle Income Segment,Poor,6k-10k,506.0,4767.375,24248.64,195.34,0,2,4,4,True
2646,5,2023-04-29,2025-03-23,Low Income Segment,Fair,6k-10k,533.6,5053.136,21515.35,710.79,3,3,5,5,True
2647,4,2023-03-28,2025-03-06,High Income Segment,Poor,6k-10k,539.25,6226.055,27053.82,303.52,1,3,4,4,True
2648,4,2023-03-11,2025-04-13,Low Income Segment,Poor,Under 3k,599.0,4513.075,26367.0,40.01,0,3,4,4,True
2649,4,2023-05-03,2025-01-29,High Income Segment,Poor,6k-10k,501.5,8139.4825,29823.98,159.27,0,2,4,4,True
2650,1,2025-04-02,2025-04-02,Middle Income Segment,Poor,6k-10k,367.0,6281.5,4591.57,0.0,0,1,1,1,False
2651,1,2024-01-11,2024-01-11,Middle Income Segment,Poor,3k-6k,371.0,4291.37,1414.26,0.0,0,1,1,1,False
2652,2,2023-06-30,2025-02-13,Low Income Segment,Fair,6k-10k,684.5,4410.205,10296.009999999998,2.51,0,2,2,2,True
2653,3,2023-04-24,2024-10-20,High Income Segment,Good,6k-10k,621.0,7468.566666666667,24764.48,303.0,1,1,3,3,True
2654,3,2023-03-03,2024-12-02,High Income Segment,Very Good,6k-10k,690.3333333333334,5839.666666666667,10596.060000000001,287.46999999999997,1,3,3,3,True
2655,1,2024-08-04,2024-08-04,Low Income Segment,Exceptional,Under 3k,848.0,2580.99,14566.18,0.0,0,1,1,1,False
2656,5,2023-03-10,2025-03-18,High Income Segment,Poor,6k-10k,634.4,8111.398000000001,37171.71,252.95,0,2,5,5,True
2657,3,2023-02-21,2024-11-23,High Income Segment,Poor,3k-6k,432.0,4422.9766666666665,17524.89,180.41,0,3,3,3,True
2658,3,2024-03-30,2025-02-09,High Income Segment,Very Good,6k-10k,674.0,7599.139999999999,25200.55,150.44,0,2,3,3,True
2659,1,2024-05-31,2024-05-31,High Income Segment,Fair,6k-10k,658.0,7444.01,10997.11,84.41,0,1,1,1,False
2660,2,2023-12-21,2024-03-23,Low Income Segment,Good,3k-6k,516.5,3263.495,17586.01,39.57,0,2,2,2,True
2661,1,2024-02-18,2024-02-18,Middle Income Segment,Exceptional,3k-6k,816.0,3394.15,418.21,5.29,0,1,1,1,False
2663,7,2023-01-25,2025-01-11,Low Income Segment,Exceptional,Under 3k,675.2857142857143,3007.9185714285713,44308.28,208.32,0,2,7,7,True
2664,1,2025-03-07,2025-03-07,High Income Segment,Poor,6k-10k,416.0,7191.15,4270.92,0.0,0,1,1,1,False
2665,3,2023-04-20,2025-05-03,Middle Income Segment,Good,3k-6k,610.0,5308.993333333333,18779.9,95.68,0,1,3,3,True
2666,2,2023-12-02,2024-11-17,High Income Segment,Poor,3k-6k,380.5,6575.125,14359.06,47.45,0,2,2,2,True
2667,4,2023-04-13,2024-08-07,High Income Segment,Fair,6k-10k,639.0,7743.71,15398.92,90.83,0,2,4,4,True
2668,1,2023-10-05,2023-10-05,High Income Segment,Poor,6k-10k,312.0,7620.94,2587.67,0.0,0,1,1,1,False
2669,1,2023-02-09,2023-02-09,Low Income Segment,Poor,Under 3k,382.0,2177.04,5293.34,0.0,0,1,1,1,False
2670,1,2023-06-15,2023-06-15,High Income Segment,Poor,6k-10k,457.0,9063.71,8037.89,0.0,0,1,1,1,False
2671,2,2023-04-07,2023-11-05,High Income Segment,Exceptional,6k-10k,597.5,4563.1900000000005,5120.94,0.0,0,2,2,2,True
2672,2,2023-01-01,2023-03-01,High Income Segment,Poor,3k-6k,617.5,5819.085,15397.23,0.0,0,2,2,2,True
2673,3,2023-02-13,2024-08-17,Low Income Segment,Poor,Under 3k,588.6666666666666,3298.9233333333336,10252.79,36.760000000000005,0,2,3,3,True
2674,4,2023-07-10,2024-06-14,High Income Segment,Poor,6k-10k,595.0,5343.885,26789.0,54.099999999999994,0,2,4,4,True
2676,1,2024-05-19,2024-05-19,Middle Income Segment,Fair,3k-6k,605.0,5331.82,7834.46,33.28,0,1,1,1,False
2677,3,2023-05-31,2024-11-26,High Income Segment,Poor,6k-10k,484.6666666666667,5647.676666666666,12447.849999999999,83.22,0,3,3,3,True
2678,4,2023-09-11,2025-02-16,Low Income Segment,Poor,6k-10k,476.25,4806.5,5478.740000000001,27.58,0,3,4,4,True
2679,3,2023-03-05,2024-12-16,Middle Income Segment,Fair,3k-6k,705.0,4883.536666666667,18162.84,14.43,0,1,3,3,True
2680,1,2025-01-05,2025-01-05,High Income Segment,Fair,6k-10k,632.0,9118.53,8411.73,0.0,0,1,1,1,False
2681,2,2023-10-24,2024-03-25,High Income Segment,Exceptional,6k-10k,779.5,7928.48,4964.41,170.2,1,1,2,2,True
2682,3,2023-09-13,2024-05-12,Middle Income Segment,Fair,6k-10k,580.0,6514.2,19555.01,80.59,0,2,3,3,True
2683,2,2024-03-05,2024-05-14,High Income Segment,Poor,3k-6k,616.5,7027.584999999999,17723.49,66.66,0,2,2,2,True
2685,3,2023-01-04,2024-11-15,High Income Segment,Exceptional,6k-10k,626.3333333333334,6322.776666666668,24126.22,91.67,0,2,3,3,True
2686,4,2023-03-25,2024-09-20,High Income Segment,Poor,6k-10k,561.25,6666.995,21536.26,277.82,1,2,4,4,True
2687,3,2023-07-02,2024-01-14,High Income Segment,Fair,6k-10k,541.6666666666666,6713.513333333333,18064.84,218.19,1,2,3,3,True
2688,4,2023-09-04,2025-05-08,High Income Segment,Good,6k-10k,651.75,7330.54,31093.73,153.38,0,2,4,4,True
2689,6,2023-03-01,2024-11-16,Middle Income Segment,Poor,3k-6k,644.0,5831.963333333333,33097.1,346.25,0,2,6,6,True
2690,3,2024-02-13,2024-10-06,Middle Income Segment,Good,3k-6k,606.3333333333334,3523.896666666667,20531.25,150.34,1,2,3,3,True
2691,1,2023-01-20,2023-01-20,Middle Income Segment,Poor,3k-6k,324.0,4323.56,15578.75,0.0,0,1,1,1,False
2692,1,2024-01-16,2024-01-16,Middle Income Segment,Poor,3k-6k,363.0,4308.7,972.56,5.61,0,1,1,1,False
2693,4,2023-04-30,2024-06-21,High Income Segment,Poor,6k-10k,542.0,7432.3225,12350.18,168.62,1,2,4,4,True
2694,1,2025-04-15,2025-04-15,Middle Income Segment,Poor,3k-6k,508.0,4278.8,9858.67,0.0,0,1,1,1,False
2695,3,2023-06-25,2025-02-11,Middle Income Segment,Exceptional,3k-6k,611.6666666666666,5074.553333333333,19922.64,35.09,0,1,3,3,True
2696,1,2024-07-17,2024-07-17,High Income Segment,Fair,6k-10k,585.0,9032.66,920.26,0.0,0,1,1,1,False
2697,2,2023-09-16,2025-02-19,High Income Segment,Poor,6k-10k,394.5,5561.205,6473.59,71.24000000000001,0,2,2,2,True
2699,2,2023-12-29,2025-04-03,High Income Segment,Good,6k-10k,600.5,7920.014999999999,18647.79,0.0,0,2,2,2,True
2700,1,2023-09-22,2023-09-22,Middle Income Segment,Good,3k-6k,696.0,5074.03,11434.09,52.07,0,1,1,1,False
2701,2,2023-01-12,2023-12-15,Low Income Segment,Poor,3k-6k,398.5,3160.52,18141.94,0.0,0,2,2,2,True
2702,3,2023-07-08,2024-03-10,High Income Segment,Poor,6k-10k,386.0,5836.919999999999,9549.33,170.56,0,2,3,3,True
2704,2,2023-07-09,2024-01-06,Middle Income Segment,Good,3k-6k,736.0,3853.1050000000005,6146.23,126.41,0,1,2,2,True
2705,1,2023-03-20,2023-03-20,Middle Income Segment,Poor,3k-6k,368.0,3224.82,4345.1,196.71,1,1,1,1,False
2706,2,2023-01-07,2024-07-30,Low Income Segment,Poor,6k-10k,530.5,4255.52,21359.14,0.0,0,2,2,2,True
2707,2,2024-09-28,2025-05-11,High Income Segment,Poor,3k-6k,445.5,6517.82,13302.02,0.0,0,2,2,2,True
2708,1,2025-03-20,2025-03-20,Middle Income Segment,Poor,3k-6k,387.0,3691.78,8445.53,0.0,0,1,1,1,False
2709,3,2023-10-28,2025-03-06,High Income Segment,Exceptional,6k-10k,660.0,8828.453333333333,20517.39,139.37,0,1,3,3,True
2711,2,2023-03-05,2024-03-30,Middle Income Segment,Exceptional,3k-6k,670.0,5713.945,5054.450000000001,90.81,0,1,2,2,True
2712,2,2023-04-29,2024-05-14,Low Income Segment,Poor,3k-6k,647.0,2566.505,15023.869999999999,87.47,0,2,2,2,True
2713,2,2023-10-08,2024-10-07,High Income Segment,Poor,3k-6k,562.5,7500.96,13636.830000000002,90.32,0,2,2,2,True
2714,1,2023-11-22,2023-11-22,Middle Income Segment,Poor,6k-10k,572.0,6847.59,14420.92,0.0,0,1,1,1,False
2715,2,2024-04-27,2025-01-07,High Income Segment,Poor,6k-10k,475.5,4616.695,5119.62,31.57,0,2,2,2,True
2716,3,2024-01-20,2024-10-16,High Income Segment,Fair,3k-6k,557.6666666666666,5465.253333333334,20894.15,313.05,2,3,3,3,True
2717,3,2023-07-15,2024-04-07,High Income Segment,Poor,6k-10k,533.6666666666666,8183.95,13048.86,252.42999999999998,1,1,3,3,True
2718,2,2025-01-28,2025-01-31,High Income Segment,Poor,6k-10k,635.0,7053.645,9154.55,1.76,0,2,2,2,True
2719,1,2024-10-18,2024-10-18,High Income Segment,Poor,6k-10k,560.0,7192.78,6584.88,91.93,0,1,1,1,False
2720,1,2023-03-30,2023-03-30,High Income Segment,Poor,6k-10k,555.0,9991.7,529.96,0.0,0,1,1,1,False
2721,4,2023-06-18,2025-04-05,Middle Income Segment,Poor,6k-10k,557.75,5950.7225,19096.46,207.60999999999999,1,3,4,4,True
2722,1,2023-03-08,2023-03-08,High Income Segment,Good,6k-10k,692.0,7386.05,1851.13,0.0,0,1,1,1,False
2723,1,2024-08-13,2024-08-13,High Income Segment,Poor,6k-10k,495.0,7060.31,6406.58,0.0,0,1,1,1,False
2724,5,2023-01-07,2024-10-04,Middle Income Segment,Poor,3k-6k,506.8,4653.129999999999,31431.75,62.91,0,3,5,5,True
2725,5,2023-01-09,2024-12-12,Low Income Segment,Fair,6k-10k,565.0,4568.968,35664.97,228.71,0,3,5,5,True
2726,1,2024-07-09,2024-07-09,Middle Income Segment,Poor,3k-6k,358.0,3630.37,5921.12,135.53,0,1,1,1,False
2727,1,2025-01-31,2025-01-31,Low Income Segment,Fair,Under 3k,588.0,1094.86,6056.58,79.58,0,1,1,1,False
2728,1,2024-03-27,2024-03-27,Low Income Segment,Poor,Under 3k,365.0,1124.41,1952.94,52.43,0,1,1,1,False
2732,1,2024-05-24,2024-05-24,Middle Income Segment,Exceptional,3k-6k,837.0,5926.88,723.18,0.0,0,1,1,1,False
2733,3,2023-06-18,2024-11-24,High Income Segment,Fair,6k-10k,550.3333333333334,7480.086666666667,23505.59,15.83,0,2,3,3,True
2734,4,2024-02-28,2024-08-01,Low Income Segment,Fair,Under 3k,627.0,4286.765,15167.810000000001,0.0,0,2,4,4,True
2735,2,2023-12-13,2024-07-08,Low Income Segment,Fair,3k-6k,662.5,3547.65,18801.22,150.93,1,2,2,2,True
2736,2,2023-08-11,2023-10-06,High Income Segment,Poor,6k-10k,432.0,4181.22,9208.29,79.1,0,2,2,2,True
2737,3,2023-07-23,2024-06-18,Middle Income Segment,Poor,3k-6k,485.0,3667.8700000000003,16002.81,7.63,0,2,3,3,True
2738,1,2024-07-29,2024-07-29,High Income Segment,Poor,6k-10k,454.0,7475.48,2166.4,0.0,0,1,1,1,False
2739,1,2023-11-20,2023-11-20,Middle Income Segment,Fair,6k-10k,594.0,6805.57,5229.54,0.0,0,1,1,1,False
2740,1,2024-09-15,2024-09-15,Middle Income Segment,Poor,3k-6k,477.0,4140.04,2464.58,0.0,0,1,1,1,False
2741,2,2023-01-14,2025-01-11,High Income Segment,Poor,6k-10k,437.0,5013.06,15838.259999999998,0.0,0,2,2,2,True
2742,3,2024-01-15,2025-01-01,Middle Income Segment,Good,6k-10k,654.0,6934.313333333334,9452.27,44.75,0,2,3,3,True
2743,1,2024-08-09,2024-08-09,Middle Income Segment,Poor,3k-6k,337.0,5065.09,13212.51,0.0,0,1,1,1,False
2744,4,2024-07-06,2025-03-25,High Income Segment,Poor,6k-10k,549.0,6220.577499999999,26178.08,7.59,0,2,4,4,True
2745,2,2023-05-15,2025-05-08,Middle Income Segment,Exceptional,3k-6k,673.0,6043.674999999999,3727.96,167.94,1,1,2,2,True
2746,5,2023-07-15,2024-07-13,High Income Segment,Poor,6k-10k,512.6,6808.888000000001,18962.29,18.63,0,2,5,5,True
2747,1,2023-12-03,2023-12-03,Middle Income Segment,Poor,3k-6k,578.0,4750.13,3309.42,0.0,0,1,1,1,False
2748,2,2024-03-01,2025-02-04,High Income Segment,Poor,3k-6k,559.5,7037.01,6803.709999999999,0.0,0,2,2,2,True
2749,3,2024-03-31,2024-05-13,Middle Income Segment,Poor,6k-10k,501.3333333333333,6617.666666666667,13597.89,138.86,0,2,3,3,True
2750,3,2023-03-14,2023-08-29,High Income Segment,Poor,6k-10k,417.3333333333333,9270.836666666668,12973.64,159.63,0,1,3,3,True
2751,3,2023-09-05,2024-11-14,High Income Segment,Exceptional,6k-10k,699.3333333333334,6685.18,7016.0599999999995,7.55,0,2,3,3,True
2752,1,2025-03-04,2025-03-04,Low Income Segment,Good,Under 3k,681.0,1861.97,7194.01,210.64,1,1,1,1,False
2753,4,2023-01-13,2025-02-08,High Income Segment,Good,6k-10k,745.5,8154.42,25652.45,6.91,0,1,4,4,True
2754,3,2023-02-06,2024-11-27,Low Income Segment,Exceptional,Under 3k,681.3333333333334,3830.293333333333,8685.84,52.16,0,2,3,3,True
2755,2,2024-04-11,2024-12-24,High Income Segment,Poor,6k-10k,371.0,8658.07,12351.3,46.08,0,1,2,2,True
2756,4,2023-04-11,2025-01-10,High Income Segment,Poor,6k-10k,473.75,6281.17,29785.469999999998,36.31,0,3,4,4,True
2757,4,2023-06-11,2025-05-07,Low Income Segment,Poor,Under 3k,545.75,3753.5475,39258.729999999996,118.46,0,3,4,4,True
2758,1,2025-03-05,2025-03-05,Middle Income Segment,Poor,3k-6k,392.0,5593.95,5072.28,0.0,0,1,1,1,False
2759,2,2025-04-09,2025-04-15,Middle Income Segment,Exceptional,3k-6k,690.0,4751.375,21674.37,35.26,0,1,2,2,True
2760,2,2023-02-27,2023-10-12,High Income Segment,Good,6k-10k,749.0,9563.055,13173.48,138.7,0,1,2,2,True
2761,1,2023-07-30,2023-07-30,Middle Income Segment,Poor,3k-6k,489.0,5365.87,12993.9,99.88,0,1,1,1,False
2762,3,2023-07-13,2024-11-10,High Income Segment,Poor,3k-6k,523.0,5503.170000000001,9237.26,36.92,0,3,3,3,True
2763,2,2023-01-19,2024-01-31,Low Income Segment,Good,3k-6k,634.5,3641.8650000000002,3811.17,235.37,1,2,2,2,True
2764,3,2023-09-08,2024-09-11,Middle Income Segment,Poor,3k-6k,462.6666666666667,3725.2933333333335,12978.630000000001,27.18,0,2,3,3,True
2766,2,2023-04-02,2024-09-13,High Income Segment,Fair,3k-6k,596.0,6044.780000000001,6554.360000000001,34.98,0,2,2,2,True
2767,2,2023-10-28,2025-01-27,High Income Segment,Poor,3k-6k,558.5,6368.26,19211.19,32.78,0,2,2,2,True
2768,1,2024-07-14,2024-07-14,Middle Income Segment,Good,3k-6k,683.0,4488.34,4398.9,73.57,0,1,1,1,False
2769,1,2023-11-10,2023-11-10,Middle Income Segment,Poor,6k-10k,404.0,6530.67,1927.88,72.04,0,1,1,1,False
2770,1,2024-03-17,2024-03-17,Middle Income Segment,Poor,3k-6k,495.0,3290.32,1110.11,0.0,0,1,1,1,False
2771,1,2023-06-12,2023-06-12,Low Income Segment,Poor,Under 3k,494.0,1093.45,1388.95,0.0,0,1,1,1,False
2772,5,2023-01-10,2025-02-18,Middle Income Segment,Poor,6k-10k,540.2,6857.088000000001,19187.190000000002,259.07,1,2,5,5,True
2773,3,2024-04-14,2025-02-10,Middle Income Segment,Fair,6k-10k,598.3333333333334,5911.18,12110.529999999999,0.0,0,1,3,3,True
2774,3,2023-01-24,2025-02-22,High Income Segment,Poor,3k-6k,508.0,4648.47,10008.27,36.36,0,3,3,3,True
2775,1,2023-05-25,2023-05-25,Middle Income Segment,Fair,3k-6k,647.0,3989.98,8564.56,21.14,0,1,1,1,False
2776,2,2023-08-27,2024-07-11,Low Income Segment,Exceptional,Under 3k,683.5,2728.7799999999997,10705.29,243.99,1,1,2,2,True
2777,3,2023-06-27,2025-03-24,High Income Segment,Exceptional,6k-10k,696.3333333333334,6266.066666666667,31479.5,192.42000000000002,1,3,3,3,True
2778,3,2023-12-06,2025-03-26,High Income Segment,Poor,6k-10k,409.3333333333333,5576.693333333334,9016.5,81.7,0,2,3,3,True
2779,3,2023-12-29,2024-09-05,Middle Income Segment,Good,6k-10k,740.0,6065.670000000001,23733.27,131.16,0,1,3,3,True
2780,3,2023-09-10,2024-07-23,High Income Segment,Very Good,6k-10k,678.6666666666666,7003.22,2876.5,128.77,0,2,2,3,True
2781,4,2023-01-24,2025-04-03,Middle Income Segment,Poor,3k-6k,537.75,4912.855,8586.54,49.98,0,3,4,4,True
2782,3,2023-10-26,2025-01-06,Middle Income Segment,Exceptional,3k-6k,684.6666666666666,5765.893333333333,11174.66,183.76,0,2,3,3,True
2783,2,2023-08-10,2024-10-31,Low Income Segment,Exceptional,3k-6k,558.0,3355.58,4645.47,85.54,0,2,2,2,True
2784,2,2023-06-09,2025-04-28,High Income Segment,Poor,6k-10k,386.5,5112.88,8516.92,13.14,0,2,2,2,True
2785,3,2023-06-26,2025-04-20,Middle Income Segment,Poor,3k-6k,415.3333333333333,3648.4166666666665,28048.91,176.54000000000002,0,2,3,3,True
2786,1,2024-02-28,2024-02-28,High Income Segment,Poor,6k-10k,327.0,9114.41,1152.37,0.0,0,1,1,1,False
2787,6,2023-03-07,2024-08-07,High Income Segment,Poor,6k-10k,544.3333333333334,6531.905,25877.97,138.17000000000002,0,3,6,6,True
2788,1,2023-06-02,2023-06-02,Middle Income Segment,Poor,3k-6k,494.0,3074.81,7424.38,27.51,0,1,1,1,False
2789,3,2023-05-22,2025-01-14,High Income Segment,Poor,3k-6k,489.6666666666667,5562.423333333333,5517.38,46.46,0,3,3,3,True
2790,2,2024-04-16,2024-11-16,Low Income Segment,Exceptional,3k-6k,581.0,3213.39,8643.21,28.519999999999996,0,2,2,2,True
2792,2,2024-05-28,2024-10-16,Middle Income Segment,Poor,3k-6k,344.0,4667.5650000000005,10948.369999999999,46.19,0,1,2,2,True
2793,3,2024-11-10,2025-04-20,High Income Segment,Poor,3k-6k,453.3333333333333,5846.933333333333,14435.75,71.38,0,3,3,3,True
2794,2,2023-08-18,2025-05-04,High Income Segment,Good,3k-6k,696.5,7668.055,17608.88,164.03,0,2,2,2,True
2795,2,2024-01-18,2025-02-14,High Income Segment,Good,6k-10k,631.0,5018.705,19728.09,206.56,1,2,2,2,True
2796,1,2023-08-30,2023-08-30,Middle Income Segment,Good,6k-10k,706.0,6075.45,5655.9,99.12,0,1,1,1,False
2797,3,2024-02-01,2025-05-16,Low Income Segment,Poor,Under 3k,365.0,2002.4733333333334,11361.71,0.0,0,2,3,3,True
2798,3,2023-01-12,2023-10-04,Middle Income Segment,Exceptional,3k-6k,676.3333333333334,4696.56,8343.67,207.95999999999998,0,2,3,3,True
2799,1,2023-10-30,2023-10-30,High Income Segment,Good,6k-10k,729.0,8461.89,2569.28,8.93,0,1,1,1,False
2800,2,2023-06-14,2023-12-17,Middle Income Segment,Fair,3k-6k,552.0,4885.4400000000005,10051.220000000001,328.62,1,1,2,2,True
2801,1,2024-05-20,2024-05-20,Middle Income Segment,Fair,3k-6k,638.0,4194.13,8181.11,0.0,0,1,1,1,False
2802,3,2023-12-28,2025-03-04,Low Income Segment,Fair,Under 3k,696.6666666666666,2661.936666666667,19433.41,121.45,0,2,3,3,True
2803,3,2024-03-20,2025-04-07,Middle Income Segment,Good,6k-10k,584.6666666666666,6724.396666666667,13893.15,70.18,0,2,3,3,True
2804,1,2023-07-26,2023-07-26,High Income Segment,Poor,6k-10k,525.0,9971.48,5908.24,0.0,0,1,1,1,False
2806,3,2023-04-17,2024-11-26,Middle Income Segment,Fair,3k-6k,613.0,5228.486666666667,31229.79,117.13999999999999,0,2,3,3,True
2809,3,2023-04-19,2025-02-26,Middle Income Segment,Poor,3k-6k,559.0,4415.733333333334,19369.88,139.66,0,1,3,3,True
2810,3,2024-08-19,2025-02-01,High Income Segment,Poor,6k-10k,545.0,8008.75,16374.63,35.41,0,2,3,3,True
2811,3,2023-05-26,2025-05-14,Low Income Segment,Exceptional,Under 3k,610.3333333333334,3968.5,8096.96,221.46,1,2,3,3,True
2812,3,2024-07-24,2025-04-03,High Income Segment,Poor,6k-10k,544.0,8363.36,30475.34,0.0,0,2,3,3,True
2813,2,2023-10-23,2025-03-19,Middle Income Segment,Fair,6k-10k,499.0,6549.365,15573.13,40.17,0,1,2,2,True
2814,1,2023-01-14,2023-01-14,Middle Income Segment,Poor,3k-6k,355.0,3240.68,3923.02,0.0,0,1,1,1,False
2815,1,2023-03-10,2023-03-10,High Income Segment,Poor,6k-10k,493.0,7037.0,6035.89,18.18,0,1,1,1,False
2816,2,2023-08-07,2024-06-11,Middle Income Segment,Poor,3k-6k,475.5,4773.625,10224.9,0.0,0,1,2,2,True
2817,3,2024-01-02,2025-03-10,High Income Segment,Poor,3k-6k,449.6666666666667,4850.683333333333,8059.709999999999,0.0,0,3,3,3,True
2818,1,2024-04-07,2024-04-07,Middle Income Segment,Fair,3k-6k,668.0,4728.3,13714.28,46.39,0,1,1,1,False
2819,2,2023-12-26,2024-07-09,Low Income Segment,Exceptional,3k-6k,609.0,3996.235,16505.23,32.53,0,2,2,2,True
2820,2,2024-01-29,2025-01-13,High Income Segment,Exceptional,6k-10k,590.5,4939.075,12492.43,15.4,0,2,2,2,True
2821,2,2024-06-28,2024-12-28,High Income Segment,Good,3k-6k,641.0,6081.455,10483.710000000001,58.22,0,2,2,2,True
2822,1,2023-01-29,2023-01-29,Middle Income Segment,Fair,3k-6k,609.0,3789.37,3046.59,37.66,0,1,1,1,False
2823,4,2024-01-15,2025-04-03,Low Income Segment,Poor,Under 3k,579.75,3867.8625,26161.65,22.87,0,3,4,4,True
2824,3,2024-10-22,2025-05-01,Middle Income Segment,Fair,3k-6k,629.0,4123.183333333333,17278.14,271.25,1,2,3,3,True
2825,2,2024-01-09,2025-04-26,Middle Income Segment,Exceptional,3k-6k,725.5,4928.700000000001,15270.45,196.64,1,1,2,2,True
2826,2,2024-05-24,2024-07-31,High Income Segment,Poor,6k-10k,454.0,5641.53,9498.53,20.68,0,2,2,2,True
2827,2,2024-05-22,2024-06-06,High Income Segment,Poor,6k-10k,369.5,5946.54,15108.1,72.67,0,2,2,2,True
2828,6,2023-01-29,2025-04-08,Middle Income Segment,Good,6k-10k,630.1666666666666,5938.181666666666,43030.55,186.34,1,3,6,6,True
2829,2,2023-09-12,2024-05-19,High Income Segment,Exceptional,6k-10k,778.0,8586.045,10552.21,236.48,1,1,2,2,True
2830,2,2023-05-26,2024-10-31,High Income Segment,Poor,6k-10k,561.5,8240.08,12656.369999999999,99.64,0,1,2,2,True
2831,2,2023-02-18,2023-10-25,High Income Segment,Poor,3k-6k,671.0,6639.26,13434.869999999999,98.84,0,2,2,2,True
2832,2,2023-01-18,2024-03-26,Middle Income Segment,Poor,3k-6k,307.0,5086.98,16318.05,0.0,0,1,2,2,True
2833,1,2023-05-15,2023-05-15,High Income Segment,Poor,6k-10k,313.0,9788.14,308.81,19.87,0,1,1,1,False
2834,1,2023-03-30,2023-03-30,Middle Income Segment,Poor,3k-6k,465.0,4858.63,6207.8,43.17,0,1,1,1,False
2835,2,2024-09-30,2025-02-09,Low Income Segment,Poor,6k-10k,648.5,4495.97,15193.92,0.0,0,2,2,2,True
2836,3,2023-04-05,2024-09-27,High Income Segment,Exceptional,6k-10k,768.3333333333334,6337.6466666666665,10233.74,43.68,0,2,3,3,True
2837,1,2023-12-05,2023-12-05,High Income Segment,Good,6k-10k,714.0,7052.64,10072.2,109.33,0,1,1,1,False
2838,2,2023-08-28,2024-05-20,High Income Segment,Fair,3k-6k,632.0,6736.165,16087.3,16.85,0,2,2,2,True
2839,2,2023-04-26,2025-05-01,Middle Income Segment,Poor,3k-6k,421.5,4355.245,9189.25,188.91,1,1,2,2,True
2840,2,2024-01-29,2024-09-09,Low Income Segment,Poor,3k-6k,454.0,3651.405,8897.189999999999,48.15,0,2,2,2,True
2841,3,2023-02-02,2024-09-12,Low Income Segment,Poor,Under 3k,545.0,3554.4366666666665,7407.150000000001,104.88,0,2,3,3,True
2842,6,2023-04-03,2025-02-15,High Income Segment,Poor,6k-10k,617.8333333333334,6900.419999999999,48615.4,98.72,0,3,6,6,True
2843,3,2023-10-25,2025-01-14,High Income Segment,Poor,6k-10k,514.6666666666666,6123.563333333333,4730.09,39.65,0,2,3,3,True
2844,2,2023-01-02,2025-02-07,Low Income Segment,Good,Under 3k,726.5,2029.4850000000001,7596.97,16.39,0,1,2,2,True
2845,5,2024-02-09,2025-02-16,Middle Income Segment,Fair,3k-6k,636.2,6605.134,12875.72,24.97,0,2,5,5,True
2846,4,2023-03-07,2024-09-05,High Income Segment,Poor,3k-6k,527.5,6714.1575,13666.44,8.28,0,2,4,4,True
2847,2,2023-01-22,2025-03-21,Low Income Segment,Good,6k-10k,613.0,4826.25,4293.48,76.38,0,2,2,2,True
2848,4,2023-03-11,2024-08-12,High Income Segment,Poor,6k-10k,532.75,5332.39,13057.460000000001,128.75,0,2,4,4,True
2849,3,2023-09-04,2024-06-08,Middle Income Segment,Poor,6k-10k,380.0,6223.546666666666,9533.810000000001,89.96000000000001,0,2,3,3,True
2850,2,2023-06-14,2024-03-28,Low Income Segment,Fair,Under 3k,695.5,1603.495,3256.16,78.91,0,1,2,2,True
2851,1,2023-04-02,2023-04-02,Low Income Segment,Poor,Under 3k,385.0,1762.26,6326.67,39.25,0,1,1,1,False
2852,2,2023-10-28,2023-11-17,Middle Income Segment,Fair,3k-6k,528.0,4566.17,11436.41,55.08,0,1,2,2,True
2853,3,2023-07-28,2025-04-10,High Income Segment,Exceptional,6k-10k,715.3333333333334,6635.633333333334,15049.12,271.7,1,2,3,3,True
2854,4,2023-08-17,2025-03-06,Middle Income Segment,Poor,3k-6k,405.75,4658.4400000000005,15250.019999999999,107.25999999999999,0,3,4,4,True
2855,2,2023-08-02,2023-08-09,Low Income Segment,Exceptional,Under 3k,804.0,1853.815,11967.6,195.77,1,1,2,2,True
2856,2,2023-10-03,2024-11-08,High Income Segment,Good,3k-6k,595.5,7168.25,11542.730000000001,85.14,0,2,2,2,True
2857,3,2023-10-17,2025-01-22,Middle Income Segment,Poor,3k-6k,597.3333333333334,5197.796666666666,24609.39,179.52,0,2,3,3,True
2858,4,2024-04-11,2025-01-13,High Income Segment,Good,6k-10k,673.0,9349.24,23391.48,115.03,0,1,4,4,True
2859,2,2024-04-03,2025-04-16,Middle Income Segment,Exceptional,3k-6k,638.0,4139.88,11919.99,15.22,0,1,2,2,True
2860,3,2023-11-15,2024-09-08,High Income Segment,Poor,6k-10k,531.6666666666666,9020.856666666667,10994.0,104.91999999999999,0,1,3,3,True
2861,3,2023-05-30,2024-01-28,Middle Income Segment,Poor,3k-6k,443.6666666666667,5797.330000000001,13754.32,258.22,1,1,3,3,True
2862,1,2023-01-25,2023-01-25,High Income Segment,Poor,6k-10k,573.0,7717.34,61.32,47.16,0,1,1,1,False
2863,1,2023-08-25,2023-08-25,Middle Income Segment,Poor,3k-6k,555.0,4290.91,1505.17,23.6,0,1,1,1,False
2864,1,2024-01-23,2024-01-23,Middle Income Segment,Good,3k-6k,708.0,4601.04,345.54,0.0,0,1,1,1,False
2865,4,2023-05-14,2025-03-01,Low Income Segment,Poor,Under 3k,584.0,3084.66,18035.59,26.65,0,2,4,4,True
2867,3,2023-07-31,2024-09-06,Middle Income Segment,Fair,3k-6k,626.6666666666666,4756.203333333334,8955.56,64.94,0,1,3,3,True
2868,4,2023-05-18,2024-12-06,Middle Income Segment,Poor,3k-6k,593.25,4444.1525,19454.64,140.29,0,3,4,4,True
2869,1,2024-03-06,2024-03-06,Middle Income Segment,Poor,3k-6k,556.0,4150.47,9541.39,51.71,0,1,1,1,False
2870,2,2025-01-06,2025-03-31,High Income Segment,Poor,6k-10k,386.0,6336.765,11146.07,125.01,0,2,2,2,True
2871,2,2023-06-27,2024-09-10,Low Income Segment,Poor,3k-6k,648.0,3529.605,4726.76,208.68,1,2,2,2,True
2872,5,2023-02-03,2025-04-13,High Income Segment,Poor,6k-10k,518.6,6481.686,26153.37,172.42999999999998,1,3,5,5,True
2873,2,2024-06-01,2024-11-02,High Income Segment,Poor,3k-6k,367.0,5375.685,8339.6,62.27,0,2,2,2,True
2874,2,2024-06-26,2025-02-03,High Income Segment,Good,3k-6k,753.5,6740.585,14737.05,186.68,1,2,2,2,True
2875,4,2023-03-12,2025-03-11,Low Income Segment,Exceptional,Under 3k,667.5,3786.085,23342.1,209.36,0,3,4,4,True
2876,3,2023-10-20,2024-05-31,Middle Income Segment,Exceptional,3k-6k,777.3333333333334,6625.133333333334,16483.33,9.34,0,2,3,3,True
2877,4,2023-03-20,2024-10-19,Low Income Segment,Poor,3k-6k,562.25,2700.62,27215.02,36.26,0,2,4,4,True
2878,3,2023-09-16,2025-03-02,Middle Income Segment,Fair,3k-6k,663.6666666666666,4917.096666666667,24496.94,24.33,0,1,3,3,True
2879,3,2023-07-22,2024-11-25,Middle Income Segment,Poor,3k-6k,519.3333333333334,4258.09,23872.7,40.55,0,1,3,3,True
2880,1,2023-02-23,2023-02-23,Low Income Segment,Poor,Under 3k,507.0,2833.92,8832.66,25.73,0,1,1,1,False
2881,4,2023-07-12,2025-03-14,Middle Income Segment,Poor,6k-10k,537.25,5466.5925,10369.45,320.79999999999995,1,3,4,4,True
2882,1,2024-06-08,2024-06-08,High Income Segment,Good,6k-10k,725.0,9498.68,8643.97,42.23,0,1,1,1,False
2883,2,2024-07-03,2024-11-20,Low Income Segment,Poor,3k-6k,423.5,2662.585,7979.84,77.74,0,2,2,2,True
2884,5,2023-03-04,2024-01-06,High Income Segment,Poor,6k-10k,603.6,6390.464,47131.98,383.92,1,3,5,5,True
2885,3,2024-03-21,2025-04-03,High Income Segment,Poor,6k-10k,555.0,5660.9766666666665,11811.35,138.52,0,3,3,3,True
2886,1,2024-03-06,2024-03-06,Low Income Segment,Good,Under 3k,731.0,1460.82,2504.64,105.13,0,1,1,1,False
2887,4,2023-07-06,2025-02-21,Low Income Segment,Poor,Under 3k,573.75,3833.3050000000003,14146.240000000002,157.59,0,3,4,4,True
2888,1,2024-08-02,2024-08-02,Middle Income Segment,Poor,3k-6k,503.0,5393.59,2615.44,20.89,0,1,1,1,False
2890,1,2023-01-24,2023-01-24,Middle Income Segment,Very Good,6k-10k,783.0,6904.31,699.02,0.0,0,1,1,1,False
2891,1,2023-02-26,2023-02-26,Middle Income Segment,Poor,3k-6k,545.0,3747.53,6063.88,73.79,0,1,1,1,False
2892,5,2023-02-24,2024-07-27,High Income Segment,Fair,6k-10k,664.4,5740.818,29189.14,192.99,0,3,5,5,True
2893,3,2023-04-01,2024-02-16,Middle Income Segment,Exceptional,3k-6k,706.0,6414.966666666667,26551.1,0.0,0,2,3,3,True
2894,2,2023-01-03,2023-10-08,High Income Segment,Exceptional,3k-6k,662.5,6035.045,2719.0299999999997,233.09,1,2,2,2,True
2895,4,2024-09-26,2025-04-17,Middle Income Segment,Good,6k-10k,612.0,5066.4975,18766.65,278.14,1,3,4,4,True
2896,5,2023-05-08,2025-02-10,Middle Income Segment,Poor,3k-6k,556.2,3799.8839999999996,28935.97,501.12,1,2,5,5,True
2897,4,2023-07-01,2024-05-09,High Income Segment,Poor,6k-10k,504.5,8262.015,24410.69,131.87,0,2,4,4,True
2898,1,2024-07-24,2024-07-24,High Income Segment,Good,6k-10k,692.0,7004.64,1953.69,0.0,0,1,1,1,False
2899,2,2024-05-25,2024-10-19,Middle Income Segment,Fair,3k-6k,683.0,4699.555,2594.02,271.35,1,1,2,2,True
2900,4,2023-01-22,2024-02-03,Low Income Segment,Fair,Under 3k,495.5,4319.975,17755.22,368.96,1,3,4,4,True
2902,4,2023-10-30,2025-01-18,High Income Segment,Fair,6k-10k,667.75,6890.2075,7221.46,266.26,1,3,4,4,True
2903,3,2023-02-13,2025-01-18,Middle Income Segment,Poor,3k-6k,618.0,4948.5199999999995,12629.9,94.9,0,2,3,3,True
2904,2,2023-07-23,2024-04-20,High Income Segment,Exceptional,3k-6k,690.0,6390.365,23742.27,0.0,0,2,2,2,True
2905,1,2024-01-15,2024-01-15,High Income Segment,Exceptional,6k-10k,844.0,8852.92,4077.26,83.12,0,1,1,1,False
2906,5,2023-07-02,2025-03-10,Low Income Segment,Poor,Under 3k,559.6,3479.696,46029.77,120.94999999999999,0,3,5,5,True
2907,5,2023-01-17,2024-08-09,High Income Segment,Poor,3k-6k,491.8,5856.436,14352.69,161.93,0,3,5,5,True
2908,4,2023-07-06,2025-02-19,Middle Income Segment,Exceptional,3k-6k,731.25,6225.985000000001,20330.54,166.28,0,2,4,4,True
2909,3,2023-01-02,2024-08-25,High Income Segment,Poor,6k-10k,451.6666666666667,6323.516666666666,15285.130000000001,53.209999999999994,0,2,3,3,True
2910,3,2023-09-14,2024-05-31,High Income Segment,Poor,6k-10k,570.3333333333334,5800.349999999999,6626.58,298.96,1,3,3,3,True
2912,2,2023-01-09,2024-06-03,High Income Segment,Poor,6k-10k,477.5,7941.935,12893.97,86.91,0,2,2,2,True
2913,3,2024-01-16,2024-11-26,High Income Segment,Very Good,3k-6k,633.3333333333334,4738.11,22055.12,150.91,0,3,3,3,True
2914,2,2025-01-16,2025-04-30,High Income Segment,Poor,3k-6k,663.5,7012.0599999999995,4113.03,197.29,1,2,2,2,True
2915,1,2024-05-06,2024-05-06,Middle Income Segment,Good,3k-6k,673.0,3220.19,5396.9,52.05,0,1,1,1,False
2916,3,2024-02-08,2024-09-30,High Income Segment,Poor,6k-10k,528.6666666666666,6543.450000000001,7553.59,0.0,0,2,3,3,True
2917,3,2023-02-15,2024-05-25,High Income Segment,Poor,6k-10k,594.0,4912.373333333334,32919.91,0.0,0,3,3,3,True
2918,3,2024-09-26,2025-04-11,High Income Segment,Poor,3k-6k,521.0,5053.196666666667,11136.42,50.5,0,3,3,3,True
2919,2,2023-12-01,2025-04-07,Middle Income Segment,Poor,6k-10k,442.0,6499.675,12113.189999999999,49.26,0,1,2,2,True
2920,3,2023-01-29,2024-06-09,Middle Income Segment,Fair,3k-6k,588.0,6216.386666666666,10592.039999999999,87.69999999999999,0,2,3,3,True
2922,1,2024-11-07,2024-11-07,Middle Income Segment,Very Good,6k-10k,793.0,6783.95,5278.64,51.07,0,1,1,1,False
2924,2,2024-01-16,2024-05-27,High Income Segment,Poor,3k-6k,473.5,6120.7,11774.44,53.67,0,2,2,2,True
2925,6,2023-01-10,2023-12-09,High Income Segment,Poor,6k-10k,523.3333333333334,6551.849999999999,40750.8,185.81,1,3,6,6,True
2926,1,2024-03-20,2024-03-20,High Income Segment,Poor,6k-10k,337.0,7164.16,3294.94,1.41,0,1,1,1,False
2927,3,2023-10-28,2025-05-19,Middle Income Segment,Poor,3k-6k,574.6666666666666,4637.216666666666,18058.29,36.91,0,1,3,3,True
2928,3,2023-04-20,2025-05-08,Middle Income Segment,Exceptional,3k-6k,682.6666666666666,4899.253333333333,11819.220000000001,189.4,1,1,3,3,True
2929,3,2023-03-25,2025-04-27,Middle Income Segment,Fair,3k-6k,626.3333333333334,3709.2533333333336,10222.39,119.73,0,2,3,3,True
2930,1,2023-08-10,2023-08-10,Middle Income Segment,Fair,6k-10k,617.0,6000.76,11423.09,30.6,0,1,1,1,False
2931,2,2023-03-23,2024-06-04,High Income Segment,Poor,6k-10k,514.5,7571.6449999999995,6510.5,4.05,0,2,2,2,True
2932,5,2023-08-18,2024-09-28,Low Income Segment,Poor,Under 3k,604.2,3097.038,41253.32,79.52,0,2,5,5,True
2933,3,2023-07-13,2025-01-04,High Income Segment,Very Good,3k-6k,684.0,4489.87,27616.22,48.00000000000001,0,3,2,3,True
2934,2,2024-04-16,2024-11-01,Low Income Segment,Fair,3k-6k,540.0,2819.53,2540.93,127.66,0,2,2,2,True
2935,3,2023-08-07,2025-04-04,Middle Income Segment,Poor,3k-6k,561.3333333333334,4767.25,3721.38,138.0,0,1,3,3,True
2936,3,2023-01-28,2025-02-24,High Income Segment,Poor,3k-6k,556.3333333333334,5023.3533333333335,12194.380000000001,57.93,0,3,3,3,True
2937,1,2025-05-19,2025-05-19,High Income Segment,Good,6k-10k,679.0,7296.53,4437.5,0.0,0,1,1,1,False
2938,2,2023-06-05,2023-08-10,High Income Segment,Poor,6k-10k,415.0,6834.78,13087.580000000002,39.01,0,2,2,2,True
2939,2,2023-11-03,2024-08-09,High Income Segment,Fair,6k-10k,484.5,9150.725,6625.299999999999,16.09,0,1,2,2,True
2940,2,2023-02-20,2024-07-02,High Income Segment,Fair,6k-10k,498.5,4638.14,7033.16,77.87,0,2,2,2,True
2941,2,2023-12-13,2024-09-18,High Income Segment,Poor,3k-6k,399.5,5851.055,20076.3,0.0,0,2,2,2,True
2942,4,2023-05-19,2025-02-19,High Income Segment,Poor,3k-6k,574.25,6706.41,22866.81,61.58,0,2,4,4,True
2943,2,2023-07-29,2024-02-25,High Income Segment,Poor,6k-10k,635.5,5659.945,14660.45,106.43,0,2,2,2,True
2944,1,2023-12-11,2023-12-11,Middle Income Segment,Very Good,3k-6k,756.0,4876.61,5090.6,0.0,0,1,1,1,False
2945,1,2024-03-20,2024-03-20,Low Income Segment,Good,Under 3k,709.0,1455.06,6179.22,0.0,0,1,1,1,False
2946,6,2023-03-30,2025-05-10,Middle Income Segment,Poor,6k-10k,461.6666666666667,6181.691666666667,36665.729999999996,325.73,1,3,6,6,True
2948,4,2023-09-13,2025-02-26,Middle Income Segment,Poor,3k-6k,612.0,4787.005,22396.17,205.68,0,2,4,4,True
2949,3,2024-09-12,2024-11-26,Middle Income Segment,Exceptional,3k-6k,668.3333333333334,4265.173333333333,16263.75,147.0,0,2,3,3,True
2950,1,2023-04-06,2023-04-06,Middle Income Segment,Poor,6k-10k,530.0,6649.64,2752.56,0.0,0,1,1,1,False
2951,1,2024-06-18,2024-06-18,Middle Income Segment,Poor,3k-6k,416.0,5406.02,5560.45,0.0,0,1,1,1,False
2952,2,2024-03-12,2024-10-29,High Income Segment,Poor,3k-6k,382.5,5885.575,5409.0,16.82,0,2,2,2,True
2953,2,2023-01-09,2024-06-30,High Income Segment,Fair,3k-6k,515.0,5934.655000000001,15364.55,0.0,0,2,2,2,True
2954,1,2024-08-17,2024-08-17,Middle Income Segment,Poor,3k-6k,445.0,3687.96,8822.37,20.27,0,1,1,1,False
2955,2,2023-08-25,2024-06-12,Low Income Segment,Good,Under 3k,545.0,2492.8199999999997,3262.49,30.99,0,1,2,2,True
2956,1,2023-11-14,2023-11-14,Middle Income Segment,Good,3k-6k,686.0,3768.42,1693.23,32.39,0,1,1,1,False
2957,2,2024-01-04,2024-05-15,High Income Segment,Exceptional,3k-6k,674.0,6216.39,3414.4700000000003,121.38,0,2,2,2,True
2958,1,2024-09-03,2024-09-03,High Income Segment,Fair,6k-10k,657.0,9143.08,8406.45,15.43,0,1,1,1,False
2959,1,2024-09-09,2024-09-09,High Income Segment,Poor,6k-10k,458.0,7761.79,4075.86,0.24,0,1,1,1,False
2960,4,2023-06-09,2024-10-27,Middle Income Segment,Poor,3k-6k,495.75,4686.1125,11115.82,158.61,0,3,4,4,True
2961,1,2024-02-11,2024-02-11,High Income Segment,Fair,6k-10k,594.0,9413.86,4686.45,131.27,0,1,1,1,False
2963,3,2023-03-04,2023-11-11,High Income Segment,Good,6k-10k,743.0,8149.086666666666,23872.6,0.0,0,2,3,3,True
2964,1,2025-05-09,2025-05-09,High Income Segment,Poor,6k-10k,542.0,7643.18,2293.86,0.0,0,1,1,1,False
2965,2,2024-07-13,2024-08-11,High Income Segment,Poor,6k-10k,567.0,4480.38,6848.4,273.49,1,2,2,2,True
2966,1,2025-05-08,2025-05-08,Middle Income Segment,Very Good,3k-6k,754.0,3597.19,4996.24,92.19,0,1,1,1,False
2967,5,2023-06-27,2024-09-28,Low Income Segment,Good,3k-6k,640.6,3602.35,22348.04,150.43,0,3,5,5,True
2968,1,2023-02-07,2023-02-07,High Income Segment,Good,6k-10k,699.0,7880.8,840.02,0.0,0,1,1,1,False
2969,3,2023-05-17,2024-12-17,High Income Segment,Poor,6k-10k,545.0,8458.946666666667,12024.75,292.98,1,2,3,3,True
2970,4,2023-01-08,2025-04-17,Low Income Segment,Very Good,Under 3k,682.0,4053.0550000000003,18763.8,100.64,0,3,4,4,True
2971,2,2023-12-21,2024-03-15,High Income Segment,Fair,6k-10k,687.0,7939.635,2869.68,264.36,1,2,2,2,True
2973,2,2023-02-18,2024-03-20,Middle Income Segment,Poor,3k-6k,491.5,3800.14,14957.32,136.41,0,1,2,2,True
2974,1,2024-08-18,2024-08-18,Low Income Segment,Good,Under 3k,676.0,2867.63,15234.18,0.0,0,1,1,1,False
2975,2,2023-12-23,2025-03-29,High Income Segment,Exceptional,6k-10k,709.0,5433.46,6898.34,45.57,0,2,2,2,True
2976,5,2023-06-16,2025-04-01,Low Income Segment,Fair,Under 3k,611.8,4711.139999999999,27397.55,369.28,1,2,5,5,True
2977,2,2023-02-02,2023-10-06,Middle Income Segment,Poor,3k-6k,546.5,5349.055,11190.95,0.0,0,1,2,2,True
2978,1,2024-02-25,2024-02-25,High Income Segment,Poor,6k-10k,502.0,8391.96,2749.31,75.19,0,1,1,1,False
2979,2,2024-10-09,2025-01-24,High Income Segment,Poor,3k-6k,527.0,7574.71,8437.75,0.0,0,2,2,2,True
2980,2,2023-12-29,2024-04-16,Middle Income Segment,Poor,6k-10k,393.0,6820.235000000001,3937.6400000000003,27.07,0,1,2,2,True
2982,6,2023-05-28,2024-12-25,High Income Segment,Very Good,6k-10k,642.1666666666666,5581.855,21987.34,51.75,0,3,6,6,True
2983,1,2024-04-25,2024-04-25,High Income Segment,Poor,6k-10k,340.0,7146.77,8512.36,44.41,0,1,1,1,False
2984,2,2023-06-26,2025-03-15,High Income Segment,Poor,6k-10k,554.5,7466.595,3224.87,0.0,0,2,2,2,True
2985,3,2024-03-16,2024-09-26,High Income Segment,Poor,3k-6k,598.3333333333334,4654.246666666667,7698.99,320.2,1,3,3,3,True
2986,6,2023-01-17,2025-05-01,High Income Segment,Poor,6k-10k,616.0,6717.961666666667,22048.5,41.83,0,3,6,6,True
2987,3,2023-03-13,2024-09-06,Middle Income Segment,Poor,3k-6k,541.3333333333334,5645.703333333334,13793.7,0.0,0,2,3,3,True
2988,1,2023-02-07,2023-02-07,High Income Segment,Exceptional,6k-10k,816.0,9448.48,1123.71,0.0,0,1,1,1,False
2989,1,2023-06-02,2023-06-02,Middle Income Segment,Poor,3k-6k,541.0,3167.78,275.82,0.0,0,1,1,1,False
2990,4,2023-11-16,2025-05-01,Low Income Segment,Poor,3k-6k,596.5,3345.5074999999997,19449.65,117.07,0,2,4,4,True
2991,2,2024-05-26,2024-11-16,High Income Segment,Good,6k-10k,750.0,8122.925,2054.61,103.55,0,2,2,2,True
2992,2,2023-07-22,2025-02-11,Middle Income Segment,Good,6k-10k,522.0,6356.26,10952.86,0.19,0,1,2,2,True
2993,1,2024-10-06,2024-10-06,Middle Income Segment,Poor,3k-6k,543.0,3748.37,2746.42,0.0,0,1,1,1,False
2994,2,2023-07-02,2024-04-05,Low Income Segment,Good,3k-6k,542.5,3580.885,6077.87,0.0,0,2,2,2,True
2995,2,2023-08-24,2024-03-17,High Income Segment,Fair,6k-10k,579.5,8022.795,12551.65,32.05,0,2,2,2,True
2996,4,2023-02-22,2025-03-04,High Income Segment,Good,6k-10k,690.5,5384.165,37345.58,194.65,0,3,4,4,True
2997,2,2023-03-04,2024-03-02,Low Income Segment,Exceptional,3k-6k,695.0,2656.895,11038.07,49.13,0,2,2,2,True
2998,3,2023-10-21,2024-06-10,Middle Income Segment,Poor,3k-6k,502.6666666666667,5466.416666666667,18230.84,50.17,0,1,3,3,True
2999,3,2023-05-05,2024-08-21,Middle Income Segment,Poor,3k-6k,430.6666666666667,6104.796666666666,6521.12,0.0,0,2,3,3,True
3000,3,2023-03-19,2023-09-24,Middle Income Segment,Poor,3k-6k,435.3333333333333,3068.8333333333335,25747.190000000002,188.08,1,2,3,3,True
3001,2,2024-04-24,2025-01-18,High Income Segment,Poor,6k-10k,322.5,5358.674999999999,19417.15,0.0,0,2,2,2,True
3002,1,2023-08-04,2023-08-04,Middle Income Segment,Fair,3k-6k,644.0,4851.8,5475.63,0.0,0,1,1,1,False
3003,1,2023-05-05,2023-05-05,Low Income Segment,Fair,Under 3k,627.0,2769.93,188.04,0.0,0,1,1,1,False
3005,2,2024-07-07,2025-01-26,High Income Segment,Poor,3k-6k,564.5,6775.485000000001,14276.09,0.0,0,2,2,2,True
3006,2,2024-08-15,2025-01-13,High Income Segment,Exceptional,3k-6k,720.0,6551.969999999999,8844.14,0.0,0,2,2,2,True
3007,2,2023-01-20,2024-06-04,High Income Segment,Poor,3k-6k,416.5,6674.285,9505.45,80.44,0,2,2,2,True
3010,3,2023-02-22,2024-01-27,Middle Income Segment,Fair,3k-6k,690.3333333333334,4956.833333333333,20505.27,44.17,0,1,3,3,True
3011,4,2023-06-12,2025-01-27,Middle Income Segment,Poor,6k-10k,437.25,5184.365,15853.55,24.380000000000003,0,2,4,4,True
3013,1,2023-02-21,2023-02-21,Low Income Segment,Poor,Under 3k,306.0,2384.71,1991.98,0.0,0,1,1,1,False
3014,4,2023-05-29,2024-11-13,Middle Income Segment,Poor,3k-6k,521.5,4575.8,10885.74,0.0,0,2,4,4,True
3015,3,2023-01-08,2023-11-05,Middle Income Segment,Poor,3k-6k,456.3333333333333,6150.329999999999,9007.73,16.65,0,2,3,3,True
3016,2,2023-07-02,2023-12-25,High Income Segment,Poor,3k-6k,440.5,7270.645,9365.15,159.91,1,2,2,2,True
3017,2,2023-08-25,2024-08-28,High Income Segment,Good,3k-6k,544.5,5952.3150000000005,3967.13,23.69,0,2,2,2,True
3018,2,2024-01-29,2024-03-02,High Income Segment,Poor,6k-10k,504.5,8833.99,2004.08,204.49,0,1,2,2,True
3019,4,2023-01-07,2024-05-21,Middle Income Segment,Fair,6k-10k,631.0,5876.0,21910.730000000003,326.46000000000004,1,3,4,4,True
3020,1,2023-12-17,2023-12-17,High Income Segment,Very Good,6k-10k,762.0,7206.55,8817.7,80.07,0,1,1,1,False
3021,3,2023-07-03,2024-12-03,High Income Segment,Poor,6k-10k,578.0,8629.783333333333,5804.78,0.0,0,1,3,3,True
3022,2,2025-01-21,2025-03-10,Low Income Segment,Poor,Under 3k,550.5,2184.925,10064.59,0.0,0,1,2,2,True
3023,2,2024-06-16,2025-01-21,High Income Segment,Exceptional,6k-10k,744.0,6060.39,7647.95,190.91,1,2,2,2,True
3024,4,2023-11-17,2024-05-21,Middle Income Segment,Poor,3k-6k,552.25,6872.005,18415.81,115.86,0,2,4,4,True
3025,5,2023-12-01,2025-03-24,Low Income Segment,Exceptional,Under 3k,670.2,2872.204,10105.91,471.28999999999996,2,2,5,5,True
3026,3,2024-02-03,2025-01-22,High Income Segment,Poor,6k-10k,528.0,6210.536666666667,25329.11,257.58,0,2,3,3,True
3027,2,2024-05-17,2024-05-18,High Income Segment,Exceptional,6k-10k,687.0,5397.135,5724.389999999999,226.43,1,2,2,2,True
3028,2,2023-10-11,2024-12-22,Low Income Segment,Good,3k-6k,612.0,2341.665,9567.56,2.23,0,2,2,2,True
3029,1,2024-02-03,2024-02-03,Middle Income Segment,Fair,3k-6k,639.0,5601.25,11831.3,0.0,0,1,1,1,False
3030,2,2024-07-11,2024-12-21,High Income Segment,Fair,3k-6k,442.0,7262.805,9605.880000000001,54.58,0,2,2,2,True
3031,2,2023-10-05,2025-01-11,High Income Segment,Exceptional,6k-10k,632.5,6886.375,2959.5299999999997,0.67,0,2,2,2,True
3032,5,2023-09-01,2024-07-26,High Income Segment,Fair,6k-10k,642.8,5007.2699999999995,29034.28,171.92000000000002,0,3,5,5,True
3033,2,2023-04-19,2023-12-29,Middle Income Segment,Exceptional,3k-6k,598.5,3517.87,17250.25,117.86999999999999,0,1,2,2,True
3035,4,2023-03-11,2025-04-19,High Income Segment,Poor,3k-6k,554.0,6266.495,33608.77,9.93,0,2,4,4,True
3036,2,2023-06-27,2023-09-23,Low Income Segment,Poor,3k-6k,497.5,4279.6900000000005,11262.12,0.0,0,2,2,2,True
3037,1,2023-07-05,2023-07-05,High Income Segment,Poor,6k-10k,428.0,9345.86,981.27,0.0,0,1,1,1,False
3038,3,2023-12-03,2025-02-12,Middle Income Segment,Poor,3k-6k,570.0,3601.7433333333333,18038.46,32.07,0,2,3,3,True
3039,3,2023-06-22,2023-08-28,Middle Income Segment,Very Good,3k-6k,634.3333333333334,5426.456666666666,13466.99,48.14,0,1,3,3,True
3040,2,2024-01-16,2024-07-28,Middle Income Segment,Exceptional,3k-6k,636.0,5684.265,10882.85,41.59,0,1,2,2,True
3041,1,2023-09-11,2023-09-11,Low Income Segment,Poor,Under 3k,553.0,2407.97,5461.56,0.0,0,1,1,1,False
3042,4,2023-11-28,2024-09-24,Low Income Segment,Poor,3k-6k,612.0,2951.06,7229.04,270.99,1,2,4,4,True
3043,1,2024-05-14,2024-05-14,Middle Income Segment,Fair,3k-6k,623.0,4244.39,3659.03,0.0,0,1,1,1,False
3044,5,2023-01-18,2024-11-14,High Income Segment,Poor,6k-10k,562.6,7904.31,31173.3,106.15,0,2,5,5,True
3045,2,2024-03-08,2025-01-17,High Income Segment,Fair,6k-10k,531.5,9583.015,11763.75,0.0,0,1,2,2,True
3046,1,2024-12-13,2024-12-13,Middle Income Segment,Good,3k-6k,689.0,3009.47,8253.48,96.51,0,1,1,1,False
3047,4,2023-07-10,2025-02-28,High Income Segment,Poor,6k-10k,568.5,5294.83,18944.449999999997,118.92,0,3,4,4,True
3048,3,2023-04-10,2025-01-11,Middle Income Segment,Poor,3k-6k,569.3333333333334,3904.4533333333334,10165.98,149.16,0,2,3,3,True
3049,4,2023-02-02,2024-04-24,Low Income Segment,Poor,3k-6k,430.0,2932.925,26686.96,93.97999999999999,0,2,4,4,True
3050,2,2023-04-09,2024-02-19,Middle Income Segment,Good,3k-6k,651.0,5909.055,17495.29,0.0,0,1,2,2,True
3051,3,2023-12-01,2025-02-13,Middle Income Segment,Poor,3k-6k,576.6666666666666,4330.333333333333,25964.37,0.0,0,2,3,3,True
3052,2,2024-08-19,2025-01-31,High Income Segment,Poor,6k-10k,379.5,8096.495,11563.29,38.15,0,1,2,2,True
3053,3,2023-09-04,2025-03-16,Middle Income Segment,Exceptional,3k-6k,609.0,3920.2966666666666,24994.64,370.58,1,2,3,3,True
3054,1,2025-04-05,2025-04-05,Middle Income Segment,Poor,3k-6k,484.0,4638.19,6179.45,0.0,0,1,1,1,False
3056,4,2023-01-04,2025-04-23,High Income Segment,Poor,6k-10k,531.0,5934.9375,10065.64,237.1,1,3,4,4,True
3057,1,2025-01-26,2025-01-26,Middle Income Segment,Fair,3k-6k,602.0,5395.38,2688.96,0.0,0,1,1,1,False
3058,1,2025-04-21,2025-04-21,High Income Segment,Fair,6k-10k,624.0,8445.32,642.9,0.0,0,1,1,1,False
3059,2,2023-01-08,2024-04-11,Low Income Segment,Poor,3k-6k,594.0,4241.5650000000005,5781.18,195.69,1,2,2,2,True
3060,3,2023-04-20,2024-07-28,Middle Income Segment,Fair,3k-6k,638.6666666666666,6173.990000000001,12617.88,5.69,0,2,3,3,True
3061,1,2024-08-25,2024-08-25,High Income Segment,Fair,6k-10k,641.0,8792.58,401.06,0.0,0,1,1,1,False
3062,3,2023-02-11,2023-07-12,High Income Segment,Poor,3k-6k,541.3333333333334,5223.85,16374.69,126.44,0,3,3,3,True
3063,4,2023-04-22,2024-10-27,Middle Income Segment,Exceptional,3k-6k,701.0,4539.9325,16893.73,226.55,1,3,4,4,True
3064,8,2023-03-04,2024-08-25,Middle Income Segment,Good,3k-6k,632.0,5059.876249999999,49305.48,212.21,1,3,8,8,True
3065,3,2023-06-19,2023-12-09,Middle Income Segment,Fair,3k-6k,638.0,5609.213333333333,24789.54,214.68,1,2,3,3,True
3066,2,2024-07-15,2024-08-08,Middle Income Segment,Fair,3k-6k,471.5,6122.43,13532.82,295.05,1,1,2,2,True
3067,1,2023-09-09,2023-09-09,High Income Segment,Fair,6k-10k,631.0,8029.63,142.33,34.42,0,1,1,1,False
3068,4,2023-04-22,2024-10-17,High Income Segment,Fair,6k-10k,580.75,5612.2325,17105.690000000002,396.14,1,3,4,4,True
3069,1,2023-12-12,2023-12-12,Middle Income Segment,Poor,6k-10k,401.0,6297.6,2870.45,0.0,0,1,1,1,False
3070,3,2023-06-12,2025-04-12,Middle Income Segment,Exceptional,6k-10k,743.3333333333334,6763.02,16644.02,150.9,0,2,3,3,True
3071,1,2023-04-27,2023-04-27,Middle Income Segment,Poor,3k-6k,383.0,3864.42,6670.32,9.63,0,1,1,1,False
3072,5,2023-02-10,2025-04-16,High Income Segment,Exceptional,3k-6k,715.0,5367.618,42160.25,33.69,0,3,5,5,True
3073,3,2024-01-23,2024-05-14,High Income Segment,Exceptional,3k-6k,642.3333333333334,5290.643333333333,15541.07,38.93,0,3,3,3,True
3074,4,2023-03-26,2024-10-11,Middle Income Segment,Good,3k-6k,711.0,5283.06,32737.05,121.95,0,2,4,4,True
3075,1,2023-05-04,2023-05-04,Middle Income Segment,Exceptional,3k-6k,807.0,3810.61,14911.9,105.5,0,1,1,1,False
3076,5,2023-06-09,2024-12-11,High Income Segment,Poor,6k-10k,534.4,5930.158,17057.84,50.46,0,3,5,5,True
3077,2,2023-07-22,2024-08-20,Low Income Segment,Fair,3k-6k,646.5,4010.6050000000005,6206.1,0.0,0,2,2,2,True
3078,2,2023-05-25,2025-04-09,Middle Income Segment,Fair,3k-6k,573.0,6393.95,5984.200000000001,66.18,0,1,2,2,True
3079,1,2023-11-02,2023-11-02,High Income Segment,Poor,6k-10k,410.0,7140.47,7617.29,47.86,0,1,1,1,False
3080,2,2023-04-03,2025-03-16,Low Income Segment,Good,Under 3k,592.5,1537.4450000000002,6460.18,0.0,0,1,2,2,True
3082,2,2024-04-12,2025-02-11,Middle Income Segment,Fair,3k-6k,487.0,5655.035,8694.77,64.84,0,1,2,2,True
3083,4,2023-01-28,2025-04-14,Middle Income Segment,Poor,3k-6k,510.5,4394.4225,17847.940000000002,176.13,0,1,4,4,True
3086,1,2024-05-19,2024-05-19,Low Income Segment,Poor,Under 3k,413.0,1159.51,8008.55,0.0,0,1,1,1,False
3087,1,2024-05-11,2024-05-11,Low Income Segment,Poor,Under 3k,353.0,2474.98,3655.75,0.0,0,1,1,1,False
3088,1,2023-01-18,2023-01-18,Middle Income Segment,Poor,3k-6k,316.0,3773.57,1271.31,0.0,0,1,1,1,False
3089,1,2024-09-16,2024-09-16,Middle Income Segment,Poor,3k-6k,397.0,3357.99,3320.67,11.62,0,1,1,1,False
3090,2,2023-10-01,2025-04-22,High Income Segment,Very Good,6k-10k,768.0,5565.555,23389.21,108.84,0,2,2,2,True
3091,1,2023-01-20,2023-01-20,Low Income Segment,Poor,Under 3k,343.0,1008.12,8823.34,35.64,0,1,1,1,False
3092,2,2023-02-27,2024-10-30,High Income Segment,Exceptional,6k-10k,596.0,4924.305,8325.59,0.0,0,2,2,2,True
3093,4,2024-05-22,2025-05-15,High Income Segment,Poor,6k-10k,462.25,7431.395,20505.77,421.91999999999996,2,2,4,4,True
3094,1,2025-04-05,2025-04-05,Middle Income Segment,Poor,6k-10k,554.0,6858.01,3930.86,0.0,0,1,1,1,False
3096,3,2024-05-09,2024-09-20,Middle Income Segment,Poor,6k-10k,375.0,6165.743333333333,11303.92,15.67,0,2,3,3,True
3097,1,2024-05-07,2024-05-07,Low Income Segment,Exceptional,Under 3k,812.0,2309.96,9718.64,103.13,0,1,1,1,False
3098,3,2023-04-29,2024-05-26,High Income Segment,Poor,3k-6k,357.3333333333333,5679.483333333333,24816.92,0.0,0,3,3,3,True
3099,1,2024-07-18,2024-07-18,Middle Income Segment,Good,3k-6k,688.0,3037.04,4101.39,0.0,0,1,1,1,False
3100,1,2024-04-26,2024-04-26,High Income Segment,Fair,6k-10k,609.0,9185.86,1083.31,0.0,0,1,1,1,False
3101,4,2023-03-27,2023-08-07,Middle Income Segment,Good,6k-10k,643.75,5384.6975,23886.41,416.99,2,3,4,4,True
3102,2,2023-01-09,2023-02-18,Low Income Segment,Poor,3k-6k,502.5,3230.8050000000003,4176.25,51.05,0,2,2,2,True
3103,2,2023-01-01,2023-11-11,Low Income Segment,Good,3k-6k,559.0,3796.895,22073.02,264.04,1,2,2,2,True
3104,1,2024-12-13,2024-12-13,Low Income Segment,Poor,Under 3k,382.0,1249.81,8581.07,39.46,0,1,1,1,False
3105,5,2023-02-12,2024-06-28,Middle Income Segment,Poor,3k-6k,539.6,4397.818,23411.640000000003,54.04,0,3,5,5,True
3106,2,2024-09-15,2024-10-14,High Income Segment,Exceptional,6k-10k,689.5,5726.4800000000005,14474.82,31.2,0,2,2,2,True
3107,3,2023-05-30,2024-06-21,Middle Income Segment,Exceptional,6k-10k,576.0,6746.21,21818.7,37.74,0,2,3,3,True
3108,2,2023-07-09,2024-02-12,Middle Income Segment,Fair,3k-6k,487.0,6171.325,14778.63,73.69,0,1,2,2,True
3109,1,2023-04-10,2023-04-10,High Income Segment,Fair,6k-10k,601.0,9986.3,1838.03,50.35,0,1,1,1,False
3110,1,2023-06-27,2023-06-27,High Income Segment,Poor,6k-10k,544.0,9615.26,5499.6,40.63,0,1,1,1,False
3112,1,2023-11-16,2023-11-16,Middle Income Segment,Poor,3k-6k,341.0,4791.05,6688.1,11.12,0,1,1,1,False
3113,5,2023-04-05,2025-03-31,Middle Income Segment,Fair,3k-6k,596.0,5446.62,24411.510000000002,124.75999999999999,0,2,5,5,True
3114,1,2025-02-12,2025-02-12,Low Income Segment,Poor,Under 3k,472.0,1886.91,8205.16,195.64,1,1,1,1,False
3115,1,2023-11-27,2023-11-27,Middle Income Segment,Exceptional,3k-6k,845.0,4697.39,13158.18,51.84,0,1,1,1,False
3116,2,2024-09-06,2024-11-24,Low Income Segment,Good,3k-6k,579.5,2375.46,15760.41,46.67,0,2,2,2,True
3118,2,2023-01-14,2023-10-27,High Income Segment,Poor,3k-6k,418.0,7202.99,15290.2,47.86,0,2,2,2,True
3120,4,2024-07-07,2025-02-20,Middle Income Segment,Poor,3k-6k,503.5,5032.8975,18466.38,307.3,1,3,4,4,True
3121,5,2023-07-24,2025-04-15,High Income Segment,Poor,6k-10k,518.2,6610.289999999999,17926.23,156.13,0,3,5,5,True
3122,5,2023-02-22,2024-01-30,High Income Segment,Poor,6k-10k,563.8,6071.728,31344.33,73.93,0,3,5,5,True
3123,1,2025-01-25,2025-01-25,Middle Income Segment,Poor,6k-10k,446.0,6477.83,7944.99,0.0,0,1,1,1,False
3124,2,2023-03-24,2025-04-03,High Income Segment,Poor,6k-10k,563.0,7649.3099999999995,4630.92,0.0,0,2,2,2,True
3125,2,2025-01-05,2025-02-26,Low Income Segment,Poor,3k-6k,367.0,3611.535,6351.799999999999,41.92,0,2,2,2,True
3126,3,2024-07-12,2024-08-23,Middle Income Segment,Exceptional,3k-6k,611.3333333333334,6651.143333333333,24470.420000000002,125.8,0,2,3,3,True
3127,1,2023-09-23,2023-09-23,Middle Income Segment,Exceptional,3k-6k,837.0,5095.39,9435.05,173.74,1,1,1,1,False
3128,2,2023-02-18,2023-03-09,Middle Income Segment,Fair,3k-6k,701.5,3994.25,17663.010000000002,0.0,0,1,2,2,True
3130,2,2023-12-13,2024-10-30,High Income Segment,Good,6k-10k,530.0,5622.674999999999,5884.34,0.0,0,2,2,2,True
3131,1,2024-04-26,2024-04-26,Middle Income Segment,Poor,3k-6k,307.0,5419.1,3475.72,0.0,0,1,1,1,False
3132,1,2024-05-04,2024-05-04,Middle Income Segment,Fair,6k-10k,635.0,6560.29,321.54,137.54,0,1,1,1,False
3134,3,2024-04-06,2025-01-12,Middle Income Segment,Good,3k-6k,643.6666666666666,5066.613333333334,23448.86,0.0,0,1,3,3,True
3135,1,2024-06-26,2024-06-26,Middle Income Segment,Fair,6k-10k,581.0,6184.0,14413.11,210.02,1,1,1,1,False
3136,1,2023-08-24,2023-08-24,Middle Income Segment,Poor,3k-6k,511.0,3588.99,2922.81,30.2,0,1,1,1,False
3137,2,2023-02-28,2025-04-26,High Income Segment,Poor,3k-6k,486.0,6118.135,22230.83,26.83,0,2,2,2,True
3138,2,2023-08-14,2025-02-10,Low Income Segment,Good,6k-10k,596.0,4003.48,15078.84,172.95,0,2,2,2,True
3139,1,2023-01-17,2023-01-17,Low Income Segment,Poor,Under 3k,381.0,2513.86,11446.87,0.0,0,1,1,1,False
3141,1,2025-01-02,2025-01-02,Middle Income Segment,Fair,3k-6k,601.0,5524.51,13575.35,0.0,0,1,1,1,False
3142,1,2024-09-13,2024-09-13,High Income Segment,Fair,6k-10k,618.0,8730.3,5327.48,0.0,0,1,1,1,False
3143,3,2023-06-12,2024-06-24,High Income Segment,Poor,6k-10k,569.6666666666666,7524.66,16896.03,53.14,0,2,3,3,True
3144,2,2023-05-31,2024-10-27,Low Income Segment,Exceptional,3k-6k,694.0,3084.09,3769.84,106.7,0,2,2,2,True
3145,1,2023-01-05,2023-01-05,Low Income Segment,Good,Under 3k,699.0,2794.86,2218.48,119.31,0,1,1,1,False
3146,1,2025-02-03,2025-02-03,Middle Income Segment,Good,3k-6k,735.0,4141.07,6083.82,116.18,0,1,1,1,False
3147,1,2024-02-22,2024-02-22,Low Income Segment,Poor,Under 3k,477.0,2862.19,1527.2,0.0,0,1,1,1,False
3148,2,2023-12-10,2025-04-01,Low Income Segment,Exceptional,3k-6k,644.0,4207.555,15114.82,180.87,1,2,2,2,True
3149,1,2023-01-03,2023-01-03,High Income Segment,Very Good,6k-10k,744.0,9543.8,4097.29,0.0,0,1,1,1,False
3150,1,2025-01-20,2025-01-20,Middle Income Segment,Poor,3k-6k,469.0,4747.73,4023.34,14.07,0,1,1,1,False
3151,3,2023-07-04,2025-05-18,Low Income Segment,Good,Under 3k,704.3333333333334,2619.6299999999997,13633.390000000001,305.1,1,2,3,3,True
3152,1,2023-11-22,2023-11-22,Middle Income Segment,Good,3k-6k,680.0,5199.55,11436.35,32.66,0,1,1,1,False
3153,1,2023-05-13,2023-05-13,Middle Income Segment,Poor,3k-6k,551.0,3725.18,121.32,95.17,0,1,1,1,False
3154,3,2023-01-15,2024-01-17,Low Income Segment,Good,Under 3k,620.3333333333334,3676.7433333333333,16600.3,0.0,0,2,3,3,True
3155,5,2023-05-14,2025-01-08,High Income Segment,Fair,3k-6k,579.6,5341.116,13979.71,206.12,0,3,5,5,True
3156,3,2024-05-10,2025-04-05,Middle Income Segment,Poor,3k-6k,467.0,3353.4266666666667,24701.7,0.0,0,2,3,3,True
3158,3,2023-07-02,2025-03-04,Middle Income Segment,Fair,6k-10k,591.0,5605.56,13081.2,0.0,0,1,3,3,True
3159,5,2023-12-21,2025-04-29,High Income Segment,Exceptional,6k-10k,629.0,5092.918,25294.699999999997,336.0,1,3,5,5,True
3160,4,2023-02-19,2024-11-17,Middle Income Segment,Poor,3k-6k,580.75,5112.2875,10401.46,225.0,1,3,4,4,True
3161,5,2023-10-23,2024-07-18,High Income Segment,Poor,6k-10k,389.0,5253.568,38313.520000000004,97.22,0,3,5,5,True
3162,4,2023-04-20,2024-12-04,High Income Segment,Exceptional,6k-10k,729.75,5600.555,11754.6,116.41999999999999,0,2,4,4,True
3163,3,2023-10-15,2024-08-29,Low Income Segment,Poor,Under 3k,488.6666666666667,2765.2433333333333,20067.53,138.53,0,2,3,3,True
3164,3,2023-05-04,2024-05-11,Low Income Segment,Exceptional,Under 3k,674.0,4288.393333333333,17553.2,16.91,0,2,3,3,True
3165,2,2023-04-02,2023-07-12,High Income Segment,Exceptional,6k-10k,564.0,4243.05,12679.429999999998,0.0,0,2,2,2,True
3166,2,2023-12-27,2024-01-19,Middle Income Segment,Good,3k-6k,729.0,5189.09,11834.74,26.14,0,1,2,2,True
3167,3,2023-12-18,2024-12-06,Middle Income Segment,Fair,3k-6k,611.0,5732.316666666667,6993.46,13.63,0,2,3,3,True
3169,2,2023-06-23,2023-11-25,High Income Segment,Fair,3k-6k,522.5,5901.995,7210.44,0.0,0,2,2,2,True
3170,3,2024-07-30,2025-01-07,High Income Segment,Poor,6k-10k,503.3333333333333,6589.16,10674.06,101.53,0,2,3,3,True
3171,1,2023-10-21,2023-10-21,Low Income Segment,Fair,Under 3k,666.0,1717.15,1620.03,0.0,0,1,1,1,False
3172,3,2023-04-21,2024-04-20,Middle Income Segment,Poor,3k-6k,448.3333333333333,6282.360000000001,19938.81,277.47,1,2,3,3,True
3173,2,2023-03-24,2025-03-06,High Income Segment,Poor,3k-6k,406.0,5895.6,5854.94,237.66,1,2,2,2,True
3175,1,2023-01-22,2023-01-22,High Income Segment,Poor,6k-10k,565.0,8438.09,4394.5,136.7,0,1,1,1,False
3176,3,2023-01-20,2024-12-06,High Income Segment,Poor,3k-6k,398.3333333333333,4208.056666666667,27404.31,55.65,0,3,3,3,True
3177,2,2023-06-29,2023-09-13,Middle Income Segment,Poor,3k-6k,420.5,5174.235,15789.98,0.0,0,1,2,2,True
3178,2,2023-10-05,2025-02-10,High Income Segment,Fair,3k-6k,503.0,6879.264999999999,14757.76,0.0,0,2,2,2,True
3179,5,2023-04-16,2025-04-30,Low Income Segment,Poor,Under 3k,515.8,4329.316,21696.230000000003,229.15,1,2,5,5,True
3180,3,2024-01-03,2025-04-06,Middle Income Segment,Poor,3k-6k,501.0,3788.14,25020.62,325.61,1,2,3,3,True
3181,5,2023-09-10,2025-03-03,Middle Income Segment,Fair,3k-6k,516.2,5901.932,30638.62,345.85,1,2,5,5,True
3182,1,2025-04-28,2025-04-28,High Income Segment,Poor,6k-10k,508.0,7240.97,8483.77,0.0,0,1,1,1,False
3183,2,2023-05-10,2024-03-26,High Income Segment,Good,3k-6k,629.5,5189.45,2574.1099999999997,45.1,0,2,2,2,True
3184,1,2023-12-04,2023-12-04,Low Income Segment,Fair,Under 3k,667.0,1600.87,3402.41,0.0,0,1,1,1,False
3185,2,2023-02-22,2024-04-15,Middle Income Segment,Poor,3k-6k,503.0,5494.775,8084.12,55.56,0,1,2,2,True
3186,2,2024-06-03,2024-07-04,High Income Segment,Poor,6k-10k,444.0,4796.110000000001,8315.779999999999,16.43,0,2,2,2,True
3187,1,2023-08-03,2023-08-03,High Income Segment,Good,6k-10k,681.0,9862.56,3814.85,0.0,0,1,1,1,False
3188,1,2023-05-07,2023-05-07,High Income Segment,Poor,6k-10k,515.0,7400.41,4942.14,0.0,0,1,1,1,False
3189,1,2024-11-22,2024-11-22,High Income Segment,Fair,6k-10k,602.0,8649.79,14514.53,144.27,1,1,1,1,False
3190,3,2023-03-13,2023-05-16,Middle Income Segment,Poor,3k-6k,452.6666666666667,5001.863333333334,27848.03,148.01999999999998,0,1,3,3,True
3191,1,2023-10-21,2023-10-21,Low Income Segment,Poor,Under 3k,562.0,1026.45,7709.32,51.96,0,1,1,1,False
3192,1,2024-10-11,2024-10-11,Low Income Segment,Fair,Under 3k,595.0,1312.06,4860.64,0.0,0,1,1,1,False
3193,3,2023-04-12,2024-04-28,Middle Income Segment,Poor,3k-6k,516.3333333333334,5886.04,13353.81,122.69,0,2,3,3,True
3195,1,2023-11-04,2023-11-04,Low Income Segment,Fair,Under 3k,619.0,1019.9,2885.47,105.02,0,1,1,1,False
3196,7,2023-03-06,2024-12-10,Middle Income Segment,Poor,3k-6k,554.7142857142857,3556.8442857142863,40502.51,274.3,1,2,7,7,True
3197,3,2023-05-21,2024-12-10,Middle Income Segment,Exceptional,3k-6k,636.3333333333334,5700.323333333334,19032.559999999998,0.0,0,2,3,3,True
3198,2,2024-02-17,2025-05-18,Middle Income Segment,Poor,3k-6k,650.0,5937.225,13713.32,47.01,0,1,2,2,True
3199,1,2023-12-30,2023-12-30,Middle Income Segment,Poor,3k-6k,512.0,3191.73,677.22,13.13,0,1,1,1,False
3200,3,2023-11-08,2025-03-19,Middle Income Segment,Poor,3k-6k,570.3333333333334,5210.29,13798.060000000001,0.0,0,2,3,3,True
3202,1,2025-03-12,2025-03-12,Low Income Segment,Fair,Under 3k,653.0,2016.49,11023.07,60.35,0,1,1,1,False
3203,3,2023-12-22,2024-10-30,Middle Income Segment,Poor,3k-6k,626.3333333333334,4607.8,28865.89,18.84,0,1,3,3,True
3204,4,2023-01-21,2024-07-20,Middle Income Segment,Exceptional,3k-6k,648.75,5088.615,21824.16,80.97,0,2,4,4,True
3205,3,2023-01-17,2023-12-26,High Income Segment,Poor,6k-10k,473.3333333333333,7649.503333333334,6502.96,224.04999999999998,1,1,3,3,True
3206,2,2023-02-14,2024-01-07,Low Income Segment,Good,3k-6k,633.0,3098.835,8163.18,123.82,0,2,2,2,True
3207,1,2024-06-14,2024-06-14,Low Income Segment,Poor,Under 3k,523.0,1792.18,3420.2,83.76,0,1,1,1,False
3208,1,2024-11-01,2024-11-01,Low Income Segment,Very Good,Under 3k,769.0,1585.14,10587.84,41.31,0,1,1,1,False
3209,1,2023-07-01,2023-07-01,Middle Income Segment,Good,3k-6k,704.0,3871.29,12928.47,54.43,0,1,1,1,False
3210,2,2023-10-30,2023-12-12,Low Income Segment,Poor,6k-10k,455.0,4598.485,8791.24,0.0,0,2,2,2,True
3211,4,2023-02-19,2025-04-15,Low Income Segment,Exceptional,Under 3k,717.0,4176.012500000001,20506.67,223.23999999999998,1,3,4,4,True
3212,4,2023-06-12,2024-03-06,High Income Segment,Poor,6k-10k,564.25,5978.2125,16911.99,231.06,0,3,4,4,True
3215,3,2023-10-31,2024-06-13,Middle Income Segment,Exceptional,3k-6k,695.3333333333334,3988.116666666667,5090.6,0.0,0,2,3,3,True
3216,2,2023-10-08,2024-07-29,Middle Income Segment,Exceptional,3k-6k,605.5,5953.335,3713.0,5.1,0,1,2,2,True
3217,4,2023-11-21,2024-08-28,Low Income Segment,Poor,Under 3k,541.25,4286.297500000001,18414.1,149.85999999999999,0,2,4,4,True
3218,2,2023-10-03,2024-05-16,High Income Segment,Fair,6k-10k,653.0,4767.295,6690.0,91.96000000000001,0,2,2,2,True
3219,1,2023-03-16,2023-03-16,Low Income Segment,Good,Under 3k,697.0,2486.9,4391.87,75.07,0,1,1,1,False
3220,3,2023-10-16,2024-11-06,Middle Income Segment,Fair,3k-6k,580.0,3227.56,19492.53,169.53,0,2,3,3,True
3222,1,2024-08-27,2024-08-27,Middle Income Segment,Poor,3k-6k,482.0,3564.61,7126.54,22.89,0,1,1,1,False
3223,3,2024-01-27,2024-08-12,High Income Segment,Poor,6k-10k,576.0,8878.45,16184.66,184.92000000000002,1,1,3,3,True
3224,4,2023-07-08,2023-12-16,High Income Segment,Poor,6k-10k,499.75,5516.0599999999995,10933.33,218.04,1,3,4,4,True
3225,1,2024-03-05,2024-03-05,High Income Segment,Fair,6k-10k,609.0,7209.79,349.14,0.0,0,1,1,1,False
3226,4,2023-03-13,2024-11-25,Middle Income Segment,Poor,3k-6k,500.5,5342.205,36656.6,173.69,0,3,4,4,True
3228,2,2024-04-22,2024-11-16,High Income Segment,Exceptional,6k-10k,728.0,5467.695,9956.189999999999,76.22999999999999,0,2,2,2,True
3229,1,2023-03-23,2023-03-23,Middle Income Segment,Poor,3k-6k,369.0,4402.05,13939.82,0.0,0,1,1,1,False
3230,2,2024-05-08,2024-06-19,Low Income Segment,Poor,3k-6k,545.0,2600.94,7163.12,14.34,0,2,2,2,True
3231,1,2025-03-17,2025-03-17,Middle Income Segment,Poor,3k-6k,558.0,3524.97,15155.74,117.39,0,1,1,1,False
3232,1,2023-03-22,2023-03-22,High Income Segment,Exceptional,6k-10k,824.0,7153.26,1292.21,121.68,0,1,1,1,False
3233,4,2023-02-27,2025-04-23,Middle Income Segment,Fair,3k-6k,665.25,5227.335,24950.23,15.06,0,1,4,4,True
3234,1,2023-12-25,2023-12-25,Low Income Segment,Very Good,Under 3k,791.0,2818.83,5456.43,40.99,0,1,1,1,False
3235,3,2023-11-03,2025-04-05,Middle Income Segment,Fair,6k-10k,683.3333333333334,6426.82,18761.620000000003,272.67999999999995,1,2,3,3,True
3236,1,2023-09-22,2023-09-22,High Income Segment,Poor,6k-10k,441.0,9680.09,10057.97,50.73,0,1,1,1,False
3237,2,2024-04-07,2024-09-27,Low Income Segment,Good,3k-6k,739.0,3024.435,6268.82,11.82,0,2,2,2,True
3238,1,2024-02-26,2024-02-26,High Income Segment,Poor,6k-10k,437.0,7620.18,8042.68,140.33,0,1,1,1,False
3239,1,2025-05-08,2025-05-08,Middle Income Segment,Poor,3k-6k,310.0,4012.62,2177.48,0.0,0,1,1,1,False
3240,2,2024-07-14,2025-04-25,High Income Segment,Poor,3k-6k,617.5,7412.05,6385.0599999999995,56.949999999999996,0,2,2,2,True
3241,2,2023-10-27,2024-11-26,High Income Segment,Poor,3k-6k,659.5,6617.945,12944.49,231.91,1,2,2,2,True
3242,3,2024-06-14,2025-01-24,Middle Income Segment,Very Good,3k-6k,650.3333333333334,4772.466666666667,28411.16,79.49,0,1,3,3,True
3243,4,2023-02-09,2024-06-27,High Income Segment,Poor,6k-10k,504.5,7569.84,17652.780000000002,223.69,0,2,4,4,True
3244,2,2024-09-10,2025-03-29,High Income Segment,Poor,6k-10k,508.0,6734.005,8307.92,16.38,0,2,2,2,True
3245,1,2023-10-23,2023-10-23,Middle Income Segment,Poor,6k-10k,478.0,6075.44,3275.89,0.0,0,1,1,1,False
3246,3,2023-08-21,2025-04-15,Middle Income Segment,Poor,3k-6k,432.3333333333333,5442.8966666666665,25215.93,81.00999999999999,0,2,3,3,True
3247,2,2024-07-26,2024-09-11,High Income Segment,Poor,3k-6k,480.0,6944.495,12271.710000000001,104.53,0,2,2,2,True
3248,4,2023-06-30,2024-03-21,Middle Income Segment,Poor,6k-10k,614.5,6489.0525,30701.800000000003,78.44999999999999,0,2,4,4,True
3249,1,2025-05-08,2025-05-08,High Income Segment,Very Good,6k-10k,763.0,9855.61,15144.03,104.79,0,1,1,1,False
3251,4,2023-07-16,2024-06-18,High Income Segment,Poor,6k-10k,467.0,6056.9175,31220.47,196.58,1,3,4,4,True
3253,2,2023-06-24,2024-06-14,Low Income Segment,Poor,Under 3k,395.5,1810.5249999999999,6193.11,107.92,0,1,2,2,True
3254,1,2024-02-08,2024-02-08,Low Income Segment,Poor,Under 3k,304.0,2090.36,7601.11,0.0,0,1,1,1,False
3255,3,2023-08-15,2024-06-25,Low Income Segment,Fair,Under 3k,549.0,2603.1066666666666,14765.5,228.24,0,2,3,3,True
3256,6,2023-01-27,2024-12-28,High Income Segment,Poor,6k-10k,542.6666666666666,6800.531666666667,33231.13,288.95,1,3,6,6,True
3257,2,2023-10-05,2024-03-19,Middle Income Segment,Poor,3k-6k,649.0,4824.37,5461.43,87.46000000000001,0,1,2,2,True
3258,4,2023-01-27,2025-04-28,Middle Income Segment,Poor,3k-6k,571.5,4700.2699999999995,22764.870000000003,118.47,0,3,4,4,True
3259,2,2023-09-10,2025-03-14,High Income Segment,Poor,6k-10k,522.0,8465.51,12661.86,45.32,0,1,2,2,True
3260,1,2023-04-19,2023-04-19,Middle Income Segment,Fair,3k-6k,604.0,5430.72,3131.62,28.71,0,1,1,1,False
3261,7,2023-05-21,2025-05-16,Middle Income Segment,Poor,3k-6k,609.5714285714286,5794.248571428571,45221.94,332.27,0,2,7,7,True
3262,3,2024-08-05,2025-01-29,High Income Segment,Good,3k-6k,664.6666666666666,4404.376666666666,10380.1,58.019999999999996,0,3,3,3,True
3263,4,2023-08-26,2025-01-21,High Income Segment,Poor,6k-10k,517.5,5292.1224999999995,11878.369999999999,33.59,0,2,4,4,True
3264,1,2024-11-13,2024-11-13,Middle Income Segment,Very Good,3k-6k,790.0,5887.64,5590.88,0.0,0,1,1,1,False
3265,1,2024-06-07,2024-06-07,High Income Segment,Poor,6k-10k,483.0,7572.44,3033.08,46.4,0,1,1,1,False
3267,3,2023-02-15,2024-04-26,Low Income Segment,Poor,Under 3k,556.6666666666666,2516.42,15544.4,8.55,0,2,3,3,True
3268,3,2023-02-19,2024-02-14,Middle Income Segment,Exceptional,3k-6k,650.6666666666666,5171.783333333333,15993.369999999999,190.95,0,1,3,3,True
3269,2,2023-11-27,2025-03-22,High Income Segment,Exceptional,3k-6k,584.5,5563.700000000001,15652.789999999999,10.88,0,2,2,2,True
3270,1,2023-03-01,2023-03-01,High Income Segment,Good,6k-10k,693.0,7675.77,7072.64,1.55,0,1,1,1,False
3271,2,2024-08-20,2024-12-15,High Income Segment,Good,3k-6k,568.0,6602.385,17086.89,65.3,0,2,2,2,True
3272,2,2023-01-03,2023-01-22,High Income Segment,Exceptional,6k-10k,812.0,9538.33,1834.09,0.0,0,1,2,2,True
3273,2,2023-01-13,2024-11-21,Low Income Segment,Poor,3k-6k,529.5,2919.83,4651.43,0.0,0,2,2,2,True
3274,3,2023-11-10,2025-01-11,High Income Segment,Poor,6k-10k,535.0,5732.823333333334,11384.43,229.98,1,3,3,3,True
3276,3,2023-09-26,2024-11-24,Middle Income Segment,Exceptional,3k-6k,669.6666666666666,3877.7433333333333,4138.12,283.56,1,2,3,3,True
3278,1,2025-04-24,2025-04-24,Middle Income Segment,Poor,3k-6k,366.0,3115.63,7985.51,0.0,0,1,1,1,False
3279,2,2024-06-24,2025-01-06,High Income Segment,Exceptional,6k-10k,847.5,8225.465,12775.82,37.36,0,1,2,2,True
3280,2,2023-07-06,2023-08-01,High Income Segment,Fair,6k-10k,529.0,6200.975,16151.43,121.2,0,2,2,2,True
3282,4,2023-03-02,2024-11-14,Middle Income Segment,Fair,6k-10k,625.25,6605.48,37851.08,371.35,1,2,4,4,True
3283,3,2023-06-17,2024-02-05,Middle Income Segment,Very Good,3k-6k,678.0,6065.473333333332,11613.75,106.02,0,2,3,3,True
3284,3,2024-03-31,2025-03-21,Middle Income Segment,Poor,3k-6k,497.6666666666667,4191.233333333334,34229.21,83.11,0,2,3,3,True
3285,4,2023-04-26,2025-03-14,High Income Segment,Poor,6k-10k,582.5,8164.4625,16034.25,82.69,0,2,4,4,True
3287,1,2024-06-09,2024-06-09,High Income Segment,Fair,6k-10k,633.0,9588.51,15882.91,0.0,0,1,1,1,False
3288,3,2024-07-16,2025-05-01,High Income Segment,Very Good,3k-6k,717.0,4961.740000000001,12002.48,42.47,0,3,3,3,True
3289,2,2023-03-22,2024-04-19,High Income Segment,Exceptional,3k-6k,588.5,7490.700000000001,8160.36,14.16,0,2,2,2,True
3291,4,2024-03-04,2025-04-09,High Income Segment,Poor,6k-10k,595.25,8054.635,21151.03,60.68,0,2,4,4,True
3292,3,2023-02-20,2025-01-06,High Income Segment,Poor,6k-10k,510.3333333333333,5980.72,5417.67,0.0,0,3,3,3,True
3293,3,2023-05-26,2025-05-18,High Income Segment,Poor,6k-10k,520.0,7655.123333333334,5647.87,9.99,0,2,3,3,True
3294,2,2024-12-21,2025-02-05,High Income Segment,Poor,6k-10k,555.5,7141.6849999999995,6574.52,106.44,0,2,2,2,True
3295,1,2024-01-26,2024-01-26,Low Income Segment,Poor,Under 3k,517.0,1591.68,2103.89,20.02,0,1,1,1,False
3296,5,2023-09-23,2025-05-13,Middle Income Segment,Poor,3k-6k,547.2,5355.818,19468.46,21.31,0,3,5,5,True
3297,5,2023-03-15,2025-04-17,Low Income Segment,Poor,3k-6k,511.8,4425.754,25950.91,209.74,1,3,5,5,True
3298,1,2024-08-06,2024-08-06,High Income Segment,Poor,6k-10k,392.0,7446.34,10169.54,65.62,0,1,1,1,False
3301,1,2024-04-21,2024-04-21,Middle Income Segment,Fair,3k-6k,611.0,5566.72,7132.32,41.98,0,1,1,1,False
3302,2,2023-03-15,2023-03-24,High Income Segment,Poor,6k-10k,485.0,5367.87,9862.59,89.98,0,2,2,2,True
3303,3,2023-08-18,2024-12-04,High Income Segment,Exceptional,6k-10k,659.3333333333334,6184.866666666666,12748.88,11.02,0,2,3,3,True
3304,2,2024-03-28,2024-11-07,Low Income Segment,Fair,3k-6k,675.5,3155.0,5480.7,0.0,0,2,2,2,True
3305,3,2023-02-07,2024-09-12,High Income Segment,Fair,6k-10k,623.0,5456.336666666667,12561.53,148.46,1,3,3,3,True
3306,3,2023-01-12,2025-04-19,High Income Segment,Poor,6k-10k,559.6666666666666,7304.713333333333,7072.830000000001,161.2,1,2,3,3,True
3307,2,2023-08-28,2024-06-08,High Income Segment,Poor,3k-6k,391.0,6138.01,7024.5,38.7,0,2,2,2,True
3309,3,2024-12-06,2025-03-23,Middle Income Segment,Poor,3k-6k,506.6666666666667,4899.94,17417.56,97.42999999999999,0,2,3,3,True
3311,3,2023-09-07,2024-07-06,High Income Segment,Poor,6k-10k,568.3333333333334,9105.863333333333,27367.23,119.69999999999999,0,1,3,3,True
3312,1,2023-04-25,2023-04-25,High Income Segment,Poor,6k-10k,524.0,7301.41,12117.13,128.0,0,1,1,1,False
3313,3,2023-09-17,2024-09-22,Low Income Segment,Poor,Under 3k,582.0,4146.326666666667,23531.649999999998,0.0,0,2,3,3,True
3314,2,2024-04-19,2025-01-26,Middle Income Segment,Poor,3k-6k,466.5,5793.2,15148.42,7.61,0,1,2,2,True
3315,1,2023-07-08,2023-07-08,Middle Income Segment,Good,3k-6k,723.0,3580.19,7507.79,35.38,0,1,1,1,False
3316,1,2023-09-03,2023-09-03,Middle Income Segment,Poor,3k-6k,432.0,4122.63,9018.58,47.93,0,1,1,1,False
3317,2,2023-07-05,2025-04-22,Middle Income Segment,Poor,3k-6k,595.0,5583.735,4287.38,22.72,0,1,2,2,True
3318,1,2024-01-08,2024-01-08,Middle Income Segment,Poor,3k-6k,522.0,5446.69,6703.0,0.0,0,1,1,1,False
3319,1,2024-12-10,2024-12-10,High Income Segment,Good,6k-10k,706.0,9977.39,8983.08,12.08,0,1,1,1,False
3320,1,2025-04-24,2025-04-24,Middle Income Segment,Fair,6k-10k,632.0,6301.79,2753.14,93.04,0,1,1,1,False
3321,4,2023-01-05,2025-03-26,Low Income Segment,Exceptional,3k-6k,687.0,3478.035,17691.56,260.77,1,2,4,4,True
3322,4,2023-04-23,2024-07-12,Low Income Segment,Poor,Under 3k,494.0,3592.2174999999997,27682.440000000002,38.13,0,3,4,4,True
3324,4,2023-04-16,2024-10-08,High Income Segment,Poor,3k-6k,474.25,7016.6625,33772.33,114.96,0,2,4,4,True
3326,2,2023-11-25,2024-03-23,High Income Segment,Exceptional,6k-10k,796.0,7400.865,10363.369999999999,0.0,0,1,2,2,True
3327,5,2023-10-05,2025-05-14,Middle Income Segment,Poor,3k-6k,549.6,5016.038,24993.6,91.78,0,3,5,5,True
3328,1,2023-03-31,2023-03-31,Low Income Segment,Poor,Under 3k,437.0,1729.2,8948.03,46.45,0,1,1,1,False
3329,3,2023-01-25,2024-11-15,High Income Segment,Fair,6k-10k,645.3333333333334,8682.376666666667,17052.760000000002,145.6,0,1,3,3,True
3330,5,2023-08-26,2024-08-20,High Income Segment,Poor,6k-10k,447.6,5626.072,30407.379999999997,230.52,1,3,5,5,True
3331,1,2023-02-26,2023-02-26,Middle Income Segment,Poor,3k-6k,357.0,3802.64,6426.49,44.95,0,1,1,1,False
3332,1,2024-02-07,2024-02-07,Low Income Segment,Fair,Under 3k,591.0,1361.57,2759.32,21.28,0,1,1,1,False
3333,1,2025-01-12,2025-01-12,High Income Segment,Fair,6k-10k,617.0,8059.81,5645.24,0.0,0,1,1,1,False
3335,2,2023-10-11,2025-02-27,High Income Segment,Fair,3k-6k,644.0,6248.16,6768.46,18.34,0,2,2,2,True
3336,3,2023-08-11,2025-05-07,High Income Segment,Good,6k-10k,572.0,7800.579999999999,7624.0599999999995,55.18,0,1,3,3,True
3337,3,2023-04-15,2025-02-11,Middle Income Segment,Poor,3k-6k,452.0,3505.85,25071.260000000002,8.72,0,2,3,3,True
3338,3,2023-01-31,2024-05-12,High Income Segment,Exceptional,6k-10k,747.3333333333334,6488.613333333334,19161.559999999998,26.98,0,2,3,3,True
3339,2,2023-07-02,2025-05-03,High Income Segment,Fair,6k-10k,645.0,7792.17,14693.69,152.21,1,1,2,2,True
3340,2,2023-09-05,2024-12-21,Middle Income Segment,Exceptional,3k-6k,592.0,4885.9,5245.29,22.8,0,1,2,2,True
3341,2,2023-06-12,2025-03-14,Low Income Segment,Poor,3k-6k,603.5,3512.055,11375.61,0.0,0,2,2,2,True
3343,3,2023-02-14,2024-11-14,Middle Income Segment,Poor,6k-10k,521.3333333333334,6020.213333333333,19615.879999999997,62.76,0,2,3,3,True
3344,1,2024-05-01,2024-05-01,Low Income Segment,Very Good,Under 3k,777.0,1322.36,8457.15,41.21,0,1,1,1,False
3345,2,2023-03-10,2023-07-18,High Income Segment,Good,6k-10k,526.0,7346.985000000001,13259.279999999999,0.0,0,1,2,2,True
3346,1,2023-08-16,2023-08-16,Middle Income Segment,Poor,6k-10k,410.0,6584.31,2774.12,0.0,0,1,1,1,False
3347,4,2023-10-02,2024-01-14,Middle Income Segment,Good,3k-6k,688.75,4933.46,16762.05,0.0,0,3,4,4,True
3348,4,2023-11-03,2025-05-12,High Income Segment,Fair,6k-10k,597.75,6406.907499999999,19513.7,169.85,0,3,4,4,True
3349,6,2023-08-17,2025-02-27,High Income Segment,Poor,6k-10k,534.5,4805.595,26669.05,1.89,0,3,6,6,True
3350,2,2023-02-06,2023-02-25,High Income Segment,Poor,6k-10k,656.5,8630.560000000001,6455.75,0.0,0,1,2,2,True
3351,1,2024-04-12,2024-04-12,High Income Segment,Poor,6k-10k,496.0,8785.96,962.8,67.63,0,1,1,1,False
3352,3,2023-11-27,2025-04-11,High Income Segment,Exceptional,6k-10k,597.6666666666666,6388.793333333332,18127.32,152.94,1,2,3,3,True
3353,1,2023-05-25,2023-05-25,High Income Segment,Exceptional,6k-10k,838.0,8494.53,7422.19,49.06,0,1,1,1,False
3354,2,2023-09-03,2024-06-17,Low Income Segment,Good,3k-6k,534.0,2868.295,6095.02,0.0,0,2,2,2,True
3355,6,2023-03-26,2024-05-23,Middle Income Segment,Poor,3k-6k,501.6666666666667,5314.496666666667,21477.07,142.85999999999999,0,2,6,6,True
3356,2,2023-04-21,2024-09-04,High Income Segment,Fair,6k-10k,667.0,7674.17,17931.74,0.0,0,2,2,2,True
3357,1,2024-11-15,2024-11-15,High Income Segment,Poor,6k-10k,359.0,9473.59,13784.86,0.0,0,1,1,1,False
3358,1,2023-03-26,2023-03-26,Middle Income Segment,Fair,3k-6k,617.0,5150.16,12833.68,77.11,0,1,1,1,False
3359,2,2023-06-17,2024-07-05,Middle Income Segment,Fair,3k-6k,708.0,3894.8050000000003,3656.78,0.0,0,1,2,2,True
3360,1,2023-05-13,2023-05-13,High Income Segment,Poor,6k-10k,393.0,7032.77,4077.53,0.0,0,1,1,1,False
3361,1,2023-09-19,2023-09-19,High Income Segment,Poor,6k-10k,325.0,7169.46,2637.27,24.1,0,1,1,1,False
3362,1,2023-08-04,2023-08-04,Low Income Segment,Fair,Under 3k,608.0,1049.73,1351.58,0.0,0,1,1,1,False
3363,2,2023-08-07,2023-09-06,High Income Segment,Fair,3k-6k,542.0,5922.3150000000005,6223.18,17.07,0,2,2,2,True
3364,5,2023-04-29,2024-09-20,High Income Segment,Poor,6k-10k,574.6,6461.898,20500.120000000003,48.76,0,3,5,5,True
3365,5,2023-04-26,2025-03-16,Middle Income Segment,Poor,3k-6k,607.8,3718.9519999999998,19589.69,266.16,0,2,5,5,True
3366,3,2023-04-06,2023-09-25,Middle Income Segment,Fair,6k-10k,598.0,6144.183333333333,15130.279999999999,84.81,0,2,3,3,True
3367,2,2023-02-08,2024-04-29,High Income Segment,Poor,6k-10k,394.5,6284.6,12461.73,8.45,0,2,2,2,True
3368,5,2023-04-06,2025-01-15,Middle Income Segment,Exceptional,6k-10k,703.8,5533.614,20283.92,117.63,0,2,5,5,True
3369,4,2023-12-03,2024-10-30,High Income Segment,Poor,6k-10k,611.0,7152.852499999999,19443.04,118.68,0,2,4,4,True
3370,1,2024-09-07,2024-09-07,High Income Segment,Exceptional,6k-10k,845.0,7554.63,235.82,0.0,0,1,1,1,False
3371,4,2023-04-28,2024-09-12,High Income Segment,Exceptional,3k-6k,670.75,6241.1375,16095.93,0.0,0,2,4,4,True
3372,4,2023-06-19,2024-12-13,Middle Income Segment,Good,3k-6k,613.75,5438.125,25828.079999999998,183.84,1,2,4,4,True
3373,2,2023-03-15,2023-04-23,High Income Segment,Fair,3k-6k,680.0,7832.735,16209.64,20.64,0,2,2,2,True
3374,2,2024-06-12,2025-03-23,High Income Segment,Good,6k-10k,688.5,9068.025,4087.71,0.0,0,1,2,2,True
3376,2,2023-02-14,2025-05-14,High Income Segment,Poor,6k-10k,367.5,4963.03,14794.04,85.43,0,2,2,2,True
3377,4,2023-04-04,2025-05-11,High Income Segment,Poor,6k-10k,575.5,7744.35,5194.299999999999,63.410000000000004,0,2,4,4,True
3378,1,2025-04-01,2025-04-01,High Income Segment,Poor,6k-10k,497.0,8293.57,3328.63,1.33,0,1,1,1,False
3379,3,2023-05-06,2024-07-12,Middle Income Segment,Exceptional,3k-6k,645.6666666666666,4503.256666666667,23614.14,99.46000000000001,0,2,3,3,True
3380,2,2024-06-07,2024-09-20,Middle Income Segment,Exceptional,3k-6k,670.5,5558.07,19014.809999999998,0.0,0,1,2,2,True
3381,2,2023-01-30,2025-03-24,High Income Segment,Fair,6k-10k,536.0,7729.885,11965.69,29.8,0,2,2,2,True
3382,3,2023-01-06,2024-07-20,High Income Segment,Poor,6k-10k,435.3333333333333,6981.026666666668,12462.84,35.6,0,2,3,3,True
3383,2,2023-08-26,2025-01-05,Middle Income Segment,Exceptional,3k-6k,766.0,3922.7749999999996,15934.88,94.18,0,1,2,2,True
3384,2,2023-05-13,2024-05-20,Low Income Segment,Good,Under 3k,740.5,2382.195,4366.219999999999,0.0,0,1,2,2,True
3385,2,2023-01-12,2023-07-15,Low Income Segment,Poor,Under 3k,444.5,2269.9700000000003,14351.35,64.7,0,1,2,2,True
3387,3,2023-07-01,2025-02-23,Middle Income Segment,Poor,3k-6k,513.6666666666666,4203.053333333333,15892.029999999999,180.16,0,1,3,3,True
3389,3,2024-04-21,2025-05-09,High Income Segment,Exceptional,6k-10k,768.3333333333334,7343.043333333332,23126.41,152.07,0,2,3,3,True
3390,1,2023-04-03,2023-04-03,High Income Segment,Fair,6k-10k,630.0,9467.43,1992.91,0.0,0,1,1,1,False
3391,2,2024-11-08,2025-02-03,High Income Segment,Good,6k-10k,514.0,8301.92,7892.26,143.07,0,2,2,2,True
3392,1,2025-04-08,2025-04-08,High Income Segment,Poor,6k-10k,400.0,8117.52,8195.99,25.54,0,1,1,1,False
3393,1,2023-06-12,2023-06-12,High Income Segment,Exceptional,6k-10k,843.0,7922.52,6282.2,81.76,0,1,1,1,False
3394,2,2023-10-31,2024-11-10,High Income Segment,Good,6k-10k,511.0,9596.73,7621.27,150.26999999999998,0,1,2,2,True
3395,4,2023-02-05,2025-04-03,Middle Income Segment,Poor,6k-10k,564.75,6576.0175,17010.07,11.14,0,2,4,4,True
3396,2,2023-07-03,2024-11-14,High Income Segment,Fair,6k-10k,514.0,9494.349999999999,3425.6,229.4,1,1,2,2,True
3397,2,2023-11-20,2024-07-02,Middle Income Segment,Poor,3k-6k,449.0,5649.43,14968.63,37.53,0,1,2,2,True
3398,3,2023-09-11,2025-04-30,High Income Segment,Poor,6k-10k,591.3333333333334,6920.216666666667,4879.57,162.36,1,2,3,3,True
3399,1,2024-03-09,2024-03-09,Middle Income Segment,Fair,6k-10k,584.0,6332.9,3245.83,47.28,0,1,1,1,False
3400,2,2023-07-08,2024-08-18,Middle Income Segment,Exceptional,3k-6k,788.5,5251.844999999999,18145.79,0.0,0,1,2,2,True
3401,3,2023-04-17,2024-04-03,Middle Income Segment,Exceptional,3k-6k,759.3333333333334,4319.306666666666,26759.53,82.33,0,2,3,3,True
3402,3,2024-02-24,2025-02-04,High Income Segment,Good,6k-10k,619.3333333333334,6947.516666666666,21885.78,148.70999999999998,0,2,3,3,True
3403,2,2024-10-08,2025-03-04,Low Income Segment,Good,6k-10k,590.0,4589.79,9856.37,224.59,1,2,2,2,True
3406,1,2023-03-16,2023-03-16,Low Income Segment,Poor,Under 3k,379.0,2970.77,4015.93,0.0,0,1,1,1,False
3407,5,2023-07-29,2025-02-27,High Income Segment,Fair,6k-10k,609.6,5949.826,20411.79,66.86,0,3,5,5,True
3408,1,2025-03-04,2025-03-04,Middle Income Segment,Poor,3k-6k,394.0,5636.05,7490.19,0.0,0,1,1,1,False
3409,2,2024-02-19,2025-01-23,Middle Income Segment,Good,3k-6k,590.0,5941.78,16460.91,19.14,0,1,2,2,True
3410,2,2023-09-01,2024-02-13,High Income Segment,Very Good,3k-6k,759.5,6377.74,19067.28,21.44,0,2,2,2,True
3411,1,2024-06-16,2024-06-16,Middle Income Segment,Exceptional,3k-6k,803.0,4061.26,9322.79,27.6,0,1,1,1,False
3412,2,2024-01-25,2025-02-10,High Income Segment,Poor,6k-10k,556.0,5570.49,6260.82,82.67999999999999,0,2,2,2,True
3413,5,2023-01-06,2025-03-22,High Income Segment,Exceptional,6k-10k,681.8,5390.104,30673.800000000003,189.2,0,3,5,5,True
3415,11,2023-01-14,2025-04-25,Middle Income Segment,Poor,6k-10k,569.5454545454545,5412.014545454545,32832.659999999996,214.59,0,3,11,11,True
3416,5,2023-12-03,2024-12-25,Middle Income Segment,Poor,3k-6k,500.6,3625.9660000000003,15405.789999999999,86.89000000000001,0,2,5,5,True
3417,2,2023-04-07,2023-04-15,High Income Segment,Good,6k-10k,732.5,5074.945,5427.16,0.0,0,2,2,2,True
3418,4,2023-03-20,2024-12-10,Low Income Segment,Poor,Under 3k,566.5,4700.125,21860.11,43.68,0,3,4,4,True
3419,5,2023-01-28,2025-02-10,High Income Segment,Exceptional,3k-6k,648.6,5459.642,24259.079999999998,279.41,1,3,5,5,True
3420,1,2023-09-05,2023-09-05,Low Income Segment,Fair,Under 3k,635.0,2017.03,6952.41,0.0,0,1,1,1,False
3421,3,2023-03-05,2025-02-08,Middle Income Segment,Poor,3k-6k,577.0,5566.643333333333,19364.21,1.45,0,2,3,3,True
3422,3,2023-01-05,2024-01-20,Middle Income Segment,Poor,6k-10k,477.6666666666667,6151.420000000001,13763.43,0.0,0,1,3,3,True
3423,4,2023-02-24,2025-05-06,Middle Income Segment,Poor,3k-6k,593.5,6387.5175,25686.260000000002,113.84,0,2,4,4,True
3424,1,2024-01-21,2024-01-21,Middle Income Segment,Poor,3k-6k,568.0,4776.51,9635.18,210.0,1,1,1,1,False
3426,3,2024-06-07,2024-12-13,Middle Income Segment,Poor,6k-10k,576.3333333333334,6237.5199999999995,10724.630000000001,270.0,1,2,3,3,True
3427,3,2023-02-27,2025-05-19,High Income Segment,Poor,3k-6k,404.3333333333333,5661.806666666667,5355.05,43.63,0,3,3,3,True
3428,7,2023-06-25,2024-06-06,High Income Segment,Poor,6k-10k,474.2857142857143,7303.168571428571,32759.4,235.5,0,2,6,7,True
3429,3,2023-08-13,2025-03-15,Middle Income Segment,Fair,3k-6k,611.6666666666666,4132.25,6632.5,0.0,0,2,3,3,True
3430,4,2023-01-08,2024-11-04,High Income Segment,Exceptional,6k-10k,627.5,5614.0075,4877.5,266.35,1,2,4,4,True
3431,5,2024-08-23,2025-03-05,High Income Segment,Poor,3k-6k,527.2,5440.8099999999995,23562.95,81.41,0,3,5,5,True
3432,3,2023-11-17,2024-10-23,Middle Income Segment,Poor,6k-10k,407.6666666666667,7300.78,5764.400000000001,13.47,0,2,3,3,True
3433,4,2023-03-03,2025-05-16,Middle Income Segment,Exceptional,3k-6k,650.25,5958.37,9996.210000000001,383.13,2,2,4,4,True
3434,2,2023-05-28,2023-07-17,High Income Segment,Fair,3k-6k,689.5,7289.625,10205.5,161.97000000000003,0,2,2,2,True
3436,3,2024-03-08,2024-07-01,Middle Income Segment,Fair,3k-6k,598.6666666666666,4138.096666666666,27691.91,32.93,0,2,3,3,True
3437,1,2023-09-21,2023-09-21,Middle Income Segment,Good,3k-6k,678.0,4135.72,7969.81,0.0,0,1,1,1,False
3438,4,2023-03-24,2025-05-20,High Income Segment,Good,6k-10k,739.25,7112.595,17597.64,52.02,0,2,4,4,True
3439,3,2023-02-22,2025-03-05,High Income Segment,Fair,6k-10k,671.0,6681.68,4419.629999999999,0.0,0,2,3,3,True
3440,3,2024-07-15,2025-02-26,High Income Segment,Very Good,3k-6k,710.0,5477.736666666667,8105.77,0.0,0,3,3,3,True
3441,1,2024-07-09,2024-07-09,Middle Income Segment,Poor,3k-6k,463.0,3664.66,1373.01,108.14,0,1,1,1,False
3443,3,2023-06-10,2024-06-24,High Income Segment,Fair,3k-6k,629.6666666666666,5551.813333333334,6063.549999999999,198.96,0,3,3,3,True
3446,4,2024-03-24,2025-01-21,High Income Segment,Fair,3k-6k,656.25,7007.012500000001,13524.830000000002,105.71000000000001,0,2,4,4,True
3447,1,2024-11-05,2024-11-05,High Income Segment,Fair,6k-10k,658.0,7319.82,7862.67,0.0,0,1,1,1,False
3448,1,2025-01-15,2025-01-15,High Income Segment,Poor,6k-10k,354.0,7505.0,3111.54,21.47,0,1,1,1,False
3450,1,2025-03-16,2025-03-16,High Income Segment,Exceptional,6k-10k,813.0,9041.46,8475.41,0.0,0,1,1,1,False
3451,4,2023-10-31,2025-04-23,Middle Income Segment,Good,3k-6k,591.25,5471.695,14961.92,171.59,0,3,4,4,True
3452,2,2024-11-15,2025-02-14,High Income Segment,Fair,6k-10k,675.5,8163.695000000001,8936.36,0.0,0,2,2,2,True
3453,2,2024-03-08,2024-09-02,High Income Segment,Poor,3k-6k,465.5,6778.385,4301.65,0.0,0,2,2,2,True
3454,3,2023-01-15,2024-03-20,Middle Income Segment,Poor,3k-6k,556.0,3838.97,12845.380000000001,62.900000000000006,0,2,3,3,True
3455,1,2023-12-22,2023-12-22,High Income Segment,Exceptional,6k-10k,803.0,8769.13,15442.38,0.0,0,1,1,1,False
3456,2,2024-02-28,2025-03-13,Low Income Segment,Poor,6k-10k,543.5,4653.615,7382.74,0.0,0,2,2,2,True
3458,1,2024-10-04,2024-10-04,Low Income Segment,Poor,Under 3k,528.0,2169.36,11850.31,0.0,0,1,1,1,False
3459,1,2023-12-04,2023-12-04,Middle Income Segment,Poor,3k-6k,560.0,5685.99,9932.13,11.52,0,1,1,1,False
3460,4,2023-01-01,2024-10-27,High Income Segment,Poor,6k-10k,568.75,7168.7075,24750.65,47.67,0,2,4,4,True
3461,2,2025-01-17,2025-02-20,Low Income Segment,Fair,Under 3k,679.5,2387.6800000000003,3779.74,117.0,0,1,2,2,True
3462,2,2024-11-04,2025-02-04,High Income Segment,Good,3k-6k,625.0,6847.215,6180.24,31.96,0,2,2,2,True
3463,1,2024-03-25,2024-03-25,Middle Income Segment,Good,3k-6k,718.0,3975.13,5195.89,0.0,0,1,1,1,False
3464,1,2023-03-15,2023-03-15,Middle Income Segment,Poor,3k-6k,553.0,5877.71,3516.6,2.49,0,1,1,1,False
3465,2,2024-03-16,2024-10-30,High Income Segment,Fair,3k-6k,566.5,6814.914999999999,5948.49,34.41,0,2,2,2,True
3466,5,2023-01-03,2024-01-15,High Income Segment,Poor,6k-10k,415.2,6328.414,45203.520000000004,334.31,1,3,5,5,True
3468,2,2023-08-28,2024-11-28,High Income Segment,Poor,6k-10k,578.0,7662.325000000001,8708.15,47.82,0,2,2,2,True
3469,1,2025-01-08,2025-01-08,High Income Segment,Poor,6k-10k,339.0,9298.89,9868.41,31.81,0,1,1,1,False
3470,2,2024-03-06,2024-11-11,High Income Segment,Poor,6k-10k,401.5,7769.735000000001,7911.48,0.0,0,2,2,2,True
3471,1,2024-04-09,2024-04-09,Middle Income Segment,Good,3k-6k,713.0,4052.39,1732.51,0.0,0,1,1,1,False
3472,4,2024-02-26,2024-10-16,Middle Income Segment,Poor,3k-6k,554.5,4749.255,18578.47,0.0,0,3,4,4,True
3473,3,2023-04-06,2024-07-08,Middle Income Segment,Good,3k-6k,622.3333333333334,4026.6766666666667,17588.02,144.43,0,2,3,3,True
3474,2,2024-02-17,2025-03-07,Middle Income Segment,Poor,3k-6k,461.0,5291.43,4916.570000000001,187.08,1,1,2,2,True
3475,1,2023-12-11,2023-12-11,High Income Segment,Fair,6k-10k,636.0,7977.87,13028.94,0.0,0,1,1,1,False
3476,1,2025-02-03,2025-02-03,Low Income Segment,Poor,Under 3k,397.0,2155.48,1319.16,0.0,0,1,1,1,False
3477,1,2023-07-07,2023-07-07,Low Income Segment,Good,Under 3k,731.0,1601.51,7857.3,26.65,0,1,1,1,False
3478,2,2023-01-10,2025-03-08,Middle Income Segment,Fair,3k-6k,697.5,4870.375,5416.9,219.45,1,1,2,2,True
3479,3,2024-05-22,2024-11-28,High Income Segment,Good,3k-6k,665.3333333333334,4715.9366666666665,25403.71,54.15,0,3,3,3,True
3480,3,2023-06-23,2025-02-04,Middle Income Segment,Poor,3k-6k,349.0,3500.08,9186.64,35.95,0,2,3,3,True
3481,1,2025-05-20,2025-05-20,High Income Segment,Very Good,6k-10k,749.0,8289.15,8693.11,0.0,0,1,1,1,False
3482,2,2023-12-04,2024-06-07,High Income Segment,Good,6k-10k,547.5,7056.975,14161.21,194.29,1,2,2,2,True
3483,3,2023-11-25,2025-05-04,High Income Segment,Poor,6k-10k,493.0,5732.786666666667,26981.36,155.98000000000002,0,2,3,3,True
3484,2,2023-07-17,2025-03-13,High Income Segment,Poor,3k-6k,393.0,5493.475,17066.98,67.11,0,2,2,2,True
3486,4,2023-01-17,2023-12-22,High Income Segment,Poor,3k-6k,409.0,6410.88,28921.54,19.28,0,2,4,4,True
3487,1,2024-09-23,2024-09-23,High Income Segment,Poor,6k-10k,352.0,8566.12,1547.82,182.1,1,1,1,1,False
3488,2,2023-03-15,2024-10-20,High Income Segment,Fair,3k-6k,531.5,7034.824999999999,9666.85,89.35,0,2,2,2,True
3489,1,2023-03-04,2023-03-04,Middle Income Segment,Fair,3k-6k,598.0,4015.44,8864.96,58.16,0,1,1,1,False
3490,2,2023-02-01,2024-03-13,Middle Income Segment,Fair,3k-6k,473.0,3261.02,5741.13,0.0,0,1,2,2,True
3491,1,2024-03-12,2024-03-12,High Income Segment,Poor,6k-10k,359.0,8561.57,3858.88,0.0,0,1,1,1,False
3492,1,2025-04-04,2025-04-04,High Income Segment,Poor,6k-10k,434.0,7963.39,7817.58,0.0,0,1,1,1,False
3493,3,2024-04-15,2025-01-15,High Income Segment,Poor,6k-10k,420.3333333333333,7584.420000000001,13322.15,13.61,0,2,3,3,True
3494,2,2023-04-24,2025-04-07,High Income Segment,Exceptional,6k-10k,579.0,8558.01,8947.6,0.0,0,1,2,2,True
3496,2,2023-08-30,2023-11-25,High Income Segment,Exceptional,3k-6k,722.0,6429.39,9031.68,0.0,0,2,2,2,True
3497,1,2024-12-07,2024-12-07,High Income Segment,Poor,6k-10k,359.0,8805.21,942.45,0.0,0,1,1,1,False
3498,1,2025-03-01,2025-03-01,High Income Segment,Poor,6k-10k,522.0,7458.23,3905.55,31.56,0,1,1,1,False
3499,1,2024-06-07,2024-06-07,Middle Income Segment,Poor,3k-6k,380.0,5739.6,631.24,0.0,0,1,1,1,False
3500,5,2023-03-12,2024-10-26,Middle Income Segment,Fair,6k-10k,565.2,6987.166,17028.22,66.64,0,2,5,5,True
3502,3,2023-01-15,2024-06-04,High Income Segment,Exceptional,6k-10k,666.6666666666666,7857.656666666666,5403.23,52.53,0,2,3,3,True
3503,1,2025-04-30,2025-04-30,Middle Income Segment,Very Good,3k-6k,772.0,4078.87,530.19,0.0,0,1,1,1,False
3504,6,2024-02-13,2025-03-24,Low Income Segment,Poor,3k-6k,581.3333333333334,3305.0099999999998,28729.4,284.24,1,2,6,6,True
3505,1,2024-04-13,2024-04-13,Low Income Segment,Fair,Under 3k,643.0,1381.65,2842.3,170.04,1,1,1,1,False
3506,4,2023-10-28,2025-01-03,Middle Income Segment,Poor,3k-6k,515.25,4969.2225,2745.6600000000003,29.73,0,2,4,4,True
3507,1,2024-03-07,2024-03-07,High Income Segment,Poor,6k-10k,438.0,7196.34,7368.44,160.25,1,1,1,1,False
3508,1,2023-10-06,2023-10-06,Middle Income Segment,Poor,3k-6k,358.0,4042.15,2154.99,8.38,0,1,1,1,False
3509,2,2023-01-14,2024-01-01,Low Income Segment,Good,3k-6k,734.5,3177.11,3522.24,50.97,0,2,2,2,True
3510,1,2023-08-30,2023-08-30,Middle Income Segment,Good,3k-6k,703.0,5759.17,15199.77,0.0,0,1,1,1,False
3511,7,2023-08-22,2025-04-11,High Income Segment,Fair,3k-6k,635.2857142857143,6432.488571428571,42092.729999999996,150.38,0,3,7,7,True
3512,1,2024-08-10,2024-08-10,Middle Income Segment,Poor,3k-6k,413.0,5997.46,8040.36,24.05,0,1,1,1,False
3513,4,2024-06-15,2024-09-27,Middle Income Segment,Poor,6k-10k,477.25,5759.4775,17324.78,280.03,1,3,4,4,True
3514,2,2023-02-24,2024-07-10,Low Income Segment,Good,3k-6k,615.0,3464.295,7680.34,54.55,0,2,2,2,True
3515,2,2024-11-11,2025-02-09,High Income Segment,Good,6k-10k,689.5,5815.85,10213.21,34.54,0,2,2,2,True
3516,1,2024-06-19,2024-06-19,Middle Income Segment,Poor,3k-6k,504.0,5420.82,10300.6,31.23,0,1,1,1,False
3517,2,2023-12-17,2024-11-25,High Income Segment,Fair,6k-10k,602.5,5504.42,3547.1400000000003,19.29,0,2,2,2,True
3519,1,2025-04-01,2025-04-01,High Income Segment,Poor,6k-10k,516.0,7280.07,1025.99,191.82,1,1,1,1,False
3520,3,2023-08-17,2024-08-10,High Income Segment,Poor,3k-6k,335.0,4904.29,19227.0,117.96000000000001,0,3,3,3,True
3521,3,2023-09-14,2025-04-08,Middle Income Segment,Fair,3k-6k,597.3333333333334,5868.593333333333,17777.510000000002,22.21,0,2,3,3,True
3522,1,2024-11-07,2024-11-07,Middle Income Segment,Fair,3k-6k,658.0,5045.78,7338.42,47.4,0,1,1,1,False
3523,3,2023-01-08,2023-08-22,Middle Income Segment,Fair,3k-6k,678.3333333333334,4734.4800000000005,17062.48,0.0,0,1,3,3,True
3524,3,2024-05-03,2025-01-07,High Income Segment,Exceptional,3k-6k,641.6666666666666,4723.173333333333,31881.92,51.55,0,3,3,3,True
3525,3,2023-01-08,2024-03-18,Middle Income Segment,Exceptional,3k-6k,636.6666666666666,3899.6000000000004,19518.379999999997,9.0,0,2,3,3,True
3526,3,2023-10-01,2024-10-23,High Income Segment,Fair,6k-10k,610.6666666666666,6199.876666666667,9683.93,84.11,0,2,3,3,True
3528,1,2023-05-29,2023-05-29,Middle Income Segment,Fair,3k-6k,665.0,4783.99,12645.52,0.0,0,1,1,1,False
3529,4,2023-02-25,2024-09-23,Middle Income Segment,Fair,6k-10k,632.0,5756.592500000001,19361.89,0.0,0,3,4,4,True
3530,3,2024-06-27,2024-12-18,Middle Income Segment,Poor,3k-6k,499.6666666666667,5584.706666666666,18588.05,67.22,0,2,3,3,True
3531,2,2023-12-12,2025-03-31,High Income Segment,Fair,6k-10k,564.5,8236.735,4307.04,96.39,0,1,2,2,True
3532,1,2023-12-10,2023-12-10,Low Income Segment,Exceptional,Under 3k,803.0,2917.0,4648.86,0.0,0,1,1,1,False
3534,1,2024-09-07,2024-09-07,Low Income Segment,Poor,Under 3k,340.0,1174.4,2310.55,0.0,0,1,1,1,False
3535,2,2024-03-27,2025-05-05,Low Income Segment,Exceptional,Under 3k,690.5,2563.48,4151.49,0.0,0,1,2,2,True
3537,2,2023-10-03,2024-12-15,High Income Segment,Good,6k-10k,545.5,5061.0650000000005,1520.27,0.0,0,2,2,2,True
3538,4,2023-04-16,2024-12-11,Middle Income Segment,Poor,3k-6k,536.25,3963.2325,29432.73,168.76999999999998,0,2,4,4,True
3539,2,2024-09-10,2024-12-07,Low Income Segment,Poor,3k-6k,456.5,3000.425,5423.32,114.47999999999999,0,2,2,2,True
3541,2,2024-08-09,2024-08-28,Middle Income Segment,Poor,3k-6k,527.0,4691.985000000001,12908.51,0.0,0,1,2,2,True
3542,4,2023-01-04,2025-01-20,Middle Income Segment,Fair,3k-6k,702.75,4928.015,37562.58,40.22,0,3,4,4,True
3543,2,2024-08-15,2025-05-09,Low Income Segment,Fair,Under 3k,673.5,1822.1100000000001,10054.47,94.31,0,1,2,2,True
3544,3,2024-05-18,2024-10-31,High Income Segment,Poor,3k-6k,485.0,5662.73,10308.24,74.66,0,3,3,3,True
3545,1,2023-01-28,2023-01-28,Low Income Segment,Fair,Under 3k,637.0,1994.71,5191.5,4.34,0,1,1,1,False
3546,1,2024-08-23,2024-08-23,Middle Income Segment,Poor,6k-10k,476.0,6163.92,10262.99,0.0,0,1,1,1,False
3547,3,2023-08-23,2024-09-26,Low Income Segment,Poor,Under 3k,498.0,3760.8366666666666,33499.05,64.96,0,2,3,3,True
3548,2,2024-01-24,2024-10-06,Middle Income Segment,Fair,3k-6k,555.5,4379.4349999999995,7119.52,45.85,0,1,2,2,True
3550,4,2023-01-29,2024-09-20,Middle Income Segment,Fair,3k-6k,607.0,4892.03,11663.59,70.81,0,3,4,4,True
3551,4,2023-08-07,2023-10-27,Middle Income Segment,Good,3k-6k,690.25,4297.995,14421.64,190.01000000000002,1,2,4,4,True
3552,2,2023-12-12,2024-06-24,High Income Segment,Good,6k-10k,620.5,7841.38,13294.86,98.31,0,2,2,2,True
3553,2,2023-07-12,2025-03-10,High Income Segment,Poor,3k-6k,485.0,5810.27,19274.04,62.89,0,2,2,2,True
3555,6,2023-07-22,2024-03-01,Middle Income Segment,Good,6k-10k,628.1666666666666,5656.701666666667,26241.56,216.88000000000002,1,3,6,6,True
3556,2,2023-06-04,2024-05-06,High Income Segment,Good,6k-10k,582.0,7395.405,16595.63,86.7,0,2,2,2,True
3557,1,2025-05-19,2025-05-19,Low Income Segment,Exceptional,Under 3k,811.0,1632.27,6092.78,0.0,0,1,1,1,False
3558,3,2024-10-20,2025-04-09,Low Income Segment,Exceptional,Under 3k,623.6666666666666,3658.7466666666664,7400.47,0.0,0,2,3,3,True
3560,5,2024-07-15,2025-02-21,Low Income Segment,Fair,Under 3k,602.6,1952.554,24630.37,117.41,0,1,5,5,True
3561,1,2023-02-20,2023-02-20,High Income Segment,Poor,6k-10k,361.0,8285.53,10006.64,235.56,1,1,1,1,False
3562,6,2023-02-25,2025-04-17,Low Income Segment,Fair,Under 3k,516.3333333333334,3639.9833333333336,48696.41,206.98000000000002,1,2,6,6,True
3563,3,2023-03-23,2024-04-01,High Income Segment,Exceptional,6k-10k,585.0,6149.94,16044.43,82.75999999999999,0,2,3,3,True
3565,3,2023-09-17,2024-11-25,High Income Segment,Good,3k-6k,651.0,4699.053333333333,14210.84,42.510000000000005,0,3,3,3,True
3566,2,2023-01-01,2024-03-26,High Income Segment,Good,3k-6k,600.5,7259.18,15312.18,0.0,0,2,2,2,True
3567,5,2023-03-21,2024-07-04,High Income Segment,Exceptional,6k-10k,665.8,6142.384,34075.45,243.38,1,2,5,5,True
3568,5,2023-01-01,2025-04-24,High Income Segment,Poor,6k-10k,455.6,6419.41,32554.52,38.57,0,3,5,5,True
3569,4,2023-05-20,2024-10-12,High Income Segment,Poor,6k-10k,543.75,5854.4375,11553.29,190.63,1,3,4,4,True
3570,4,2023-08-25,2024-12-02,Middle Income Segment,Poor,3k-6k,561.5,6228.264999999999,13550.84,255.73000000000002,1,2,4,4,True
3572,1,2024-10-27,2024-10-27,High Income Segment,Good,6k-10k,685.0,8255.71,456.48,0.0,0,1,1,1,False
3573,2,2024-03-15,2025-04-04,High Income Segment,Fair,3k-6k,638.5,7208.205,2482.0699999999997,126.56,0,2,2,2,True
3574,2,2023-02-11,2023-11-23,High Income Segment,Fair,6k-10k,499.0,8544.789999999999,956.4399999999999,37.31,0,1,2,2,True
3575,3,2023-05-25,2024-05-02,High Income Segment,Exceptional,6k-10k,750.3333333333334,6852.486666666667,12771.91,74.46,0,2,3,3,True
3576,2,2023-01-27,2025-03-09,High Income Segment,Good,3k-6k,716.5,7337.724999999999,8609.75,0.0,0,2,2,2,True
3577,3,2023-12-05,2025-03-29,High Income Segment,Poor,3k-6k,476.6666666666667,4667.400000000001,21354.879999999997,57.5,0,3,3,3,True
3578,1,2023-06-02,2023-06-02,High Income Segment,Poor,6k-10k,557.0,8056.28,1407.97,0.0,0,1,1,1,False
3580,3,2024-07-18,2024-12-30,Low Income Segment,Poor,Under 3k,518.3333333333334,3123.7033333333334,9399.82,0.0,0,2,3,3,True
3581,5,2023-06-04,2025-01-04,Low Income Segment,Fair,Under 3k,665.2,2565.066,31734.15,222.2,1,2,5,5,True
3582,1,2023-04-29,2023-04-29,High Income Segment,Very Good,6k-10k,762.0,8282.24,8894.7,0.0,0,1,1,1,False
3584,1,2023-01-04,2023-01-04,Low Income Segment,Very Good,Under 3k,769.0,1144.57,6090.59,31.7,0,1,1,1,False
3586,2,2023-03-08,2024-05-15,Low Income Segment,Poor,Under 3k,521.5,2715.04,13295.73,135.94,0,1,2,2,True
3587,4,2023-05-17,2024-03-30,High Income Segment,Poor,6k-10k,577.25,7355.8775,17390.260000000002,263.14,1,2,4,4,True
3588,1,2023-10-28,2023-10-28,Middle Income Segment,Exceptional,3k-6k,813.0,4803.07,8611.13,12.39,0,1,1,1,False
3589,2,2023-06-27,2025-02-18,High Income Segment,Poor,6k-10k,377.0,5370.755,15903.26,53.400000000000006,0,2,2,2,True
3590,5,2024-04-11,2025-02-16,Middle Income Segment,Poor,3k-6k,432.8,4833.789999999999,37223.03,140.57,0,3,5,5,True
3591,3,2023-01-01,2024-04-27,Middle Income Segment,Exceptional,3k-6k,668.6666666666666,5955.099999999999,18903.14,100.07,0,2,3,3,True
3592,1,2024-08-05,2024-08-05,Middle Income Segment,Poor,6k-10k,439.0,6993.87,3744.27,109.91,0,1,1,1,False
3593,3,2023-09-19,2024-01-02,High Income Segment,Fair,6k-10k,609.3333333333334,6383.823333333334,10517.42,44.27,0,2,3,3,True
3594,3,2024-01-20,2024-08-26,High Income Segment,Exceptional,3k-6k,800.6666666666666,5186.53,21732.13,122.72999999999999,0,3,3,3,True
3596,1,2024-10-28,2024-10-28,Low Income Segment,Poor,Under 3k,552.0,2356.38,246.84,0.0,0,1,1,1,False
3597,4,2023-09-05,2025-01-10,High Income Segment,Exceptional,6k-10k,682.75,6382.5725,23664.16,68.51,0,2,4,4,True
3598,4,2023-11-30,2025-01-20,Low Income Segment,Poor,6k-10k,519.5,4941.3575,15647.35,114.69,0,3,4,4,True
3599,3,2023-09-23,2024-12-22,High Income Segment,Poor,6k-10k,448.3333333333333,7409.066666666667,21888.4,132.9,0,2,3,3,True
3600,3,2023-09-06,2025-05-09,Low Income Segment,Exceptional,Under 3k,667.3333333333334,4448.826666666667,15965.17,385.36,1,2,3,3,True
3601,1,2025-01-24,2025-01-24,Middle Income Segment,Very Good,3k-6k,775.0,4185.15,1416.88,0.0,0,1,1,1,False
3603,3,2024-01-07,2025-05-04,High Income Segment,Poor,6k-10k,591.0,6763.543333333332,23855.96,138.59,0,2,3,3,True
3604,2,2023-01-23,2023-06-18,High Income Segment,Fair,6k-10k,551.0,7878.825,17816.46,101.99,0,2,2,2,True
3605,1,2025-04-19,2025-04-19,Middle Income Segment,Poor,3k-6k,360.0,5239.66,3486.46,64.83,0,1,1,1,False
3606,4,2023-01-14,2025-02-05,Middle Income Segment,Poor,3k-6k,455.0,5138.7225,24512.65,36.8,0,3,4,4,True
3607,3,2023-05-27,2024-08-05,High Income Segment,Very Good,6k-10k,641.6666666666666,6235.163333333334,30195.010000000002,75.05000000000001,0,2,3,3,True
3608,2,2024-01-04,2024-06-30,Middle Income Segment,Fair,3k-6k,672.0,3701.9700000000003,3568.09,85.31,0,1,2,2,True
3609,1,2024-04-16,2024-04-16,High Income Segment,Poor,6k-10k,496.0,7619.54,4316.19,66.63,0,1,1,1,False
3610,2,2023-02-22,2023-04-10,High Income Segment,Good,6k-10k,759.5,9276.635,10380.34,51.33,0,1,2,2,True
3611,1,2024-09-08,2024-09-08,Middle Income Segment,Exceptional,3k-6k,811.0,5172.46,8555.36,284.56,1,1,1,1,False
3612,4,2023-01-23,2025-03-08,High Income Segment,Poor,6k-10k,599.0,8810.65,13270.92,138.88,0,1,4,4,True
3613,1,2024-04-23,2024-04-23,Low Income Segment,Good,Under 3k,678.0,2105.39,3624.95,0.0,0,1,1,1,False
3614,2,2024-09-06,2024-11-18,High Income Segment,Exceptional,3k-6k,843.0,6670.56,3248.91,0.0,0,2,2,2,True
3615,1,2024-05-25,2024-05-25,Middle Income Segment,Fair,3k-6k,661.0,4809.44,2207.33,0.0,0,1,1,1,False
3617,1,2025-04-17,2025-04-17,Middle Income Segment,Exceptional,6k-10k,801.0,6755.14,12036.76,50.71,0,1,1,1,False
3618,2,2024-02-26,2025-01-01,Middle Income Segment,Poor,3k-6k,565.5,3849.8999999999996,5304.6900000000005,0.0,0,1,2,2,True
3620,3,2023-07-09,2024-10-11,High Income Segment,Poor,6k-10k,470.3333333333333,6019.2699999999995,23153.940000000002,27.9,0,2,3,3,True
3621,2,2024-12-12,2025-04-29,High Income Segment,Fair,3k-6k,499.0,6421.259999999999,11815.65,143.41,1,2,2,2,True
3623,2,2023-09-19,2023-11-30,Low Income Segment,Exceptional,3k-6k,751.5,2661.735,6385.68,35.31,0,2,2,2,True
3624,2,2023-05-15,2024-03-02,High Income Segment,Poor,6k-10k,366.0,7810.76,12735.330000000002,79.2,0,2,2,2,True
3625,2,2023-08-08,2024-09-09,High Income Segment,Exceptional,6k-10k,826.0,7430.815,2507.95,2.37,0,2,2,2,True
3626,1,2023-07-25,2023-07-25,High Income Segment,Poor,6k-10k,429.0,8839.91,1072.12,0.0,0,1,1,1,False
3627,1,2023-11-07,2023-11-07,High Income Segment,Poor,6k-10k,415.0,8599.51,6885.42,0.0,0,1,1,1,False
3628,2,2023-10-12,2023-11-01,High Income Segment,Poor,6k-10k,447.0,5624.98,6312.43,8.02,0,2,2,2,True
3629,1,2025-02-06,2025-02-06,High Income Segment,Poor,6k-10k,547.0,8282.53,87.5,36.92,0,1,1,1,False
3630,4,2024-03-04,2025-04-08,Low Income Segment,Poor,Under 3k,630.25,3824.115,18434.410000000003,256.42,0,2,4,4,True
3631,3,2023-04-15,2025-03-28,Middle Income Segment,Poor,3k-6k,513.0,3945.24,15481.98,11.8,0,2,3,3,True
3632,2,2023-06-24,2024-04-13,High Income Segment,Fair,6k-10k,579.5,5262.6849999999995,10806.189999999999,31.14,0,2,2,2,True
3633,1,2024-04-07,2024-04-07,High Income Segment,Poor,6k-10k,570.0,7422.42,1791.17,0.0,0,1,1,1,False
3634,4,2023-03-01,2024-03-14,Middle Income Segment,Fair,3k-6k,603.0,3823.525,17938.18,183.99,1,2,4,4,True
3635,1,2023-03-25,2023-03-25,High Income Segment,Poor,6k-10k,340.0,7610.24,9666.62,18.73,0,1,1,1,False
3636,1,2024-05-26,2024-05-26,Low Income Segment,Good,Under 3k,723.0,1030.65,393.77,0.0,0,1,1,1,False
3637,2,2024-01-25,2025-03-08,Middle Income Segment,Poor,3k-6k,547.0,5071.08,14661.11,91.01,0,1,2,2,True
3639,3,2023-01-01,2024-10-22,High Income Segment,Poor,3k-6k,480.0,5198.12,25898.29,215.32999999999998,0,3,3,3,True
3640,1,2023-07-27,2023-07-27,High Income Segment,Fair,6k-10k,644.0,7842.9,3657.92,0.0,0,1,1,1,False
3642,2,2023-01-20,2023-09-16,High Income Segment,Poor,6k-10k,567.5,8565.855,8228.23,204.81,1,1,2,2,True
3643,2,2023-01-27,2025-04-17,Low Income Segment,Poor,6k-10k,367.5,4167.34,17709.53,173.63,0,2,2,2,True
3644,2,2024-08-16,2024-11-27,High Income Segment,Fair,6k-10k,650.5,6845.635,7761.06,0.0,0,2,2,2,True
3645,4,2023-08-04,2025-01-14,High Income Segment,Poor,6k-10k,524.5,6107.8325,12835.18,108.63,0,3,4,4,True
3646,4,2023-02-09,2025-02-27,Middle Income Segment,Poor,3k-6k,548.0,4834.175,18432.690000000002,39.55,0,2,4,4,True
3648,2,2023-04-01,2024-07-14,Middle Income Segment,Poor,3k-6k,538.0,6255.535,9909.49,98.94,0,1,2,2,True
3649,2,2024-04-17,2024-09-21,High Income Segment,Exceptional,6k-10k,816.0,4970.055,11547.74,29.970000000000002,0,2,2,2,True
3650,1,2023-08-20,2023-08-20,High Income Segment,Exceptional,6k-10k,842.0,7947.41,584.1,0.0,0,1,1,1,False
3651,2,2023-08-30,2024-01-03,Middle Income Segment,Fair,3k-6k,526.5,5359.65,15536.6,86.24,0,1,2,2,True
3652,1,2023-10-04,2023-10-04,Middle Income Segment,Good,3k-6k,723.0,5254.03,707.49,11.37,0,1,1,1,False
3653,4,2023-01-21,2025-04-10,Middle Income Segment,Fair,3k-6k,630.75,6019.0725,15698.7,259.89,0,2,4,4,True
3654,2,2023-12-16,2024-08-07,High Income Segment,Fair,6k-10k,629.5,5576.955,11088.880000000001,41.95,0,2,2,2,True
3655,3,2023-03-14,2025-04-26,Middle Income Segment,Poor,3k-6k,507.0,4419.98,16807.100000000002,257.53,1,2,3,3,True
3656,2,2023-11-04,2024-03-28,High Income Segment,Fair,6k-10k,490.0,7099.545,5882.16,30.42,0,1,2,2,True
3657,4,2023-11-04,2025-03-26,Low Income Segment,Poor,Under 3k,558.5,4605.240000000001,17714.190000000002,112.27,0,3,4,4,True
3658,2,2023-01-06,2024-09-10,High Income Segment,Poor,3k-6k,554.5,7151.575,6598.280000000001,2.0,0,2,2,2,True
3659,3,2024-04-23,2025-01-03,High Income Segment,Poor,6k-10k,457.6666666666667,7493.763333333333,8772.1,0.0,0,2,3,3,True
3660,2,2023-11-01,2024-07-05,Low Income Segment,Poor,Under 3k,433.0,2041.505,15149.630000000001,107.11999999999999,0,1,2,2,True
3661,5,2023-08-29,2025-04-22,Middle Income Segment,Fair,3k-6k,515.6,4812.255999999999,18897.77,160.12,0,3,5,5,True
3662,2,2023-08-10,2024-02-29,Middle Income Segment,Good,3k-6k,574.5,3206.18,11726.89,96.13,0,1,2,2,True
3663,2,2023-03-25,2024-09-09,High Income Segment,Poor,3k-6k,491.0,6318.49,7791.950000000001,176.44,1,2,2,2,True
3665,6,2023-12-28,2025-03-17,High Income Segment,Fair,3k-6k,596.5,4358.641666666666,34325.59,241.62,0,3,6,6,True
3666,3,2023-03-31,2024-10-23,High Income Segment,Poor,6k-10k,501.6666666666667,6671.216666666667,16584.89,249.81,1,2,3,3,True
3667,4,2023-03-07,2025-01-28,Middle Income Segment,Exceptional,3k-6k,647.75,3545.2974999999997,18991.18,261.89,1,2,4,4,True
3668,2,2024-07-09,2024-09-02,High Income Segment,Poor,3k-6k,672.0,6479.905000000001,14143.48,28.87,0,2,2,2,True
3669,3,2023-03-06,2024-09-12,High Income Segment,Exceptional,3k-6k,716.3333333333334,5091.483333333334,16274.43,340.06,1,3,3,3,True
3670,5,2023-05-09,2025-04-22,Middle Income Segment,Fair,6k-10k,625.2,6869.214,25448.06,295.12,1,2,5,5,True
3671,2,2024-06-23,2025-05-03,High Income Segment,Exceptional,6k-10k,609.5,4719.985000000001,6970.17,0.0,0,2,2,2,True
3672,4,2023-10-19,2025-02-22,Middle Income Segment,Poor,3k-6k,526.75,5393.1975,31543.59,119.39999999999999,0,1,4,4,True
3673,2,2023-09-19,2023-10-16,High Income Segment,Poor,3k-6k,499.5,6671.02,2255.26,32.9,0,2,2,2,True
3674,2,2024-03-16,2024-08-16,High Income Segment,Good,6k-10k,729.5,8163.435,10445.91,27.83,0,1,2,2,True
3675,4,2023-08-26,2024-04-07,High Income Segment,Fair,6k-10k,605.0,6839.9075,20564.81,72.15,0,2,4,4,True
3677,2,2023-12-15,2024-10-23,High Income Segment,Poor,3k-6k,399.0,5468.15,18140.86,131.66,0,2,2,2,True
3679,3,2024-05-31,2024-12-21,High Income Segment,Fair,3k-6k,610.3333333333334,4372.036666666667,15912.9,270.26,1,3,3,3,True
3680,1,2023-11-14,2023-11-14,Middle Income Segment,Poor,3k-6k,392.0,5891.28,5913.89,0.31,0,1,1,1,False
3681,5,2023-04-24,2025-05-20,Low Income Segment,Fair,Under 3k,596.6,3120.244,29512.71,152.76999999999998,0,2,5,5,True
3682,2,2024-10-29,2025-04-14,Middle Income Segment,Fair,3k-6k,714.5,5447.195,11109.62,49.26,0,1,2,2,True
3685,3,2023-12-24,2024-11-14,Low Income Segment,Poor,Under 3k,522.0,2176.58,24856.95,79.33000000000001,0,1,3,3,True
3686,5,2023-04-26,2025-02-25,Middle Income Segment,Fair,6k-10k,580.4,6414.264,31293.839999999997,52.22,0,2,5,5,True
3687,1,2024-10-11,2024-10-11,Middle Income Segment,Fair,3k-6k,580.0,5549.48,2391.26,0.0,0,1,1,1,False
3688,1,2024-03-28,2024-03-28,Low Income Segment,Fair,Under 3k,665.0,2293.01,1122.87,0.0,0,1,1,1,False
3689,3,2023-02-18,2024-06-26,Middle Income Segment,Exceptional,3k-6k,628.6666666666666,6216.306666666666,12934.95,90.41,0,2,3,3,True
3690,3,2023-10-18,2024-12-04,Middle Income Segment,Fair,3k-6k,588.6666666666666,5255.7266666666665,18188.59,68.09,0,1,3,3,True
3691,2,2023-06-26,2025-01-01,High Income Segment,Exceptional,6k-10k,837.5,5581.18,5157.38,0.0,0,2,2,2,True
3692,2,2023-04-18,2024-08-21,Middle Income Segment,Poor,3k-6k,630.0,4556.0650000000005,5622.33,124.33,0,1,2,2,True
3693,5,2023-04-15,2024-11-14,High Income Segment,Exceptional,6k-10k,691.0,6337.93,17097.92,203.73,1,3,4,5,True
3695,1,2023-09-09,2023-09-09,High Income Segment,Poor,6k-10k,560.0,7952.06,1127.85,0.0,0,1,1,1,False
3696,4,2023-07-18,2024-10-25,Low Income Segment,Poor,3k-6k,604.75,3697.37,27930.08,47.56,0,2,4,4,True
3697,1,2024-01-12,2024-01-12,Middle Income Segment,Fair,3k-6k,648.0,4831.39,6031.01,218.13,1,1,1,1,False
3698,1,2023-11-09,2023-11-09,High Income Segment,Poor,6k-10k,489.0,7872.7,5637.93,70.38,0,1,1,1,False
3699,2,2023-02-10,2023-07-06,High Income Segment,Fair,3k-6k,497.0,7344.165000000001,12919.54,4.26,0,2,2,2,True
3700,2,2023-11-05,2024-03-11,Middle Income Segment,Fair,3k-6k,673.5,4962.275,27903.9,0.0,0,1,2,2,True
3701,1,2023-11-22,2023-11-22,Middle Income Segment,Poor,3k-6k,543.0,4193.17,149.55,15.84,0,1,1,1,False
3702,2,2023-04-02,2025-01-12,Low Income Segment,Poor,3k-6k,498.5,2195.095,24761.84,204.38,1,2,2,2,True
3703,1,2025-03-07,2025-03-07,High Income Segment,Poor,6k-10k,413.0,9362.76,5087.75,108.07,0,1,1,1,False
3704,1,2025-01-22,2025-01-22,High Income Segment,Poor,6k-10k,353.0,7805.89,7452.62,0.0,0,1,1,1,False
3705,4,2023-10-08,2025-01-24,Middle Income Segment,Poor,6k-10k,458.0,6236.14,18635.82,83.11,0,3,4,4,True
3706,1,2024-01-20,2024-01-20,Middle Income Segment,Good,3k-6k,684.0,4597.01,4239.52,0.0,0,1,1,1,False
3707,1,2023-08-31,2023-08-31,Middle Income Segment,Exceptional,3k-6k,845.0,3478.07,7345.2,14.22,0,1,1,1,False
3708,6,2023-09-17,2025-04-09,Middle Income Segment,Poor,6k-10k,540.8333333333334,5760.8516666666665,20024.5,40.230000000000004,0,3,6,6,True
3709,2,2024-10-16,2024-11-15,High Income Segment,Exceptional,3k-6k,690.5,6362.65,9781.93,2.83,0,2,2,2,True
3710,1,2024-09-11,2024-09-11,Low Income Segment,Fair,Under 3k,594.0,2901.6,8381.62,52.11,0,1,1,1,False
3711,7,2023-03-19,2025-03-25,High Income Segment,Poor,6k-10k,564.5714285714286,6472.237142857143,49252.649999999994,135.85999999999999,0,3,7,7,True
3712,2,2023-06-16,2024-09-30,High Income Segment,Poor,6k-10k,321.5,8451.59,12111.89,72.41,0,1,2,2,True
3713,3,2024-04-25,2025-01-26,Middle Income Segment,Fair,3k-6k,581.3333333333334,6471.043333333334,15813.16,116.54999999999998,0,2,3,3,True
3716,1,2023-11-13,2023-11-13,Middle Income Segment,Poor,3k-6k,443.0,3845.78,8337.97,212.03,1,1,1,1,False
3717,2,2023-04-05,2024-02-15,Low Income Segment,Poor,6k-10k,409.5,4744.725,5776.150000000001,47.68,0,2,2,2,True
3719,2,2023-08-06,2024-02-23,Middle Income Segment,Good,3k-6k,594.0,5136.195,16688.18,103.17,0,1,2,2,True
3720,3,2023-07-08,2025-03-08,Middle Income Segment,Poor,6k-10k,631.3333333333334,7237.53,6871.8,176.85,0,2,3,3,True
3721,4,2024-02-24,2025-04-23,High Income Segment,Poor,6k-10k,487.5,6208.76,20790.9,91.07,0,3,4,4,True
3722,4,2024-08-07,2025-01-05,High Income Segment,Poor,6k-10k,541.75,7613.9175,31355.21,160.63,0,2,4,4,True
3723,2,2024-08-07,2024-11-18,High Income Segment,Fair,3k-6k,459.5,6439.32,24383.95,41.06,0,2,2,2,True
3725,2,2024-02-21,2024-03-12,High Income Segment,Good,6k-10k,684.0,7954.075,15498.7,140.09,0,1,2,2,True
3727,1,2023-07-29,2023-07-29,High Income Segment,Poor,6k-10k,523.0,9657.39,1567.04,183.51,1,1,1,1,False
3728,4,2023-06-06,2024-09-02,Low Income Segment,Fair,Under 3k,628.5,4006.2299999999996,21718.82,0.0,0,3,4,4,True
3729,1,2024-05-22,2024-05-22,Middle Income Segment,Poor,6k-10k,310.0,6232.53,6504.73,76.9,0,1,1,1,False
3731,4,2023-02-21,2024-10-07,High Income Segment,Exceptional,6k-10k,644.0,5410.120000000001,4414.41,220.85999999999999,1,2,4,4,True
3732,5,2023-05-19,2025-04-19,High Income Segment,Poor,6k-10k,470.6,5833.339999999999,29041.22,155.44,0,3,5,5,True
3733,2,2023-05-20,2024-03-08,Middle Income Segment,Poor,3k-6k,411.0,5067.635,4605.469999999999,41.58,0,1,2,2,True
3734,3,2023-04-15,2024-01-06,Middle Income Segment,Fair,6k-10k,643.6666666666666,6762.963333333333,11859.14,118.26,0,2,3,3,True
3735,3,2024-07-05,2025-01-02,Middle Income Segment,Fair,3k-6k,705.6666666666666,5089.67,21038.55,48.940000000000005,0,1,3,3,True
3736,2,2023-11-03,2025-04-30,Low Income Segment,Good,Under 3k,593.5,2405.75,3746.98,0.0,0,1,2,2,True
3737,4,2023-09-24,2024-11-24,Middle Income Segment,Poor,3k-6k,560.0,4884.6675,33061.86,204.94000000000003,0,3,4,4,True
3738,5,2023-06-10,2025-02-22,Middle Income Segment,Poor,3k-6k,572.4,3607.238,26489.08,271.21,1,2,5,5,True
3739,3,2023-12-15,2024-02-29,High Income Segment,Poor,6k-10k,396.6666666666667,6713.306666666666,23658.2,53.33,0,2,3,3,True
3740,1,2024-05-30,2024-05-30,Low Income Segment,Fair,Under 3k,668.0,1747.7,5499.85,229.51,1,1,1,1,False
3741,2,2023-09-21,2024-08-13,High Income Segment,Fair,6k-10k,648.0,8653.08,10610.43,42.86,0,1,2,2,True
3742,1,2025-02-24,2025-02-24,High Income Segment,Good,6k-10k,705.0,9153.17,5688.11,17.6,0,1,1,1,False
3743,2,2023-10-17,2024-09-12,High Income Segment,Poor,6k-10k,613.5,5865.299999999999,3182.55,0.0,0,2,2,2,True
3744,2,2023-06-13,2024-06-30,Low Income Segment,Fair,Under 3k,547.0,1976.1100000000001,8814.55,152.26999999999998,1,1,2,2,True
3745,6,2023-10-27,2025-04-28,Middle Income Segment,Poor,3k-6k,560.0,5371.743333333333,31526.25,681.75,2,3,6,6,True
3746,1,2024-08-23,2024-08-23,Middle Income Segment,Fair,3k-6k,630.0,3243.16,3700.5,0.0,0,1,1,1,False
3747,5,2023-06-07,2024-11-29,High Income Segment,Fair,6k-10k,584.2,8331.77,23655.12,123.36,0,2,5,5,True
3748,1,2024-06-16,2024-06-16,Low Income Segment,Exceptional,Under 3k,842.0,1030.58,1137.04,0.0,0,1,1,1,False
3749,3,2023-06-13,2024-05-10,Middle Income Segment,Poor,3k-6k,536.6666666666666,3581.7599999999998,22269.2,152.33,0,2,3,3,True
3750,2,2024-08-29,2024-10-12,Low Income Segment,Exceptional,3k-6k,795.5,3786.4849999999997,14824.61,39.89,0,2,2,2,True
3751,2,2023-03-23,2025-01-23,High Income Segment,Poor,6k-10k,556.5,4371.235,3921.42,0.0,0,2,2,2,True
3752,1,2025-03-04,2025-03-04,Middle Income Segment,Very Good,6k-10k,740.0,6594.37,4285.36,31.68,0,1,1,1,False
3753,2,2023-07-16,2024-09-28,Middle Income Segment,Exceptional,3k-6k,781.5,4400.85,9188.18,112.98,0,1,2,2,True
3755,3,2023-06-18,2024-10-26,High Income Segment,Good,6k-10k,647.0,5969.099999999999,16533.449999999997,49.47,0,3,3,3,True
3756,1,2023-05-10,2023-05-10,Middle Income Segment,Fair,3k-6k,644.0,5915.48,1019.23,90.67,0,1,1,1,False
3757,3,2025-03-12,2025-04-25,Low Income Segment,Poor,Under 3k,439.6666666666667,2706.753333333333,10361.83,50.09,0,2,3,3,True
3758,2,2023-02-17,2025-04-02,Low Income Segment,Poor,3k-6k,318.0,3002.395,3631.87,0.0,0,2,2,2,True
3759,1,2023-02-03,2023-02-03,High Income Segment,Poor,6k-10k,462.0,8945.1,8690.09,126.91,0,1,1,1,False
3760,1,2023-01-17,2023-01-17,Middle Income Segment,Poor,3k-6k,566.0,4605.83,3154.73,80.49,0,1,1,1,False
3761,3,2023-03-29,2023-12-27,Low Income Segment,Very Good,Under 3k,770.0,3976.2733333333326,15298.41,111.14,0,2,3,3,True
3762,1,2024-02-13,2024-02-13,Low Income Segment,Very Good,Under 3k,780.0,2946.34,8803.94,232.12,1,1,1,1,False
3763,5,2023-02-02,2025-05-02,Middle Income Segment,Poor,3k-6k,461.4,5094.134,34002.33,79.62,0,3,5,5,True
3765,6,2023-01-27,2024-04-04,Middle Income Segment,Poor,3k-6k,555.5,6258.965,39882.69,0.0,0,2,5,6,True
3766,1,2024-06-18,2024-06-18,High Income Segment,Exceptional,6k-10k,824.0,8619.17,756.8,3.28,0,1,1,1,False
3767,1,2024-12-09,2024-12-09,Middle Income Segment,Very Good,3k-6k,786.0,3679.64,7565.13,20.26,0,1,1,1,False
3768,3,2023-04-22,2025-03-24,High Income Segment,Poor,6k-10k,571.0,6267.9766666666665,18206.05,149.28,1,3,3,3,True
3769,2,2024-08-22,2025-04-17,High Income Segment,Fair,6k-10k,452.0,5144.5650000000005,10295.0,137.32,0,2,2,2,True
3770,2,2023-11-06,2024-11-24,Middle Income Segment,Fair,3k-6k,494.5,4608.0199999999995,10755.650000000001,47.32,0,1,2,2,True
3771,1,2024-01-14,2024-01-14,High Income Segment,Poor,6k-10k,507.0,9529.06,3514.8,0.0,0,1,1,1,False
3772,2,2023-12-11,2024-12-18,Low Income Segment,Exceptional,3k-6k,682.0,2385.765,12118.81,46.57,0,2,2,2,True
3773,5,2023-02-17,2024-08-17,Middle Income Segment,Poor,6k-10k,648.8,5765.442,17764.54,363.85,2,3,5,5,True
3774,5,2023-01-11,2025-05-12,High Income Segment,Poor,3k-6k,643.2,5551.294,32103.87,247.28000000000003,1,3,5,5,True
3775,5,2023-07-27,2025-04-19,High Income Segment,Poor,3k-6k,499.8,5406.51,40997.19,459.46,2,3,5,5,True
3776,2,2023-12-18,2024-01-23,High Income Segment,Good,6k-10k,639.5,5146.835,14305.41,99.75,0,2,2,2,True
3777,2,2023-01-19,2024-05-05,High Income Segment,Good,6k-10k,720.5,5378.88,10898.220000000001,0.0,0,2,2,2,True
3778,2,2023-11-28,2024-06-06,High Income Segment,Good,6k-10k,734.0,8273.965,15029.85,56.5,0,1,2,2,True
3779,6,2023-08-10,2025-03-13,High Income Segment,Poor,6k-10k,596.6666666666666,7145.100000000001,32075.65,225.11,0,2,6,6,True
3780,5,2023-01-04,2025-04-29,Middle Income Segment,Exceptional,3k-6k,649.8,6138.558,32991.62,66.34,0,2,5,5,True
3781,2,2023-11-20,2024-02-02,Low Income Segment,Good,3k-6k,562.5,3079.77,6884.48,84.99,0,2,2,2,True
3782,3,2023-01-05,2024-11-27,Low Income Segment,Poor,Under 3k,506.3333333333333,3176.51,21059.67,43.37,0,2,3,3,True
3783,2,2023-06-23,2024-08-22,High Income Segment,Exceptional,3k-6k,670.0,5242.98,27287.42,5.36,0,2,2,2,True
3784,1,2025-05-04,2025-05-04,High Income Segment,Very Good,6k-10k,792.0,9264.23,1098.99,0.0,0,1,1,1,False
3785,3,2023-08-11,2025-02-26,High Income Segment,Fair,3k-6k,579.3333333333334,4779.82,22979.38,122.3,0,3,3,3,True
3786,4,2023-07-08,2024-11-08,Middle Income Segment,Poor,3k-6k,499.5,5208.795,12816.38,350.9,1,2,4,4,True
3787,4,2024-02-11,2024-10-05,High Income Segment,Poor,6k-10k,512.5,7715.9175000000005,12649.97,77.22,0,2,4,4,True
3788,2,2023-01-07,2025-03-22,Middle Income Segment,Poor,3k-6k,429.5,3922.7200000000003,5835.05,74.94,0,1,2,2,True
3789,1,2023-11-29,2023-11-29,Middle Income Segment,Fair,3k-6k,625.0,4770.33,1409.92,0.0,0,1,1,1,False
3790,3,2023-11-08,2025-04-11,Middle Income Segment,Poor,3k-6k,630.0,3258.346666666667,21734.13,219.97000000000003,1,2,3,3,True
3791,1,2024-03-07,2024-03-07,Middle Income Segment,Poor,3k-6k,572.0,4806.97,9840.6,14.05,0,1,1,1,False
3792,3,2023-03-10,2024-08-04,Middle Income Segment,Poor,3k-6k,405.0,4644.106666666667,28616.02,363.82,1,2,3,3,True
3793,3,2024-12-17,2025-02-11,Low Income Segment,Exceptional,Under 3k,748.6666666666666,3631.1633333333334,13180.5,0.0,0,2,3,3,True
3794,2,2024-03-01,2024-10-06,Middle Income Segment,Poor,3k-6k,387.0,5185.6900000000005,13660.55,5.45,0,1,2,2,True
3795,2,2023-12-19,2024-07-02,Middle Income Segment,Poor,3k-6k,571.5,4343.265,12813.560000000001,0.0,0,1,2,2,True
3796,1,2023-04-21,2023-04-21,Middle Income Segment,Very Good,3k-6k,748.0,3460.04,7771.63,0.0,0,1,1,1,False
3797,1,2025-04-03,2025-04-03,Low Income Segment,Good,Under 3k,719.0,2379.08,2075.8,0.0,0,1,1,1,False
3798,1,2024-05-07,2024-05-07,Middle Income Segment,Very Good,3k-6k,740.0,5261.56,1322.61,198.91,1,1,1,1,False
3799,2,2023-12-30,2025-02-19,High Income Segment,Good,3k-6k,559.0,5835.5,20328.11,0.0,0,2,2,2,True
3800,6,2023-04-29,2025-01-18,Middle Income Segment,Poor,6k-10k,551.5,5241.876666666667,27754.1,85.72,0,3,6,6,True
3801,1,2023-10-14,2023-10-14,Low Income Segment,Very Good,Under 3k,788.0,2246.54,4545.1,0.0,0,1,1,1,False
3802,3,2024-09-23,2024-12-14,Middle Income Segment,Fair,3k-6k,635.3333333333334,6372.666666666667,29392.239999999998,95.74,0,2,3,3,True
3803,4,2024-08-05,2025-01-01,Middle Income Segment,Very Good,3k-6k,689.75,4633.8975,25184.59,86.17,0,3,4,4,True
3804,3,2023-12-16,2024-10-09,Middle Income Segment,Good,3k-6k,583.0,5720.463333333333,18416.83,21.330000000000002,0,2,3,3,True
3806,4,2023-04-24,2025-01-23,Middle Income Segment,Poor,3k-6k,371.0,6721.8975,20629.61,0.0,0,2,4,4,True
3807,3,2023-01-29,2024-06-19,High Income Segment,Poor,6k-10k,563.3333333333334,6073.303333333333,19302.42,207.93,1,2,3,3,True
3808,7,2023-04-25,2024-08-02,High Income Segment,Poor,3k-6k,550.1428571428571,5877.254285714285,34986.32,67.82000000000001,0,3,7,7,True
3809,3,2023-11-23,2025-02-06,High Income Segment,Fair,3k-6k,604.0,5292.55,16005.27,0.0,0,3,3,3,True
3810,5,2023-02-17,2025-02-24,High Income Segment,Poor,6k-10k,577.8,6450.186,30585.11,151.54,0,3,5,5,True
3811,4,2023-09-02,2025-04-21,High Income Segment,Good,6k-10k,526.5,7123.16,25766.65,17.57,0,2,4,4,True
3812,1,2023-12-23,2023-12-23,Middle Income Segment,Poor,6k-10k,359.0,6265.95,1065.45,0.0,0,1,1,1,False
3813,1,2023-10-07,2023-10-07,High Income Segment,Fair,6k-10k,641.0,7994.48,4629.19,87.16,0,1,1,1,False
3814,2,2024-02-05,2025-05-04,High Income Segment,Fair,3k-6k,551.5,6504.344999999999,15708.5,155.59,1,2,2,2,True
3815,1,2024-11-01,2024-11-01,Middle Income Segment,Poor,3k-6k,556.0,4610.68,1524.99,49.86,0,1,1,1,False
3816,2,2023-02-04,2024-08-17,Low Income Segment,Very Good,3k-6k,778.0,3751.705,8725.99,110.1,0,2,2,2,True
3817,6,2023-01-20,2024-09-04,Low Income Segment,Poor,6k-10k,560.1666666666666,5014.905,29480.760000000002,603.46,2,3,6,6,True
3818,2,2023-08-07,2025-02-03,Middle Income Segment,Fair,3k-6k,485.5,4466.2,5998.55,0.0,0,1,2,2,True
3819,2,2023-06-07,2024-11-05,Middle Income Segment,Poor,3k-6k,585.0,6104.6900000000005,4322.12,0.0,0,1,2,2,True
3820,1,2024-01-14,2024-01-14,High Income Segment,Fair,6k-10k,623.0,8972.09,8880.07,171.12,1,1,1,1,False
3821,2,2023-09-15,2025-04-19,High Income Segment,Poor,3k-6k,514.0,6800.17,9730.98,225.98,1,2,2,2,True
3822,3,2023-07-04,2024-08-17,Middle Income Segment,Good,3k-6k,650.3333333333334,3264.4733333333334,31349.91,134.6,0,2,3,3,True
3823,3,2023-08-29,2024-10-03,Low Income Segment,Fair,Under 3k,568.3333333333334,3107.5033333333336,39524.43,248.86,1,2,3,3,True
3824,4,2023-03-25,2025-04-07,High Income Segment,Poor,6k-10k,589.0,6635.1975,17250.27,179.51,1,2,4,4,True
3825,2,2023-04-21,2024-12-09,High Income Segment,Fair,6k-10k,636.5,6748.0,4697.549999999999,54.42,0,2,2,2,True
3826,1,2025-04-06,2025-04-06,Middle Income Segment,Poor,3k-6k,526.0,3740.55,5443.04,66.08,0,1,1,1,False
3827,3,2023-12-28,2024-05-26,High Income Segment,Poor,6k-10k,476.6666666666667,7614.150000000001,8486.89,25.68,0,2,3,3,True
3828,3,2023-11-27,2024-11-07,Middle Income Segment,Very Good,3k-6k,702.0,5559.09,11167.24,89.13,0,2,3,3,True
3829,3,2023-09-26,2024-12-19,Middle Income Segment,Poor,3k-6k,534.0,6513.736666666667,27319.899999999998,112.92,0,2,3,3,True
3831,3,2023-02-27,2024-08-30,High Income Segment,Poor,6k-10k,449.3333333333333,8050.556666666666,5374.54,136.82,0,2,3,3,True
3832,4,2023-05-02,2025-05-18,Low Income Segment,Poor,Under 3k,580.25,3439.5775,17516.36,241.0,0,2,4,4,True
3833,1,2023-03-09,2023-03-09,High Income Segment,Good,6k-10k,688.0,7959.72,2014.83,0.0,0,1,1,1,False
3834,3,2023-10-20,2025-03-10,High Income Segment,Exceptional,6k-10k,636.6666666666666,6847.47,13750.509999999998,2.76,0,2,3,3,True
3835,2,2023-01-13,2024-08-13,High Income Segment,Poor,6k-10k,447.0,5682.360000000001,18166.45,99.36,0,2,2,2,True
3836,1,2023-08-13,2023-08-13,Middle Income Segment,Poor,3k-6k,397.0,4740.57,9608.47,41.58,0,1,1,1,False
3837,2,2024-09-19,2025-03-05,High Income Segment,Exceptional,6k-10k,693.5,9140.7,3314.92,266.46000000000004,1,1,2,2,True
3838,4,2023-04-13,2025-05-06,High Income Segment,Exceptional,6k-10k,678.5,6597.827499999999,21805.27,300.31,1,2,4,4,True
3839,3,2024-02-01,2025-05-19,High Income Segment,Poor,6k-10k,503.3333333333333,6745.329999999999,8804.05,17.14,0,2,3,3,True
3840,2,2023-01-12,2023-08-31,High Income Segment,Poor,3k-6k,398.5,7340.84,18117.7,45.17,0,2,2,2,True
3841,6,2023-03-10,2025-03-23,Middle Income Segment,Exceptional,3k-6k,673.5,5004.33,38828.06,0.0,0,3,6,6,True
3842,1,2025-02-17,2025-02-17,High Income Segment,Good,6k-10k,695.0,8535.9,3648.19,48.11,0,1,1,1,False
3843,1,2023-05-04,2023-05-04,Low Income Segment,Poor,Under 3k,334.0,1968.38,7019.56,16.57,0,1,1,1,False
3844,3,2024-02-04,2024-10-06,Middle Income Segment,Fair,3k-6k,564.6666666666666,6701.306666666666,13539.84,24.83,0,2,3,3,True
3845,2,2024-01-09,2024-03-04,High Income Segment,Fair,3k-6k,582.5,6463.375,9848.490000000002,105.28,0,2,2,2,True
3846,6,2023-01-18,2025-01-30,High Income Segment,Good,6k-10k,629.5,5926.303333333333,33632.18,142.07,0,3,6,6,True
3847,1,2023-12-06,2023-12-06,High Income Segment,Fair,6k-10k,602.0,9501.3,3441.43,0.0,0,1,1,1,False
3849,3,2023-10-05,2023-12-22,Low Income Segment,Poor,Under 3k,485.3333333333333,2679.0366666666664,10127.89,244.13,1,2,3,3,True
3850,4,2023-03-20,2024-04-06,Low Income Segment,Good,Under 3k,623.0,3505.025,20638.71,151.09,0,2,4,4,True
3851,1,2025-02-22,2025-02-22,High Income Segment,Fair,6k-10k,607.0,8102.72,583.09,0.0,0,1,1,1,False
3852,3,2023-11-14,2024-07-12,Middle Income Segment,Poor,3k-6k,552.3333333333334,6253.5,20003.23,188.1,0,2,3,3,True
3853,3,2023-05-13,2024-12-12,Low Income Segment,Poor,Under 3k,500.3333333333333,4258.346666666667,15382.0,97.74,0,2,3,3,True
3854,2,2024-05-18,2025-03-10,High Income Segment,Poor,3k-6k,551.5,6508.209999999999,10273.54,12.15,0,2,2,2,True
3855,1,2023-10-27,2023-10-27,Low Income Segment,Poor,Under 3k,367.0,1750.74,6838.76,148.15,1,1,1,1,False
3857,1,2025-03-12,2025-03-12,Middle Income Segment,Good,3k-6k,696.0,3520.52,6438.53,0.0,0,1,1,1,False
3859,1,2025-02-22,2025-02-22,High Income Segment,Poor,6k-10k,441.0,8467.61,4502.59,15.0,0,1,1,1,False
3860,2,2024-12-03,2025-05-14,High Income Segment,Good,3k-6k,622.5,6272.030000000001,18646.010000000002,118.11999999999999,0,2,2,2,True
3861,1,2023-10-28,2023-10-28,Middle Income Segment,Poor,3k-6k,406.0,5359.56,1373.72,0.0,0,1,1,1,False
3862,1,2024-09-26,2024-09-26,Middle Income Segment,Poor,3k-6k,510.0,5899.37,8832.82,15.73,0,1,1,1,False
3863,2,2023-09-25,2024-08-01,Middle Income Segment,Exceptional,3k-6k,812.0,5798.225,9812.98,0.0,0,1,2,2,True
3864,1,2024-10-11,2024-10-11,Middle Income Segment,Poor,3k-6k,408.0,3840.71,9741.32,45.01,0,1,1,1,False
3865,1,2025-02-06,2025-02-06,High Income Segment,Fair,6k-10k,612.0,8221.97,6040.41,0.0,0,1,1,1,False
3866,6,2023-03-24,2025-01-03,High Income Segment,Poor,3k-6k,598.3333333333334,4433.916666666667,34535.24,164.36,0,3,5,6,True
3867,1,2025-04-23,2025-04-23,Middle Income Segment,Good,3k-6k,695.0,4820.19,2202.15,0.0,0,1,1,1,False
3868,2,2023-09-23,2024-08-11,Low Income Segment,Good,6k-10k,741.5,4592.610000000001,4706.96,0.0,0,2,2,2,True
3869,3,2023-11-04,2025-01-30,High Income Segment,Poor,6k-10k,509.3333333333333,7548.873333333334,13421.13,0.11,0,2,3,3,True
3870,2,2024-02-16,2024-03-24,Low Income Segment,Good,3k-6k,534.5,3653.85,9700.16,23.37,0,2,2,2,True
3871,3,2023-03-25,2025-03-11,High Income Segment,Poor,6k-10k,563.6666666666666,7338.763333333333,15258.93,126.33,0,2,2,3,True
3872,2,2024-11-10,2025-02-13,High Income Segment,Poor,6k-10k,409.5,8762.29,5889.89,40.14,0,1,2,2,True
3873,2,2023-01-25,2024-01-20,High Income Segment,Fair,6k-10k,719.5,5521.415,11283.68,40.04,0,2,2,2,True
3875,3,2023-08-11,2024-12-08,Middle Income Segment,Exceptional,3k-6k,679.0,3996.033333333333,10919.31,35.8,0,2,3,3,True
3877,1,2025-02-15,2025-02-15,Low Income Segment,Poor,Under 3k,310.0,2273.14,4530.06,0.0,0,1,1,1,False
3878,2,2023-04-04,2023-10-30,High Income Segment,Good,3k-6k,532.5,5460.094999999999,3992.1800000000003,165.67,1,2,2,2,True
3880,2,2023-12-22,2024-02-22,High Income Segment,Good,6k-10k,639.0,7176.905,6780.77,16.81,0,2,2,2,True
3881,3,2023-01-09,2023-07-12,High Income Segment,Poor,6k-10k,546.0,6344.78,23511.66,11.39,0,2,3,3,True
3882,3,2023-01-28,2025-04-03,Low Income Segment,Exceptional,Under 3k,679.3333333333334,4697.336666666667,15516.52,169.9,1,2,3,3,True
3883,3,2023-02-09,2024-06-25,Low Income Segment,Exceptional,Under 3k,638.3333333333334,4390.513333333333,6817.52,82.25,0,2,3,3,True
3886,5,2023-01-05,2024-11-24,Low Income Segment,Poor,3k-6k,635.6,3786.118,22151.1,222.16,1,3,5,5,True
3887,2,2024-08-25,2024-12-28,Low Income Segment,Good,3k-6k,743.5,3287.115,19387.14,107.22,0,2,2,2,True
3888,1,2025-03-04,2025-03-04,Middle Income Segment,Poor,3k-6k,563.0,5514.44,2562.76,0.0,0,1,1,1,False
3889,1,2024-01-02,2024-01-02,Middle Income Segment,Good,3k-6k,678.0,5519.25,2398.45,0.0,0,1,1,1,False
3890,2,2023-02-04,2025-04-19,Middle Income Segment,Good,3k-6k,691.5,4770.96,4375.53,79.59,0,1,2,2,True
3891,2,2023-10-04,2025-02-21,High Income Segment,Fair,3k-6k,681.0,7210.7699999999995,6288.7,0.0,0,2,2,2,True
3892,6,2023-04-23,2024-11-19,Middle Income Segment,Fair,3k-6k,568.1666666666666,5095.91,25156.03,37.769999999999996,0,3,6,6,True
3894,3,2023-04-26,2025-04-10,High Income Segment,Good,3k-6k,718.3333333333334,5858.873333333334,16489.51,14.95,0,3,3,3,True
3895,2,2024-10-01,2024-12-15,Middle Income Segment,Fair,3k-6k,703.5,4034.8,30105.800000000003,59.02,0,1,2,2,True
3896,3,2023-08-04,2024-12-14,Low Income Segment,Poor,Under 3k,535.3333333333334,4065.64,8818.56,0.0,0,2,3,3,True
3897,2,2023-05-10,2024-11-26,High Income Segment,Fair,6k-10k,689.5,8893.37,7292.63,0.0,0,1,2,2,True
3898,1,2024-04-23,2024-04-23,Middle Income Segment,Very Good,3k-6k,792.0,5134.42,3321.09,0.0,0,1,1,1,False
3899,2,2024-03-17,2024-07-06,Low Income Segment,Fair,Under 3k,648.0,2311.5299999999997,9187.81,46.52,0,1,2,2,True
3901,1,2025-03-29,2025-03-29,Low Income Segment,Good,Under 3k,690.0,1445.94,812.1,48.09,0,1,1,1,False
3902,2,2023-05-15,2024-01-12,High Income Segment,Poor,3k-6k,425.5,6142.25,9150.75,0.0,0,2,2,2,True
3903,1,2024-07-11,2024-07-11,High Income Segment,Poor,6k-10k,559.0,8049.25,865.32,0.0,0,1,1,1,False
3904,1,2024-11-18,2024-11-18,Middle Income Segment,Poor,6k-10k,488.0,6362.25,121.36,0.0,0,1,1,1,False
3905,2,2023-02-01,2024-09-25,High Income Segment,Fair,6k-10k,680.5,6160.08,20489.760000000002,84.95,0,2,2,2,True
3906,3,2023-02-17,2025-04-30,High Income Segment,Fair,3k-6k,594.6666666666666,5765.3533333333335,14178.61,95.96,0,3,3,3,True
3907,1,2023-10-20,2023-10-20,Middle Income Segment,Poor,6k-10k,538.0,6219.2,203.57,0.0,0,1,1,1,False
3908,1,2024-03-21,2024-03-21,High Income Segment,Very Good,6k-10k,779.0,8540.57,1508.33,68.59,0,1,1,1,False
3909,1,2024-04-26,2024-04-26,Middle Income Segment,Fair,3k-6k,662.0,4130.03,7753.95,89.62,0,1,1,1,False
3910,4,2023-11-01,2025-02-21,Middle Income Segment,Poor,3k-6k,529.0,4757.3525,16421.02,87.57,0,2,4,4,True
3911,4,2023-01-12,2024-04-19,High Income Segment,Poor,3k-6k,648.5,6130.02,28602.25,181.60999999999999,0,2,4,4,True
3912,4,2023-03-18,2025-01-28,Middle Income Segment,Poor,6k-10k,452.25,4696.1375,28974.480000000003,74.05,0,2,4,4,True
3913,1,2023-04-07,2023-04-07,High Income Segment,Poor,6k-10k,579.0,7370.35,14389.06,69.52,0,1,1,1,False
3914,4,2023-06-12,2024-08-23,High Income Segment,Poor,3k-6k,606.75,6905.637500000001,19732.17,165.29,1,2,4,4,True
3915,2,2023-04-02,2025-01-19,Middle Income Segment,Poor,3k-6k,615.0,5645.475,11395.56,34.04,0,1,2,2,True
3916,2,2024-03-10,2024-11-07,High Income Segment,Fair,3k-6k,709.0,7716.549999999999,1414.85,50.14,0,2,2,2,True
3917,1,2023-03-13,2023-03-13,High Income Segment,Exceptional,6k-10k,802.0,8488.39,5208.99,0.0,0,1,1,1,False
3919,3,2023-01-28,2025-01-20,High Income Segment,Fair,6k-10k,635.3333333333334,7683.686666666666,11677.68,109.18,0,2,3,3,True
3920,2,2023-01-13,2023-11-24,Low Income Segment,Fair,3k-6k,587.0,2974.9,15196.5,0.0,0,2,2,2,True
3921,2,2024-03-22,2025-05-04,High Income Segment,Good,3k-6k,526.0,7188.27,3548.58,141.59,0,2,2,2,True
3922,4,2023-02-24,2025-05-06,Middle Income Segment,Fair,3k-6k,699.0,2878.7075,21286.42,164.64,1,2,4,4,True
3923,2,2023-05-01,2024-11-15,Middle Income Segment,Good,3k-6k,641.0,4376.21,13031.98,198.7,1,1,2,2,True
3924,2,2023-07-06,2024-12-09,High Income Segment,Poor,6k-10k,495.5,8673.695,9144.83,9.82,0,1,2,2,True
3925,5,2023-11-20,2025-04-16,High Income Segment,Fair,6k-10k,583.8,8288.088,36897.27,497.3,2,1,5,5,True
3926,3,2023-02-03,2024-09-11,High Income Segment,Fair,3k-6k,576.0,5349.510000000001,4203.46,67.66,0,3,3,3,True
3927,1,2023-01-08,2023-01-08,Low Income Segment,Good,Under 3k,703.0,1842.98,3153.73,41.46,0,1,1,1,False
3928,3,2023-12-02,2024-06-17,Middle Income Segment,Good,3k-6k,632.3333333333334,4300.493333333333,7830.84,36.45,0,2,3,3,True
3930,3,2024-03-16,2024-11-23,Middle Income Segment,Exceptional,3k-6k,666.0,3604.36,14771.630000000001,30.41,0,2,3,3,True
3931,2,2023-03-06,2023-05-02,Low Income Segment,Fair,Under 3k,690.5,2069.405,12729.84,20.79,0,1,2,2,True
3933,2,2024-12-02,2025-04-29,High Income Segment,Poor,3k-6k,465.5,5554.495,11906.619999999999,0.0,0,2,2,2,True
3934,2,2024-01-14,2024-09-05,Middle Income Segment,Good,3k-6k,592.0,5076.455,20430.18,43.51,0,1,2,2,True
3935,2,2023-05-31,2023-10-05,High Income Segment,Very Good,6k-10k,774.5,4206.31,7506.23,5.93,0,2,2,2,True
3936,2,2023-12-22,2024-07-02,High Income Segment,Good,3k-6k,564.5,6326.615,11881.59,156.44,0,2,2,2,True
3938,3,2023-06-21,2024-03-16,High Income Segment,Good,6k-10k,645.3333333333334,7225.373333333333,7189.6,31.03,0,2,3,3,True
3939,7,2023-07-09,2025-04-10,Low Income Segment,Poor,Under 3k,570.5714285714286,3629.907142857143,25292.38,394.17,1,2,7,7,True
3940,4,2023-04-02,2025-04-25,High Income Segment,Poor,6k-10k,571.0,6811.995,21747.75,0.0,0,2,4,4,True
3941,3,2023-04-02,2024-08-14,Middle Income Segment,Exceptional,3k-6k,623.0,4487.27,19509.83,29.79,0,2,3,3,True
3942,1,2024-05-21,2024-05-21,Middle Income Segment,Poor,3k-6k,412.0,5105.16,5553.76,34.49,0,1,1,1,False
3944,5,2024-03-04,2024-07-21,Middle Income Segment,Fair,3k-6k,670.8,4932.378,12851.13,641.3299999999999,3,3,5,5,True
3945,3,2023-05-12,2024-09-21,Middle Income Segment,Poor,6k-10k,541.6666666666666,4630.723333333333,15705.42,38.36,0,2,3,3,True
3946,4,2024-08-11,2025-03-01,High Income Segment,Poor,6k-10k,568.0,7334.047500000001,25709.43,249.35,0,2,4,4,True
3948,1,2023-10-12,2023-10-12,Low Income Segment,Poor,Under 3k,431.0,2420.79,11364.49,9.9,0,1,1,1,False
3949,3,2023-04-03,2023-12-17,High Income Segment,Exceptional,3k-6k,677.3333333333334,5895.093333333333,15335.150000000001,46.58,0,3,3,3,True
3950,1,2023-05-28,2023-05-28,High Income Segment,Poor,6k-10k,338.0,8548.05,1273.93,0.0,0,1,1,1,False
3951,3,2023-07-16,2023-10-28,High Income Segment,Exceptional,3k-6k,707.3333333333334,5449.8133333333335,14783.28,227.70000000000002,1,3,3,3,True
3952,2,2023-09-19,2024-09-27,Low Income Segment,Good,3k-6k,641.0,3194.645,8814.710000000001,42.16,0,2,2,2,True
3953,4,2023-03-22,2025-04-19,Middle Income Segment,Good,3k-6k,632.0,5465.0675,28954.26,124.62,0,2,4,4,True
3954,1,2023-02-21,2023-02-21,Middle Income Segment,Poor,3k-6k,523.0,4911.24,11790.03,0.0,0,1,1,1,False
3955,1,2023-11-27,2023-11-27,Middle Income Segment,Fair,3k-6k,667.0,5821.55,4777.03,0.0,0,1,1,1,False
3956,3,2023-06-11,2024-05-24,High Income Segment,Poor,6k-10k,559.0,8070.706666666666,16327.88,174.35,0,2,3,3,True
3957,1,2024-10-12,2024-10-12,Middle Income Segment,Good,3k-6k,687.0,4185.4,2476.06,85.67,0,1,1,1,False
3958,1,2024-06-19,2024-06-19,Low Income Segment,Very Good,Under 3k,787.0,2417.97,7170.65,153.86,1,1,1,1,False
3959,2,2024-12-27,2025-05-09,High Income Segment,Good,3k-6k,501.5,5774.27,16594.1,90.8,0,2,2,2,True
3960,1,2023-02-17,2023-02-17,Middle Income Segment,Exceptional,3k-6k,847.0,3927.44,6184.04,15.25,0,1,1,1,False
3961,2,2023-06-09,2025-05-07,Low Income Segment,Poor,3k-6k,529.0,2442.31,13349.48,114.58,0,2,2,2,True
3962,3,2023-05-24,2025-03-15,High Income Segment,Good,6k-10k,599.0,8094.21,10102.73,0.0,0,1,3,3,True
3963,3,2023-02-02,2024-05-02,High Income Segment,Poor,3k-6k,490.0,5119.74,8466.55,0.0,0,3,3,3,True
3964,5,2023-09-14,2025-05-17,High Income Segment,Poor,6k-10k,508.0,6939.360000000001,26787.989999999998,102.00999999999999,0,2,5,5,True
3965,1,2023-06-06,2023-06-06,High Income Segment,Exceptional,6k-10k,815.0,9223.78,2639.19,0.0,0,1,1,1,False
3966,2,2023-08-12,2024-02-27,Low Income Segment,Exceptional,3k-6k,700.0,2817.88,5918.26,249.78,1,2,2,2,True
3967,1,2024-06-21,2024-06-21,Low Income Segment,Poor,Under 3k,513.0,2249.51,129.31,19.4,0,1,1,1,False
3968,2,2024-04-11,2024-07-12,Low Income Segment,Exceptional,3k-6k,727.0,3893.31,5962.6900000000005,285.24,1,2,2,2,True
3969,1,2023-06-17,2023-06-17,Middle Income Segment,Poor,3k-6k,537.0,5263.52,8547.53,98.18,0,1,1,1,False
3970,2,2023-09-03,2024-10-14,Low Income Segment,Poor,6k-10k,592.0,4724.73,16698.52,29.43,0,2,2,2,True
3971,5,2023-03-23,2025-05-09,Low Income Segment,Poor,3k-6k,428.0,4462.307999999999,32167.33,115.35000000000001,0,3,5,5,True
3972,5,2023-03-18,2024-09-30,High Income Segment,Good,3k-6k,561.6,5402.624000000001,14304.21,0.63,0,3,5,5,True
3975,3,2023-12-22,2024-12-24,High Income Segment,Poor,3k-6k,571.3333333333334,5139.53,15373.66,31.87,0,3,3,3,True
3976,3,2024-04-18,2025-01-29,Middle Income Segment,Fair,6k-10k,676.3333333333334,6550.326666666667,16105.17,112.12,0,2,3,3,True
3977,4,2023-10-09,2025-04-09,Middle Income Segment,Fair,3k-6k,628.25,5751.98,29956.2,66.01,0,1,4,4,True
3978,5,2023-06-08,2025-04-12,High Income Segment,Poor,6k-10k,645.6,4772.474,30771.51,76.27000000000001,0,3,5,5,True
3979,3,2023-06-22,2024-02-18,Middle Income Segment,Exceptional,3k-6k,715.3333333333334,4666.966666666666,12086.68,92.53,0,1,3,3,True
3980,1,2023-06-06,2023-06-06,Middle Income Segment,Poor,6k-10k,562.0,6143.03,4827.04,0.0,0,1,1,1,False
3981,1,2024-04-02,2024-04-02,High Income Segment,Good,6k-10k,672.0,8326.12,428.07,9.68,0,1,1,1,False
3982,1,2025-02-27,2025-02-27,High Income Segment,Fair,6k-10k,592.0,9973.31,3870.05,0.0,0,1,1,1,False
3983,2,2024-09-27,2024-11-09,Middle Income Segment,Fair,3k-6k,590.5,5300.455,22241.98,201.20999999999998,1,1,2,2,True
3984,2,2024-04-26,2024-10-10,High Income Segment,Poor,3k-6k,425.0,6872.129999999999,11179.3,2.0,0,2,2,2,True
3985,4,2024-04-25,2025-05-05,High Income Segment,Poor,6k-10k,521.0,7497.280000000001,12554.57,85.87,0,2,4,4,True
3986,3,2024-04-18,2024-10-04,High Income Segment,Poor,6k-10k,498.3333333333333,6836.95,24101.770000000004,266.5,1,2,3,3,True
3987,2,2023-06-23,2023-09-27,Low Income Segment,Poor,3k-6k,483.0,3578.035,13513.76,43.01,0,2,2,2,True
3988,2,2023-02-23,2025-04-23,Middle Income Segment,Good,3k-6k,747.0,4258.5,9380.64,169.97,0,1,2,2,True
3989,4,2023-02-04,2024-07-17,Middle Income Segment,Exceptional,6k-10k,643.25,5060.4275,14012.2,172.73,0,3,4,4,True
3990,5,2023-07-31,2025-01-31,High Income Segment,Poor,3k-6k,610.4,5546.482000000001,32054.65,274.12,1,3,5,5,True
3991,1,2024-08-13,2024-08-13,Middle Income Segment,Poor,6k-10k,306.0,6783.02,4183.88,0.0,0,1,1,1,False
3993,1,2024-07-06,2024-07-06,Middle Income Segment,Poor,3k-6k,332.0,4562.15,12121.53,0.0,0,1,1,1,False
3994,3,2023-04-29,2024-07-16,Middle Income Segment,Poor,6k-10k,588.3333333333334,6514.353333333333,20856.660000000003,100.22999999999999,0,2,3,3,True
3995,3,2023-06-16,2024-06-21,Middle Income Segment,Poor,6k-10k,536.6666666666666,6180.866666666666,22864.85,77.02000000000001,0,2,3,3,True
3996,2,2024-07-03,2025-04-20,Low Income Segment,Fair,6k-10k,514.0,4431.035,3816.63,245.75,1,2,2,2,True
3997,2,2024-02-16,2025-02-23,Low Income Segment,Good,3k-6k,559.0,3903.04,11711.94,7.98,0,2,2,2,True
3998,1,2025-01-18,2025-01-18,Middle Income Segment,Poor,6k-10k,443.0,6608.57,5206.88,91.47,0,1,1,1,False
3999,2,2023-08-30,2025-01-11,High Income Segment,Poor,6k-10k,560.5,6947.665,6804.17,160.85,1,2,2,2,True
4001,1,2023-03-12,2023-03-12,Low Income Segment,Very Good,Under 3k,774.0,1061.14,3707.02,59.97,0,1,1,1,False
4003,2,2023-08-08,2023-11-17,High Income Segment,Fair,3k-6k,699.0,6983.6900000000005,20499.940000000002,35.81,0,2,2,2,True
4004,2,2024-01-16,2024-09-01,Middle Income Segment,Fair,3k-6k,483.0,5802.765,7425.67,0.0,0,1,2,2,True
4005,4,2024-05-21,2025-01-01,Middle Income Segment,Fair,3k-6k,622.5,5658.514999999999,20872.4,3.07,0,2,4,4,True
4006,4,2023-10-26,2025-03-18,Middle Income Segment,Good,3k-6k,597.25,5253.1925,23158.27,92.12,0,2,4,4,True
4007,2,2024-08-08,2024-08-26,Middle Income Segment,Poor,3k-6k,420.5,3768.0950000000003,5420.030000000001,66.84,0,1,2,2,True
4008,2,2023-08-27,2024-01-27,Low Income Segment,Poor,3k-6k,474.5,3222.9700000000003,7990.04,0.0,0,2,2,2,True
4009,4,2023-02-17,2024-07-18,Middle Income Segment,Poor,3k-6k,516.25,4759.5025000000005,24753.75,226.41000000000003,0,3,4,4,True
4010,3,2023-04-14,2024-06-13,High Income Segment,Poor,6k-10k,629.0,7847.813333333334,27270.34,298.06,1,2,3,3,True
4011,1,2025-03-12,2025-03-12,Middle Income Segment,Poor,3k-6k,379.0,4884.67,1631.47,27.14,0,1,1,1,False
4012,3,2024-04-07,2024-12-23,High Income Segment,Poor,3k-6k,435.3333333333333,4468.533333333334,7734.75,79.59,0,3,3,3,True
4013,1,2024-02-09,2024-02-09,High Income Segment,Very Good,6k-10k,755.0,9840.92,15555.77,144.87,1,1,1,1,False
4015,1,2023-10-17,2023-10-17,Middle Income Segment,Poor,3k-6k,306.0,4758.18,13135.8,0.0,0,1,1,1,False
4016,2,2023-01-13,2024-04-30,High Income Segment,Exceptional,6k-10k,572.5,8278.595000000001,6764.97,53.400000000000006,0,2,2,2,True
4017,2,2023-03-17,2023-04-11,High Income Segment,Fair,6k-10k,678.0,4985.67,22146.62,94.3,0,2,2,2,True
4018,1,2023-10-31,2023-10-31,Middle Income Segment,Exceptional,3k-6k,833.0,5563.38,2719.67,0.0,0,1,1,1,False
4019,3,2024-07-28,2024-11-19,Middle Income Segment,Good,3k-6k,575.6666666666666,3286.44,24490.81,0.0,0,2,3,3,True
4020,4,2023-12-24,2025-04-20,High Income Segment,Good,3k-6k,569.5,6859.969999999999,19539.27,103.17,0,2,4,4,True
4021,1,2023-02-07,2023-02-07,Middle Income Segment,Good,3k-6k,715.0,5276.04,1739.62,66.17,0,1,1,1,False
4022,4,2023-03-29,2024-08-07,Low Income Segment,Fair,6k-10k,572.75,4903.4400000000005,16266.710000000001,105.93,0,3,4,4,True
4024,1,2024-06-02,2024-06-02,Middle Income Segment,Very Good,6k-10k,783.0,6447.78,5386.41,0.0,0,1,1,1,False
4025,1,2024-07-15,2024-07-15,High Income Segment,Good,6k-10k,703.0,9834.44,7896.51,23.32,0,1,1,1,False
4026,3,2023-10-24,2024-04-05,High Income Segment,Poor,6k-10k,385.3333333333333,7155.259999999999,16199.92,28.9,0,2,3,3,True
4028,1,2024-09-19,2024-09-19,High Income Segment,Fair,6k-10k,662.0,8052.56,5200.33,7.83,0,1,1,1,False
4029,2,2024-10-08,2025-03-23,High Income Segment,Poor,3k-6k,425.0,6601.0,10068.029999999999,97.0,0,2,2,2,True
4030,4,2023-12-20,2025-03-15,Low Income Segment,Fair,Under 3k,684.5,3934.6724999999997,31710.690000000002,137.26,0,3,4,4,True
4032,4,2024-07-08,2025-03-23,High Income Segment,Fair,3k-6k,706.25,6938.275,15253.26,130.34,0,2,4,4,True
4033,2,2024-07-27,2024-08-07,Middle Income Segment,Very Good,3k-6k,756.5,4166.38,3740.18,51.7,0,1,2,2,True
4034,3,2023-05-13,2025-04-30,Middle Income Segment,Fair,3k-6k,693.3333333333334,6162.75,17310.35,31.48,0,2,3,3,True
4036,4,2023-02-06,2024-08-19,Low Income Segment,Fair,Under 3k,614.25,3185.92,21522.57,189.31,0,2,4,4,True
4037,4,2023-05-14,2025-03-27,Low Income Segment,Good,Under 3k,681.0,2197.715,25221.760000000002,140.68,0,1,4,4,True
4038,2,2023-08-30,2023-10-28,High Income Segment,Poor,6k-10k,509.5,7453.1849999999995,19653.79,83.59,0,1,2,2,True
4039,3,2024-01-08,2024-12-08,Middle Income Segment,Poor,3k-6k,579.0,5934.853333333333,26087.7,71.17,0,2,3,3,True
4040,1,2024-10-19,2024-10-19,Middle Income Segment,Good,6k-10k,712.0,6045.02,1190.22,4.79,0,1,1,1,False
4041,3,2023-09-09,2025-01-21,High Income Segment,Poor,3k-6k,482.6666666666667,5443.3133333333335,14849.45,49.06,0,3,3,3,True
4042,3,2024-03-14,2025-02-07,Middle Income Segment,Very Good,3k-6k,613.0,4219.343333333333,25098.739999999998,0.0,0,1,3,3,True
4043,2,2023-12-18,2024-08-14,High Income Segment,Poor,6k-10k,389.0,5048.52,13800.82,187.2,1,2,2,2,True
4044,5,2023-03-14,2025-03-15,Low Income Segment,Poor,3k-6k,536.8,4688.606,33348.21,453.01,2,3,5,5,True
4046,6,2023-10-31,2025-03-15,Middle Income Segment,Poor,3k-6k,558.5,4734.845,23278.77,149.79,1,3,6,6,True
4048,1,2024-12-01,2024-12-01,Middle Income Segment,Poor,3k-6k,442.0,5640.21,5281.2,19.94,0,1,1,1,False
4049,1,2023-06-10,2023-06-10,Low Income Segment,Fair,Under 3k,612.0,1427.91,13724.95,0.0,0,1,1,1,False
4051,4,2023-05-09,2025-04-04,Middle Income Segment,Exceptional,6k-10k,638.0,5572.415,32724.809999999998,106.91999999999999,0,3,4,4,True
4052,7,2023-03-18,2024-10-04,Low Income Segment,Exceptional,Under 3k,741.5714285714286,4707.378571428571,39412.16,298.46,0,3,7,7,True
4054,2,2024-03-09,2025-02-25,Low Income Segment,Exceptional,3k-6k,602.5,2310.2799999999997,9315.43,0.0,0,2,2,2,True
4055,4,2024-02-28,2025-01-02,High Income Segment,Poor,6k-10k,564.5,6549.365,17988.99,0.0,0,3,4,4,True
4056,2,2023-06-22,2024-10-02,Low Income Segment,Poor,3k-6k,545.5,2727.25,8567.08,73.31,0,2,2,2,True
4057,3,2024-10-18,2025-04-03,High Income Segment,Fair,6k-10k,599.3333333333334,8090.32,10610.93,130.22,0,1,3,3,True
4059,1,2023-12-03,2023-12-03,Middle Income Segment,Poor,3k-6k,480.0,3988.2,12837.76,18.94,0,1,1,1,False
4060,1,2024-01-04,2024-01-04,Low Income Segment,Very Good,Under 3k,769.0,2060.57,1614.49,0.0,0,1,1,1,False
4061,3,2023-06-24,2024-12-31,High Income Segment,Exceptional,3k-6k,597.6666666666666,5396.653333333333,8867.51,0.0,0,3,3,3,True
4062,2,2024-12-13,2025-04-07,Middle Income Segment,Exceptional,3k-6k,735.5,4542.555,7929.43,0.0,0,1,2,2,True
4063,1,2025-05-14,2025-05-14,Low Income Segment,Poor,Under 3k,473.0,2221.94,2043.22,0.0,0,1,1,1,False
4064,1,2023-01-14,2023-01-14,Middle Income Segment,Poor,3k-6k,535.0,3723.74,13326.18,94.47,0,1,1,1,False
4065,4,2023-03-03,2025-05-10,Low Income Segment,Exceptional,Under 3k,707.0,4733.5925,24144.11,217.35,1,3,4,4,True
4066,2,2023-02-11,2025-04-08,High Income Segment,Poor,6k-10k,435.5,7622.44,11177.91,0.0,0,1,2,2,True
4067,2,2024-03-25,2024-09-04,Low Income Segment,Poor,6k-10k,538.0,4650.93,7277.18,34.44,0,2,2,2,True
4069,1,2025-03-30,2025-03-30,High Income Segment,Very Good,6k-10k,771.0,8421.2,6962.43,49.03,0,1,1,1,False
4070,1,2023-09-16,2023-09-16,Middle Income Segment,Fair,3k-6k,586.0,4142.95,2586.92,39.57,0,1,1,1,False
4071,3,2023-07-25,2024-06-07,High Income Segment,Exceptional,3k-6k,705.3333333333334,5504.21,25300.11,106.67,0,3,3,3,True
4072,7,2024-02-08,2025-02-25,High Income Segment,Fair,6k-10k,592.0,5192.874285714285,50845.27,533.98,2,3,7,7,True
4073,2,2023-11-13,2024-11-23,Middle Income Segment,Fair,3k-6k,455.0,5963.5,3850.39,182.44,1,1,2,2,True
4074,1,2025-01-08,2025-01-08,Middle Income Segment,Poor,3k-6k,300.0,5349.73,11739.68,227.6,1,1,1,1,False
4075,3,2023-07-02,2025-03-07,High Income Segment,Poor,3k-6k,513.0,4486.25,12962.689999999999,33.5,0,3,3,3,True
4076,1,2024-08-25,2024-08-25,Low Income Segment,Exceptional,Under 3k,849.0,2877.81,2239.84,43.84,0,1,1,1,False
4078,2,2024-04-12,2025-04-11,Middle Income Segment,Poor,3k-6k,554.0,4711.5199999999995,11123.74,0.0,0,1,2,2,True
4079,1,2023-06-20,2023-06-20,Middle Income Segment,Poor,6k-10k,500.0,6170.38,1221.66,14.61,0,1,1,1,False
4080,2,2023-01-04,2023-04-16,High Income Segment,Fair,6k-10k,527.5,7472.24,15258.86,92.47,0,2,2,2,True
4081,7,2023-05-25,2024-11-19,Middle Income Segment,Poor,3k-6k,430.85714285714283,5138.262857142857,31641.69,333.6,1,3,7,7,True
4082,1,2023-10-11,2023-10-11,High Income Segment,Fair,6k-10k,666.0,9794.81,3199.91,0.0,0,1,1,1,False
4083,9,2023-05-21,2024-12-01,Middle Income Segment,Good,3k-6k,629.2222222222222,6011.570000000001,33532.01,828.08,3,3,9,9,True
4084,3,2023-09-28,2025-03-07,High Income Segment,Exceptional,6k-10k,763.6666666666666,7844.206666666666,16429.72,77.03,0,2,3,3,True
4085,2,2023-06-28,2023-08-10,High Income Segment,Poor,6k-10k,516.5,5707.79,13034.19,77.17999999999999,0,2,2,2,True
4086,5,2023-04-25,2024-12-06,High Income Segment,Poor,6k-10k,574.8,6884.428,52070.37,70.47999999999999,0,2,5,5,True
4087,3,2023-04-23,2025-01-30,High Income Segment,Poor,6k-10k,529.3333333333334,7545.240000000001,14556.09,24.51,0,2,3,3,True
4088,3,2024-06-03,2025-02-26,Low Income Segment,Exceptional,Under 3k,672.3333333333334,3923.8733333333334,22360.93,253.69,1,2,3,3,True
4089,2,2023-06-05,2023-10-01,High Income Segment,Poor,3k-6k,597.5,6424.049999999999,15447.27,0.0,0,2,2,2,True
4090,2,2023-07-24,2024-11-25,Low Income Segment,Fair,6k-10k,474.5,3957.285,23279.199999999997,212.67000000000002,1,2,2,2,True
4091,2,2023-08-21,2024-01-17,Middle Income Segment,Exceptional,3k-6k,684.5,4369.77,4010.6899999999996,6.83,0,1,2,2,True
4092,2,2023-01-07,2023-01-20,High Income Segment,Exceptional,3k-6k,768.5,6414.9800000000005,16703.67,9.44,0,2,2,2,True
4093,6,2023-08-14,2025-05-13,Middle Income Segment,Poor,6k-10k,517.3333333333334,6444.758333333334,31065.1,663.6800000000001,3,3,6,6,True
4094,4,2023-12-10,2024-01-06,High Income Segment,Fair,6k-10k,648.5,6574.52,24990.59,187.94,0,2,4,4,True
4095,2,2023-03-07,2023-09-13,Low Income Segment,Poor,3k-6k,449.0,2741.14,8873.05,62.17,0,2,2,2,True
4096,2,2023-01-06,2024-01-06,High Income Segment,Poor,6k-10k,409.0,7358.655,13211.01,0.0,0,1,2,2,True
4097,5,2023-02-14,2024-01-15,High Income Segment,Poor,6k-10k,522.2,7413.1720000000005,21949.47,372.7,0,3,5,5,True
4098,1,2023-01-24,2023-01-24,High Income Segment,Very Good,6k-10k,767.0,8432.89,2833.89,7.7,0,1,1,1,False
4099,2,2023-05-25,2023-11-10,High Income Segment,Poor,3k-6k,451.0,6200.415,13265.09,11.94,0,2,2,2,True
4101,1,2023-07-16,2023-07-16,Low Income Segment,Exceptional,Under 3k,833.0,2508.84,12838.47,50.62,0,1,1,1,False
4103,1,2023-06-05,2023-06-05,Middle Income Segment,Good,6k-10k,738.0,6455.72,7303.94,106.09,0,1,1,1,False
4104,4,2023-02-13,2024-12-04,Low Income Segment,Exceptional,3k-6k,661.25,3763.6,29174.45,169.46,0,2,4,4,True
4107,2,2024-06-30,2024-08-27,Low Income Segment,Good,3k-6k,506.5,3310.6450000000004,10685.13,38.98,0,2,2,2,True
4108,1,2024-08-31,2024-08-31,Middle Income Segment,Poor,6k-10k,524.0,6226.84,1359.26,222.25,1,1,1,1,False
4109,3,2023-07-25,2024-06-17,Middle Income Segment,Poor,6k-10k,599.0,6390.07,8141.41,173.32,0,2,3,3,True
4110,3,2023-08-13,2024-11-28,High Income Segment,Poor,3k-6k,493.6666666666667,4657.376666666667,12291.17,32.33,0,3,3,3,True
4111,1,2025-01-05,2025-01-05,High Income Segment,Poor,6k-10k,351.0,9654.76,80.06,0.0,0,1,1,1,False
4112,1,2025-02-22,2025-02-22,Middle Income Segment,Poor,3k-6k,505.0,5100.09,4383.68,0.0,0,1,1,1,False
4113,1,2024-03-11,2024-03-11,Middle Income Segment,Fair,3k-6k,653.0,4038.16,11554.17,0.0,0,1,1,1,False
4114,2,2024-05-25,2025-01-29,High Income Segment,Poor,6k-10k,635.5,8518.869999999999,14622.93,25.47,0,1,2,2,True
4116,3,2024-05-31,2025-04-18,Middle Income Segment,Poor,3k-6k,450.6666666666667,6208.453333333334,22545.19,159.66000000000003,0,2,3,3,True
4117,3,2023-05-26,2024-09-09,High Income Segment,Poor,3k-6k,517.3333333333334,4900.2733333333335,24975.21,61.6,0,3,3,3,True
4118,3,2023-12-27,2025-02-03,Middle Income Segment,Exceptional,3k-6k,678.3333333333334,3439.19,18151.260000000002,132.06,0,2,3,3,True
4119,2,2024-02-04,2025-01-24,Middle Income Segment,Exceptional,3k-6k,698.0,5510.21,1028.03,37.52,0,1,2,2,True
4120,2,2023-02-24,2024-10-21,High Income Segment,Poor,6k-10k,527.5,5118.03,18857.73,0.0,0,2,2,2,True
4121,2,2023-05-28,2023-11-14,Low Income Segment,Good,3k-6k,528.0,3085.635,11083.99,105.71,0,2,2,2,True
4122,1,2024-07-17,2024-07-17,Middle Income Segment,Very Good,6k-10k,796.0,6780.68,4191.64,205.02,1,1,1,1,False
4123,5,2023-10-02,2025-04-14,High Income Segment,Poor,6k-10k,488.0,6260.210000000001,13553.17,114.5,0,3,5,5,True
4124,4,2023-01-30,2024-09-13,Low Income Segment,Poor,Under 3k,582.5,2250.665,22914.49,65.06,0,2,4,4,True
4126,2,2023-08-16,2024-12-08,Middle Income Segment,Good,3k-6k,740.5,5182.88,11628.29,75.31,0,1,2,2,True
4127,2,2023-02-25,2024-07-31,Middle Income Segment,Exceptional,3k-6k,747.5,4522.969999999999,19296.06,18.69,0,1,2,2,True
4129,5,2023-04-17,2025-03-09,Middle Income Segment,Very Good,6k-10k,697.4,6314.0599999999995,27802.469999999998,124.1,0,2,5,5,True
4130,3,2023-01-06,2024-10-17,High Income Segment,Very Good,3k-6k,691.6666666666666,4495.2,13000.69,357.11,1,3,3,3,True
4131,2,2024-02-20,2025-01-26,Low Income Segment,Poor,3k-6k,465.5,3802.78,12096.259999999998,177.26,0,2,2,2,True
4132,1,2024-04-27,2024-04-27,High Income Segment,Very Good,6k-10k,747.0,7161.02,5721.82,0.0,0,1,1,1,False
4133,4,2023-07-20,2025-01-04,Low Income Segment,Poor,Under 3k,577.5,4005.495,32458.199999999997,46.769999999999996,0,2,4,4,True
4134,4,2023-01-29,2024-08-27,High Income Segment,Fair,6k-10k,678.75,7084.175,23755.93,63.74,0,2,4,4,True
4135,1,2024-04-24,2024-04-24,High Income Segment,Fair,6k-10k,619.0,7218.52,1924.06,0.0,0,1,1,1,False
4136,2,2024-04-19,2024-12-12,High Income Segment,Exceptional,6k-10k,767.0,5216.86,2756.11,68.12,0,2,2,2,True
4137,3,2023-02-19,2024-10-22,High Income Segment,Poor,6k-10k,620.6666666666666,6018.403333333333,21842.65,288.94,1,2,3,3,True
4138,4,2024-03-06,2025-05-04,Middle Income Segment,Good,3k-6k,648.0,6011.655,20113.95,218.73,1,2,4,4,True
4139,3,2023-08-02,2024-10-05,High Income Segment,Poor,6k-10k,596.0,6692.543333333332,15474.48,102.59,0,2,3,3,True
4140,4,2023-04-28,2025-03-27,Middle Income Segment,Fair,3k-6k,653.5,4620.6900000000005,21559.23,133.07,0,3,4,4,True
4141,1,2024-05-30,2024-05-30,Middle Income Segment,Fair,3k-6k,648.0,4549.68,4928.41,0.0,0,1,1,1,False
4142,1,2024-03-10,2024-03-10,Middle Income Segment,Very Good,3k-6k,759.0,5589.45,9763.24,104.23,0,1,1,1,False
4143,1,2024-01-08,2024-01-08,Middle Income Segment,Good,3k-6k,678.0,3957.48,2217.8,197.52,1,1,1,1,False
4144,4,2023-05-29,2024-09-15,Middle Income Segment,Fair,6k-10k,593.75,5363.685,22140.61,193.67000000000002,1,3,4,4,True
4145,3,2024-03-11,2024-12-29,Middle Income Segment,Poor,3k-6k,624.6666666666666,6613.086666666667,18552.2,264.72,1,2,3,3,True
4146,1,2023-04-04,2023-04-04,Low Income Segment,Poor,Under 3k,330.0,1910.25,13283.66,0.0,0,1,1,1,False
4147,3,2023-12-24,2025-05-11,Middle Income Segment,Fair,3k-6k,605.3333333333334,4884.176666666666,11592.69,45.11,0,2,3,3,True
4148,4,2023-09-22,2025-02-19,High Income Segment,Exceptional,6k-10k,775.75,6605.337500000001,28349.35,88.37,0,3,4,4,True
4149,1,2023-06-14,2023-06-14,Middle Income Segment,Poor,3k-6k,382.0,3658.15,2319.3,103.76,0,1,1,1,False
4150,1,2023-01-21,2023-01-21,High Income Segment,Poor,6k-10k,365.0,8811.64,650.16,36.23,0,1,1,1,False
4151,2,2024-10-09,2025-01-25,High Income Segment,Fair,6k-10k,497.5,7830.869999999999,7073.63,240.0,1,2,2,2,True
4152,1,2023-10-19,2023-10-19,Middle Income Segment,Good,3k-6k,691.0,5875.14,8656.54,193.01,1,1,1,1,False
4153,2,2023-12-09,2023-12-29,High Income Segment,Poor,3k-6k,468.5,7484.985000000001,4835.01,0.0,0,2,2,2,True
4154,1,2023-05-03,2023-05-03,High Income Segment,Poor,6k-10k,542.0,7180.5,211.28,0.0,0,1,1,1,False
4155,5,2023-06-29,2025-05-06,Low Income Segment,Poor,Under 3k,441.8,4957.201999999999,19135.83,370.76,1,2,5,5,True
4156,2,2025-01-05,2025-03-17,High Income Segment,Poor,6k-10k,673.0,8851.755000000001,3851.92,140.68,0,1,2,2,True
4157,5,2023-04-25,2024-09-09,Middle Income Segment,Poor,3k-6k,485.8,4909.768,37404.9,241.37,1,3,5,5,True
4158,2,2024-01-17,2024-03-10,Low Income Segment,Exceptional,3k-6k,664.0,3418.9449999999997,9732.84,98.67,0,2,2,2,True
4159,3,2023-02-17,2025-02-09,Middle Income Segment,Exceptional,3k-6k,698.6666666666666,4877.276666666668,13765.85,248.29000000000002,0,1,3,3,True
4160,1,2023-10-13,2023-10-13,Middle Income Segment,Very Good,3k-6k,750.0,5774.04,13889.96,0.0,0,1,1,1,False
4161,2,2023-02-09,2024-11-16,High Income Segment,Poor,3k-6k,552.0,6400.07,10840.15,42.36,0,2,2,2,True
4162,2,2024-01-16,2024-07-24,Middle Income Segment,Poor,3k-6k,430.0,4298.93,16858.33,0.36,0,1,2,2,True
4163,3,2023-05-10,2023-12-10,Low Income Segment,Fair,Under 3k,611.0,3982.273333333333,13741.34,157.86,0,2,3,3,True
4164,3,2023-08-16,2025-05-12,High Income Segment,Exceptional,6k-10k,692.3333333333334,7807.943333333334,8147.73,0.0,0,2,3,3,True
4165,1,2023-12-13,2023-12-13,Low Income Segment,Very Good,Under 3k,779.0,1081.36,6639.97,0.0,0,1,1,1,False
4166,1,2024-11-18,2024-11-18,Middle Income Segment,Very Good,3k-6k,741.0,5162.51,3661.17,0.0,0,1,1,1,False
4167,2,2023-07-11,2025-01-31,Low Income Segment,Fair,Under 3k,681.0,1871.29,21548.03,0.0,0,1,2,2,True
4168,2,2023-10-12,2024-03-22,Middle Income Segment,Poor,3k-6k,461.0,5210.71,8439.14,49.87,0,1,2,2,True
4170,4,2023-01-03,2025-03-05,High Income Segment,Exceptional,6k-10k,742.0,5169.6175,7565.37,74.86,0,2,4,4,True
4171,2,2023-12-22,2024-01-31,Low Income Segment,Poor,3k-6k,610.5,3385.0299999999997,7482.95,0.0,0,2,2,2,True
4172,1,2025-04-15,2025-04-15,Middle Income Segment,Poor,3k-6k,436.0,4198.78,15550.97,0.0,0,1,1,1,False
4173,3,2023-01-04,2023-05-09,Middle Income Segment,Poor,3k-6k,557.3333333333334,6063.69,25460.5,34.88,0,2,3,3,True
4174,5,2024-02-21,2025-03-03,Low Income Segment,Poor,6k-10k,503.2,4785.038,13112.7,39.6,0,3,5,5,True
4175,2,2023-05-04,2023-07-27,Low Income Segment,Good,6k-10k,702.5,4655.735,6552.26,0.0,0,2,2,2,True
4176,3,2023-05-02,2025-05-08,Middle Income Segment,Exceptional,3k-6k,646.3333333333334,5941.506666666665,25567.94,119.76,0,2,3,3,True
4177,4,2023-05-04,2024-03-11,Low Income Segment,Poor,6k-10k,637.25,4807.16,29156.78,325.69,1,3,4,4,True
4178,4,2023-02-05,2024-01-14,High Income Segment,Poor,6k-10k,585.25,8110.825,39574.67,13.14,0,2,4,4,True
4179,3,2023-05-20,2024-02-27,High Income Segment,Very Good,6k-10k,724.3333333333334,7518.593333333333,23134.64,171.81,0,2,3,3,True
4180,1,2023-04-15,2023-04-15,Middle Income Segment,Poor,3k-6k,473.0,3665.73,16236.32,0.0,0,1,1,1,False
4181,1,2023-03-22,2023-03-22,High Income Segment,Good,6k-10k,733.0,8990.61,9691.61,0.0,0,1,1,1,False
4182,3,2023-06-30,2025-02-10,Middle Income Segment,Poor,3k-6k,513.0,4227.883333333333,15034.07,53.099999999999994,0,1,3,3,True
4183,5,2023-06-01,2025-04-10,High Income Segment,Exceptional,3k-6k,695.0,5685.968,31146.699999999997,434.83000000000004,2,3,5,5,True
4185,5,2023-04-04,2025-03-24,Low Income Segment,Poor,6k-10k,514.2,4918.442,31277.15,79.35,0,3,5,5,True
4186,2,2024-11-29,2025-01-06,Middle Income Segment,Poor,3k-6k,561.0,3858.0,8602.61,102.68,0,1,2,2,True
4187,1,2025-04-26,2025-04-26,High Income Segment,Very Good,6k-10k,778.0,7528.48,5446.88,0.0,0,1,1,1,False
4188,2,2023-11-26,2024-03-01,High Income Segment,Exceptional,3k-6k,623.5,6646.75,15592.05,99.84,0,2,2,2,True
4190,5,2023-05-21,2025-05-02,Middle Income Segment,Poor,3k-6k,533.8,5374.147999999999,41296.52,120.6,0,2,5,5,True
4191,4,2023-05-10,2024-07-20,High Income Segment,Fair,6k-10k,541.5,6966.74,30079.89,340.3,1,2,4,4,True
4192,4,2023-07-22,2025-03-31,High Income Segment,Good,6k-10k,651.25,6363.32,18116.230000000003,115.58000000000001,0,2,4,4,True
4194,2,2023-04-09,2025-03-18,High Income Segment,Poor,6k-10k,662.5,5429.344999999999,8627.0,0.0,0,2,2,2,True
4195,3,2023-01-18,2023-02-04,Middle Income Segment,Poor,6k-10k,449.0,7205.670000000001,22740.64,165.5,0,2,3,3,True
4196,2,2023-02-21,2024-03-18,Low Income Segment,Fair,6k-10k,681.5,4048.72,4813.17,166.06,0,2,2,2,True
4197,3,2023-07-15,2025-02-22,Middle Income Segment,Fair,3k-6k,606.0,4787.963333333333,4261.89,180.12,0,1,3,3,True
4198,2,2023-04-28,2023-12-15,Low Income Segment,Poor,6k-10k,466.5,4019.905,16538.88,103.19,0,2,2,2,True
4199,4,2023-02-05,2025-01-18,High Income Segment,Exceptional,6k-10k,634.75,4972.82,5657.51,147.96,0,2,4,4,True
4200,1,2023-07-13,2023-07-13,Middle Income Segment,Poor,3k-6k,351.0,3661.91,12297.44,12.87,0,1,1,1,False
4201,7,2023-06-24,2025-02-08,High Income Segment,Poor,6k-10k,559.8571428571429,6038.075714285714,33312.42,0.0,0,3,7,7,True
4202,1,2024-01-04,2024-01-04,Low Income Segment,Poor,Under 3k,363.0,2189.58,3812.17,46.22,0,1,1,1,False
4203,2,2023-04-02,2024-10-06,Middle Income Segment,Good,3k-6k,550.5,5120.57,8187.280000000001,0.0,0,1,2,2,True
4204,1,2025-03-15,2025-03-15,Middle Income Segment,Poor,3k-6k,559.0,5836.27,14172.39,0.0,0,1,1,1,False
4205,6,2023-01-31,2025-03-19,Middle Income Segment,Poor,3k-6k,464.8333333333333,5883.3,26430.25,274.40999999999997,1,2,6,6,True
4206,2,2024-05-23,2024-11-22,Low Income Segment,Good,3k-6k,580.5,3069.8199999999997,15656.1,24.71,0,2,2,2,True
4207,1,2024-04-10,2024-04-10,High Income Segment,Good,6k-10k,718.0,9581.78,2226.92,97.85,0,1,1,1,False
4209,2,2023-02-07,2025-03-06,High Income Segment,Poor,6k-10k,450.5,4385.26,4586.0199999999995,0.0,0,2,2,2,True
4211,1,2023-04-14,2023-04-14,Middle Income Segment,Poor,3k-6k,471.0,5984.21,7402.43,0.36,0,1,1,1,False
4212,3,2023-08-03,2023-10-08,Middle Income Segment,Poor,3k-6k,556.3333333333334,5138.566666666667,19820.08,306.74,1,1,3,3,True
4213,1,2023-10-09,2023-10-09,High Income Segment,Poor,6k-10k,402.0,9222.38,7531.0,8.14,0,1,1,1,False
4214,1,2024-07-21,2024-07-21,Low Income Segment,Good,Under 3k,681.0,2869.18,3997.43,34.59,0,1,1,1,False
4215,3,2023-01-20,2023-10-08,High Income Segment,Good,6k-10k,630.0,7682.393333333333,40213.01,64.84,0,2,3,3,True
4216,4,2023-04-17,2025-02-09,Middle Income Segment,Poor,6k-10k,505.75,4922.04,25100.52,32.269999999999996,0,3,4,4,True
4217,3,2023-08-02,2025-05-14,High Income Segment,Very Good,6k-10k,650.6666666666666,6586.889999999999,15661.75,193.86,1,2,3,3,True
4218,1,2024-04-16,2024-04-16,Middle Income Segment,Poor,3k-6k,525.0,5326.62,11909.53,42.35,0,1,1,1,False
4219,1,2024-08-17,2024-08-17,Low Income Segment,Poor,Under 3k,483.0,2414.04,9706.03,0.0,0,1,1,1,False
4220,2,2023-12-08,2024-10-15,Middle Income Segment,Poor,3k-6k,485.5,3882.995,11362.869999999999,0.0,0,1,2,2,True
4221,2,2024-10-19,2025-03-11,Low Income Segment,Fair,Under 3k,651.0,1868.075,9460.29,261.18,1,1,2,2,True
4223,3,2024-03-04,2024-10-09,Middle Income Segment,Poor,3k-6k,543.6666666666666,3646.2466666666664,16337.27,233.24,1,2,3,3,True
4224,1,2024-10-24,2024-10-24,High Income Segment,Poor,6k-10k,311.0,7096.32,7705.55,0.0,0,1,1,1,False
4225,2,2024-09-20,2024-12-11,Low Income Segment,Fair,6k-10k,520.5,3730.05,14217.98,330.07,2,2,2,2,True
4226,1,2024-01-28,2024-01-28,Middle Income Segment,Very Good,6k-10k,796.0,6401.96,4501.82,0.0,0,1,1,1,False
4227,2,2024-11-04,2024-11-12,High Income Segment,Poor,3k-6k,448.0,5410.675,11103.95,0.0,0,2,2,2,True
4228,3,2024-03-29,2025-01-25,High Income Segment,Exceptional,6k-10k,673.0,7503.206666666666,8599.64,221.12,1,2,3,3,True
4229,2,2024-05-07,2025-01-26,High Income Segment,Fair,3k-6k,663.5,6778.215,7072.710000000001,28.34,0,2,2,2,True
4230,1,2023-08-30,2023-08-30,High Income Segment,Fair,6k-10k,591.0,8984.14,12759.79,26.18,0,1,1,1,False
4231,5,2023-03-23,2025-05-07,Middle Income Segment,Poor,3k-6k,649.6,4620.594,42688.28,99.8,0,3,5,5,True
4232,2,2023-07-12,2023-09-10,High Income Segment,Poor,3k-6k,385.5,6483.545,15826.849999999999,19.25,0,2,2,2,True
4233,2,2023-01-09,2023-04-27,Middle Income Segment,Poor,3k-6k,470.5,6074.94,7405.860000000001,212.41,1,1,2,2,True
4234,1,2024-09-16,2024-09-16,Middle Income Segment,Fair,3k-6k,584.0,4570.52,9726.02,197.02,1,1,1,1,False
4235,2,2023-07-27,2024-02-29,High Income Segment,Exceptional,3k-6k,579.0,5738.950000000001,7373.37,73.14,0,2,2,2,True
4236,4,2023-04-11,2025-02-20,High Income Segment,Fair,6k-10k,555.25,6445.62,5476.18,93.18,0,3,4,4,True
4237,5,2023-02-15,2025-04-24,Middle Income Segment,Poor,6k-10k,512.4,6529.766,31248.69,107.45,0,2,5,5,True
4238,5,2023-01-09,2024-10-12,Middle Income Segment,Good,3k-6k,700.2,4899.226000000001,44219.590000000004,183.05,0,2,5,5,True
4239,7,2023-12-08,2025-02-26,High Income Segment,Poor,6k-10k,501.7142857142857,6654.800000000001,74476.24,61.5,0,3,7,7,True
4240,6,2023-01-16,2025-01-26,High Income Segment,Poor,6k-10k,634.5,6504.875,47120.18,190.19,0,3,6,6,True
4241,2,2024-10-19,2025-01-21,High Income Segment,Poor,3k-6k,648.0,6837.025,8763.52,32.31,0,2,2,2,True
4242,1,2023-11-26,2023-11-26,Middle Income Segment,Poor,3k-6k,430.0,4811.89,7594.53,37.54,0,1,1,1,False
4243,4,2023-08-28,2025-01-22,Middle Income Segment,Exceptional,3k-6k,643.25,5196.6175,35738.75,312.04,1,3,4,4,True
4244,2,2023-05-17,2024-02-18,Low Income Segment,Poor,6k-10k,548.0,4485.57,1196.3600000000001,119.74,0,2,2,2,True
4245,1,2024-01-20,2024-01-20,Low Income Segment,Exceptional,Under 3k,833.0,2046.69,9240.05,82.69,0,1,1,1,False
4246,1,2024-07-17,2024-07-17,High Income Segment,Exceptional,6k-10k,843.0,9049.56,9714.43,5.99,0,1,1,1,False
4247,4,2023-06-26,2024-10-08,Middle Income Segment,Fair,3k-6k,661.5,5667.025,25778.0,37.269999999999996,0,1,4,4,True
4249,2,2023-07-15,2023-12-09,Middle Income Segment,Poor,3k-6k,431.0,3690.185,18140.57,321.63,1,1,2,2,True
4250,1,2023-02-27,2023-02-27,High Income Segment,Poor,6k-10k,329.0,7501.38,5128.65,60.16,0,1,1,1,False
4251,3,2024-01-02,2024-06-03,Middle Income Segment,Poor,6k-10k,608.6666666666666,6581.106666666667,21743.8,160.35000000000002,0,2,3,3,True
4252,2,2023-10-10,2024-05-08,High Income Segment,Good,3k-6k,737.5,5706.025,10448.38,33.13,0,2,2,2,True
4253,3,2024-06-17,2025-03-20,High Income Segment,Poor,3k-6k,548.3333333333334,4857.496666666667,6331.3,73.46000000000001,0,3,3,3,True
4255,5,2023-04-21,2025-03-20,Middle Income Segment,Poor,6k-10k,542.8,6248.718,17124.09,42.76,0,2,5,5,True
4257,4,2023-03-27,2025-05-08,Middle Income Segment,Poor,3k-6k,447.0,4910.6425,22337.32,63.209999999999994,0,3,4,4,True
4258,5,2024-02-05,2025-02-22,Low Income Segment,Exceptional,Under 3k,681.0,3605.38,32730.89,389.46000000000004,1,3,5,5,True
4259,4,2023-02-01,2024-11-30,Middle Income Segment,Poor,6k-10k,529.0,7059.8,17862.54,0.0,0,2,4,4,True
4260,4,2023-03-04,2025-04-08,Middle Income Segment,Poor,6k-10k,511.5,5597.6975,14975.37,321.52,1,3,4,4,True
4261,2,2023-02-10,2023-09-10,Middle Income Segment,Fair,3k-6k,487.0,3325.55,14922.41,39.71,0,1,2,2,True
4262,4,2023-01-04,2025-02-09,Low Income Segment,Poor,Under 3k,639.25,3572.405,12771.279999999999,387.70000000000005,1,3,4,4,True
4264,3,2023-02-10,2023-11-20,Middle Income Segment,Poor,3k-6k,459.0,2833.8033333333333,18410.36,36.37,0,2,3,3,True
4266,3,2023-07-02,2024-08-23,Middle Income Segment,Very Good,3k-6k,759.3333333333334,5426.993333333333,4918.8099999999995,93.2,0,2,3,3,True
4267,3,2024-12-30,2025-05-14,High Income Segment,Poor,6k-10k,476.0,7908.063333333333,11924.53,110.56,0,2,3,3,True
4269,2,2023-01-14,2024-03-06,High Income Segment,Poor,6k-10k,340.5,5197.93,5955.679999999999,32.75,0,2,2,2,True
4270,1,2023-08-27,2023-08-27,Low Income Segment,Poor,Under 3k,321.0,1713.0,7261.05,11.24,0,1,1,1,False
4271,3,2023-07-24,2024-06-03,Middle Income Segment,Poor,3k-6k,378.6666666666667,4149.42,10560.25,0.0,0,2,3,3,True
4272,1,2024-07-12,2024-07-12,High Income Segment,Very Good,6k-10k,742.0,7260.32,7514.27,129.27,0,1,1,1,False
4273,5,2023-02-08,2024-10-23,Middle Income Segment,Exceptional,3k-6k,686.0,5044.532,26265.18,116.75,0,3,5,5,True
4274,1,2023-05-11,2023-05-11,High Income Segment,Fair,6k-10k,610.0,8654.08,10328.13,54.04,0,1,1,1,False
4275,3,2023-06-24,2024-11-25,Middle Income Segment,Poor,6k-10k,503.3333333333333,7210.686666666667,27726.5,255.15,1,2,3,3,True
4276,4,2023-03-01,2025-01-21,Middle Income Segment,Poor,3k-6k,631.5,6310.435,16041.92,195.13,0,2,4,4,True
4277,2,2024-02-15,2024-05-03,Low Income Segment,Poor,3k-6k,430.5,2671.855,19736.03,247.17,1,2,2,2,True
4278,2,2023-07-17,2023-08-06,High Income Segment,Poor,6k-10k,422.5,7665.175,22176.050000000003,86.54,0,1,2,2,True
4279,1,2024-01-03,2024-01-03,Middle Income Segment,Poor,3k-6k,470.0,4465.21,8315.5,88.08,0,1,1,1,False
4280,3,2023-02-01,2025-05-11,High Income Segment,Fair,6k-10k,655.3333333333334,6617.28,16618.67,87.11,0,2,3,3,True
4281,4,2023-05-12,2024-06-22,Low Income Segment,Poor,Under 3k,469.0,2116.42,19166.31,63.03,0,2,4,4,True
4283,4,2023-03-17,2025-04-06,Low Income Segment,Very Good,Under 3k,766.0,2344.25,18785.19,218.15999999999997,0,2,4,4,True
4284,1,2024-06-17,2024-06-17,High Income Segment,Poor,6k-10k,352.0,8573.99,9129.01,70.01,0,1,1,1,False
4285,5,2023-01-22,2025-05-20,Middle Income Segment,Poor,3k-6k,554.2,3311.374,14004.66,0.0,0,2,5,5,True
4288,1,2024-03-08,2024-03-08,High Income Segment,Exceptional,6k-10k,832.0,8419.35,3630.96,0.0,0,1,1,1,False
4289,1,2024-02-25,2024-02-25,High Income Segment,Exceptional,6k-10k,834.0,9801.71,11321.12,42.9,0,1,1,1,False
4290,2,2023-06-30,2024-10-05,Low Income Segment,Poor,3k-6k,489.0,3637.355,10076.55,43.27,0,2,2,2,True
4291,7,2023-01-12,2024-05-22,High Income Segment,Poor,6k-10k,557.1428571428571,7833.077142857143,35428.63,46.36,0,2,7,7,True
4292,2,2023-07-30,2023-08-21,High Income Segment,Exceptional,6k-10k,639.0,5076.85,16508.52,138.09,0,2,2,2,True
4293,2,2023-05-07,2024-08-08,Low Income Segment,Fair,Under 3k,539.0,1660.2649999999999,19173.96,0.0,0,1,2,2,True
4294,2,2023-01-11,2023-12-22,High Income Segment,Exceptional,3k-6k,673.0,7261.885,4071.9700000000003,131.36,0,2,2,2,True
4295,1,2024-09-11,2024-09-11,Low Income Segment,Poor,Under 3k,304.0,2008.37,2726.53,1.29,0,1,1,1,False
4296,2,2023-07-19,2024-10-26,Middle Income Segment,Exceptional,3k-6k,834.0,5656.16,3333.7000000000003,71.94,0,1,2,2,True
4297,2,2023-04-01,2023-10-15,Middle Income Segment,Exceptional,3k-6k,731.0,4762.97,8283.609999999999,46.22,0,1,2,2,True
4299,3,2023-03-27,2024-09-22,Middle Income Segment,Exceptional,3k-6k,634.0,4102.373333333333,11639.630000000001,11.57,0,2,3,3,True
4300,4,2023-08-10,2025-02-17,High Income Segment,Fair,6k-10k,617.0,5073.5775,28317.35,151.9,0,3,4,4,True
4301,3,2023-06-20,2025-01-13,Middle Income Segment,Exceptional,3k-6k,716.3333333333334,3621.1766666666663,31431.46,207.98,1,2,3,3,True
4302,3,2023-01-02,2025-01-10,Middle Income Segment,Poor,3k-6k,407.0,6375.546666666666,16334.67,75.02,0,2,3,3,True
4303,1,2023-01-15,2023-01-15,Middle Income Segment,Fair,6k-10k,614.0,6051.37,205.22,0.0,0,1,1,1,False
4304,1,2023-07-23,2023-07-23,Middle Income Segment,Poor,3k-6k,322.0,4683.03,8893.82,139.96,0,1,1,1,False
4305,2,2023-02-02,2023-03-28,High Income Segment,Fair,6k-10k,668.0,5709.025,13238.619999999999,290.46,1,2,2,2,True
4306,2,2024-03-30,2025-02-27,High Income Segment,Fair,6k-10k,499.0,4444.474999999999,6763.21,0.0,0,2,2,2,True
4307,4,2023-10-07,2025-01-17,High Income Segment,Very Good,3k-6k,697.25,5561.195000000001,16782.52,110.64,0,2,4,4,True
4308,2,2023-01-31,2024-08-06,High Income Segment,Poor,6k-10k,392.0,8288.15,13508.3,73.96,0,1,2,2,True
4309,4,2023-05-27,2025-05-18,High Income Segment,Exceptional,6k-10k,675.75,6688.655000000001,17135.899999999998,64.0,0,3,4,4,True
4310,4,2023-01-24,2024-07-27,Middle Income Segment,Good,3k-6k,598.0,6534.9025,8709.14,129.19,0,2,4,4,True
4311,3,2023-07-30,2025-05-09,High Income Segment,Good,6k-10k,631.0,7272.033333333333,17790.25,64.46,0,2,3,3,True
4312,3,2023-04-18,2024-11-24,High Income Segment,Poor,6k-10k,540.6666666666666,5650.256666666667,20420.71,65.56,0,3,3,3,True
4313,1,2023-05-01,2023-05-01,Middle Income Segment,Poor,3k-6k,421.0,4870.74,3112.02,0.0,0,1,1,1,False
4314,1,2024-07-03,2024-07-03,High Income Segment,Poor,6k-10k,540.0,8699.28,2165.27,0.0,0,1,1,1,False
4317,4,2023-03-03,2024-10-18,Middle Income Segment,Fair,3k-6k,599.0,5185.360000000001,11788.93,46.19,0,2,4,4,True
4318,2,2023-08-15,2024-08-27,Middle Income Segment,Exceptional,3k-6k,582.5,4507.08,5067.24,15.91,0,1,2,2,True
4319,2,2024-07-06,2025-02-17,Middle Income Segment,Poor,3k-6k,641.0,5146.014999999999,16177.43,218.09,1,1,2,2,True
4320,2,2024-03-03,2024-05-19,High Income Segment,Poor,6k-10k,541.0,8875.4,20832.629999999997,66.08,0,1,2,2,True
4321,1,2023-11-05,2023-11-05,High Income Segment,Fair,6k-10k,659.0,8096.74,1678.92,0.0,0,1,1,1,False
4322,1,2024-06-09,2024-06-09,Middle Income Segment,Poor,3k-6k,308.0,4043.73,297.57,31.07,0,1,1,1,False
4323,3,2023-09-01,2025-01-20,High Income Segment,Fair,6k-10k,625.6666666666666,5791.259999999999,1930.43,0.0,0,3,3,3,True
4324,5,2023-06-03,2024-01-24,Middle Income Segment,Good,3k-6k,682.2,5336.320000000001,20284.97,227.37,0,3,5,5,True
4325,2,2023-06-17,2025-05-17,Low Income Segment,Good,Under 3k,595.0,2364.54,5099.12,232.95999999999998,1,1,2,2,True
4326,3,2023-06-04,2025-04-14,High Income Segment,Good,6k-10k,665.6666666666666,6734.95,22639.66,188.79999999999998,1,2,3,3,True
4327,2,2023-10-07,2024-08-23,High Income Segment,Fair,3k-6k,702.5,6689.5650000000005,11729.880000000001,113.94,0,2,2,2,True
4328,1,2023-10-16,2023-10-16,Middle Income Segment,Fair,3k-6k,649.0,5759.21,4148.37,66.06,0,1,1,1,False
4329,1,2023-12-25,2023-12-25,Low Income Segment,Very Good,Under 3k,767.0,1166.89,3539.53,0.0,0,1,1,1,False
4330,3,2023-06-15,2025-03-14,High Income Segment,Exceptional,6k-10k,713.0,7276.186666666666,16324.41,52.55,0,2,3,3,True
4331,4,2023-01-02,2025-04-07,Low Income Segment,Fair,Under 3k,637.75,4339.38,15354.82,380.36,1,2,4,4,True
4332,2,2023-04-20,2024-02-15,Low Income Segment,Fair,6k-10k,576.5,3687.3900000000003,14003.3,240.5,1,2,2,2,True
4333,2,2023-10-09,2023-10-17,Low Income Segment,Exceptional,6k-10k,568.5,3723.6949999999997,9600.82,33.2,0,2,2,2,True
4335,2,2024-01-24,2024-02-12,Low Income Segment,Poor,Under 3k,672.0,2910.59,14639.609999999999,17.13,0,1,2,2,True
4336,3,2023-05-30,2024-09-12,High Income Segment,Fair,3k-6k,595.0,4199.013333333333,16919.489999999998,201.39,1,3,3,3,True
4337,1,2023-05-12,2023-05-12,Middle Income Segment,Good,3k-6k,702.0,5577.92,344.18,53.21,0,1,1,1,False
4338,2,2024-02-06,2025-05-07,Middle Income Segment,Poor,3k-6k,527.0,5147.76,12701.89,48.45,0,1,2,2,True
4339,2,2023-01-07,2024-06-08,High Income Segment,Poor,6k-10k,400.5,7938.03,14165.28,120.27,0,1,2,2,True
4340,4,2024-05-18,2025-01-09,Middle Income Segment,Poor,6k-10k,653.75,5431.645,14764.2,119.44999999999999,0,3,4,4,True
4341,1,2023-08-29,2023-08-29,Low Income Segment,Very Good,Under 3k,743.0,2423.01,12237.39,89.7,0,1,1,1,False
4342,5,2023-05-31,2024-09-17,Middle Income Segment,Poor,6k-10k,604.8,7013.656,31678.910000000003,392.44,2,2,5,5,True
4343,4,2024-03-01,2024-10-09,High Income Segment,Poor,6k-10k,536.0,8063.599999999999,4047.7599999999998,207.96,1,2,4,4,True
4344,1,2023-01-23,2023-01-23,Low Income Segment,Poor,Under 3k,447.0,1460.05,2922.14,55.11,0,1,1,1,False
4345,5,2023-06-21,2023-11-24,Middle Income Segment,Poor,3k-6k,629.2,6006.4220000000005,36638.7,325.49,1,2,5,5,True
4346,4,2023-07-08,2025-03-29,High Income Segment,Exceptional,3k-6k,775.75,6909.1675,27940.89,74.14,0,2,4,4,True
4347,2,2023-12-12,2025-03-13,Low Income Segment,Poor,3k-6k,398.0,3090.57,2781.4,0.0,0,2,2,2,True
4348,2,2023-11-10,2025-05-04,Middle Income Segment,Fair,3k-6k,683.0,5271.0599999999995,6953.52,93.55,0,1,2,2,True
4349,2,2023-10-07,2025-01-03,High Income Segment,Poor,6k-10k,473.0,7675.994999999999,15187.13,168.83,1,2,2,2,True
4350,1,2024-06-07,2024-06-07,High Income Segment,Fair,6k-10k,612.0,7718.95,7921.4,291.61,1,1,1,1,False
4351,1,2025-03-03,2025-03-03,High Income Segment,Fair,6k-10k,668.0,9220.39,6187.19,50.44,0,1,1,1,False
4352,1,2023-04-09,2023-04-09,High Income Segment,Fair,6k-10k,597.0,8580.09,2872.66,0.0,0,1,1,1,False
4354,3,2023-02-27,2024-05-03,High Income Segment,Poor,3k-6k,558.6666666666666,5217.356666666667,19087.36,203.11,1,3,3,3,True
4355,2,2023-09-21,2024-03-01,High Income Segment,Poor,3k-6k,468.5,7455.34,2648.5600000000004,87.86,0,2,2,2,True
4356,2,2023-11-07,2025-01-16,High Income Segment,Poor,3k-6k,535.5,6347.185,13740.529999999999,4.67,0,2,2,2,True
4357,2,2023-12-20,2024-03-08,Middle Income Segment,Poor,3k-6k,389.0,4530.15,15110.11,108.92,0,1,2,2,True
4358,6,2023-03-08,2025-02-04,Middle Income Segment,Poor,3k-6k,537.6666666666666,5519.665,42452.76,103.22999999999999,0,2,6,6,True
4359,3,2023-03-27,2024-10-28,Middle Income Segment,Fair,3k-6k,618.3333333333334,4420.086666666667,9379.86,185.44,1,1,3,3,True
4360,3,2023-07-28,2025-02-05,High Income Segment,Poor,6k-10k,459.6666666666667,7000.583333333333,11379.84,167.28,0,2,3,3,True
4361,3,2023-04-17,2024-08-29,High Income Segment,Fair,6k-10k,589.3333333333334,7978.336666666667,29511.089999999997,76.82000000000001,0,2,3,3,True
4363,2,2023-06-01,2024-09-12,High Income Segment,Poor,6k-10k,569.0,5265.285,13160.740000000002,0.0,0,2,2,2,True
4364,3,2023-01-27,2024-12-05,High Income Segment,Poor,6k-10k,542.0,6219.906666666667,13142.24,536.48,2,3,3,3,True
4365,2,2023-10-29,2024-01-07,High Income Segment,Poor,6k-10k,483.5,4856.15,8726.460000000001,15.79,0,2,2,2,True
4366,1,2023-08-23,2023-08-23,High Income Segment,Fair,6k-10k,606.0,7412.56,7451.66,188.39,1,1,1,1,False
4367,3,2023-10-02,2025-04-29,Middle Income Segment,Fair,3k-6k,706.0,6146.303333333333,28011.54,316.39,1,2,3,3,True
4368,3,2023-01-18,2024-03-15,Middle Income Segment,Fair,6k-10k,539.0,6077.0199999999995,18591.690000000002,0.0,0,1,3,3,True
4369,1,2023-03-20,2023-03-20,Low Income Segment,Poor,Under 3k,322.0,1668.38,7899.39,47.32,0,1,1,1,False
4370,3,2023-02-14,2025-05-20,Low Income Segment,Poor,Under 3k,536.6666666666666,3074.5499999999997,9242.460000000001,118.13,0,2,3,3,True
4371,2,2024-12-12,2025-01-21,Low Income Segment,Poor,3k-6k,545.5,3190.3900000000003,4230.35,83.74,0,2,2,2,True
4372,1,2023-06-06,2023-06-06,High Income Segment,Poor,6k-10k,363.0,7842.92,8313.49,0.0,0,1,1,1,False
4373,3,2023-04-25,2024-10-27,Middle Income Segment,Fair,3k-6k,682.3333333333334,4564.693333333334,31780.68,142.9,0,1,3,3,True
4374,5,2024-06-08,2025-04-17,Middle Income Segment,Good,3k-6k,650.8,3522.6879999999996,15996.380000000001,166.29,0,2,5,5,True
4375,1,2023-04-03,2023-04-03,Middle Income Segment,Poor,3k-6k,452.0,5154.33,2491.51,0.0,0,1,1,1,False
4376,3,2023-03-16,2025-03-09,Middle Income Segment,Good,3k-6k,655.3333333333334,3362.943333333333,6833.1900000000005,198.86,1,2,3,3,True
4377,3,2024-04-28,2024-10-10,Low Income Segment,Good,Under 3k,604.3333333333334,2329.3166666666666,12739.189999999999,0.0,0,2,3,3,True
4378,1,2023-11-25,2023-11-25,High Income Segment,Fair,6k-10k,600.0,8789.32,10360.48,0.0,0,1,1,1,False
4379,1,2024-04-28,2024-04-28,Middle Income Segment,Fair,6k-10k,613.0,6414.0,4614.9,0.0,0,1,1,1,False
4380,2,2024-06-27,2024-07-01,High Income Segment,Exceptional,3k-6k,819.0,6475.049999999999,8351.67,68.44,0,2,2,2,True
4381,3,2023-05-24,2024-10-25,High Income Segment,Poor,3k-6k,507.0,5312.266666666667,13605.92,50.75,0,3,3,3,True
4382,1,2024-01-06,2024-01-06,Low Income Segment,Exceptional,Under 3k,827.0,2475.83,6404.68,0.0,0,1,1,1,False
4384,3,2023-09-19,2025-05-08,Middle Income Segment,Exceptional,3k-6k,785.0,4209.513333333333,9780.54,100.39,0,2,3,3,True
4385,4,2023-05-05,2024-10-11,Middle Income Segment,Poor,3k-6k,628.0,6010.3475,19899.55,133.06,0,2,4,4,True
4388,1,2024-06-04,2024-06-04,High Income Segment,Very Good,6k-10k,745.0,8730.79,5854.28,205.55,1,1,1,1,False
4389,4,2023-02-17,2025-05-02,Middle Income Segment,Poor,3k-6k,608.5,5788.71,31257.34,353.12,1,2,4,4,True
4390,3,2023-09-20,2024-05-29,High Income Segment,Fair,6k-10k,583.6666666666666,6289.62,13008.42,24.67,0,2,3,3,True
4391,4,2023-08-19,2024-12-16,High Income Segment,Exceptional,6k-10k,696.25,7181.0575,21663.25,241.37,1,2,4,4,True
4392,2,2023-01-02,2023-12-13,Middle Income Segment,Fair,3k-6k,544.5,5630.99,1942.4399999999998,111.91,0,1,2,2,True
4393,1,2024-10-07,2024-10-07,High Income Segment,Poor,6k-10k,509.0,7063.87,9024.44,48.22,0,1,1,1,False
4394,1,2025-04-06,2025-04-06,Middle Income Segment,Good,3k-6k,696.0,3184.88,2968.36,45.51,0,1,1,1,False
4395,4,2023-03-22,2025-01-24,High Income Segment,Good,3k-6k,595.5,6976.3475,24782.010000000002,94.66,0,2,4,4,True
4397,1,2023-06-17,2023-06-17,Low Income Segment,Poor,Under 3k,332.0,2329.08,9275.56,0.0,0,1,1,1,False
4398,2,2023-11-13,2025-05-20,High Income Segment,Poor,6k-10k,595.0,9199.619999999999,14074.080000000002,76.37,0,1,2,2,True
4399,2,2023-06-25,2023-10-04,Low Income Segment,Exceptional,3k-6k,738.5,2312.145,5697.16,0.0,0,2,2,2,True
4400,2,2023-08-09,2025-02-15,Middle Income Segment,Poor,3k-6k,373.5,5842.17,19302.53,176.99,1,1,2,2,True
4401,2,2023-06-02,2023-09-20,Middle Income Segment,Good,3k-6k,732.0,4045.4399999999996,9588.8,0.0,0,1,2,2,True
4403,2,2023-08-02,2024-08-23,High Income Segment,Poor,3k-6k,349.5,7022.1050000000005,4957.259999999999,24.53,0,2,2,2,True
4404,1,2023-08-14,2023-08-14,High Income Segment,Poor,6k-10k,505.0,9145.24,2851.07,0.0,0,1,1,1,False
4405,1,2024-07-26,2024-07-26,Middle Income Segment,Poor,3k-6k,541.0,5414.68,9224.51,33.98,0,1,1,1,False
4406,5,2023-06-01,2024-09-19,High Income Segment,Poor,6k-10k,530.0,5270.864,19738.41,74.86,0,3,5,5,True
4407,4,2023-07-15,2024-03-04,High Income Segment,Poor,6k-10k,586.75,5920.71,23190.1,143.3,0,3,4,4,True
4408,3,2023-04-25,2024-06-14,Middle Income Segment,Poor,3k-6k,493.3333333333333,5853.593333333333,24461.39,30.4,0,2,3,3,True
4409,1,2025-01-28,2025-01-28,Middle Income Segment,Poor,6k-10k,346.0,6932.17,2386.95,0.0,0,1,1,1,False
4411,4,2023-04-09,2025-05-02,Low Income Segment,Poor,Under 3k,523.25,5204.2525000000005,32887.8,67.05,0,3,4,4,True
4412,4,2023-04-06,2024-10-11,Middle Income Segment,Poor,6k-10k,542.75,4971.195,13062.130000000001,165.84,1,3,4,4,True
4413,3,2023-01-16,2024-08-14,High Income Segment,Exceptional,6k-10k,701.0,6155.25,27598.65,108.67999999999999,0,2,3,3,True
4414,4,2024-06-04,2025-04-17,Low Income Segment,Fair,Under 3k,645.0,4120.1025,27235.87,46.07,0,3,4,4,True
4415,3,2024-06-28,2024-12-05,High Income Segment,Exceptional,6k-10k,611.6666666666666,5701.13,23546.74,263.65,1,2,3,3,True
4416,2,2024-06-21,2025-01-15,Low Income Segment,Poor,6k-10k,650.5,3860.63,7998.8099999999995,233.91,1,2,2,2,True
4417,2,2025-03-07,2025-05-01,Low Income Segment,Poor,3k-6k,556.0,2545.365,14611.75,17.82,0,2,2,2,True
4419,2,2024-10-06,2025-04-17,High Income Segment,Poor,3k-6k,450.0,5718.975,10151.09,0.0,0,2,2,2,True
4420,4,2023-01-20,2024-11-04,Middle Income Segment,Very Good,3k-6k,665.5,5066.68,35192.45,116.36999999999999,0,3,4,4,True
4421,1,2024-05-01,2024-05-01,Middle Income Segment,Poor,3k-6k,576.0,3755.58,10888.33,42.8,0,1,1,1,False
4422,1,2024-09-19,2024-09-19,High Income Segment,Good,6k-10k,731.0,9536.32,5672.98,0.0,0,1,1,1,False
4423,3,2023-02-19,2024-12-06,High Income Segment,Good,6k-10k,680.3333333333334,6120.44,13872.490000000002,210.22,1,3,3,3,True
4424,3,2024-07-11,2025-03-31,High Income Segment,Poor,6k-10k,469.3333333333333,6789.616666666666,5742.01,224.91,1,2,3,3,True
4426,2,2024-08-07,2025-04-05,Middle Income Segment,Fair,3k-6k,583.5,5787.385,7737.9400000000005,38.67,0,1,2,2,True
4427,2,2023-02-15,2024-02-20,Low Income Segment,Fair,3k-6k,645.0,3517.595,19261.45,81.11,0,2,2,2,True
4428,2,2024-06-09,2025-01-20,High Income Segment,Poor,6k-10k,440.0,8156.215,15574.14,0.0,0,2,2,2,True
4429,1,2024-01-18,2024-01-18,Middle Income Segment,Poor,3k-6k,334.0,5930.4,1859.22,24.72,0,1,1,1,False
4430,2,2023-05-14,2025-01-06,High Income Segment,Exceptional,6k-10k,846.0,5598.56,6824.93,202.48,1,2,2,2,True
4431,1,2023-12-24,2023-12-24,Middle Income Segment,Poor,6k-10k,304.0,6252.93,6486.93,0.0,0,1,1,1,False
4432,3,2023-09-12,2024-08-29,Middle Income Segment,Poor,3k-6k,594.3333333333334,5539.526666666668,11734.849999999999,59.86,0,1,3,3,True
4433,2,2023-06-20,2024-10-24,Low Income Segment,Fair,6k-10k,680.5,3938.395,12842.939999999999,14.12,0,2,2,2,True
4434,1,2023-09-21,2023-09-21,Middle Income Segment,Poor,3k-6k,523.0,3174.78,1951.71,4.28,0,1,1,1,False
4435,3,2023-06-23,2023-08-04,High Income Segment,Poor,6k-10k,546.3333333333334,7198.866666666666,22270.920000000002,187.06,1,2,3,3,True
4436,3,2023-03-16,2025-02-08,Middle Income Segment,Exceptional,3k-6k,732.0,5190.933333333333,11103.890000000001,295.05,1,1,3,3,True
4437,1,2023-11-10,2023-11-10,Middle Income Segment,Very Good,3k-6k,798.0,5555.44,10305.84,81.41,0,1,1,1,False
4439,3,2023-02-20,2024-11-22,Middle Income Segment,Very Good,3k-6k,640.3333333333334,5108.87,14886.06,99.72,0,2,3,3,True
4440,3,2023-02-01,2025-05-02,High Income Segment,Fair,3k-6k,566.0,4565.133333333333,14924.69,148.5,1,3,3,3,True
4442,1,2024-12-07,2024-12-07,Low Income Segment,Very Good,Under 3k,799.0,2884.03,338.35,0.0,0,1,1,1,False
4443,1,2023-08-07,2023-08-07,Middle Income Segment,Poor,3k-6k,371.0,3524.89,2026.3,0.0,0,1,1,1,False
4444,2,2024-08-30,2024-09-25,Middle Income Segment,Fair,3k-6k,604.0,4774.115,6937.36,90.18,0,1,2,2,True
4445,1,2024-04-22,2024-04-22,High Income Segment,Exceptional,6k-10k,843.0,8386.16,3590.4,88.82,0,1,1,1,False
4446,4,2023-10-17,2025-03-15,High Income Segment,Poor,6k-10k,591.0,5894.7475,18224.41,44.04,0,3,4,4,True
4447,2,2023-03-02,2023-04-17,High Income Segment,Very Good,6k-10k,785.5,7862.83,11207.79,0.0,0,1,2,2,True
4449,1,2023-10-18,2023-10-18,Middle Income Segment,Poor,3k-6k,382.0,4910.45,5722.44,0.0,0,1,1,1,False
4450,2,2023-01-09,2023-11-23,Middle Income Segment,Fair,3k-6k,677.5,3334.37,10046.289999999999,25.64,0,1,2,2,True
4451,2,2024-01-24,2024-05-22,Middle Income Segment,Good,3k-6k,728.0,5445.15,4237.6,66.88,0,1,2,2,True
4452,3,2023-03-28,2024-01-13,Middle Income Segment,Exceptional,3k-6k,652.6666666666666,3136.8633333333332,9865.34,101.8,0,2,3,3,True
4453,3,2024-04-17,2025-04-10,Middle Income Segment,Poor,3k-6k,547.6666666666666,5568.176666666666,8787.150000000001,2.4,0,2,3,3,True
4454,3,2024-09-08,2024-11-30,Middle Income Segment,Poor,6k-10k,587.6666666666666,7224.316666666666,14358.9,94.76,0,2,3,3,True
4456,2,2024-03-03,2025-04-01,High Income Segment,Good,6k-10k,616.0,5855.045,9595.94,45.05,0,2,2,2,True
4457,3,2023-02-13,2024-08-14,Middle Income Segment,Poor,3k-6k,374.3333333333333,4841.876666666666,11843.850000000002,84.37,0,2,3,3,True
4458,2,2023-08-17,2024-08-26,High Income Segment,Fair,3k-6k,557.5,7332.59,4302.73,0.0,0,2,2,2,True
4459,2,2023-02-19,2025-05-09,High Income Segment,Poor,6k-10k,373.0,7318.395,24398.97,6.9,0,2,2,2,True
4460,3,2023-02-06,2024-11-23,High Income Segment,Poor,6k-10k,567.3333333333334,8236.066666666668,12250.41,31.79,0,1,3,3,True
4461,1,2023-10-22,2023-10-22,High Income Segment,Fair,6k-10k,654.0,8717.43,2583.75,0.0,0,1,1,1,False
4462,4,2023-10-06,2025-04-30,High Income Segment,Poor,6k-10k,500.75,7548.2325,19487.92,372.39,1,2,4,4,True
4464,3,2023-12-12,2025-03-07,Middle Income Segment,Good,3k-6k,680.6666666666666,5262.133333333333,16393.440000000002,47.68,0,1,3,3,True
4465,3,2023-01-13,2025-03-29,Middle Income Segment,Exceptional,6k-10k,591.3333333333334,6518.47,16613.739999999998,47.57,0,2,3,3,True
4466,4,2023-12-07,2025-03-05,Middle Income Segment,Very Good,3k-6k,678.25,5224.3025,12542.18,44.2,0,3,4,4,True
4467,2,2023-01-20,2025-01-12,High Income Segment,Poor,3k-6k,539.5,7560.955,8131.88,197.7,0,2,2,2,True
4468,1,2023-07-31,2023-07-31,Middle Income Segment,Poor,3k-6k,321.0,4744.37,2902.07,207.58,1,1,1,1,False
4469,1,2024-08-10,2024-08-10,Low Income Segment,Poor,Under 3k,428.0,2110.53,12772.49,0.0,0,1,1,1,False
4471,1,2024-08-11,2024-08-11,Middle Income Segment,Good,3k-6k,715.0,5752.43,6320.71,22.47,0,1,1,1,False
4472,3,2025-01-01,2025-05-01,High Income Segment,Poor,6k-10k,469.0,7388.496666666666,22011.64,302.84000000000003,1,2,3,3,True
4475,2,2023-02-22,2023-11-23,High Income Segment,Exceptional,6k-10k,628.5,6991.89,12043.73,35.24,0,2,2,2,True
4476,3,2023-10-03,2024-02-17,High Income Segment,Very Good,6k-10k,756.0,5777.583333333333,11679.48,5.35,0,3,3,3,True
4477,4,2023-02-01,2024-09-04,High Income Segment,Poor,6k-10k,497.75,5511.35,23091.940000000002,43.99,0,3,4,4,True
4478,1,2023-01-09,2023-01-09,Low Income Segment,Poor,Under 3k,515.0,2438.96,4608.74,0.0,0,1,1,1,False
4479,1,2024-09-26,2024-09-26,Low Income Segment,Good,Under 3k,728.0,1943.28,9277.25,36.67,0,1,1,1,False
4480,2,2023-03-06,2025-02-21,High Income Segment,Good,6k-10k,540.5,4851.150000000001,6314.43,78.58,0,2,2,2,True
4481,1,2023-01-31,2023-01-31,High Income Segment,Poor,6k-10k,344.0,8841.63,10712.84,0.0,0,1,1,1,False
4483,5,2023-04-15,2024-09-06,High Income Segment,Poor,6k-10k,572.2,6723.676000000001,21441.260000000002,312.84,1,2,5,5,True
4484,2,2023-11-06,2025-02-22,High Income Segment,Fair,6k-10k,660.5,7958.219999999999,4040.54,9.66,0,2,2,2,True
4485,1,2024-12-09,2024-12-09,Middle Income Segment,Good,3k-6k,723.0,4199.98,8110.05,208.94,1,1,1,1,False
4486,3,2023-06-01,2024-01-01,Low Income Segment,Fair,Under 3k,601.0,4184.926666666667,18713.29,63.580000000000005,0,2,3,3,True
4487,2,2024-01-29,2024-08-29,High Income Segment,Very Good,3k-6k,779.0,7161.22,23677.18,0.0,0,2,2,2,True
4489,3,2023-06-19,2024-12-11,Middle Income Segment,Exceptional,3k-6k,633.3333333333334,4425.446666666667,21151.32,0.0,0,2,3,3,True
4490,8,2023-04-05,2024-09-17,High Income Segment,Fair,6k-10k,610.125,5773.16875,49021.0,213.77,0,3,8,8,True
4491,4,2023-03-16,2025-04-04,Low Income Segment,Poor,Under 3k,454.0,4312.645,19841.79,188.13,0,3,4,4,True
4493,2,2024-02-20,2025-03-19,Middle Income Segment,Fair,3k-6k,588.5,3375.38,14028.11,21.45,0,1,2,2,True
4494,1,2024-10-18,2024-10-18,High Income Segment,Poor,6k-10k,539.0,9379.89,1884.33,0.0,0,1,1,1,False
4495,2,2023-05-16,2023-05-18,High Income Segment,Fair,6k-10k,621.0,5899.17,13656.300000000001,0.0,0,2,2,2,True
4496,3,2023-10-14,2025-01-20,High Income Segment,Poor,3k-6k,504.3333333333333,4623.28,23300.16,146.15,0,3,3,3,True
4497,2,2023-04-02,2024-11-18,High Income Segment,Fair,6k-10k,636.5,5575.305,8460.96,1.08,0,2,2,2,True
4499,1,2025-03-02,2025-03-02,High Income Segment,Fair,6k-10k,632.0,8243.82,1400.28,0.0,0,1,1,1,False
4500,2,2023-05-27,2024-07-09,High Income Segment,Exceptional,3k-6k,612.0,6572.335,2233.79,6.82,0,2,2,2,True
4501,2,2023-01-01,2024-04-09,Low Income Segment,Poor,3k-6k,493.0,2597.665,11608.8,4.55,0,2,2,2,True
4503,1,2024-09-18,2024-09-18,High Income Segment,Poor,6k-10k,568.0,8643.88,13868.78,0.0,0,1,1,1,False
4504,3,2023-01-12,2023-06-03,Middle Income Segment,Fair,6k-10k,618.3333333333334,7007.616666666666,14891.59,42.66,0,2,3,3,True
4505,3,2023-04-11,2025-05-10,Middle Income Segment,Very Good,3k-6k,683.3333333333334,5923.736666666667,10807.81,18.24,0,2,3,3,True
4506,2,2024-05-25,2024-07-18,High Income Segment,Poor,6k-10k,409.0,8946.585,15966.5,194.73000000000002,1,1,2,2,True
4507,1,2023-09-11,2023-09-11,High Income Segment,Very Good,6k-10k,747.0,7227.68,7756.81,0.0,0,1,1,1,False
4510,4,2023-05-15,2024-08-22,Middle Income Segment,Poor,3k-6k,627.5,4392.8375,19088.88,61.989999999999995,0,3,4,4,True
4511,3,2024-05-15,2025-01-06,High Income Segment,Good,6k-10k,578.6666666666666,6628.036666666667,6726.7,0.0,0,2,3,3,True
4512,3,2023-09-25,2025-02-08,Low Income Segment,Fair,Under 3k,652.3333333333334,4097.37,25463.13,96.55,0,2,3,3,True
4513,4,2023-03-03,2025-04-12,Middle Income Segment,Poor,3k-6k,485.0,4885.5425000000005,25681.35,183.44,0,3,4,4,True
4514,5,2023-06-11,2025-05-14,Middle Income Segment,Poor,3k-6k,435.2,5424.374000000001,28354.730000000003,186.94,0,3,5,5,True
4515,3,2023-03-17,2024-08-21,Middle Income Segment,Very Good,6k-10k,614.3333333333334,6089.363333333334,17334.73,23.08,0,2,3,3,True
4516,3,2024-01-08,2025-02-20,Middle Income Segment,Exceptional,3k-6k,678.3333333333334,3909.1133333333332,9866.01,19.18,0,2,3,3,True
4517,2,2023-02-25,2023-12-04,Low Income Segment,Fair,3k-6k,664.0,3213.75,11791.4,245.2,1,2,2,2,True
4518,1,2025-01-20,2025-01-20,High Income Segment,Fair,6k-10k,627.0,8783.33,6560.0,0.0,0,1,1,1,False
4519,1,2023-04-04,2023-04-04,Middle Income Segment,Good,3k-6k,688.0,4065.53,952.51,0.0,0,1,1,1,False
4520,4,2024-09-17,2025-03-15,High Income Segment,Very Good,6k-10k,756.0,7520.74,14937.939999999999,204.41,1,2,4,4,True
4521,3,2023-08-24,2025-05-15,Low Income Segment,Good,Under 3k,603.6666666666666,4024.0833333333335,7587.450000000001,274.01,1,2,3,3,True
4522,1,2024-07-29,2024-07-29,Middle Income Segment,Poor,3k-6k,413.0,5757.04,8917.81,99.8,0,1,1,1,False
4523,2,2023-09-12,2023-10-30,Middle Income Segment,Poor,3k-6k,374.0,5740.705,6370.15,46.5,0,1,2,2,True
4524,1,2023-09-23,2023-09-23,Middle Income Segment,Fair,6k-10k,616.0,6443.22,4196.85,176.01,1,1,1,1,False
4525,1,2023-03-21,2023-03-21,High Income Segment,Fair,6k-10k,648.0,8675.71,8267.3,0.0,0,1,1,1,False
4526,2,2024-07-08,2025-01-05,Middle Income Segment,Good,3k-6k,593.5,5503.764999999999,15257.06,0.0,0,1,2,2,True
4527,3,2024-01-22,2025-05-03,High Income Segment,Poor,6k-10k,533.3333333333334,7668.323333333334,12751.32,411.95,2,2,3,3,True
4528,1,2025-04-02,2025-04-02,Middle Income Segment,Poor,3k-6k,511.0,3925.25,4017.64,0.0,0,1,1,1,False
4529,1,2025-03-13,2025-03-13,Low Income Segment,Exceptional,Under 3k,847.0,2819.66,3594.15,0.0,0,1,1,1,False
4530,3,2023-05-01,2025-02-01,High Income Segment,Poor,6k-10k,410.0,8742.786666666667,22531.87,58.25,0,1,3,3,True
4531,3,2024-08-09,2025-03-04,High Income Segment,Poor,6k-10k,544.0,6741.173333333333,18231.94,32.48,0,2,3,3,True
4533,1,2023-04-20,2023-04-20,Low Income Segment,Poor,Under 3k,497.0,2487.9,5725.77,25.86,0,1,1,1,False
4534,5,2023-02-09,2024-11-19,Low Income Segment,Poor,Under 3k,568.8,3035.2,20722.870000000003,58.28,0,2,5,5,True
4535,5,2023-07-04,2025-03-16,High Income Segment,Poor,6k-10k,586.0,5336.023999999999,13635.48,226.64999999999998,1,3,5,5,True
4536,4,2023-01-20,2024-12-03,Middle Income Segment,Exceptional,3k-6k,615.25,5755.0025000000005,14033.68,48.6,0,2,4,4,True
4537,2,2024-05-28,2025-01-05,High Income Segment,Exceptional,3k-6k,788.5,6760.35,8640.19,67.28,0,2,2,2,True
4538,1,2024-06-05,2024-06-05,High Income Segment,Poor,6k-10k,536.0,8502.9,2975.17,98.23,0,1,1,1,False
4539,3,2023-04-20,2024-11-12,High Income Segment,Poor,3k-6k,490.3333333333333,4953.016666666666,14216.919999999998,6.1899999999999995,0,3,3,3,True
4540,3,2023-01-24,2024-10-28,Middle Income Segment,Poor,3k-6k,446.3333333333333,3517.013333333334,29528.52,74.3,0,2,3,3,True
4541,2,2023-06-21,2024-03-26,High Income Segment,Good,3k-6k,528.5,7335.635,16665.81,36.49,0,2,2,2,True
4542,1,2024-10-30,2024-10-30,Middle Income Segment,Poor,3k-6k,575.0,5399.53,9718.13,0.0,0,1,1,1,False
4543,3,2023-02-06,2023-12-23,High Income Segment,Poor,6k-10k,551.0,4960.8966666666665,10333.710000000001,212.85,1,3,3,3,True
4544,2,2024-04-21,2025-02-17,Low Income Segment,Poor,3k-6k,317.5,3194.7400000000002,6338.83,186.7,1,2,2,2,True
4545,2,2023-01-17,2025-05-07,High Income Segment,Fair,6k-10k,696.0,8972.975,11278.27,19.97,0,1,2,2,True
4546,2,2023-08-13,2024-05-02,High Income Segment,Good,3k-6k,723.0,6335.775,20418.83,78.97,0,2,2,2,True
4548,1,2023-01-19,2023-01-19,High Income Segment,Poor,6k-10k,500.0,7715.99,916.51,0.0,0,1,1,1,False
4549,5,2023-04-10,2024-07-01,Middle Income Segment,Exceptional,6k-10k,713.6,6433.192000000001,40967.24,48.96,0,2,5,5,True
4550,2,2024-02-21,2025-04-20,High Income Segment,Fair,3k-6k,479.0,6307.674999999999,16004.41,215.63,1,2,2,2,True
4551,4,2023-04-13,2024-12-31,High Income Segment,Exceptional,6k-10k,706.25,8899.0525,12089.04,55.64,0,1,4,4,True
4552,1,2024-11-26,2024-11-26,Low Income Segment,Poor,Under 3k,329.0,2205.09,7251.63,50.96,0,1,1,1,False
4553,4,2023-01-16,2025-04-26,Middle Income Segment,Fair,6k-10k,570.0,4555.9075,29585.67,341.48,1,3,4,4,True
4554,3,2023-04-28,2024-11-07,Middle Income Segment,Exceptional,6k-10k,688.6666666666666,6737.94,24255.03,361.61,2,2,3,3,True
4555,2,2023-06-17,2024-06-22,Middle Income Segment,Very Good,3k-6k,758.0,3464.24,12422.060000000001,9.38,0,1,2,2,True
4556,3,2023-04-10,2025-05-11,High Income Segment,Poor,6k-10k,537.6666666666666,6340.69,9753.96,50.540000000000006,0,2,3,3,True
4557,3,2023-03-06,2025-03-04,High Income Segment,Fair,3k-6k,584.0,4465.240000000001,20129.12,82.00999999999999,0,3,3,3,True
4558,4,2023-10-13,2025-03-31,Middle Income Segment,Good,3k-6k,640.75,4826.865,21782.69,176.6,0,3,4,4,True
4559,2,2023-05-04,2024-11-03,High Income Segment,Good,6k-10k,503.0,7980.59,11539.61,245.73,1,1,2,2,True
4560,4,2023-09-03,2024-12-18,High Income Segment,Poor,6k-10k,548.5,7200.66,6728.58,188.29,0,2,4,4,True
4561,4,2023-03-29,2025-03-25,High Income Segment,Poor,6k-10k,602.0,5664.2925,31694.04,96.26,0,3,4,4,True
4562,1,2024-07-30,2024-07-30,Middle Income Segment,Poor,3k-6k,346.0,4336.16,2574.62,0.0,0,1,1,1,False
4563,3,2023-10-02,2025-03-07,Middle Income Segment,Poor,3k-6k,541.3333333333334,6093.636666666666,17139.55,406.21000000000004,1,2,3,3,True
4564,2,2024-09-26,2024-12-11,Middle Income Segment,Poor,3k-6k,576.0,3336.425,26214.68,78.98,0,1,2,2,True
4565,1,2025-02-18,2025-02-18,Middle Income Segment,Good,3k-6k,694.0,4936.51,9733.15,0.0,0,1,1,1,False
4566,1,2024-01-10,2024-01-10,Middle Income Segment,Good,3k-6k,670.0,4653.49,621.69,32.66,0,1,1,1,False
4567,2,2023-06-11,2024-09-22,High Income Segment,Fair,6k-10k,556.5,5104.53,17279.38,54.19,0,2,2,2,True
4568,3,2024-05-02,2025-04-27,Middle Income Segment,Exceptional,3k-6k,727.6666666666666,5530.816666666667,26635.34,324.79,1,2,3,3,True
4569,3,2023-07-31,2025-05-12,Middle Income Segment,Poor,3k-6k,452.0,5321.486666666667,21283.89,161.07999999999998,0,1,3,3,True
4570,2,2023-01-05,2024-01-08,Low Income Segment,Poor,3k-6k,433.5,2151.71,19231.699999999997,112.71,0,2,2,2,True
4571,2,2024-08-17,2025-05-14,Middle Income Segment,Good,3k-6k,644.5,5112.89,4667.57,0.0,0,1,2,2,True
4572,2,2024-02-16,2024-08-11,High Income Segment,Fair,3k-6k,609.5,6783.26,11349.650000000001,78.91,0,2,2,2,True
4573,2,2025-01-19,2025-04-24,Middle Income Segment,Fair,3k-6k,635.0,4797.6,16645.079999999998,77.1,0,1,2,2,True
4574,6,2023-02-11,2025-02-19,Middle Income Segment,Poor,3k-6k,460.0,4804.305,41850.46,141.55,0,3,6,6,True
4575,2,2023-02-18,2023-10-22,High Income Segment,Poor,3k-6k,413.5,6345.599999999999,2297.02,0.0,0,2,2,2,True
4576,1,2023-08-14,2023-08-14,Low Income Segment,Fair,Under 3k,635.0,1469.31,1424.82,0.0,0,1,1,1,False
4577,3,2023-05-23,2024-08-13,High Income Segment,Poor,6k-10k,532.6666666666666,6103.973333333332,18364.82,0.0,0,2,3,3,True
4579,1,2023-03-13,2023-03-13,Middle Income Segment,Poor,3k-6k,348.0,3989.55,1265.17,12.78,0,1,1,1,False
4580,1,2024-09-22,2024-09-22,High Income Segment,Poor,6k-10k,489.0,7518.86,5441.72,42.49,0,1,1,1,False
4581,3,2023-05-03,2024-04-30,High Income Segment,Poor,6k-10k,488.3333333333333,7027.349999999999,19882.85,343.27,1,2,3,3,True
4582,1,2023-04-29,2023-04-29,Middle Income Segment,Poor,6k-10k,302.0,6919.15,5536.68,98.38,0,1,1,1,False
4583,1,2024-06-17,2024-06-17,Middle Income Segment,Very Good,6k-10k,793.0,6280.86,2818.14,0.0,0,1,1,1,False
4584,3,2023-03-05,2024-11-27,High Income Segment,Poor,3k-6k,501.0,4452.673333333333,18093.47,130.08999999999997,0,3,3,3,True
4586,1,2024-01-02,2024-01-02,Middle Income Segment,Very Good,3k-6k,759.0,4555.22,2936.78,12.33,0,1,1,1,False
4587,4,2023-11-29,2025-05-07,High Income Segment,Poor,3k-6k,539.5,6352.98,26071.73,112.64000000000001,0,2,4,4,True
4590,4,2024-01-30,2024-12-24,Low Income Segment,Fair,Under 3k,540.75,3446.4675,17318.71,46.33,0,2,4,4,True
4591,3,2023-11-02,2024-07-21,High Income Segment,Fair,6k-10k,583.0,7521.743333333333,9360.82,51.760000000000005,0,2,3,3,True
4593,2,2023-03-07,2024-09-26,High Income Segment,Good,6k-10k,571.5,7935.055,13864.939999999999,23.22,0,1,2,2,True
4594,1,2024-07-06,2024-07-06,Middle Income Segment,Fair,3k-6k,582.0,4076.07,813.68,0.0,0,1,1,1,False
4596,3,2023-06-25,2024-04-07,High Income Segment,Poor,3k-6k,413.0,5353.126666666667,17219.199999999997,294.28,1,3,3,3,True
4597,3,2023-02-08,2025-02-17,Middle Income Segment,Poor,3k-6k,500.0,5429.28,21758.01,133.60999999999999,0,2,3,3,True
4598,6,2023-02-04,2025-04-30,Middle Income Segment,Poor,3k-6k,489.6666666666667,5020.22,37354.59,277.21,0,3,6,6,True
4599,1,2023-04-04,2023-04-04,Middle Income Segment,Fair,3k-6k,659.0,4717.52,2305.46,1.24,0,1,1,1,False
4600,4,2023-01-21,2025-04-04,Middle Income Segment,Poor,3k-6k,605.0,5166.1725,16079.619999999999,87.6,0,3,4,4,True
4602,2,2023-06-15,2023-09-28,Middle Income Segment,Exceptional,3k-6k,790.0,4055.85,3853.83,173.61,1,1,2,2,True
4603,3,2023-12-05,2025-02-25,High Income Segment,Very Good,3k-6k,653.3333333333334,5560.153333333333,30244.559999999998,127.07,0,3,3,3,True
4604,3,2023-05-19,2025-05-17,Middle Income Segment,Fair,3k-6k,634.6666666666666,4904.003333333333,4800.43,222.76999999999998,1,1,3,3,True
4605,2,2024-05-22,2024-06-21,High Income Segment,Good,6k-10k,709.0,5576.51,6511.07,0.0,0,2,2,2,True
4606,2,2024-11-04,2024-12-19,High Income Segment,Poor,3k-6k,483.5,7943.85,12706.91,0.0,0,2,2,2,True
4607,3,2023-05-10,2024-06-12,Low Income Segment,Exceptional,Under 3k,637.0,2400.33,20467.1,26.84,0,2,3,3,True
4608,1,2023-07-20,2023-07-20,Middle Income Segment,Fair,3k-6k,661.0,3379.74,8799.86,50.35,0,1,1,1,False
4610,3,2024-04-04,2024-12-21,Low Income Segment,Exceptional,Under 3k,714.6666666666666,3656.94,6610.96,0.0,0,2,3,3,True
4611,2,2023-09-16,2024-12-07,High Income Segment,Exceptional,3k-6k,832.5,6349.805,9590.42,121.73,0,2,2,2,True
4612,3,2023-04-29,2024-02-22,High Income Segment,Poor,6k-10k,469.6666666666667,7091.889999999999,12847.98,178.26,1,2,3,3,True
4613,4,2023-09-19,2025-04-16,Middle Income Segment,Poor,3k-6k,555.0,5098.4974999999995,22915.3,115.35,0,3,4,4,True
4614,1,2023-02-21,2023-02-21,High Income Segment,Poor,6k-10k,339.0,9277.4,6962.55,97.9,0,1,1,1,False
4615,1,2025-01-21,2025-01-21,Middle Income Segment,Poor,3k-6k,417.0,5648.74,755.98,62.41,0,1,1,1,False
4616,1,2024-09-01,2024-09-01,Low Income Segment,Poor,Under 3k,391.0,1457.74,5605.02,0.0,0,1,1,1,False
4617,1,2023-09-14,2023-09-14,Low Income Segment,Fair,Under 3k,655.0,2004.93,1776.22,39.98,0,1,1,1,False
4618,3,2023-09-23,2024-12-14,Middle Income Segment,Good,3k-6k,607.3333333333334,3224.1666666666665,30636.98,53.81,0,2,3,3,True
4619,2,2023-11-01,2024-04-08,High Income Segment,Poor,3k-6k,349.0,6771.0199999999995,14742.58,202.31,1,2,2,2,True
4620,2,2025-04-15,2025-04-27,High Income Segment,Poor,6k-10k,679.5,4940.99,13086.24,135.25,0,2,2,2,True
4621,5,2023-09-22,2025-01-20,Low Income Segment,Fair,Under 3k,542.8,4233.716,35858.05,128.78,0,3,5,5,True
4622,2,2024-11-18,2025-05-20,High Income Segment,Poor,3k-6k,431.5,6651.6050000000005,14172.14,68.81,0,2,2,2,True
4623,1,2023-11-15,2023-11-15,High Income Segment,Very Good,6k-10k,795.0,7426.32,4934.33,2.4,0,1,1,1,False
4624,4,2023-09-04,2025-02-09,High Income Segment,Poor,3k-6k,485.5,5636.32,24846.35,50.55,0,2,4,4,True
4625,4,2023-02-06,2023-11-26,Middle Income Segment,Poor,6k-10k,516.25,5325.8125,33998.76,439.58,2,3,4,4,True
4626,3,2023-10-16,2025-04-23,Middle Income Segment,Poor,3k-6k,569.0,3460.623333333333,10598.650000000001,185.84,1,2,3,3,True
4627,3,2023-06-17,2025-05-08,Low Income Segment,Fair,Under 3k,590.0,2338.06,7637.9,93.69,0,2,3,3,True
4628,3,2023-07-19,2024-06-27,High Income Segment,Very Good,6k-10k,620.0,5360.41,8079.33,3.52,0,2,3,3,True
4629,6,2023-01-23,2025-05-20,Middle Income Segment,Poor,6k-10k,527.0,6027.153333333333,19439.13,195.58,1,3,6,6,True
4630,4,2023-04-27,2025-04-11,Middle Income Segment,Fair,3k-6k,621.25,4769.85,11939.92,99.83,0,3,3,4,True
4631,2,2023-07-10,2025-01-09,High Income Segment,Fair,3k-6k,694.0,6352.93,16800.27,39.79,0,2,2,2,True
4632,2,2023-02-24,2024-08-18,Low Income Segment,Exceptional,6k-10k,738.5,4207.175,5190.36,46.3,0,2,2,2,True
4633,2,2023-01-12,2025-04-17,High Income Segment,Good,6k-10k,749.5,8817.03,5060.87,43.28,0,1,2,2,True
4636,4,2023-03-24,2024-07-29,Middle Income Segment,Poor,3k-6k,477.0,4605.565,23494.9,20.02,0,3,3,4,True
4637,2,2024-05-14,2025-04-11,High Income Segment,Good,3k-6k,580.0,7220.3099999999995,18100.17,69.09,0,2,2,2,True
4638,2,2023-05-20,2024-01-11,High Income Segment,Exceptional,3k-6k,597.5,6530.77,7201.86,9.34,0,2,2,2,True
4640,1,2024-09-12,2024-09-12,Middle Income Segment,Exceptional,3k-6k,817.0,5128.38,13052.71,0.0,0,1,1,1,False
4641,4,2024-01-20,2025-02-24,Low Income Segment,Poor,3k-6k,546.25,3667.305,13372.51,0.0,0,2,4,4,True
4642,4,2023-04-23,2024-01-14,Middle Income Segment,Poor,6k-10k,506.5,5902.3375,15880.94,146.31,0,1,4,4,True
4644,6,2023-01-10,2024-10-26,High Income Segment,Poor,6k-10k,516.1666666666666,7909.031666666667,61540.350000000006,92.5,0,2,6,6,True
4645,3,2023-03-23,2024-12-02,High Income Segment,Good,3k-6k,606.6666666666666,5008.286666666667,24667.03,192.35000000000002,0,3,3,3,True
4646,5,2023-02-09,2024-12-27,High Income Segment,Very Good,6k-10k,622.8,7457.238,11527.23,124.11,0,2,5,5,True
4647,3,2023-04-19,2025-03-05,High Income Segment,Exceptional,6k-10k,639.6666666666666,8028.2266666666665,14208.98,0.0,0,2,3,3,True
4648,4,2023-04-29,2024-11-22,High Income Segment,Poor,6k-10k,498.0,5685.424999999999,33442.78,52.34,0,2,4,4,True
4649,2,2023-08-31,2024-04-30,Low Income Segment,Exceptional,Under 3k,661.0,1841.35,2362.09,125.01,0,1,2,2,True
4650,2,2023-06-29,2025-04-06,Low Income Segment,Poor,Under 3k,424.0,1280.6950000000002,7492.700000000001,59.23,0,1,2,2,True
4651,3,2023-05-17,2024-05-10,Middle Income Segment,Fair,3k-6k,606.6666666666666,4836.48,14539.12,45.01,0,1,3,3,True
4652,1,2023-02-19,2023-02-19,Low Income Segment,Poor,Under 3k,485.0,2219.24,3026.15,0.0,0,1,1,1,False
4653,2,2023-10-22,2024-09-29,High Income Segment,Fair,6k-10k,654.0,8903.475,6658.6900000000005,31.03,0,1,2,2,True
4654,3,2024-11-17,2025-02-20,Middle Income Segment,Poor,6k-10k,510.3333333333333,6205.240000000001,12835.189999999999,0.0,0,2,3,3,True
4655,3,2024-03-13,2025-03-07,Low Income Segment,Poor,Under 3k,411.6666666666667,1961.28,19979.34,9.51,0,1,3,3,True
4656,1,2024-11-26,2024-11-26,Low Income Segment,Poor,Under 3k,364.0,1458.8,450.13,54.46,0,1,1,1,False
4657,2,2024-04-20,2024-05-16,Low Income Segment,Exceptional,3k-6k,623.5,3383.09,18241.93,32.59,0,2,2,2,True
4659,5,2024-03-04,2025-05-10,High Income Segment,Poor,3k-6k,588.0,5162.522,22184.65,29.83,0,3,5,5,True
4660,1,2024-11-18,2024-11-18,Middle Income Segment,Poor,6k-10k,491.0,6246.62,448.18,16.84,0,1,1,1,False
4661,3,2023-07-31,2024-08-12,High Income Segment,Poor,3k-6k,545.3333333333334,4078.5833333333335,14209.63,0.0,0,3,3,3,True
4662,1,2023-05-15,2023-05-15,Low Income Segment,Poor,Under 3k,531.0,2693.34,5265.59,11.33,0,1,1,1,False
4663,3,2023-03-26,2024-09-28,High Income Segment,Poor,6k-10k,445.0,5667.330000000001,29426.050000000003,83.91999999999999,0,3,3,3,True
4664,3,2024-06-16,2025-02-12,High Income Segment,Poor,3k-6k,571.3333333333334,5559.306666666666,10520.05,112.69,0,3,3,3,True
4665,4,2023-04-29,2025-01-25,Low Income Segment,Fair,3k-6k,489.0,2940.185,25444.300000000003,63.28,0,2,4,4,True
4666,2,2023-09-20,2025-03-16,High Income Segment,Good,6k-10k,566.0,5344.935,11890.26,0.0,0,2,2,2,True
4667,4,2023-07-15,2024-07-02,Middle Income Segment,Poor,3k-6k,604.75,4085.8424999999997,18583.760000000002,35.95,0,2,4,4,True
4669,1,2023-07-04,2023-07-04,Middle Income Segment,Fair,6k-10k,668.0,6030.52,179.9,61.89,0,1,1,1,False
4670,4,2023-04-16,2025-01-05,Low Income Segment,Poor,6k-10k,480.25,3788.7625000000003,15083.3,0.0,0,2,4,4,True
4671,3,2023-03-30,2025-01-20,Middle Income Segment,Fair,6k-10k,593.6666666666666,6706.253333333334,17935.46,48.24,0,2,3,3,True
4672,5,2023-02-01,2025-02-05,Middle Income Segment,Fair,3k-6k,613.6,5300.632,23152.44,44.83,0,3,5,5,True
4673,1,2024-06-10,2024-06-10,High Income Segment,Fair,6k-10k,598.0,7652.14,3401.64,21.5,0,1,1,1,False
4674,4,2023-03-15,2025-01-23,Low Income Segment,Poor,6k-10k,570.75,5323.7775,29757.03,105.95,0,3,4,4,True
4675,4,2023-09-19,2025-04-27,Low Income Segment,Very Good,Under 3k,691.75,3656.86,20656.53,203.43,1,2,4,4,True
4676,5,2023-04-17,2025-02-18,High Income Segment,Poor,6k-10k,598.0,6183.346,24022.25,203.25,0,3,5,5,True
4677,2,2024-09-12,2024-11-23,Low Income Segment,Poor,6k-10k,411.0,4830.69,9967.130000000001,32.41,0,2,2,2,True
4678,1,2023-12-01,2023-12-01,Low Income Segment,Good,Under 3k,678.0,2506.39,663.85,32.44,0,1,1,1,False
4679,1,2023-04-27,2023-04-27,Low Income Segment,Good,Under 3k,724.0,1399.67,6432.21,17.39,0,1,1,1,False
4680,4,2023-05-19,2024-11-09,High Income Segment,Poor,6k-10k,424.75,6432.764999999999,16753.239999999998,0.0,0,2,4,4,True
4681,3,2023-04-06,2023-11-28,High Income Segment,Fair,6k-10k,634.0,5735.0233333333335,18649.829999999998,7.6,0,2,3,3,True
4682,1,2025-02-12,2025-02-12,Middle Income Segment,Poor,3k-6k,572.0,3444.56,6158.43,171.47,1,1,1,1,False
4683,4,2023-01-01,2025-04-02,Low Income Segment,Poor,Under 3k,546.5,2578.64,16529.88,63.94,0,2,4,4,True
4684,1,2024-12-08,2024-12-08,Middle Income Segment,Very Good,6k-10k,759.0,6801.24,10204.8,0.0,0,1,1,1,False
4685,2,2023-06-11,2023-06-25,Middle Income Segment,Poor,3k-6k,428.5,5616.145,6822.49,0.0,0,1,2,2,True
4686,1,2024-01-08,2024-01-08,Middle Income Segment,Fair,3k-6k,594.0,3238.65,8930.88,14.57,0,1,1,1,False
4687,2,2023-06-22,2023-12-18,Middle Income Segment,Exceptional,3k-6k,722.5,4584.825,6210.27,138.94,0,1,2,2,True
4688,4,2023-08-14,2025-03-26,Middle Income Segment,Poor,3k-6k,608.0,4207.405,25746.010000000002,347.75,1,3,4,4,True
4689,1,2023-03-03,2023-03-03,Middle Income Segment,Poor,3k-6k,337.0,5387.18,12802.12,0.0,0,1,1,1,False
4690,2,2023-01-25,2024-07-19,High Income Segment,Poor,3k-6k,393.5,7312.985000000001,13691.59,54.28,0,2,2,2,True
4691,1,2023-07-06,2023-07-06,High Income Segment,Very Good,6k-10k,792.0,9308.39,7475.82,0.0,0,1,1,1,False
4692,1,2024-06-21,2024-06-21,High Income Segment,Exceptional,6k-10k,812.0,7929.53,6263.6,0.0,0,1,1,1,False
4693,1,2023-03-30,2023-03-30,Low Income Segment,Poor,Under 3k,359.0,2385.59,7993.58,0.0,0,1,1,1,False
4695,3,2023-02-09,2025-02-23,Low Income Segment,Fair,Under 3k,585.0,3739.0400000000004,15496.130000000001,106.98,0,2,3,3,True
4696,5,2023-01-19,2024-12-30,Low Income Segment,Poor,3k-6k,577.4,4277.438,25833.84,112.66,0,3,5,5,True
4697,1,2023-02-11,2023-02-11,Middle Income Segment,Poor,3k-6k,314.0,3673.12,8885.57,28.54,0,1,1,1,False
4699,3,2023-09-19,2025-03-18,Middle Income Segment,Exceptional,3k-6k,629.6666666666666,3800.1366666666668,11267.48,42.76,0,1,3,3,True
4700,2,2023-03-12,2023-07-12,High Income Segment,Poor,6k-10k,351.0,7905.765,4912.1,92.02,0,1,2,2,True
4701,4,2023-01-22,2025-05-09,Middle Income Segment,Poor,3k-6k,546.25,3798.96,20599.89,163.38,0,2,4,4,True
4705,1,2023-11-15,2023-11-15,High Income Segment,Poor,6k-10k,343.0,8116.19,13417.69,0.0,0,1,1,1,False
4708,4,2023-09-10,2025-05-11,High Income Segment,Fair,6k-10k,598.25,7052.8475,13792.079999999998,108.92,0,2,4,4,True
4709,3,2023-05-21,2025-04-05,High Income Segment,Poor,3k-6k,455.3333333333333,5287.61,7714.28,178.24,1,3,3,3,True
4711,1,2024-12-04,2024-12-04,Middle Income Segment,Poor,3k-6k,373.0,4160.61,1500.9,169.82,1,1,1,1,False
4712,3,2023-08-30,2024-12-02,High Income Segment,Poor,3k-6k,581.0,4812.673333333333,9826.94,72.16999999999999,0,3,3,3,True
4713,2,2023-12-16,2024-07-15,High Income Segment,Very Good,6k-10k,755.5,8178.514999999999,5502.1900000000005,0.0,0,1,2,2,True
4714,2,2023-05-31,2024-01-19,Middle Income Segment,Good,3k-6k,740.5,4826.795,9176.73,143.84,0,1,2,2,True
4715,2,2024-06-07,2024-09-08,High Income Segment,Exceptional,6k-10k,578.0,7146.105,13762.98,38.19,0,2,2,2,True
4716,3,2024-03-12,2024-10-19,High Income Segment,Poor,3k-6k,549.6666666666666,5604.873333333334,12450.82,254.66000000000003,1,3,3,3,True
4717,3,2023-04-01,2025-01-31,High Income Segment,Poor,3k-6k,515.0,5408.75,18110.28,174.98000000000002,0,3,3,3,True
4718,7,2023-05-29,2025-03-01,Middle Income Segment,Fair,3k-6k,625.0,5232.987142857143,43027.409999999996,655.6800000000001,2,3,7,7,True
4719,6,2023-11-03,2025-03-11,Middle Income Segment,Poor,6k-10k,558.0,5724.793333333332,34468.47,200.84,0,3,6,6,True
4720,2,2023-04-15,2025-04-26,Middle Income Segment,Exceptional,3k-6k,652.0,5011.54,19191.9,60.89,0,1,2,2,True
4721,2,2023-05-24,2023-12-23,High Income Segment,Fair,3k-6k,623.5,7354.585000000001,5767.469999999999,51.93,0,2,2,2,True
4722,6,2023-01-20,2025-04-23,Middle Income Segment,Poor,3k-6k,613.1666666666666,3556.025,17956.43,108.09,0,2,6,6,True
4723,3,2023-05-24,2024-06-15,Low Income Segment,Poor,Under 3k,473.3333333333333,2052.2000000000003,29641.81,305.07,1,2,3,3,True
4724,2,2024-06-12,2024-08-26,High Income Segment,Fair,6k-10k,551.5,8041.9,7954.92,0.0,0,2,2,2,True
4725,1,2023-10-29,2023-10-29,High Income Segment,Poor,6k-10k,322.0,8500.85,3291.51,0.0,0,1,1,1,False
4726,3,2023-09-28,2024-10-10,Middle Income Segment,Poor,3k-6k,463.6666666666667,5602.393333333333,24835.52,0.0,0,1,3,3,True
4727,4,2023-01-27,2024-10-07,Middle Income Segment,Poor,6k-10k,563.25,6038.0525,32579.04,135.76,0,3,4,4,True
4728,1,2023-08-10,2023-08-10,Middle Income Segment,Good,3k-6k,688.0,4613.27,10994.32,0.0,0,1,1,1,False
4729,4,2023-01-02,2025-05-09,High Income Segment,Poor,6k-10k,597.25,5690.3525,28734.79,42.39,0,3,4,4,True
4730,4,2023-01-18,2025-01-29,Middle Income Segment,Fair,6k-10k,574.5,6741.0425,37908.009999999995,285.52,1,2,4,4,True
4731,3,2023-08-04,2023-12-02,Middle Income Segment,Poor,6k-10k,556.0,6419.463333333333,24283.29,161.31,0,2,3,3,True
4732,1,2023-05-26,2023-05-26,High Income Segment,Very Good,6k-10k,771.0,7740.64,2671.33,10.43,0,1,1,1,False
4733,1,2023-05-23,2023-05-23,High Income Segment,Fair,6k-10k,594.0,9175.35,3502.88,0.0,0,1,1,1,False
4734,2,2024-08-03,2024-09-15,Low Income Segment,Fair,3k-6k,523.5,3641.185,20609.43,170.57999999999998,0,2,2,2,True
4735,3,2023-01-13,2025-03-31,High Income Segment,Poor,3k-6k,461.3333333333333,5107.636666666666,9064.24,90.39,0,3,3,3,True
4736,2,2024-07-23,2024-10-21,High Income Segment,Fair,6k-10k,560.5,5044.5650000000005,14834.48,11.93,0,2,2,2,True
4737,2,2024-09-25,2025-03-25,High Income Segment,Exceptional,6k-10k,576.0,9264.665,7675.610000000001,18.07,0,1,2,2,True
4738,2,2023-06-18,2023-12-07,High Income Segment,Good,6k-10k,620.5,7352.355,8755.55,43.22,0,2,2,2,True
4739,1,2025-05-08,2025-05-08,Low Income Segment,Fair,Under 3k,624.0,1733.53,4157.06,75.57,0,1,1,1,False
4740,2,2024-01-25,2024-04-08,Low Income Segment,Poor,6k-10k,401.0,4388.96,4511.71,0.0,0,2,2,2,True
4741,4,2023-03-23,2025-01-26,High Income Segment,Good,6k-10k,591.25,7898.34,8726.960000000001,168.45,1,2,4,4,True
4742,4,2023-07-14,2025-03-29,Middle Income Segment,Poor,6k-10k,551.25,5860.76,12651.71,181.93,1,3,4,4,True
4743,3,2023-04-05,2024-07-20,Middle Income Segment,Poor,3k-6k,469.3333333333333,5559.163333333334,16560.94,119.03,0,2,3,3,True
4744,4,2023-05-28,2024-07-22,Middle Income Segment,Exceptional,3k-6k,709.25,5188.7525000000005,18203.35,117.74,0,3,4,4,True
4746,1,2023-07-24,2023-07-24,Middle Income Segment,Very Good,3k-6k,792.0,5879.48,5872.42,4.46,0,1,1,1,False
4747,4,2023-02-14,2024-05-29,Middle Income Segment,Poor,3k-6k,635.5,3682.9800000000005,15166.079999999998,172.67000000000002,1,2,4,4,True
4748,6,2023-02-11,2025-05-13,High Income Segment,Fair,3k-6k,631.3333333333334,5316.535,16456.879999999997,256.41999999999996,1,3,6,6,True
4749,4,2023-04-05,2025-04-30,High Income Segment,Poor,6k-10k,482.0,5755.05,22284.17,223.7,0,3,4,4,True
4750,1,2023-03-20,2023-03-20,Middle Income Segment,Fair,3k-6k,668.0,3856.78,3306.15,0.0,0,1,1,1,False
4751,2,2023-05-22,2024-04-25,Middle Income Segment,Poor,3k-6k,580.5,4109.88,10772.11,0.0,0,1,2,2,True
4754,4,2023-11-13,2025-04-13,High Income Segment,Fair,6k-10k,645.75,7902.755,18365.89,151.94,0,2,4,4,True
4755,1,2023-03-31,2023-03-31,Middle Income Segment,Poor,3k-6k,490.0,5282.59,240.93,0.0,0,1,1,1,False
4756,4,2023-10-22,2025-03-28,Middle Income Segment,Good,6k-10k,551.75,5305.23,23238.66,197.83999999999997,1,3,4,4,True
4757,1,2025-05-01,2025-05-01,Middle Income Segment,Poor,3k-6k,435.0,5294.57,10132.97,36.88,0,1,1,1,False
4758,3,2023-10-02,2025-01-31,Middle Income Segment,Poor,3k-6k,444.0,4905.743333333333,26000.9,61.57,0,1,3,3,True
4759,5,2023-03-04,2024-08-08,Middle Income Segment,Poor,3k-6k,476.4,4437.82,22007.44,248.17000000000002,1,2,5,5,True
4760,3,2023-05-01,2024-02-25,Middle Income Segment,Poor,6k-10k,399.0,6743.829999999999,18348.93,72.75,0,2,3,3,True
4761,1,2023-04-19,2023-04-19,Middle Income Segment,Exceptional,3k-6k,843.0,5114.45,12941.77,121.41,0,1,1,1,False
4762,1,2023-08-15,2023-08-15,Middle Income Segment,Exceptional,3k-6k,815.0,3132.25,3105.75,0.0,0,1,1,1,False
4763,4,2023-03-25,2024-11-14,Middle Income Segment,Poor,3k-6k,475.25,3732.2799999999997,27131.04,0.0,0,2,4,4,True
4764,3,2024-02-03,2024-11-10,Middle Income Segment,Poor,3k-6k,410.0,6373.643333333333,15482.32,33.12,0,2,3,3,True
4765,2,2023-07-21,2024-08-27,High Income Segment,Exceptional,6k-10k,665.0,7588.98,13033.11,100.3,0,2,2,2,True
4766,6,2023-03-10,2024-09-20,High Income Segment,Poor,6k-10k,588.1666666666666,5733.248333333333,16217.99,51.04,0,3,6,6,True
4767,4,2023-11-08,2025-01-21,Low Income Segment,Poor,Under 3k,371.75,3807.045,12349.05,63.540000000000006,0,3,4,4,True
4768,3,2023-07-06,2025-01-04,Middle Income Segment,Poor,3k-6k,494.0,5143.56,18017.97,72.68,0,1,3,3,True
4769,1,2024-07-05,2024-07-05,Low Income Segment,Poor,Under 3k,366.0,1304.48,2331.29,0.0,0,1,1,1,False
4770,6,2023-05-31,2025-01-19,High Income Segment,Poor,3k-6k,575.1666666666666,4793.953333333334,11607.060000000001,326.0,1,3,5,6,True
4771,1,2025-02-11,2025-02-11,High Income Segment,Fair,6k-10k,649.0,7960.13,2482.27,0.0,0,1,1,1,False
4772,2,2024-05-22,2024-10-27,High Income Segment,Fair,3k-6k,615.0,6724.65,8049.76,39.24,0,2,2,2,True
4773,3,2023-10-01,2025-04-08,Low Income Segment,Poor,Under 3k,403.3333333333333,3393.906666666667,11668.34,118.51,0,2,3,3,True
4774,3,2024-11-08,2025-02-14,Low Income Segment,Fair,Under 3k,627.0,2809.52,15339.87,108.71,0,2,3,3,True
4775,6,2023-06-09,2025-05-20,Middle Income Segment,Good,3k-6k,676.6666666666666,4760.138333333333,27315.65,325.94,1,3,6,6,True
4777,2,2023-11-26,2024-11-26,High Income Segment,Fair,6k-10k,481.0,7186.0650000000005,7576.42,57.09,0,2,2,2,True
4778,1,2024-01-12,2024-01-12,Middle Income Segment,Good,6k-10k,671.0,6712.7,3922.41,0.0,0,1,1,1,False
4779,1,2023-08-11,2023-08-11,Low Income Segment,Exceptional,Under 3k,834.0,2032.67,5445.18,50.11,0,1,1,1,False
4781,2,2023-12-05,2024-09-14,High Income Segment,Fair,6k-10k,485.0,8213.395,11210.42,39.32,0,1,2,2,True
4782,1,2023-09-22,2023-09-22,High Income Segment,Poor,6k-10k,438.0,9474.27,1275.18,126.93,0,1,1,1,False
4783,3,2023-05-12,2024-05-29,High Income Segment,Exceptional,6k-10k,610.3333333333334,7861.150000000001,23168.72,143.14000000000001,0,2,3,3,True
4784,1,2024-10-27,2024-10-27,High Income Segment,Poor,6k-10k,511.0,8751.13,11526.29,34.08,0,1,1,1,False
4785,2,2023-03-16,2024-09-18,Low Income Segment,Poor,3k-6k,461.0,3272.235,4657.38,284.26,1,2,2,2,True
4786,2,2024-05-10,2024-12-02,High Income Segment,Fair,3k-6k,580.0,6111.63,2505.75,36.8,0,2,2,2,True
4787,2,2024-01-16,2024-04-21,Low Income Segment,Good,3k-6k,564.0,2618.505,7786.719999999999,0.0,0,2,2,2,True
4788,2,2024-01-07,2025-04-18,High Income Segment,Good,6k-10k,511.0,8448.425,14572.5,105.25,0,1,2,2,True
4789,1,2023-04-15,2023-04-15,Middle Income Segment,Poor,3k-6k,346.0,4490.96,1918.18,0.0,0,1,1,1,False
4790,1,2025-01-19,2025-01-19,Low Income Segment,Fair,Under 3k,617.0,2161.44,2942.11,0.0,0,1,1,1,False
4791,3,2023-10-25,2024-10-13,Middle Income Segment,Exceptional,3k-6k,717.0,3798.4733333333334,20662.92,311.27,1,2,3,3,True
4792,2,2023-01-26,2025-02-09,High Income Segment,Poor,3k-6k,366.0,6052.219999999999,9059.86,0.0,0,2,2,2,True
4793,3,2023-04-04,2025-03-17,High Income Segment,Poor,6k-10k,489.6666666666667,6514.426666666666,23948.43,82.45,0,2,3,3,True
4795,1,2024-06-12,2024-06-12,Low Income Segment,Fair,Under 3k,643.0,1731.94,13216.74,0.0,0,1,1,1,False
4796,3,2023-06-14,2025-05-17,High Income Segment,Poor,6k-10k,577.6666666666666,7676.116666666666,14372.22,82.86999999999999,0,2,3,3,True
4797,4,2023-03-12,2024-03-31,High Income Segment,Poor,3k-6k,521.5,5541.13,20877.7,15.33,0,2,4,4,True
4799,1,2024-10-23,2024-10-23,High Income Segment,Fair,6k-10k,641.0,9919.2,6604.55,58.36,0,1,1,1,False
4800,3,2023-01-20,2024-07-24,Middle Income Segment,Very Good,3k-6k,635.6666666666666,4618.7,19111.530000000002,85.62,0,1,3,3,True
4801,2,2024-05-10,2024-06-14,High Income Segment,Good,3k-6k,721.0,6479.7699999999995,7313.32,0.0,0,2,2,2,True
4802,2,2023-01-28,2023-04-11,High Income Segment,Poor,6k-10k,581.0,4428.59,19455.99,112.38,0,2,2,2,True
4803,2,2023-02-22,2024-11-30,Low Income Segment,Good,Under 3k,753.0,2096.8,7572.57,17.77,0,1,2,2,True
4804,1,2023-02-25,2023-02-25,Middle Income Segment,Exceptional,6k-10k,823.0,6490.01,8570.15,0.0,0,1,1,1,False
4805,2,2023-05-09,2025-01-12,High Income Segment,Poor,3k-6k,516.0,6209.3099999999995,19802.45,2.17,0,2,2,2,True
4806,1,2024-10-06,2024-10-06,Low Income Segment,Fair,Under 3k,645.0,2520.96,204.66,179.23,1,1,1,1,False
4807,4,2023-08-15,2025-02-01,High Income Segment,Poor,6k-10k,628.5,6924.1175,25364.02,463.94,2,2,4,4,True
4808,2,2023-01-26,2023-06-06,High Income Segment,Good,6k-10k,679.0,5049.1900000000005,1754.87,103.57,0,2,2,2,True
4809,3,2023-02-15,2023-09-14,Middle Income Segment,Poor,3k-6k,457.3333333333333,5071.740000000001,15924.5,187.52999999999997,1,1,3,3,True
4810,4,2024-05-26,2025-04-20,Middle Income Segment,Exceptional,3k-6k,666.25,6376.15,29836.18,9.1,0,2,4,4,True
4811,4,2023-05-19,2024-06-18,Middle Income Segment,Exceptional,3k-6k,592.25,4382.18,19775.71,148.74,0,3,4,4,True
4812,1,2024-07-24,2024-07-24,Middle Income Segment,Poor,3k-6k,374.0,4563.01,3066.95,52.97,0,1,1,1,False
4814,2,2023-10-27,2023-11-23,High Income Segment,Fair,6k-10k,706.5,8732.755000000001,2720.95,0.0,0,1,2,2,True
4815,4,2023-01-12,2024-12-03,High Income Segment,Poor,6k-10k,542.75,7806.67,29114.07,100.92,0,2,4,4,True
4816,3,2024-03-09,2025-01-22,High Income Segment,Fair,6k-10k,547.3333333333334,6429.69,15824.09,59.39,0,2,3,3,True
4817,1,2024-05-20,2024-05-20,Middle Income Segment,Very Good,3k-6k,785.0,5149.33,1392.02,0.0,0,1,1,1,False
4818,2,2024-07-30,2024-12-15,High Income Segment,Poor,6k-10k,442.0,5645.32,1328.42,9.5,0,2,2,2,True
4819,3,2023-01-30,2023-08-01,High Income Segment,Fair,3k-6k,605.0,5682.93,18053.489999999998,279.83000000000004,1,3,3,3,True
4821,1,2024-01-25,2024-01-25,Middle Income Segment,Good,3k-6k,731.0,3738.05,2928.01,1.12,0,1,1,1,False
4822,2,2024-06-19,2024-06-22,Low Income Segment,Poor,3k-6k,587.5,3073.66,5099.08,51.07,0,2,2,2,True
4823,3,2023-05-21,2024-05-13,Middle Income Segment,Poor,3k-6k,576.6666666666666,5875.943333333334,21156.1,164.92000000000002,0,2,3,3,True
4824,3,2023-07-16,2024-05-09,High Income Segment,Poor,6k-10k,581.0,6644.959999999999,9762.560000000001,73.72,0,2,3,3,True
4825,4,2023-10-10,2025-05-15,Middle Income Segment,Poor,6k-10k,495.5,5622.8099999999995,13390.849999999999,189.62,1,3,4,4,True
4827,2,2024-05-10,2025-03-06,Middle Income Segment,Exceptional,3k-6k,613.5,4802.67,10967.93,153.10999999999999,1,1,2,2,True
4828,2,2023-08-05,2025-03-26,Middle Income Segment,Fair,3k-6k,484.0,3650.38,17315.56,0.0,0,1,2,2,True
4829,1,2024-01-08,2024-01-08,Middle Income Segment,Good,3k-6k,695.0,3271.73,2140.89,0.0,0,1,1,1,False
4830,4,2023-04-08,2023-12-04,Middle Income Segment,Poor,3k-6k,438.0,3430.5075,22695.32,5.5,0,2,4,4,True
4831,2,2023-01-27,2023-10-20,High Income Segment,Good,6k-10k,532.5,5162.7699999999995,20546.95,32.6,0,2,2,2,True
4832,3,2023-05-03,2024-08-27,High Income Segment,Fair,6k-10k,597.3333333333334,5448.696666666667,23592.510000000002,204.74999999999997,1,3,3,3,True
4833,1,2024-03-16,2024-03-16,Low Income Segment,Good,Under 3k,725.0,1529.27,2325.69,0.0,0,1,1,1,False
4835,2,2023-06-07,2023-06-10,High Income Segment,Poor,6k-10k,399.0,5744.88,10135.029999999999,43.07,0,2,2,2,True
4836,1,2024-08-21,2024-08-21,High Income Segment,Good,6k-10k,714.0,8559.94,6492.29,0.0,0,1,1,1,False
4837,4,2023-01-27,2023-12-22,Middle Income Segment,Poor,3k-6k,512.5,4910.1175,24218.66,0.0,0,3,4,4,True
4838,1,2023-12-07,2023-12-07,High Income Segment,Exceptional,6k-10k,802.0,7017.49,1422.17,0.0,0,1,1,1,False
4839,3,2024-04-26,2025-04-06,Middle Income Segment,Poor,3k-6k,564.0,4114.35,29774.62,66.82,0,2,3,3,True
4840,2,2024-02-09,2025-04-21,Middle Income Segment,Fair,3k-6k,594.5,5778.77,13927.84,179.6,0,1,2,2,True
4841,5,2023-03-17,2025-05-10,High Income Segment,Poor,3k-6k,533.6,5284.25,32282.280000000002,267.03,0,3,5,5,True
4842,1,2023-04-21,2023-04-21,Middle Income Segment,Fair,3k-6k,659.0,5418.12,3461.38,0.0,0,1,1,1,False
4843,1,2024-06-26,2024-06-26,Middle Income Segment,Poor,6k-10k,389.0,6062.96,9892.45,48.37,0,1,1,1,False
4845,6,2023-07-08,2025-03-30,High Income Segment,Exceptional,3k-6k,635.3333333333334,6241.371666666667,29411.0,25.830000000000002,0,2,6,6,True
4846,1,2024-03-15,2024-03-15,Middle Income Segment,Poor,3k-6k,426.0,3521.19,389.77,197.5,1,1,1,1,False
4847,1,2024-02-09,2024-02-09,High Income Segment,Poor,6k-10k,421.0,8147.43,1285.34,0.0,0,1,1,1,False
4849,4,2023-03-03,2024-11-06,High Income Segment,Poor,6k-10k,533.25,6200.3675,11461.43,134.11,0,3,4,4,True
4850,3,2024-06-11,2024-12-19,Middle Income Segment,Good,3k-6k,642.0,3201.69,17990.98,318.54999999999995,1,2,3,3,True
4851,1,2023-12-04,2023-12-04,High Income Segment,Fair,6k-10k,589.0,8610.12,226.04,0.0,0,1,1,1,False
4852,1,2023-02-08,2023-02-08,Middle Income Segment,Poor,3k-6k,430.0,4174.27,1675.35,0.0,0,1,1,1,False
4853,1,2025-01-05,2025-01-05,Middle Income Segment,Poor,6k-10k,421.0,6725.15,6785.37,0.0,0,1,1,1,False
4854,5,2023-05-20,2024-10-04,Middle Income Segment,Poor,6k-10k,503.6,5964.202,20562.66,33.99,0,2,5,5,True
4855,2,2023-06-05,2024-10-28,High Income Segment,Good,6k-10k,508.0,4897.65,5995.38,190.59,0,2,2,2,True
4856,2,2024-09-03,2025-03-14,High Income Segment,Poor,6k-10k,562.0,7620.505000000001,11210.150000000001,2.59,0,2,2,2,True
4857,3,2023-02-28,2024-08-23,Middle Income Segment,Poor,3k-6k,497.6666666666667,3621.3866666666668,8912.439999999999,146.42,1,2,3,3,True
4858,1,2024-01-19,2024-01-19,Middle Income Segment,Fair,3k-6k,605.0,3430.46,2753.05,17.9,0,1,1,1,False
4859,3,2023-06-20,2025-04-25,Middle Income Segment,Very Good,3k-6k,639.0,4143.053333333333,14776.73,36.7,0,2,3,3,True
4860,1,2025-04-28,2025-04-28,Middle Income Segment,Poor,3k-6k,464.0,4729.49,4999.86,3.47,0,1,1,1,False
4861,4,2023-05-28,2023-12-10,High Income Segment,Poor,6k-10k,601.5,7895.83,21889.46,195.0,0,2,4,4,True
4862,3,2024-04-01,2025-04-04,Middle Income Segment,Poor,3k-6k,577.6666666666666,3557.773333333333,18726.71,104.21,0,2,3,3,True
4863,3,2023-01-11,2024-09-18,Middle Income Segment,Poor,3k-6k,607.3333333333334,5218.993333333333,12694.689999999999,11.65,0,1,3,3,True
4864,1,2023-05-23,2023-05-23,High Income Segment,Poor,6k-10k,414.0,7146.63,2714.02,0.0,0,1,1,1,False
4865,2,2024-01-21,2024-04-13,Low Income Segment,Poor,3k-6k,484.5,2910.855,9888.199999999999,40.26,0,2,2,2,True
4866,3,2023-05-10,2025-05-10,High Income Segment,Exceptional,3k-6k,756.0,5296.94,21126.989999999998,104.64,0,3,3,3,True
4867,4,2023-03-07,2024-08-24,High Income Segment,Poor,6k-10k,572.25,5267.370000000001,29835.2,49.1,0,2,4,4,True
4868,3,2023-03-28,2025-02-23,High Income Segment,Poor,6k-10k,443.0,8409.403333333334,20576.05,49.449999999999996,0,1,3,3,True
4869,1,2024-09-25,2024-09-25,Low Income Segment,Poor,Under 3k,350.0,1206.18,11077.3,89.43,0,1,1,1,False
4870,2,2023-04-03,2024-02-23,High Income Segment,Exceptional,6k-10k,634.0,4767.365,9618.77,9.67,0,2,2,2,True
4871,3,2023-12-08,2024-08-23,High Income Segment,Fair,3k-6k,596.6666666666666,5121.033333333333,13603.92,48.27,0,3,3,3,True
4872,3,2023-02-17,2024-09-10,Low Income Segment,Fair,Under 3k,579.3333333333334,2787.51,18386.78,201.75,1,2,3,3,True
4873,3,2023-10-11,2024-06-29,Middle Income Segment,Poor,3k-6k,593.3333333333334,5611.006666666667,17537.55,250.49,1,2,3,3,True
4874,2,2024-02-26,2025-02-25,High Income Segment,Poor,6k-10k,480.0,4892.085,9338.44,0.0,0,2,2,2,True
4875,2,2024-04-21,2024-09-21,Middle Income Segment,Good,3k-6k,531.0,5683.475,15591.34,0.0,0,1,2,2,True
4876,2,2023-10-24,2025-02-10,High Income Segment,Poor,6k-10k,525.0,5139.759999999999,4928.51,0.0,0,2,2,2,True
4877,2,2024-10-24,2025-04-27,Low Income Segment,Good,3k-6k,581.0,2718.88,20319.170000000002,0.0,0,2,2,2,True
4878,2,2024-02-25,2024-03-17,High Income Segment,Poor,6k-10k,394.5,5374.59,22841.67,42.21,0,2,2,2,True
4879,3,2023-03-28,2025-01-17,High Income Segment,Poor,3k-6k,588.3333333333334,5534.493333333333,13844.68,20.85,0,3,3,3,True
4880,3,2023-06-08,2024-01-11,High Income Segment,Good,6k-10k,684.0,6144.186666666666,27854.43,0.0,0,2,3,3,True
4881,2,2023-02-26,2023-03-09,Low Income Segment,Exceptional,3k-6k,724.5,3692.795,8307.98,61.27,0,2,2,2,True
4882,2,2024-10-01,2025-02-08,Low Income Segment,Poor,3k-6k,412.0,3405.8,5864.56,0.0,0,2,2,2,True
4883,3,2023-07-31,2025-02-11,Middle Income Segment,Good,6k-10k,627.3333333333334,7238.759999999999,20268.39,245.31,1,2,3,3,True
4885,2,2023-07-19,2025-01-11,High Income Segment,Good,6k-10k,597.5,4828.515,6705.43,164.48000000000002,0,2,2,2,True
4886,1,2023-02-27,2023-02-27,High Income Segment,Poor,6k-10k,504.0,8971.92,3123.62,0.0,0,1,1,1,False
4887,3,2024-05-02,2024-05-14,High Income Segment,Good,6k-10k,629.3333333333334,7792.360000000001,11997.51,68.63,0,1,3,3,True
4888,2,2024-08-19,2025-01-30,High Income Segment,Fair,6k-10k,554.0,5278.42,14173.91,129.01,0,2,2,2,True
4889,2,2024-05-13,2024-08-05,High Income Segment,Good,6k-10k,529.5,7557.515,19721.4,99.0,0,2,2,2,True
4890,2,2023-03-17,2024-11-03,Middle Income Segment,Fair,3k-6k,617.0,6122.280000000001,4578.71,0.0,0,1,2,2,True
4891,1,2024-12-27,2024-12-27,Low Income Segment,Poor,Under 3k,564.0,2751.52,2464.2,0.0,0,1,1,1,False
4892,5,2023-06-22,2024-07-01,High Income Segment,Poor,6k-10k,623.2,5575.964,24618.53,204.19,0,3,5,5,True
4893,2,2023-02-03,2024-12-25,High Income Segment,Poor,3k-6k,349.5,6215.08,6124.0199999999995,10.74,0,2,2,2,True
4894,3,2023-10-17,2025-03-19,High Income Segment,Good,6k-10k,614.3333333333334,6523.363333333334,19247.52,190.19,0,2,3,3,True
4895,1,2023-02-08,2023-02-08,High Income Segment,Fair,6k-10k,663.0,8761.11,1239.84,7.81,0,1,1,1,False
4896,2,2024-02-15,2024-08-08,Low Income Segment,Exceptional,3k-6k,767.0,3542.57,20576.33,12.66,0,2,2,2,True
4897,4,2023-03-14,2023-11-13,Middle Income Segment,Very Good,6k-10k,672.5,5360.71,19124.68,92.15,0,2,4,4,True
4898,2,2023-05-24,2023-10-11,Middle Income Segment,Good,3k-6k,620.5,4502.475,2488.24,0.0,0,1,2,2,True
4899,1,2024-09-05,2024-09-05,High Income Segment,Poor,6k-10k,549.0,9643.27,4402.03,17.67,0,1,1,1,False
4900,3,2024-05-14,2024-12-01,Low Income Segment,Poor,Under 3k,470.6666666666667,3712.52,11422.26,301.81,1,2,3,3,True
4901,1,2025-04-04,2025-04-04,High Income Segment,Poor,6k-10k,360.0,8514.52,12474.04,0.0,0,1,1,1,False
4902,2,2023-03-02,2024-06-14,High Income Segment,Poor,6k-10k,492.0,8732.755000000001,18491.38,67.3,0,1,2,2,True
4903,2,2023-06-12,2024-01-04,High Income Segment,Exceptional,6k-10k,610.5,8312.99,14140.84,67.95,0,2,2,2,True
4904,4,2024-03-08,2024-10-26,Middle Income Segment,Poor,3k-6k,497.0,4623.110000000001,9217.4,65.98,0,1,4,4,True
4905,1,2025-01-29,2025-01-29,Middle Income Segment,Poor,3k-6k,308.0,5874.99,7288.63,82.71,0,1,1,1,False
4906,3,2024-03-06,2025-03-23,Middle Income Segment,Poor,3k-6k,588.0,3524.1233333333334,13785.58,159.28,0,2,3,3,True
4907,3,2023-06-11,2025-05-13,Middle Income Segment,Fair,3k-6k,611.6666666666666,4228.076666666667,16332.95,163.39,0,1,3,3,True
4908,1,2024-09-20,2024-09-20,Low Income Segment,Fair,Under 3k,646.0,1544.92,3771.26,0.0,0,1,1,1,False
4909,3,2023-09-01,2023-12-29,Low Income Segment,Poor,Under 3k,378.0,2517.9333333333334,18043.84,354.69,1,1,3,3,True
4911,2,2023-08-26,2024-11-11,High Income Segment,Exceptional,3k-6k,733.5,6883.18,15471.310000000001,45.06,0,2,2,2,True
4912,1,2024-07-04,2024-07-04,High Income Segment,Poor,6k-10k,305.0,8821.55,4248.0,0.0,0,1,1,1,False
4913,2,2024-04-03,2024-06-09,High Income Segment,Fair,3k-6k,515.5,6814.1849999999995,10328.02,46.11,0,2,2,2,True
4914,1,2023-02-16,2023-02-16,Middle Income Segment,Fair,6k-10k,618.0,6694.42,12924.59,101.1,0,1,1,1,False
4915,2,2023-06-13,2024-09-14,High Income Segment,Poor,6k-10k,410.5,7669.030000000001,5635.54,133.46,0,2,2,2,True
4916,1,2025-03-25,2025-03-25,High Income Segment,Poor,6k-10k,513.0,9684.7,5262.82,0.0,0,1,1,1,False
4917,2,2023-08-19,2023-10-29,Middle Income Segment,Fair,3k-6k,641.0,3928.29,11160.68,0.0,0,1,2,2,True
4918,1,2023-03-08,2023-03-08,High Income Segment,Poor,6k-10k,489.0,7070.95,3873.62,218.44,1,1,1,1,False
4920,3,2024-04-06,2025-04-30,Low Income Segment,Fair,Under 3k,640.3333333333334,3987.99,25481.89,70.01,0,2,3,3,True
4922,1,2023-11-28,2023-11-28,Low Income Segment,Very Good,Under 3k,784.0,1137.87,3713.14,0.0,0,1,1,1,False
4923,2,2023-09-27,2025-01-16,High Income Segment,Poor,3k-6k,453.5,6194.49,20270.34,32.75,0,2,2,2,True
4924,3,2024-05-15,2024-07-05,High Income Segment,Good,6k-10k,753.3333333333334,6622.670000000001,7038.719999999999,170.35,1,2,3,3,True
4925,3,2023-01-25,2024-09-01,Middle Income Segment,Poor,3k-6k,511.6666666666667,4312.233333333334,22705.6,176.73000000000002,1,2,3,3,True
4926,2,2024-08-14,2025-02-11,High Income Segment,Exceptional,3k-6k,605.0,6709.865,5949.0599999999995,171.36,0,2,2,2,True
4927,4,2023-05-21,2025-05-12,High Income Segment,Poor,6k-10k,460.5,5478.8,29659.84,142.75,0,2,4,4,True
4928,2,2023-07-11,2024-07-30,High Income Segment,Good,6k-10k,732.5,5867.825,12981.439999999999,146.83,1,2,2,2,True
4929,1,2024-09-02,2024-09-02,High Income Segment,Poor,6k-10k,537.0,9566.3,994.05,0.0,0,1,1,1,False
4930,1,2024-01-14,2024-01-14,High Income Segment,Poor,6k-10k,566.0,9117.83,3666.63,13.02,0,1,1,1,False
4932,6,2023-04-05,2025-03-08,Middle Income Segment,Poor,6k-10k,582.0,5078.876666666666,22907.93,206.08,0,2,6,6,True
4933,3,2023-03-16,2024-03-02,Middle Income Segment,Fair,3k-6k,582.3333333333334,5218.8,5002.389999999999,53.63,0,1,3,3,True
4934,1,2024-08-09,2024-08-09,Low Income Segment,Poor,Under 3k,516.0,2104.16,13672.79,40.29,0,1,1,1,False
4935,3,2023-03-18,2024-05-02,Middle Income Segment,Good,3k-6k,666.3333333333334,3113.4900000000002,13265.560000000001,66.80000000000001,0,2,3,3,True
4936,4,2023-01-08,2024-11-17,Low Income Segment,Poor,Under 3k,447.5,3566.38,23557.23,0.0,0,3,4,4,True
4937,1,2023-10-25,2023-10-25,Middle Income Segment,Poor,3k-6k,491.0,5079.26,1645.16,0.0,0,1,1,1,False
4939,2,2023-12-20,2024-08-04,Middle Income Segment,Poor,3k-6k,489.5,4111.495,9094.619999999999,75.31,0,1,2,2,True
4940,2,2023-11-01,2023-11-17,High Income Segment,Poor,6k-10k,541.5,5059.025,7488.530000000001,0.0,0,2,2,2,True
4941,2,2025-01-31,2025-04-21,High Income Segment,Good,6k-10k,524.5,5278.905,11276.59,0.0,0,2,2,2,True
4943,2,2023-11-30,2024-04-19,High Income Segment,Poor,3k-6k,476.0,7091.32,9763.759999999998,0.0,0,2,2,2,True
4944,5,2023-08-18,2025-03-20,Low Income Segment,Fair,Under 3k,597.8,3115.062,27418.62,82.84,0,2,5,5,True
4945,2,2023-07-18,2024-01-09,High Income Segment,Good,6k-10k,502.0,4880.075,882.09,0.0,0,2,2,2,True
4947,2,2023-06-30,2023-09-04,Middle Income Segment,Good,3k-6k,573.0,4175.63,7554.7,0.0,0,1,2,2,True
4948,3,2024-01-30,2025-03-24,High Income Segment,Poor,6k-10k,504.0,6773.823333333334,21850.78,51.519999999999996,0,2,3,3,True
4949,1,2023-07-15,2023-07-15,Middle Income Segment,Poor,6k-10k,384.0,6894.93,13072.25,87.88,0,1,1,1,False
4950,2,2023-05-12,2024-12-02,Low Income Segment,Exceptional,Under 3k,826.0,1954.3649999999998,18498.65,0.0,0,1,2,2,True
4951,3,2023-04-18,2025-02-02,High Income Segment,Fair,6k-10k,615.3333333333334,7726.763333333333,24067.690000000002,184.85000000000002,0,2,3,3,True
4952,1,2025-04-27,2025-04-27,Middle Income Segment,Good,3k-6k,733.0,3868.52,13555.54,78.49,0,1,1,1,False
4953,4,2023-01-23,2023-11-25,Middle Income Segment,Poor,6k-10k,403.25,4894.2925000000005,24385.86,349.58,1,2,4,4,True
4954,2,2024-07-14,2024-07-21,High Income Segment,Exceptional,6k-10k,568.0,4975.855,10500.32,0.0,0,2,2,2,True
4955,2,2024-09-28,2024-12-10,High Income Segment,Fair,3k-6k,663.5,6468.1,11432.9,4.0,0,2,2,2,True
4956,3,2023-04-22,2025-01-04,Middle Income Segment,Good,6k-10k,670.6666666666666,6918.873333333333,6277.18,5.22,0,2,3,3,True
4957,4,2023-04-02,2025-03-31,Low Income Segment,Fair,Under 3k,613.5,4411.5975,43282.69,30.9,0,3,4,4,True
4958,1,2024-05-14,2024-05-14,Middle Income Segment,Good,6k-10k,679.0,6672.17,3524.5,155.25,1,1,1,1,False
4959,7,2023-02-14,2025-02-13,Middle Income Segment,Good,6k-10k,639.2857142857143,5799.432857142857,35414.26,64.62,0,3,7,7,True
4960,4,2023-03-17,2025-05-01,Low Income Segment,Poor,Under 3k,590.25,2208.705,15624.089999999998,58.01,0,2,4,4,True
4961,1,2024-11-16,2024-11-16,Low Income Segment,Exceptional,Under 3k,801.0,1315.96,3065.16,0.0,0,1,1,1,False
4962,2,2023-10-10,2024-02-24,High Income Segment,Exceptional,6k-10k,673.0,9138.575,11319.93,0.0,0,1,2,2,True
4963,2,2023-01-04,2025-05-19,Middle Income Segment,Poor,3k-6k,423.5,4153.375,3461.69,0.0,0,1,2,2,True
4965,2,2024-01-03,2024-03-18,Middle Income Segment,Poor,3k-6k,314.0,6253.015,7893.12,91.22,0,1,2,2,True
4966,2,2023-04-09,2024-04-11,Middle Income Segment,Poor,3k-6k,425.0,5368.275,2645.1,0.0,0,1,2,2,True
4967,3,2023-08-27,2024-11-30,Middle Income Segment,Exceptional,3k-6k,764.6666666666666,6192.313333333334,29650.95,42.63,0,2,3,3,True
4968,2,2024-05-07,2024-06-18,Middle Income Segment,Poor,3k-6k,603.5,4527.82,2661.13,166.17,1,1,2,2,True
4969,3,2023-11-16,2024-06-30,Middle Income Segment,Poor,3k-6k,562.0,6223.906666666667,17890.87,91.10000000000001,0,1,3,3,True
4970,7,2023-03-17,2025-02-09,High Income Segment,Poor,6k-10k,606.1428571428571,5719.54,39415.51,322.61,1,3,7,7,True
4972,1,2024-04-13,2024-04-13,High Income Segment,Very Good,6k-10k,760.0,8867.89,156.08,0.0,0,1,1,1,False
4973,1,2024-08-13,2024-08-13,Low Income Segment,Exceptional,Under 3k,831.0,2730.62,329.78,52.58,0,1,1,1,False
4974,2,2023-09-16,2024-05-24,High Income Segment,Poor,6k-10k,436.0,7750.68,7430.6,81.18,0,2,2,2,True
4975,2,2023-05-20,2024-07-08,Middle Income Segment,Good,3k-6k,525.5,5473.665,17119.02,41.65,0,1,2,2,True
4976,4,2023-08-19,2024-12-21,High Income Segment,Poor,6k-10k,630.75,6411.5725,33679.18,7.94,0,3,4,4,True
4977,2,2024-12-06,2025-03-24,High Income Segment,Poor,3k-6k,651.0,5997.54,16773.5,129.73,0,2,2,2,True
4980,2,2023-05-15,2024-01-18,Middle Income Segment,Poor,3k-6k,403.5,5233.525,7836.06,23.74,0,1,2,2,True
4981,3,2023-01-30,2025-03-27,High Income Segment,Fair,6k-10k,695.0,6798.623333333334,9102.9,228.01,0,2,3,3,True
4982,1,2023-02-15,2023-02-15,Middle Income Segment,Very Good,3k-6k,770.0,4074.08,3528.09,0.0,0,1,1,1,False
4983,5,2023-06-03,2025-01-21,High Income Segment,Good,3k-6k,603.4,5706.197999999999,26606.21,116.87,0,3,5,5,True
4984,1,2024-05-20,2024-05-20,Low Income Segment,Poor,Under 3k,502.0,1913.18,9211.66,23.85,0,1,1,1,False
4985,4,2023-05-26,2025-01-17,High Income Segment,Good,6k-10k,578.5,6797.455,28895.0,55.85,0,3,4,4,True
4987,1,2023-02-03,2023-02-03,High Income Segment,Exceptional,6k-10k,820.0,8440.24,5248.19,209.61,1,1,1,1,False
4988,2,2024-02-17,2025-02-01,Middle Income Segment,Exceptional,3k-6k,670.5,4307.37,14239.79,210.48,1,1,2,2,True
4989,2,2024-06-05,2024-10-07,Middle Income Segment,Poor,3k-6k,499.5,6311.235,15947.560000000001,0.0,0,1,2,2,True
4990,1,2024-10-13,2024-10-13,Middle Income Segment,Poor,3k-6k,380.0,3051.41,1951.14,10.99,0,1,1,1,False
4991,2,2024-10-17,2025-04-12,Low Income Segment,Good,3k-6k,738.0,3697.68,9454.64,36.5,0,2,2,2,True
4992,3,2023-01-29,2025-02-11,High Income Segment,Poor,6k-10k,596.6666666666666,6029.103333333333,10436.1,0.0,0,2,3,3,True
4993,2,2023-06-17,2024-02-06,High Income Segment,Exceptional,6k-10k,708.0,7522.65,5414.9,0.0,0,2,2,2,True
4994,2,2023-01-13,2023-05-03,High Income Segment,Fair,6k-10k,509.5,9556.685000000001,13463.19,104.32,0,1,2,2,True
4996,4,2023-03-30,2025-05-08,High Income Segment,Poor,6k-10k,575.0,6035.9974999999995,40475.55,153.95,0,3,4,4,True
4997,3,2023-10-29,2024-03-27,High Income Segment,Fair,6k-10k,551.0,5790.490000000001,24513.129999999997,94.35,0,3,3,3,True
4998,3,2023-04-02,2024-04-23,Middle Income Segment,Poor,3k-6k,467.6666666666667,4372.759999999999,14338.24,151.12,0,2,3,3,True
4999,1,2024-04-14,2024-04-14,Middle Income Segment,Poor,3k-6k,419.0,3144.08,7861.51,174.14,1,1,1,1,False
5000,5,2024-01-11,2025-03-02,Low Income Segment,Poor,Under 3k,570.2,2826.648,18099.2,165.68,0,2,5,5,True
5001,3,2023-02-03,2025-04-20,Middle Income Segment,Fair,3k-6k,553.6666666666666,3510.11,11695.24,55.879999999999995,0,2,3,3,True
5002,1,2023-11-07,2023-11-07,Middle Income Segment,Fair,3k-6k,633.0,3928.35,2615.51,0.0,0,1,1,1,False
5003,1,2023-09-24,2023-09-24,Middle Income Segment,Exceptional,3k-6k,808.0,5456.72,9343.7,27.5,0,1,1,1,False
5004,3,2023-07-29,2024-12-25,Middle Income Segment,Poor,3k-6k,616.0,3815.4266666666667,14443.650000000001,0.0,0,2,3,3,True
5005,4,2023-08-06,2025-03-11,High Income Segment,Good,6k-10k,511.25,6844.95,29876.78,98.83,0,2,4,4,True
5006,3,2023-03-13,2025-01-10,Middle Income Segment,Very Good,6k-10k,720.0,6841.173333333333,23355.809999999998,286.52,1,2,3,3,True
5007,1,2024-06-18,2024-06-18,Low Income Segment,Poor,Under 3k,304.0,1277.52,4899.18,8.55,0,1,1,1,False
5008,4,2023-03-31,2023-06-01,High Income Segment,Exceptional,6k-10k,659.0,4865.1525,21207.870000000003,87.35,0,3,4,4,True
5009,3,2023-01-12,2024-08-08,High Income Segment,Fair,6k-10k,581.0,5514.740000000001,18190.07,150.91,0,2,3,3,True
5011,1,2023-07-13,2023-07-13,Middle Income Segment,Poor,3k-6k,440.0,5085.77,373.26,0.0,0,1,1,1,False
5012,1,2024-06-19,2024-06-19,Low Income Segment,Exceptional,Under 3k,837.0,2225.27,10624.13,0.0,0,1,1,1,False
5013,1,2024-11-27,2024-11-27,High Income Segment,Poor,6k-10k,418.0,7422.8,6163.74,102.72,0,1,1,1,False
5014,3,2023-04-27,2024-09-25,High Income Segment,Fair,6k-10k,580.6666666666666,5683.973333333332,29493.75,0.0,0,3,3,3,True
5015,1,2024-06-09,2024-06-09,Low Income Segment,Poor,Under 3k,528.0,2034.89,6523.8,0.0,0,1,1,1,False
5016,4,2023-01-09,2024-12-22,High Income Segment,Poor,3k-6k,542.0,6394.5375,10482.79,93.28,0,2,4,4,True
5017,1,2024-11-08,2024-11-08,Middle Income Segment,Very Good,3k-6k,783.0,4667.97,2016.52,0.0,0,1,1,1,False
5018,4,2023-05-10,2024-02-01,Middle Income Segment,Exceptional,6k-10k,695.5,5343.475,24055.86,401.13,1,3,4,4,True
5019,4,2023-05-10,2024-11-03,Middle Income Segment,Poor,6k-10k,625.25,5452.3825,23030.59,123.96,0,3,4,4,True
5020,1,2025-03-06,2025-03-06,High Income Segment,Poor,6k-10k,338.0,8237.71,5850.17,94.61,0,1,1,1,False
5021,2,2024-06-25,2024-08-15,High Income Segment,Fair,6k-10k,480.5,7539.415,9988.56,33.24,0,2,2,2,True
5022,2,2024-09-11,2024-10-17,High Income Segment,Fair,3k-6k,644.5,6227.055,6966.81,107.35,0,2,2,2,True
5023,4,2023-07-03,2025-03-31,High Income Segment,Poor,6k-10k,552.75,7629.4275,26643.86,76.22,0,2,4,4,True
5024,1,2023-08-11,2023-08-11,Low Income Segment,Poor,Under 3k,512.0,2735.89,3766.42,0.0,0,1,1,1,False
5025,5,2023-11-11,2025-05-09,Low Income Segment,Poor,3k-6k,520.0,4914.4839999999995,12485.59,51.62,0,3,5,5,True
5026,1,2023-12-11,2023-12-11,Middle Income Segment,Poor,3k-6k,466.0,3573.55,775.89,38.56,0,1,1,1,False
5027,3,2023-01-21,2025-02-04,High Income Segment,Good,6k-10k,676.0,7704.71,14995.64,234.32999999999998,1,2,3,3,True
5029,1,2025-01-02,2025-01-02,Middle Income Segment,Poor,3k-6k,341.0,3878.28,12372.22,0.0,0,1,1,1,False
5030,1,2024-02-04,2024-02-04,High Income Segment,Poor,6k-10k,300.0,8078.73,6960.31,25.68,0,1,1,1,False
5031,2,2023-01-17,2025-03-05,High Income Segment,Fair,3k-6k,479.0,6431.585,13422.689999999999,0.0,0,2,2,2,True
5033,6,2023-01-13,2025-03-05,Middle Income Segment,Good,3k-6k,689.3333333333334,5035.3533333333335,18659.019999999997,68.48,0,3,6,6,True
5035,1,2023-10-15,2023-10-15,High Income Segment,Good,6k-10k,675.0,9069.67,4694.86,0.0,0,1,1,1,False
5036,3,2024-03-12,2025-02-01,High Income Segment,Exceptional,3k-6k,581.6666666666666,5036.92,20231.89,221.45999999999998,1,3,3,3,True
5037,1,2023-09-14,2023-09-14,High Income Segment,Poor,6k-10k,386.0,8387.38,1882.34,0.0,0,1,1,1,False
5038,2,2024-05-26,2025-03-06,Middle Income Segment,Exceptional,3k-6k,645.0,5817.845,19387.9,26.43,0,1,2,2,True
5039,2,2024-05-01,2024-05-18,Low Income Segment,Good,6k-10k,626.5,3828.7799999999997,12360.009999999998,19.21,0,2,2,2,True
5040,1,2024-01-05,2024-01-05,Middle Income Segment,Fair,3k-6k,627.0,4843.36,2173.63,0.0,0,1,1,1,False
5041,3,2023-06-02,2024-09-20,High Income Segment,Good,3k-6k,717.6666666666666,5705.783333333333,17330.239999999998,105.27,0,3,3,3,True
5042,4,2023-01-11,2023-12-05,Middle Income Segment,Fair,6k-10k,525.75,5162.5275,7139.679999999999,70.93,0,3,4,4,True
5043,1,2024-01-10,2024-01-10,High Income Segment,Poor,6k-10k,506.0,7518.06,5582.43,52.49,0,1,1,1,False
5044,2,2024-04-20,2025-04-19,High Income Segment,Poor,6k-10k,540.0,8153.665,15816.41,0.0,0,1,1,2,True
5045,1,2024-08-02,2024-08-02,Low Income Segment,Very Good,Under 3k,771.0,1875.08,5504.02,43.58,0,1,1,1,False
5046,1,2025-04-06,2025-04-06,Middle Income Segment,Poor,3k-6k,415.0,5564.33,994.1,0.0,0,1,1,1,False
5047,1,2023-01-05,2023-01-05,Middle Income Segment,Very Good,3k-6k,798.0,5597.3,6130.79,36.09,0,1,1,1,False
5048,1,2025-04-21,2025-04-21,Low Income Segment,Very Good,Under 3k,783.0,2733.68,4131.97,0.0,0,1,1,1,False
5049,3,2023-12-22,2024-04-23,High Income Segment,Poor,6k-10k,468.6666666666667,5802.2733333333335,16031.98,208.58,1,3,3,3,True
5050,3,2023-05-24,2024-08-09,Middle Income Segment,Exceptional,3k-6k,587.0,4245.346666666667,10834.48,197.67000000000002,1,1,3,3,True
5051,3,2023-05-04,2024-06-21,Middle Income Segment,Exceptional,3k-6k,691.0,4182.736666666667,16200.0,226.57,1,2,3,3,True
5052,3,2024-07-21,2025-03-16,Middle Income Segment,Exceptional,3k-6k,594.3333333333334,5631.389999999999,24123.54,126.26,0,2,3,3,True
5053,5,2023-05-15,2024-10-02,High Income Segment,Very Good,6k-10k,667.6,7022.853999999999,36010.49,154.9,0,3,5,5,True
5054,2,2024-05-13,2025-03-19,Middle Income Segment,Exceptional,3k-6k,762.5,6011.889999999999,7602.3,105.06,0,1,2,2,True
5055,3,2023-09-07,2025-04-13,High Income Segment,Exceptional,3k-6k,685.3333333333334,3908.2999999999997,23863.82,100.58000000000001,0,3,3,3,True
5056,1,2024-10-13,2024-10-13,Middle Income Segment,Exceptional,3k-6k,848.0,3016.47,5129.29,0.0,0,1,1,1,False
5057,1,2024-02-02,2024-02-02,Low Income Segment,Very Good,Under 3k,788.0,2893.67,2155.03,52.46,0,1,1,1,False
5059,2,2024-03-18,2024-12-30,High Income Segment,Exceptional,3k-6k,643.5,7066.415000000001,7190.530000000001,26.27,0,2,2,2,True
5060,2,2023-07-20,2024-09-28,High Income Segment,Fair,6k-10k,550.5,5230.18,8752.65,0.0,0,2,2,2,True
5061,2,2023-04-25,2023-09-06,Middle Income Segment,Exceptional,3k-6k,727.5,4760.075000000001,15173.210000000001,0.0,0,1,2,2,True
5062,4,2023-05-03,2024-08-31,High Income Segment,Poor,6k-10k,473.25,6677.6275,16964.31,311.54999999999995,1,2,4,4,True
5063,3,2023-11-17,2023-12-17,High Income Segment,Poor,6k-10k,492.3333333333333,8216.93,6767.04,0.0,0,1,3,3,True
5064,2,2024-05-12,2024-12-21,Middle Income Segment,Poor,3k-6k,521.0,5579.4349999999995,11924.43,0.0,0,1,2,2,True
5065,2,2023-03-14,2023-03-24,High Income Segment,Poor,6k-10k,510.5,7204.35,8214.37,517.7,2,2,2,2,True
5066,2,2023-01-31,2024-04-28,High Income Segment,Exceptional,6k-10k,622.5,5066.695,21157.11,74.12,0,2,2,2,True
5067,2,2023-02-08,2024-12-04,High Income Segment,Fair,3k-6k,672.0,6512.59,11291.06,30.33,0,2,2,2,True
5068,2,2024-11-14,2024-12-10,Low Income Segment,Poor,3k-6k,634.5,3579.8950000000004,6316.73,90.74,0,2,2,2,True
5069,1,2024-02-05,2024-02-05,Low Income Segment,Fair,Under 3k,582.0,1541.32,4000.96,97.52,0,1,1,1,False
5070,2,2023-03-28,2024-12-09,High Income Segment,Poor,3k-6k,655.5,6943.94,5788.29,16.08,0,2,2,2,True
5071,3,2024-05-27,2024-12-26,High Income Segment,Fair,6k-10k,573.0,5267.623333333334,19968.51,272.93,1,3,3,3,True
5072,1,2023-05-05,2023-05-05,High Income Segment,Poor,6k-10k,433.0,8888.14,11044.32,127.53,0,1,1,1,False
5073,1,2023-03-09,2023-03-09,Low Income Segment,Poor,Under 3k,466.0,1798.55,4509.49,0.0,0,1,1,1,False
5074,1,2024-04-03,2024-04-03,Middle Income Segment,Poor,3k-6k,516.0,5491.99,3134.01,103.2,0,1,1,1,False
5075,2,2025-01-05,2025-03-27,Low Income Segment,Good,3k-6k,554.5,2516.1150000000002,15277.079999999998,5.85,0,2,2,2,True
5076,4,2023-06-28,2025-04-30,High Income Segment,Poor,6k-10k,609.5,8439.307499999999,21710.91,173.28,0,1,4,4,True
5077,2,2024-01-08,2025-04-24,Low Income Segment,Poor,3k-6k,478.5,3435.71,9375.26,122.39,0,2,2,2,True
5078,3,2023-04-29,2024-10-12,Low Income Segment,Poor,Under 3k,473.6666666666667,3719.7833333333333,14675.949999999999,159.8,1,2,3,3,True
5079,2,2024-10-08,2025-03-19,Middle Income Segment,Fair,3k-6k,674.0,4350.174999999999,7450.57,0.0,0,1,2,2,True
5080,1,2024-02-04,2024-02-04,Middle Income Segment,Poor,3k-6k,391.0,3511.29,6433.83,0.0,0,1,1,1,False
5081,2,2023-08-12,2023-09-30,High Income Segment,Good,3k-6k,540.0,7587.200000000001,2791.05,0.0,0,2,2,2,True
5082,2,2023-02-17,2025-03-03,High Income Segment,Fair,6k-10k,634.5,7774.535,7874.120000000001,0.0,0,1,2,2,True
5083,2,2024-07-24,2024-10-09,High Income Segment,Poor,6k-10k,469.0,4157.29,5814.0599999999995,89.05,0,2,2,2,True
5085,2,2024-04-28,2024-08-01,Low Income Segment,Fair,6k-10k,555.5,3774.82,10163.529999999999,59.99,0,2,2,2,True
5086,5,2023-03-31,2024-07-02,High Income Segment,Poor,6k-10k,561.2,5551.348,8560.03,268.90999999999997,0,3,5,5,True
5087,5,2023-02-25,2025-02-13,Middle Income Segment,Fair,3k-6k,576.8,6259.144,28693.13,18.9,0,2,5,5,True
5088,2,2023-10-29,2023-11-23,Low Income Segment,Poor,3k-6k,628.5,3013.3450000000003,13335.73,45.35,0,2,2,2,True
5089,3,2023-12-20,2025-03-27,High Income Segment,Poor,6k-10k,503.6666666666667,6732.986666666667,10246.61,114.66,0,2,3,3,True
5090,6,2023-01-25,2024-07-06,Middle Income Segment,Poor,3k-6k,502.3333333333333,3784.895,29826.43,83.94,0,2,6,6,True
5091,2,2024-01-30,2024-04-30,Low Income Segment,Poor,Under 3k,396.5,2800.66,10222.46,0.0,0,1,2,2,True
5092,1,2024-10-18,2024-10-18,Middle Income Segment,Fair,3k-6k,664.0,5825.3,4397.27,61.69,0,1,1,1,False
5094,3,2024-03-07,2024-09-05,Middle Income Segment,Poor,3k-6k,544.0,5753.396666666667,15316.17,90.85,0,2,3,3,True
5095,1,2025-01-02,2025-01-02,Middle Income Segment,Poor,3k-6k,514.0,4796.24,4683.62,0.0,0,1,1,1,False
5096,1,2024-07-20,2024-07-20,Middle Income Segment,Good,3k-6k,693.0,3930.34,4198.04,0.0,0,1,1,1,False
5098,1,2024-10-23,2024-10-23,Middle Income Segment,Fair,3k-6k,628.0,3830.66,13911.31,0.0,0,1,1,1,False
5099,2,2023-10-29,2024-11-11,Low Income Segment,Good,3k-6k,733.0,3456.0150000000003,15330.009999999998,45.29,0,2,2,2,True
5100,3,2023-05-12,2025-01-02,High Income Segment,Poor,3k-6k,451.3333333333333,5134.293333333334,18280.47,19.89,0,3,3,3,True
5102,4,2024-02-12,2025-04-27,Low Income Segment,Poor,3k-6k,473.5,3037.4249999999997,11766.99,249.18,1,2,4,4,True
5103,2,2024-01-11,2025-04-05,Low Income Segment,Good,Under 3k,555.0,1974.95,8799.630000000001,318.42,2,1,2,2,True
5105,1,2023-08-10,2023-08-10,Low Income Segment,Poor,Under 3k,474.0,2391.56,2930.78,39.59,0,1,1,1,False
5107,5,2023-09-08,2025-02-03,High Income Segment,Poor,6k-10k,502.8,6563.889999999999,29354.46,192.43,0,3,5,5,True
5108,2,2023-02-14,2023-03-19,Low Income Segment,Poor,6k-10k,449.5,4194.715,9964.33,16.07,0,2,2,2,True
5109,3,2023-05-11,2024-09-12,Middle Income Segment,Exceptional,3k-6k,663.6666666666666,4587.703333333334,14098.939999999999,127.85,0,2,3,3,True
5111,1,2024-04-27,2024-04-27,Middle Income Segment,Poor,3k-6k,365.0,3127.37,9511.03,0.0,0,1,1,1,False
5112,2,2023-07-04,2024-04-15,High Income Segment,Very Good,3k-6k,778.0,5667.219999999999,18254.94,40.36,0,2,2,2,True
5113,2,2023-07-30,2023-09-21,Low Income Segment,Fair,6k-10k,662.5,3915.3500000000004,10229.77,58.07,0,2,2,2,True
5114,3,2023-05-23,2023-11-08,Middle Income Segment,Exceptional,6k-10k,720.6666666666666,6022.12,9448.98,16.46,0,2,3,3,True
5116,3,2023-11-21,2024-12-18,High Income Segment,Poor,6k-10k,531.6666666666666,8835.98,20075.64,136.93,0,1,3,3,True
5117,4,2023-04-04,2025-04-25,Middle Income Segment,Poor,6k-10k,581.0,6476.625,18769.399999999998,31.72,0,2,4,4,True
5118,4,2023-01-16,2024-07-26,Low Income Segment,Poor,Under 3k,546.75,4248.245,25393.29,76.7,0,3,4,4,True
5120,2,2024-04-07,2024-09-08,Middle Income Segment,Fair,3k-6k,502.5,5532.514999999999,12296.369999999999,22.63,0,1,2,2,True
5121,1,2023-07-10,2023-07-10,Low Income Segment,Poor,Under 3k,461.0,1470.63,11765.96,0.53,0,1,1,1,False
5122,2,2023-11-12,2025-02-22,High Income Segment,Good,3k-6k,579.0,6703.745000000001,22274.58,81.96,0,2,2,2,True
5123,1,2023-03-30,2023-03-30,Middle Income Segment,Very Good,6k-10k,762.0,6052.09,630.91,0.0,0,1,1,1,False
5124,5,2023-07-27,2025-05-18,Low Income Segment,Poor,Under 3k,529.2,3809.6339999999996,35017.05,123.51,0,3,5,5,True
5126,1,2023-10-16,2023-10-16,Middle Income Segment,Poor,3k-6k,500.0,4286.99,964.21,0.0,0,1,1,1,False
5127,2,2023-07-31,2024-01-10,Low Income Segment,Fair,6k-10k,477.0,4417.764999999999,6932.34,34.76,0,2,2,2,True
5129,2,2023-04-24,2023-05-01,High Income Segment,Fair,6k-10k,600.0,7937.455,5250.62,0.0,0,2,2,2,True
5130,2,2024-01-14,2024-06-14,High Income Segment,Poor,6k-10k,655.5,9075.67,13794.19,50.67,0,1,2,2,True
5131,4,2023-01-30,2025-04-04,High Income Segment,Poor,6k-10k,531.0,7228.925,25299.63,89.41,0,2,4,4,True
5132,1,2024-02-01,2024-02-01,Middle Income Segment,Poor,3k-6k,310.0,4758.88,2686.53,50.3,0,1,1,1,False
5133,6,2023-03-23,2025-01-31,Middle Income Segment,Poor,3k-6k,552.5,6566.45,34559.880000000005,98.32,0,2,6,6,True
5134,3,2023-04-09,2023-09-12,Middle Income Segment,Poor,3k-6k,494.0,4084.4533333333334,20390.56,17.5,0,2,3,3,True
5135,4,2023-03-04,2024-04-07,Middle Income Segment,Poor,3k-6k,587.25,4004.425,17643.52,30.64,0,1,4,4,True
5136,2,2024-01-18,2024-12-27,High Income Segment,Poor,6k-10k,530.5,8126.0,9078.65,0.0,0,1,2,2,True
5137,3,2023-09-11,2025-03-27,Middle Income Segment,Poor,6k-10k,605.3333333333334,5053.216666666666,10285.39,99.98,0,2,3,3,True
5138,3,2023-06-05,2024-09-11,Middle Income Segment,Exceptional,3k-6k,644.3333333333334,4356.490000000001,7092.929999999999,0.0,0,1,3,3,True
5139,2,2023-03-31,2024-02-06,High Income Segment,Poor,6k-10k,625.5,5222.17,8155.14,86.23,0,2,2,2,True
5141,1,2024-07-28,2024-07-28,Low Income Segment,Fair,Under 3k,597.0,1282.31,1313.27,52.49,0,1,1,1,False
5142,5,2023-10-02,2025-05-11,High Income Segment,Poor,6k-10k,562.0,5575.928,25156.14,320.62,1,3,5,5,True
5143,2,2024-03-07,2025-02-25,Low Income Segment,Fair,3k-6k,631.5,2440.115,6910.4,0.0,0,2,2,2,True
5144,2,2023-09-28,2024-04-07,Middle Income Segment,Good,3k-6k,601.5,5659.645,13819.119999999999,177.36,1,1,2,2,True
5145,4,2024-03-16,2025-04-04,High Income Segment,Poor,6k-10k,436.5,9231.575,33913.84,9.5,0,1,4,4,True
5146,4,2024-05-25,2025-04-26,Middle Income Segment,Poor,3k-6k,611.5,3496.08,21026.34,84.66,0,2,4,4,True
5147,1,2023-10-14,2023-10-14,Low Income Segment,Exceptional,Under 3k,809.0,2972.58,2320.71,217.64,1,1,1,1,False
5150,5,2023-01-09,2024-07-04,Middle Income Segment,Exceptional,6k-10k,772.0,6981.322,28058.010000000002,162.56,0,2,5,5,True
5151,3,2023-11-26,2025-04-24,High Income Segment,Poor,3k-6k,487.0,5743.136666666666,20829.87,176.37,0,3,3,3,True
5152,2,2023-07-06,2024-12-24,High Income Segment,Fair,6k-10k,559.5,9039.85,5200.99,85.72,0,1,2,2,True
5153,1,2024-04-30,2024-04-30,High Income Segment,Good,6k-10k,698.0,9415.23,8293.18,0.0,0,1,1,1,False
5154,2,2023-10-05,2025-01-23,High Income Segment,Fair,3k-6k,603.5,5949.775,9047.53,0.0,0,2,2,2,True
5155,3,2023-03-29,2024-06-22,Middle Income Segment,Exceptional,3k-6k,644.3333333333334,5443.56,27051.1,193.86,1,1,3,3,True
5157,2,2024-04-25,2025-04-01,High Income Segment,Poor,3k-6k,649.0,6279.045,4011.6099999999997,0.0,0,2,2,2,True
5158,6,2024-02-11,2025-04-19,Middle Income Segment,Poor,3k-6k,483.6666666666667,4881.548333333333,33592.72,310.38,1,3,6,6,True
5159,2,2023-10-30,2024-08-20,High Income Segment,Poor,6k-10k,423.0,4477.755,9823.15,98.36,0,2,2,2,True
5160,1,2023-02-18,2023-02-18,Middle Income Segment,Poor,3k-6k,432.0,3555.45,7460.53,0.0,0,1,1,1,False
5161,3,2023-03-04,2024-12-30,High Income Segment,Good,6k-10k,648.0,5813.743333333333,7690.6,7.03,0,3,3,3,True
5162,1,2023-12-09,2023-12-09,Middle Income Segment,Fair,3k-6k,643.0,3472.98,550.71,0.0,0,1,1,1,False
5163,2,2023-03-08,2024-04-12,Middle Income Segment,Good,6k-10k,540.0,6393.155,13386.420000000002,183.68,1,1,2,2,True
5164,2,2024-04-26,2025-05-07,Low Income Segment,Fair,Under 3k,533.5,2574.23,9643.380000000001,0.0,0,1,2,2,True
5166,2,2024-03-20,2024-06-21,High Income Segment,Good,3k-6k,512.0,6935.505,11921.359999999999,184.59,0,2,2,2,True
5167,2,2023-02-26,2023-10-13,High Income Segment,Exceptional,6k-10k,629.0,5026.705,9065.66,7.62,0,2,2,2,True
5169,2,2024-02-20,2024-09-10,High Income Segment,Fair,6k-10k,489.5,5812.33,5693.87,0.0,0,2,2,2,True
5171,2,2023-11-11,2024-01-06,High Income Segment,Fair,6k-10k,497.0,5570.5,7296.379999999999,70.84,0,2,2,2,True
5172,3,2023-03-26,2025-04-19,High Income Segment,Fair,6k-10k,714.6666666666666,6810.599999999999,19776.43,118.05,0,2,3,3,True
5173,2,2024-04-13,2025-03-18,High Income Segment,Poor,3k-6k,501.0,6139.965,10231.51,9.6,0,2,2,2,True
5174,3,2023-07-06,2024-04-16,Middle Income Segment,Fair,3k-6k,533.0,5332.0,19293.019999999997,101.54,0,1,3,3,True
5175,3,2023-07-14,2023-10-15,High Income Segment,Poor,3k-6k,555.0,5547.5233333333335,19222.67,84.01,0,3,3,3,True
5176,1,2024-09-19,2024-09-19,High Income Segment,Exceptional,6k-10k,841.0,9807.98,4676.27,0.0,0,1,1,1,False
5177,4,2023-05-09,2025-02-07,Low Income Segment,Poor,Under 3k,607.25,4321.5225,14422.72,16.31,0,3,4,4,True
5178,2,2023-11-18,2024-01-26,High Income Segment,Poor,3k-6k,389.0,6573.34,8449.8,48.57,0,2,2,2,True
5179,3,2023-01-27,2024-08-30,Middle Income Segment,Exceptional,3k-6k,643.6666666666666,5905.669999999999,17240.69,0.0,0,2,3,3,True
5180,2,2023-07-01,2024-12-16,Low Income Segment,Exceptional,Under 3k,759.5,2899.335,9190.130000000001,0.0,0,1,2,2,True
5181,1,2023-12-14,2023-12-14,Middle Income Segment,Poor,3k-6k,364.0,3878.72,2589.36,25.1,0,1,1,1,False
5182,4,2023-06-14,2024-09-04,Middle Income Segment,Poor,6k-10k,499.75,5774.9275,20067.6,131.65,0,3,4,4,True
5183,3,2023-07-07,2025-04-29,High Income Segment,Poor,3k-6k,603.0,5594.916666666667,25134.739999999998,44.41,0,3,3,3,True
5184,1,2024-10-22,2024-10-22,Middle Income Segment,Poor,3k-6k,347.0,4265.28,3605.48,0.0,0,1,1,1,False
5185,3,2023-05-26,2025-04-30,Middle Income Segment,Fair,3k-6k,565.0,3536.3133333333335,11565.529999999999,25.33,0,2,3,3,True
5186,1,2023-06-16,2023-06-16,Low Income Segment,Poor,Under 3k,435.0,2845.52,7491.52,0.0,0,1,1,1,False
5187,1,2023-10-25,2023-10-25,Middle Income Segment,Poor,3k-6k,333.0,4477.42,5230.89,60.71,0,1,1,1,False
5188,3,2023-05-14,2024-07-13,Middle Income Segment,Good,6k-10k,643.3333333333334,6238.703333333334,23254.67,13.34,0,2,3,3,True
5190,2,2023-01-02,2024-07-28,High Income Segment,Fair,6k-10k,693.5,7906.975,4918.42,211.46,1,2,2,2,True
5191,1,2025-04-28,2025-04-28,Middle Income Segment,Poor,3k-6k,327.0,5626.28,10708.41,109.8,0,1,1,1,False
5192,1,2024-06-25,2024-06-25,Middle Income Segment,Exceptional,3k-6k,821.0,3226.78,1644.85,29.86,0,1,1,1,False
5193,2,2024-07-09,2025-02-06,High Income Segment,Poor,6k-10k,438.0,5880.285000000001,7417.889999999999,0.0,0,2,2,2,True
5195,2,2023-05-04,2024-12-29,Low Income Segment,Poor,Under 3k,671.0,1380.5,9780.51,3.43,0,1,2,2,True
5196,2,2023-06-09,2023-11-10,Middle Income Segment,Poor,3k-6k,454.0,3421.55,17054.989999999998,0.0,0,1,2,2,True
5197,5,2023-07-02,2024-12-17,High Income Segment,Poor,6k-10k,483.6,6500.397999999999,28852.12,86.88,0,3,5,5,True
5198,2,2023-10-08,2025-02-07,Low Income Segment,Poor,Under 3k,568.5,2304.38,1884.87,96.94,0,1,2,2,True
5199,2,2024-03-18,2025-01-14,High Income Segment,Fair,6k-10k,644.0,8871.45,14090.39,0.0,0,1,2,2,True
5200,6,2023-01-24,2024-11-29,Middle Income Segment,Poor,3k-6k,545.8333333333334,5746.193333333334,29088.6,230.19,0,3,6,6,True
5203,1,2025-03-16,2025-03-16,Low Income Segment,Very Good,Under 3k,784.0,2690.09,1888.31,0.0,0,1,1,1,False
5204,2,2023-06-14,2025-01-10,High Income Segment,Good,3k-6k,593.0,7118.3949999999995,6904.83,26.94,0,2,2,2,True
5205,2,2023-01-17,2024-08-04,High Income Segment,Poor,6k-10k,479.5,4735.035,6642.4400000000005,127.17,0,2,2,2,True
5206,2,2023-03-11,2024-02-29,Low Income Segment,Good,3k-6k,687.5,2498.31,13295.83,24.17,0,2,2,2,True
5207,2,2024-01-11,2025-03-05,High Income Segment,Good,3k-6k,540.0,6386.285,14406.53,17.52,0,2,2,2,True
5208,3,2023-09-03,2025-02-16,High Income Segment,Fair,3k-6k,612.0,4828.073333333334,14543.689999999999,120.53999999999999,0,3,3,3,True
5209,1,2024-09-24,2024-09-24,Low Income Segment,Exceptional,Under 3k,849.0,2582.74,1412.23,0.0,0,1,1,1,False
5210,4,2023-05-30,2025-03-26,Low Income Segment,Good,Under 3k,579.0,3827.9049999999997,19249.91,98.99,0,2,4,4,True
5211,3,2024-08-10,2024-11-15,Middle Income Segment,Poor,6k-10k,358.0,6347.376666666666,24248.46,27.82,0,2,3,3,True
5212,3,2023-06-20,2024-02-29,Middle Income Segment,Poor,3k-6k,453.6666666666667,5409.043333333334,7702.68,354.81,2,2,3,3,True
5213,6,2023-03-06,2025-01-30,High Income Segment,Poor,6k-10k,500.0,6310.48,18165.57,135.34,0,3,6,6,True
5214,2,2023-09-13,2024-05-01,High Income Segment,Poor,6k-10k,400.5,9144.41,5770.38,204.0,0,1,2,2,True
5215,4,2023-11-28,2025-04-20,Low Income Segment,Poor,3k-6k,458.25,3590.695,33929.76,64.15,0,2,4,4,True
5216,1,2024-05-26,2024-05-26,Low Income Segment,Fair,Under 3k,584.0,2947.57,6775.97,255.59,1,1,1,1,False
5217,1,2024-10-06,2024-10-06,Middle Income Segment,Poor,3k-6k,341.0,3092.71,2232.85,137.83,0,1,1,1,False
5218,4,2023-05-09,2025-02-12,Low Income Segment,Poor,Under 3k,493.0,2614.29,31431.45,211.23,1,2,4,4,True
5221,3,2023-03-05,2024-04-14,Low Income Segment,Exceptional,Under 3k,689.3333333333334,4048.566666666667,17532.699999999997,52.57,0,2,3,3,True
5222,2,2023-11-06,2024-02-26,High Income Segment,Good,6k-10k,589.0,4884.65,16138.98,74.64,0,2,2,2,True
5223,2,2024-04-03,2024-05-22,High Income Segment,Poor,6k-10k,636.5,6892.39,4329.74,44.7,0,2,2,2,True
5224,3,2023-10-06,2024-10-31,Low Income Segment,Fair,Under 3k,579.3333333333334,3279.3566666666666,29027.17,0.0,0,2,3,3,True
5225,5,2023-08-11,2025-03-15,High Income Segment,Poor,3k-6k,614.4,5799.748,34365.91,345.53999999999996,1,3,5,5,True
5226,1,2025-05-05,2025-05-05,Middle Income Segment,Poor,3k-6k,351.0,4120.73,6020.1,15.88,0,1,1,1,False
5227,3,2024-05-24,2025-02-14,Middle Income Segment,Exceptional,3k-6k,626.0,5296.903333333333,20614.51,36.84,0,1,3,3,True
5228,5,2023-01-15,2024-03-29,High Income Segment,Poor,6k-10k,638.6,6737.566000000001,26831.25,0.0,0,3,5,5,True
5230,1,2025-02-18,2025-02-18,Low Income Segment,Fair,Under 3k,636.0,1233.02,433.88,0.0,0,1,1,1,False
5231,6,2023-06-12,2025-03-15,Middle Income Segment,Poor,6k-10k,476.0,6627.686666666666,20261.4,395.48,1,3,6,6,True
5232,4,2023-01-23,2024-10-25,High Income Segment,Poor,6k-10k,557.0,5864.865,31310.739999999998,222.23000000000002,0,3,4,4,True
5233,2,2023-05-23,2025-03-27,High Income Segment,Poor,6k-10k,484.5,7749.26,24715.46,53.03,0,2,2,2,True
5234,4,2023-04-24,2024-10-05,High Income Segment,Poor,3k-6k,614.25,6227.9625,28062.59,22.439999999999998,0,2,4,4,True
5235,1,2023-04-28,2023-04-28,High Income Segment,Poor,6k-10k,418.0,8974.02,7853.22,1.89,0,1,1,1,False
5236,2,2023-08-02,2025-02-04,High Income Segment,Exceptional,3k-6k,617.0,5301.31,11270.76,52.51,0,2,2,2,True
5237,2,2023-08-03,2023-12-08,High Income Segment,Poor,3k-6k,375.5,7500.34,10612.99,45.14,0,2,2,2,True
5238,2,2023-05-06,2024-12-01,High Income Segment,Exceptional,6k-10k,628.5,7674.74,5920.95,215.26,1,2,2,2,True
5239,2,2023-01-26,2023-12-07,Low Income Segment,Fair,6k-10k,693.5,3969.3050000000003,13493.9,211.23,1,2,2,2,True
5240,2,2023-01-12,2024-08-30,High Income Segment,Good,3k-6k,542.5,7028.495,1316.98,7.77,0,2,2,2,True
5241,1,2023-02-09,2023-02-09,Middle Income Segment,Exceptional,3k-6k,836.0,4658.95,7515.56,0.0,0,1,1,1,False
5242,3,2023-07-08,2024-02-04,High Income Segment,Poor,6k-10k,588.0,5249.1466666666665,19963.45,115.27000000000001,0,3,3,3,True
5243,3,2024-01-04,2024-05-06,Middle Income Segment,Poor,6k-10k,381.6666666666667,7248.013333333333,16451.5,0.0,0,2,3,3,True
5244,2,2023-02-26,2023-06-27,Low Income Segment,Fair,3k-6k,661.5,3589.535,9970.349999999999,38.56,0,2,2,2,True
5245,1,2025-04-27,2025-04-27,Middle Income Segment,Exceptional,6k-10k,814.0,6046.09,2223.9,0.0,0,1,1,1,False
5247,1,2023-05-18,2023-05-18,Low Income Segment,Fair,Under 3k,618.0,2943.29,2491.19,0.0,0,1,1,1,False
5248,2,2023-01-26,2023-04-05,Low Income Segment,Poor,3k-6k,445.5,3090.74,6708.41,6.82,0,2,2,2,True
5249,2,2023-11-08,2025-02-15,High Income Segment,Poor,3k-6k,490.5,6019.53,16683.559999999998,99.09,0,2,2,2,True
5250,2,2023-02-01,2024-09-16,High Income Segment,Fair,3k-6k,624.0,5764.33,6630.68,89.3,0,2,2,2,True
5251,2,2024-02-17,2025-02-08,High Income Segment,Very Good,3k-6k,752.5,7106.045,3173.16,53.87,0,2,2,2,True
5253,2,2023-09-26,2024-10-14,Low Income Segment,Poor,Under 3k,576.0,2041.33,4176.55,0.0,0,1,2,2,True
5255,2,2025-03-04,2025-04-11,High Income Segment,Good,6k-10k,725.0,5528.99,7539.56,233.16,1,2,2,2,True
5257,2,2023-06-15,2024-08-23,Low Income Segment,Poor,3k-6k,618.0,3614.85,13031.460000000001,71.44,0,2,2,2,True
5258,3,2023-04-15,2025-05-15,Middle Income Segment,Very Good,3k-6k,633.3333333333334,3718.0,21281.58,182.84,1,2,3,3,True
5259,2,2023-11-22,2024-09-03,High Income Segment,Poor,3k-6k,339.5,7423.1,4827.73,140.64,0,2,2,2,True
5260,4,2023-05-01,2025-02-08,High Income Segment,Exceptional,3k-6k,662.5,6545.8175,17688.34,258.82,0,2,4,4,True
5261,5,2023-10-15,2025-01-05,High Income Segment,Exceptional,6k-10k,673.8,6135.51,16993.99,47.12,0,3,5,5,True
5262,2,2023-05-14,2023-09-18,High Income Segment,Poor,3k-6k,608.5,6076.094999999999,6954.85,0.0,0,2,2,2,True
5263,2,2023-08-30,2025-02-20,High Income Segment,Good,6k-10k,751.0,5173.745,4998.4,0.0,0,2,2,2,True
5264,3,2024-03-26,2025-04-06,High Income Segment,Poor,3k-6k,487.3333333333333,5066.433333333333,20021.22,190.95000000000002,0,3,3,3,True
5266,1,2024-09-22,2024-09-22,Middle Income Segment,Poor,3k-6k,448.0,5522.44,8988.62,0.0,0,1,1,1,False
5267,2,2024-03-03,2024-04-18,High Income Segment,Good,6k-10k,716.5,5652.594999999999,9433.49,51.92,0,2,2,2,True
5268,4,2023-03-22,2024-12-07,High Income Segment,Very Good,6k-10k,763.25,6363.495,27167.47,249.42999999999998,0,2,4,4,True
5269,1,2024-08-05,2024-08-05,Middle Income Segment,Poor,6k-10k,311.0,6869.67,4554.99,0.0,0,1,1,1,False
5270,5,2023-03-02,2025-04-29,High Income Segment,Poor,6k-10k,543.2,4484.842000000001,24203.47,54.27,0,3,5,5,True
5271,2,2023-10-26,2023-12-03,High Income Segment,Fair,3k-6k,705.0,7504.07,18019.39,266.49,1,2,2,2,True
5272,3,2023-12-03,2025-04-15,High Income Segment,Exceptional,3k-6k,604.3333333333334,4812.56,22410.67,19.18,0,3,3,3,True
5273,1,2024-02-03,2024-02-03,Middle Income Segment,Poor,3k-6k,348.0,5214.95,8942.35,5.41,0,1,1,1,False
5274,3,2023-05-18,2023-08-26,Middle Income Segment,Poor,3k-6k,484.0,5020.95,8854.169999999998,160.04,1,2,3,3,True
5275,3,2023-02-26,2024-10-28,Middle Income Segment,Poor,3k-6k,504.6666666666667,4963.473333333333,13271.310000000001,170.94,0,1,3,3,True
5276,3,2023-04-29,2025-03-04,High Income Segment,Good,6k-10k,643.6666666666666,5114.983333333333,11125.4,54.059999999999995,0,3,3,3,True
5277,2,2025-02-28,2025-04-10,Low Income Segment,Exceptional,3k-6k,674.5,3983.315,7722.620000000001,109.2,0,2,2,2,True
5278,3,2024-05-01,2025-05-04,Low Income Segment,Fair,Under 3k,673.3333333333334,2138.8866666666668,36589.92,183.18,1,1,3,3,True
5279,1,2025-05-05,2025-05-05,High Income Segment,Fair,6k-10k,605.0,9574.99,4921.61,0.0,0,1,1,1,False
5280,1,2023-07-19,2023-07-19,Middle Income Segment,Very Good,6k-10k,788.0,6496.41,4974.12,0.0,0,1,1,1,False
5281,2,2023-06-28,2024-06-03,Middle Income Segment,Poor,3k-6k,371.0,5099.445,10740.68,0.0,0,1,2,2,True
5282,2,2023-03-10,2024-11-01,High Income Segment,Good,3k-6k,729.0,6663.855,24096.31,190.91,0,2,2,2,True
5283,1,2024-02-19,2024-02-19,High Income Segment,Good,6k-10k,739.0,7877.31,4765.03,0.0,0,1,1,1,False
5284,4,2023-11-17,2025-04-28,High Income Segment,Poor,6k-10k,621.0,7210.84,19880.93,104.25,0,2,4,4,True
5285,1,2023-04-09,2023-04-09,Low Income Segment,Poor,Under 3k,318.0,2585.26,1878.23,15.16,0,1,1,1,False
5286,1,2024-07-11,2024-07-11,Middle Income Segment,Poor,3k-6k,323.0,3022.02,930.66,23.96,0,1,1,1,False
5287,4,2023-05-12,2024-09-21,High Income Segment,Poor,6k-10k,643.75,5921.2825,20752.510000000002,121.15,0,3,4,4,True
5288,3,2023-03-28,2024-11-16,High Income Segment,Poor,3k-6k,558.3333333333334,5921.82,8223.36,38.92,0,3,3,3,True
5289,4,2023-07-13,2024-11-13,High Income Segment,Poor,6k-10k,503.5,6833.195,15351.740000000002,22.79,0,2,4,4,True
5290,3,2024-01-25,2024-10-18,High Income Segment,Fair,3k-6k,516.0,4667.63,25801.410000000003,29.35,0,3,3,3,True
5291,1,2023-01-04,2023-01-04,Middle Income Segment,Poor,6k-10k,421.0,6923.24,3526.42,0.0,0,1,1,1,False
5292,2,2024-04-02,2024-10-18,High Income Segment,Fair,6k-10k,492.0,9148.46,2893.8999999999996,0.0,0,1,2,2,True
5293,1,2023-02-12,2023-02-12,High Income Segment,Poor,6k-10k,538.0,9822.43,71.13,0.0,0,1,1,1,False
5294,2,2023-04-17,2024-04-08,Middle Income Segment,Poor,3k-6k,517.0,4695.045,18164.43,323.59,1,1,2,2,True
5295,1,2025-04-03,2025-04-03,High Income Segment,Poor,6k-10k,433.0,9929.78,12496.72,0.0,0,1,1,1,False
5297,4,2023-10-01,2025-01-23,High Income Segment,Poor,3k-6k,580.0,6640.255,23069.33,548.88,3,2,4,4,True
5298,4,2023-12-12,2025-05-14,Middle Income Segment,Poor,3k-6k,635.5,3335.695,13542.619999999999,26.19,0,2,4,4,True
5299,3,2023-03-17,2024-10-18,Low Income Segment,Poor,Under 3k,559.3333333333334,2959.476666666667,22155.09,177.77,1,2,3,3,True
5300,4,2023-02-18,2024-11-04,Middle Income Segment,Exceptional,3k-6k,669.5,5429.9675,23972.41,329.02,1,3,4,4,True
5301,2,2024-06-14,2025-01-15,High Income Segment,Fair,6k-10k,558.0,8097.45,9356.43,90.61000000000001,0,1,2,2,True
5302,2,2023-12-15,2024-04-21,High Income Segment,Exceptional,6k-10k,741.0,4640.09,22630.230000000003,0.0,0,2,2,2,True
5304,1,2024-08-30,2024-08-30,High Income Segment,Fair,6k-10k,612.0,9320.0,9080.57,167.23,1,1,1,1,False
5305,1,2024-10-09,2024-10-09,Middle Income Segment,Good,3k-6k,683.0,4600.42,1737.43,0.0,0,1,1,1,False
5306,2,2024-05-07,2025-01-20,Low Income Segment,Good,6k-10k,627.0,4022.705,8438.470000000001,0.0,0,2,2,2,True
5307,3,2023-08-31,2025-02-06,Middle Income Segment,Poor,3k-6k,538.0,4382.063333333333,32026.35,0.0,0,1,3,3,True
5308,1,2023-08-13,2023-08-13,Middle Income Segment,Fair,3k-6k,645.0,4352.71,2467.85,40.55,0,1,1,1,False
5309,1,2023-06-07,2023-06-07,Middle Income Segment,Exceptional,6k-10k,831.0,6312.43,13745.53,0.0,0,1,1,1,False
5310,5,2023-01-21,2024-12-25,Middle Income Segment,Poor,3k-6k,561.4,4863.526,24969.89,442.74,2,3,5,5,True
5311,4,2023-10-26,2024-04-12,Middle Income Segment,Poor,3k-6k,504.75,5848.67,26215.440000000002,0.0,0,3,4,4,True
5312,3,2023-02-26,2024-06-02,High Income Segment,Poor,6k-10k,560.0,6551.423333333333,11659.95,0.0,0,2,3,3,True
5313,3,2023-12-13,2024-12-19,High Income Segment,Poor,6k-10k,530.6666666666666,7372.46,7959.64,14.4,0,2,3,3,True
5314,3,2023-06-16,2024-09-10,High Income Segment,Poor,3k-6k,564.6666666666666,5061.86,9774.25,54.37,0,3,3,3,True
5315,2,2024-01-02,2025-02-27,Middle Income Segment,Poor,6k-10k,371.0,6140.81,10148.78,0.0,0,1,2,2,True
5316,3,2023-02-15,2025-04-04,High Income Segment,Poor,6k-10k,614.6666666666666,7317.13,12058.77,25.08,0,2,3,3,True
5317,3,2023-01-06,2023-07-08,Middle Income Segment,Exceptional,3k-6k,677.0,3582.536666666667,24353.77,230.56,1,2,3,3,True
5318,6,2023-07-07,2025-03-20,High Income Segment,Poor,3k-6k,535.0,4560.136666666666,31412.54,198.72,0,3,6,6,True
5319,2,2024-07-24,2024-08-11,High Income Segment,Good,3k-6k,575.5,6584.8099999999995,18165.96,154.51999999999998,0,2,2,2,True
5320,2,2024-01-17,2024-12-23,Middle Income Segment,Poor,3k-6k,481.0,6276.530000000001,11125.75,11.059999999999999,0,1,2,2,True
5321,4,2024-02-23,2025-04-09,High Income Segment,Fair,6k-10k,643.0,6305.715,11364.64,149.37,0,3,4,4,True
5322,1,2025-01-24,2025-01-24,High Income Segment,Poor,6k-10k,333.0,8423.0,5436.38,50.4,0,1,1,1,False
5323,2,2024-01-08,2025-05-10,High Income Segment,Poor,6k-10k,491.0,9270.73,7918.139999999999,37.09,0,1,2,2,True
5324,2,2024-03-05,2025-02-22,Middle Income Segment,Fair,3k-6k,553.5,4798.405,16674.48,12.33,0,1,2,2,True
5325,1,2024-10-06,2024-10-06,High Income Segment,Very Good,6k-10k,788.0,9300.15,9376.94,33.02,0,1,1,1,False
5326,5,2023-11-28,2024-09-10,High Income Segment,Good,6k-10k,623.6,6945.224,16485.7,223.67,1,2,5,5,True
5327,2,2023-01-31,2023-04-16,High Income Segment,Poor,6k-10k,489.5,7797.65,14771.119999999999,46.38,0,2,2,2,True
5328,1,2023-06-24,2023-06-24,Low Income Segment,Poor,Under 3k,423.0,2009.84,9656.08,180.81,1,1,1,1,False
5329,4,2023-10-18,2025-05-18,Middle Income Segment,Poor,3k-6k,637.75,5144.9725,22168.69,246.81,1,3,4,4,True
5330,3,2023-08-17,2024-08-28,High Income Segment,Poor,6k-10k,506.3333333333333,5421.416666666667,14004.109999999999,129.7,0,3,3,3,True
5331,2,2023-09-23,2024-04-17,Low Income Segment,Poor,3k-6k,446.5,3017.6549999999997,18671.29,29.1,0,2,2,2,True
5332,2,2023-10-13,2024-08-04,High Income Segment,Poor,6k-10k,498.0,9123.755000000001,7719.1,0.0,0,1,2,2,True
5333,1,2023-07-16,2023-07-16,Middle Income Segment,Poor,6k-10k,438.0,6364.74,16616.52,0.0,0,1,1,1,False
5334,2,2023-04-05,2024-05-02,High Income Segment,Fair,3k-6k,507.0,6493.5599999999995,3685.83,62.88,0,2,2,2,True
5335,2,2023-01-06,2023-03-09,Low Income Segment,Poor,3k-6k,435.0,3398.4849999999997,16089.0,0.0,0,2,2,2,True
5337,1,2024-12-05,2024-12-05,Middle Income Segment,Poor,3k-6k,519.0,4910.7,7321.34,49.8,0,1,1,1,False
5338,1,2023-12-25,2023-12-25,High Income Segment,Exceptional,6k-10k,816.0,9234.3,1486.18,23.29,0,1,1,1,False
5340,3,2024-04-29,2025-03-24,Middle Income Segment,Poor,3k-6k,402.0,5595.593333333333,9244.06,269.35,1,2,3,3,True
5341,1,2023-09-13,2023-09-13,Middle Income Segment,Fair,3k-6k,637.0,5776.83,5811.61,0.0,0,1,1,1,False
5342,2,2023-06-06,2024-03-24,Low Income Segment,Poor,3k-6k,449.0,3531.6949999999997,10278.25,2.86,0,2,2,2,True
5345,1,2025-03-14,2025-03-14,High Income Segment,Fair,6k-10k,636.0,9160.81,2782.07,0.0,0,1,1,1,False
5346,1,2023-08-29,2023-08-29,High Income Segment,Poor,6k-10k,342.0,7803.14,695.25,0.0,0,1,1,1,False
5348,3,2023-12-03,2024-05-31,High Income Segment,Poor,6k-10k,571.6666666666666,6789.583333333333,10119.04,0.0,0,2,3,3,True
5349,4,2023-04-02,2024-06-19,High Income Segment,Poor,6k-10k,609.25,6591.7575,22810.399999999998,190.04,1,2,4,4,True
5350,3,2023-07-26,2025-04-22,High Income Segment,Exceptional,6k-10k,661.6666666666666,7192.153333333333,15445.260000000002,71.91,0,2,3,3,True
5352,1,2024-07-25,2024-07-25,Middle Income Segment,Fair,3k-6k,598.0,4248.04,6575.83,0.0,0,1,1,1,False
5353,2,2023-01-13,2024-01-23,High Income Segment,Good,6k-10k,718.5,6757.23,4485.23,0.0,0,2,2,2,True
5354,7,2023-03-02,2023-12-18,Middle Income Segment,Poor,6k-10k,627.8571428571429,6719.665714285715,50803.94,348.56,1,2,7,7,True
5355,3,2024-03-29,2024-11-26,High Income Segment,Very Good,6k-10k,691.3333333333334,6153.643333333333,23065.269999999997,379.63,1,2,3,3,True
5356,2,2023-02-26,2023-07-12,High Income Segment,Fair,6k-10k,556.5,7691.455,10716.98,234.82999999999998,1,2,2,2,True
5357,3,2024-06-04,2024-07-02,Middle Income Segment,Poor,3k-6k,478.0,5645.29,12744.73,34.07,0,2,3,3,True
5358,2,2024-04-08,2024-07-05,High Income Segment,Fair,6k-10k,588.0,7833.959999999999,12003.98,0.0,0,1,2,2,True
5359,1,2023-09-01,2023-09-01,Low Income Segment,Poor,Under 3k,536.0,2010.79,6239.53,78.59,0,1,1,1,False
5360,1,2025-03-04,2025-03-04,Low Income Segment,Good,Under 3k,729.0,1411.46,1889.77,183.31,1,1,1,1,False
5361,1,2024-02-05,2024-02-05,Middle Income Segment,Poor,3k-6k,379.0,5883.53,4017.9,0.0,0,1,1,1,False
5362,3,2023-01-21,2024-05-04,High Income Segment,Very Good,6k-10k,742.3333333333334,8480.269999999999,6942.860000000001,195.85,1,2,3,3,True
5363,2,2024-02-18,2024-05-14,High Income Segment,Fair,3k-6k,588.0,6448.665,4525.76,368.86,2,2,2,2,True
5364,5,2023-01-27,2025-03-25,Middle Income Segment,Exceptional,3k-6k,730.6,5247.138000000001,31691.85,57.27,0,3,5,5,True
5365,2,2024-07-23,2024-09-26,Middle Income Segment,Exceptional,3k-6k,738.5,5772.1,10028.14,174.89,1,1,2,2,True
5366,4,2023-02-14,2024-12-01,Middle Income Segment,Poor,3k-6k,472.75,4034.3125,6185.68,46.98,0,2,4,4,True
5367,2,2023-10-17,2024-11-01,High Income Segment,Poor,3k-6k,548.0,7265.53,18108.87,39.2,0,2,2,2,True
5368,4,2023-03-14,2024-11-26,High Income Segment,Fair,3k-6k,551.25,5909.945,9588.05,48.36,0,2,4,4,True
5369,3,2023-04-10,2024-07-26,Middle Income Segment,Poor,6k-10k,470.0,5764.876666666667,11475.24,5.66,0,2,3,3,True
5370,6,2023-01-04,2024-06-05,Middle Income Segment,Exceptional,3k-6k,657.0,4298.5233333333335,29020.059999999998,165.06,0,3,6,6,True
5371,1,2025-04-23,2025-04-23,High Income Segment,Good,6k-10k,699.0,8454.94,2313.02,114.27,0,1,1,1,False
5372,1,2024-09-08,2024-09-08,Middle Income Segment,Fair,6k-10k,609.0,6952.71,4848.3,0.0,0,1,1,1,False
5373,1,2025-02-03,2025-02-03,High Income Segment,Poor,6k-10k,472.0,9965.86,3929.65,65.57,0,1,1,1,False
5374,4,2023-09-17,2025-02-20,Middle Income Segment,Poor,3k-6k,543.75,4590.245,14026.01,73.25999999999999,0,3,4,4,True
5376,2,2023-04-17,2023-10-30,Middle Income Segment,Poor,3k-6k,436.5,3919.3,12270.220000000001,27.88,0,1,2,2,True
5377,1,2025-02-04,2025-02-04,Middle Income Segment,Very Good,3k-6k,785.0,3931.34,1305.61,0.0,0,1,1,1,False
5378,6,2023-08-05,2025-05-19,Low Income Segment,Poor,Under 3k,569.6666666666666,4914.803333333333,10789.279999999999,351.92,1,3,6,6,True
5379,2,2023-11-12,2024-06-08,High Income Segment,Exceptional,6k-10k,610.0,8176.75,7961.650000000001,0.0,0,2,2,2,True
5380,3,2024-04-13,2025-03-02,Middle Income Segment,Poor,6k-10k,454.3333333333333,7103.903333333333,14807.720000000001,184.72,1,2,3,3,True
5381,3,2023-05-16,2024-09-15,High Income Segment,Fair,3k-6k,655.0,4553.166666666667,13430.76,89.61,0,3,3,3,True
5382,3,2024-01-25,2024-04-21,Low Income Segment,Exceptional,Under 3k,727.0,2794.456666666667,4784.67,0.0,0,2,3,3,True
5383,3,2023-01-10,2025-01-03,High Income Segment,Poor,6k-10k,487.6666666666667,6208.873333333333,14371.039999999999,87.3,0,2,3,3,True
5384,1,2025-03-27,2025-03-27,Middle Income Segment,Exceptional,3k-6k,841.0,4200.34,10452.74,95.08,0,1,1,1,False
5385,2,2023-08-25,2025-04-03,High Income Segment,Fair,3k-6k,596.5,6408.9400000000005,6295.33,50.14,0,2,2,2,True
5386,1,2023-01-19,2023-01-19,Middle Income Segment,Poor,3k-6k,412.0,5998.3,7143.78,0.0,0,1,1,1,False
5388,1,2023-07-14,2023-07-14,High Income Segment,Poor,6k-10k,416.0,7477.55,11976.74,0.0,0,1,1,1,False
5389,3,2023-02-17,2025-04-07,High Income Segment,Fair,6k-10k,602.6666666666666,7329.066666666667,21623.4,39.39,0,2,3,3,True
5390,3,2023-02-21,2024-08-12,High Income Segment,Exceptional,3k-6k,625.0,5000.583333333333,16376.369999999999,58.410000000000004,0,3,3,3,True
5392,3,2023-10-12,2024-11-20,Middle Income Segment,Fair,3k-6k,546.0,5236.943333333334,5751.03,48.89,0,2,3,3,True
5394,3,2024-08-28,2025-04-20,Middle Income Segment,Poor,3k-6k,505.6666666666667,3451.066666666667,17431.9,57.57,0,2,3,3,True
5395,1,2023-09-29,2023-09-29,High Income Segment,Fair,6k-10k,655.0,7193.14,8614.09,194.16,1,1,1,1,False
5396,1,2023-03-12,2023-03-12,Middle Income Segment,Poor,3k-6k,480.0,4313.96,8164.84,11.4,0,1,1,1,False
5397,1,2024-04-30,2024-04-30,High Income Segment,Poor,6k-10k,405.0,9144.01,374.38,0.0,0,1,1,1,False
5398,1,2024-09-28,2024-09-28,Middle Income Segment,Poor,3k-6k,461.0,4186.69,4811.88,43.14,0,1,1,1,False
5399,2,2023-12-15,2024-04-13,Middle Income Segment,Exceptional,3k-6k,610.5,3409.4,11094.95,24.34,0,1,2,2,True
5401,1,2023-09-17,2023-09-17,High Income Segment,Poor,6k-10k,556.0,7840.04,9299.91,0.0,0,1,1,1,False
5402,5,2023-06-20,2024-12-14,Middle Income Segment,Fair,3k-6k,702.2,5729.118,18743.01,81.83,0,2,5,5,True
5403,4,2023-01-29,2023-09-06,Middle Income Segment,Poor,3k-6k,605.25,5196.1825,24174.37,78.49000000000001,0,1,4,4,True
5405,1,2025-04-17,2025-04-17,Middle Income Segment,Poor,3k-6k,386.0,4320.31,1779.6,0.0,0,1,1,1,False
5406,2,2024-04-27,2024-10-12,High Income Segment,Fair,6k-10k,681.5,5226.36,14069.220000000001,0.0,0,2,2,2,True
5407,3,2024-07-27,2025-03-06,Middle Income Segment,Poor,3k-6k,440.6666666666667,3456.4566666666665,20274.04,47.27,0,2,3,3,True
5408,2,2023-03-08,2024-09-01,Middle Income Segment,Fair,6k-10k,529.0,6446.41,20320.39,171.59,1,1,2,2,True
5409,3,2023-01-07,2025-05-08,High Income Segment,Poor,6k-10k,547.3333333333334,6591.056666666666,18314.17,53.75,0,2,3,3,True
5411,1,2024-03-27,2024-03-27,High Income Segment,Exceptional,6k-10k,831.0,7983.48,2236.16,0.0,0,1,1,1,False
5412,3,2023-10-06,2025-04-05,Middle Income Segment,Poor,3k-6k,472.0,4211.38,17388.84,47.35,0,2,3,3,True
5413,1,2023-11-27,2023-11-27,High Income Segment,Very Good,6k-10k,745.0,8971.62,12816.9,27.29,0,1,1,1,False
5414,1,2024-04-24,2024-04-24,Low Income Segment,Exceptional,Under 3k,834.0,1418.49,10391.35,7.49,0,1,1,1,False
5415,2,2023-04-12,2023-10-15,High Income Segment,Good,6k-10k,687.5,7623.4400000000005,7320.55,109.52,0,1,2,2,True
5416,2,2023-10-27,2024-09-07,Middle Income Segment,Good,3k-6k,596.5,5185.645,7335.94,92.65,0,1,2,2,True
5417,1,2023-11-11,2023-11-11,Low Income Segment,Exceptional,Under 3k,812.0,2793.25,1913.91,36.7,0,1,1,1,False
5418,2,2023-10-23,2023-10-31,High Income Segment,Fair,3k-6k,567.5,6773.325000000001,10766.49,90.35,0,2,2,2,True
5419,2,2023-11-03,2024-08-11,High Income Segment,Poor,3k-6k,332.5,6240.35,3565.33,14.62,0,2,2,2,True
5420,1,2023-09-20,2023-09-20,Middle Income Segment,Poor,6k-10k,578.0,6058.34,12145.88,99.48,0,1,1,1,False
5421,1,2024-03-26,2024-03-26,Middle Income Segment,Fair,6k-10k,590.0,6971.0,7285.09,0.0,0,1,1,1,False
5422,3,2023-04-06,2025-01-22,High Income Segment,Poor,3k-6k,547.6666666666666,5821.240000000001,19415.09,108.71,0,3,3,3,True
5423,1,2023-03-01,2023-03-01,Middle Income Segment,Poor,3k-6k,310.0,4153.59,1468.02,37.1,0,1,1,1,False
5424,1,2023-02-03,2023-02-03,Low Income Segment,Poor,Under 3k,575.0,1506.15,1902.6,7.68,0,1,1,1,False
5425,3,2023-04-20,2025-02-13,High Income Segment,Very Good,3k-6k,612.6666666666666,5721.360000000001,30149.85,21.59,0,3,3,3,True
5426,5,2023-10-10,2025-01-31,Low Income Segment,Poor,Under 3k,447.4,3244.762,30322.41,89.64,0,2,5,5,True
5427,2,2024-06-02,2024-08-10,Low Income Segment,Exceptional,3k-6k,794.0,3087.795,8704.7,32.17,0,2,2,2,True
5428,4,2023-05-28,2024-10-18,High Income Segment,Poor,6k-10k,536.5,7525.7775,37528.99,342.86,1,2,4,4,True
5429,1,2025-02-05,2025-02-05,High Income Segment,Poor,6k-10k,550.0,7023.63,7705.68,0.0,0,1,1,1,False
5430,1,2025-01-09,2025-01-09,Middle Income Segment,Poor,3k-6k,367.0,3577.51,6798.31,0.0,0,1,1,1,False
5431,5,2023-09-04,2025-05-20,Middle Income Segment,Poor,3k-6k,528.4,5540.932,21940.37,46.7,0,2,5,5,True
5432,2,2023-08-07,2025-02-25,Middle Income Segment,Fair,3k-6k,535.0,5512.084999999999,7064.6,48.42,0,1,2,2,True
5433,3,2023-07-07,2025-04-29,Middle Income Segment,Exceptional,3k-6k,658.6666666666666,4854.696666666667,9538.62,25.99,0,1,3,3,True
5434,1,2024-04-20,2024-04-20,Middle Income Segment,Poor,3k-6k,358.0,3949.68,4286.45,148.13,1,1,1,1,False
5435,4,2023-01-10,2024-05-08,High Income Segment,Very Good,6k-10k,721.0,6507.915,26513.81,45.48,0,3,4,4,True
5436,1,2024-10-07,2024-10-07,Low Income Segment,Good,Under 3k,718.0,1980.06,4677.73,0.0,0,1,1,1,False
5437,1,2024-04-07,2024-04-07,High Income Segment,Poor,6k-10k,369.0,9521.9,4430.21,34.57,0,1,1,1,False
5439,2,2023-04-15,2023-08-10,Low Income Segment,Poor,6k-10k,396.5,4171.825,9378.060000000001,29.310000000000002,0,2,2,2,True
5440,2,2023-10-18,2023-10-26,Low Income Segment,Very Good,3k-6k,785.0,3216.99,22100.99,91.29,0,2,2,2,True
5441,1,2023-09-06,2023-09-06,Middle Income Segment,Poor,3k-6k,563.0,3758.77,5119.27,0.0,0,1,1,1,False
5442,1,2024-04-04,2024-04-04,Low Income Segment,Poor,Under 3k,573.0,2953.61,8688.18,210.83,1,1,1,1,False
5443,5,2023-06-28,2023-12-20,Middle Income Segment,Poor,6k-10k,509.2,5020.084000000001,33812.84,277.24,0,3,5,5,True
5444,3,2024-03-28,2025-01-15,High Income Segment,Poor,6k-10k,527.3333333333334,7442.853333333333,12873.380000000001,24.86,0,2,3,3,True
5445,2,2024-06-07,2024-10-05,High Income Segment,Poor,6k-10k,433.5,8329.475,14721.829999999998,54.8,0,1,2,2,True
5446,1,2024-10-26,2024-10-26,High Income Segment,Exceptional,6k-10k,824.0,9630.13,10273.37,42.01,0,1,1,1,False
5447,1,2024-05-22,2024-05-22,High Income Segment,Poor,6k-10k,510.0,9724.69,4056.48,0.0,0,1,1,1,False
5451,3,2023-10-02,2025-04-09,High Income Segment,Exceptional,6k-10k,573.3333333333334,5489.196666666667,23677.559999999998,49.25,0,3,3,3,True
5452,4,2023-10-03,2025-01-19,Middle Income Segment,Poor,3k-6k,579.0,6039.3775000000005,25365.100000000002,250.54000000000002,0,2,4,4,True
5453,2,2023-01-02,2023-07-21,Low Income Segment,Fair,3k-6k,486.0,3500.69,14072.96,22.93,0,2,2,2,True
5454,1,2024-01-11,2024-01-11,Middle Income Segment,Poor,6k-10k,445.0,6420.42,1547.23,98.58,0,1,1,1,False
5456,2,2023-01-15,2025-03-27,Middle Income Segment,Fair,3k-6k,660.0,4505.47,4155.89,59.47,0,1,2,2,True
5457,1,2024-11-08,2024-11-08,Middle Income Segment,Good,3k-6k,723.0,4490.59,843.64,0.0,0,1,1,1,False
5458,4,2023-08-24,2025-04-30,High Income Segment,Poor,3k-6k,533.75,6318.5375,23713.55,47.39,0,2,4,4,True
5459,1,2025-03-14,2025-03-14,Middle Income Segment,Exceptional,3k-6k,802.0,3213.23,2924.75,59.62,0,1,1,1,False
5460,3,2024-01-10,2024-03-10,High Income Segment,Fair,6k-10k,606.6666666666666,7966.78,10403.47,87.38,0,2,3,3,True
5462,1,2024-02-03,2024-02-03,Low Income Segment,Poor,Under 3k,578.0,1502.86,280.64,47.43,0,1,1,1,False
5464,2,2024-03-15,2024-07-04,Middle Income Segment,Poor,3k-6k,624.0,5078.75,16860.55,142.55,0,1,2,2,True
5465,2,2023-03-13,2023-08-18,Low Income Segment,Fair,3k-6k,491.5,2642.715,17205.68,11.94,0,2,2,2,True
5466,2,2023-01-06,2023-01-19,Low Income Segment,Poor,6k-10k,389.0,4129.855,18044.53,37.53,0,2,2,2,True
5467,2,2023-10-21,2024-08-14,High Income Segment,Poor,6k-10k,486.0,4983.375,7701.9400000000005,30.58,0,2,2,2,True
5468,3,2024-07-14,2025-02-05,High Income Segment,Good,6k-10k,607.3333333333334,7190.963333333333,27158.09,10.17,0,2,3,3,True
5470,3,2023-01-07,2025-04-22,Middle Income Segment,Poor,6k-10k,441.3333333333333,5508.833333333333,19426.4,130.01,0,1,3,3,True
5471,2,2023-04-07,2024-11-28,High Income Segment,Fair,3k-6k,570.5,6171.95,6342.0599999999995,7.59,0,2,2,2,True
5473,3,2023-12-14,2024-03-28,High Income Segment,Poor,3k-6k,551.0,4577.88,15766.24,112.78,0,3,3,3,True
5474,3,2023-01-06,2025-04-03,Middle Income Segment,Poor,3k-6k,484.0,6040.546666666666,9791.86,84.7,0,2,3,3,True
5476,3,2023-07-17,2025-03-12,Middle Income Segment,Fair,3k-6k,581.3333333333334,3826.9133333333334,18295.72,238.98000000000002,1,2,3,3,True
5477,4,2023-06-06,2024-12-02,High Income Segment,Poor,3k-6k,631.25,6287.3275,12602.68,233.87,0,2,4,4,True
5478,3,2024-06-18,2024-12-13,Middle Income Segment,Poor,3k-6k,573.0,4663.58,15640.710000000001,12.93,0,2,3,3,True
5479,2,2023-06-01,2023-09-25,Middle Income Segment,Fair,3k-6k,601.0,4863.07,15886.32,65.38,0,1,2,2,True
5480,1,2025-05-10,2025-05-10,Middle Income Segment,Poor,3k-6k,329.0,5823.4,6971.56,37.65,0,1,1,1,False
5481,3,2023-07-22,2024-05-28,Middle Income Segment,Poor,3k-6k,590.0,4682.08,23550.760000000002,39.51,0,2,3,3,True
5482,4,2023-03-20,2024-09-03,Middle Income Segment,Poor,6k-10k,457.75,5457.375,20386.46,136.9,0,3,4,4,True
5483,1,2024-12-12,2024-12-12,Middle Income Segment,Poor,3k-6k,403.0,3456.17,7232.27,32.32,0,1,1,1,False
5485,2,2023-06-16,2023-06-25,High Income Segment,Poor,3k-6k,671.5,6856.610000000001,6820.639999999999,0.0,0,2,2,2,True
5486,2,2023-08-04,2023-11-19,Middle Income Segment,Fair,3k-6k,582.0,3151.735,15165.37,133.8,0,1,2,2,True
5487,3,2023-03-07,2024-01-24,High Income Segment,Exceptional,6k-10k,615.0,8398.11,12647.37,14.48,0,2,3,3,True
5488,4,2023-09-05,2024-07-14,Low Income Segment,Poor,Under 3k,625.75,4332.9,35202.78,42.88,0,3,4,4,True
5489,2,2023-03-11,2025-02-14,Middle Income Segment,Exceptional,3k-6k,669.5,3833.67,9206.07,0.0,0,1,2,2,True
5490,2,2024-11-28,2025-03-04,Middle Income Segment,Fair,3k-6k,541.5,4161.625,10276.59,0.0,0,1,2,2,True
5491,7,2023-07-22,2024-05-26,High Income Segment,Poor,6k-10k,583.2857142857143,6417.094285714286,46935.450000000004,251.81,1,2,7,7,True
5492,4,2023-09-25,2025-02-16,Middle Income Segment,Fair,3k-6k,622.5,4562.23,20418.86,163.37,0,3,4,4,True
5493,4,2023-04-04,2024-10-22,High Income Segment,Poor,6k-10k,592.0,7454.5075,21602.690000000002,186.94,0,2,4,4,True
5494,3,2023-01-15,2025-05-11,High Income Segment,Poor,6k-10k,423.0,6040.2266666666665,6053.49,10.19,0,2,3,3,True
5495,1,2023-06-08,2023-06-08,Middle Income Segment,Exceptional,3k-6k,840.0,3042.38,1125.79,26.31,0,1,1,1,False
5496,2,2023-11-08,2025-03-30,Middle Income Segment,Poor,3k-6k,476.0,3959.825,11057.0,271.28,1,1,2,2,True
5497,3,2023-08-13,2025-01-13,Middle Income Segment,Poor,3k-6k,396.3333333333333,5484.81,17436.2,31.459999999999997,0,2,3,3,True
5498,1,2024-10-05,2024-10-05,Low Income Segment,Poor,Under 3k,307.0,1976.71,7086.9,0.0,0,1,1,1,False
5499,3,2024-04-07,2025-03-30,High Income Segment,Poor,6k-10k,494.0,6288.013333333333,22416.059999999998,57.22,0,2,3,3,True
5500,3,2024-03-16,2024-11-07,High Income Segment,Fair,6k-10k,698.6666666666666,5871.653333333333,11542.89,260.09,1,2,3,3,True
5502,1,2023-12-03,2023-12-03,High Income Segment,Fair,6k-10k,660.0,9862.72,3727.84,102.01,0,1,1,1,False
5503,2,2023-08-13,2024-03-06,Low Income Segment,Poor,3k-6k,485.0,3056.32,8537.67,74.26,0,2,2,2,True
5504,1,2023-12-16,2023-12-16,Middle Income Segment,Very Good,3k-6k,769.0,3707.41,3514.78,0.0,0,1,1,1,False
5505,1,2024-03-11,2024-03-11,High Income Segment,Exceptional,6k-10k,839.0,7787.26,3012.19,0.0,0,1,1,1,False
5506,1,2023-03-04,2023-03-04,High Income Segment,Poor,6k-10k,322.0,9889.42,2255.74,0.0,0,1,1,1,False
5507,8,2023-08-21,2025-02-07,Low Income Segment,Poor,Under 3k,603.25,3940.08125,26768.21,55.42,0,3,8,8,True
5508,1,2024-02-15,2024-02-15,Middle Income Segment,Fair,3k-6k,603.0,5254.09,8109.87,0.0,0,1,1,1,False
5509,1,2023-06-10,2023-06-10,Middle Income Segment,Poor,3k-6k,349.0,4064.65,2585.92,113.56,0,1,1,1,False
5510,1,2025-02-21,2025-02-21,Middle Income Segment,Poor,3k-6k,567.0,5492.96,9742.49,130.06,0,1,1,1,False
5511,3,2024-05-28,2024-10-29,Middle Income Segment,Poor,3k-6k,463.6666666666667,3691.7666666666664,21508.07,134.44,0,1,3,3,True
5512,4,2024-04-25,2025-03-02,High Income Segment,Poor,3k-6k,540.0,7243.5875,17623.68,456.7,1,2,4,4,True
5513,1,2024-05-04,2024-05-04,High Income Segment,Exceptional,6k-10k,800.0,7811.1,4626.99,0.0,0,1,1,1,False
5514,1,2024-01-27,2024-01-27,Middle Income Segment,Very Good,3k-6k,740.0,3361.35,960.25,8.4,0,1,1,1,False
5515,1,2023-05-02,2023-05-02,Middle Income Segment,Good,3k-6k,676.0,3841.73,12584.38,0.0,0,1,1,1,False
5516,4,2023-08-03,2024-08-29,High Income Segment,Poor,6k-10k,509.75,8338.4625,12925.79,7.86,0,2,4,4,True
5517,4,2023-11-19,2025-01-13,High Income Segment,Exceptional,6k-10k,674.25,5634.985000000001,7693.45,28.569999999999997,0,3,4,4,True
5518,1,2023-02-03,2023-02-03,High Income Segment,Good,6k-10k,701.0,9423.42,5837.52,0.0,0,1,1,1,False
5521,3,2023-04-30,2025-03-15,Low Income Segment,Poor,Under 3k,494.3333333333333,3478.536666666667,27080.43,151.23,1,2,3,3,True
5522,3,2023-01-23,2024-12-21,Middle Income Segment,Good,3k-6k,680.0,3241.9600000000005,17368.5,155.65,1,2,3,3,True
5523,2,2023-05-25,2023-12-14,High Income Segment,Fair,6k-10k,518.5,7114.57,9661.22,106.67,0,2,2,2,True
5524,5,2023-06-23,2025-04-19,High Income Segment,Poor,6k-10k,503.8,6583.697999999999,27021.5,135.13,0,3,5,5,True
5526,3,2023-04-06,2025-04-01,Middle Income Segment,Very Good,3k-6k,666.3333333333334,4097.8966666666665,12969.76,62.97,0,1,3,3,True
5527,1,2025-04-15,2025-04-15,Middle Income Segment,Poor,3k-6k,563.0,5925.2,4101.39,0.0,0,1,1,1,False
5529,3,2023-01-20,2024-08-25,Middle Income Segment,Poor,3k-6k,489.6666666666667,3163.42,14406.05,0.0,0,2,3,3,True
5530,5,2023-02-16,2025-01-13,High Income Segment,Good,6k-10k,669.4,7028.62,17967.300000000003,118.81,0,3,5,5,True
5531,1,2023-12-24,2023-12-24,Middle Income Segment,Poor,3k-6k,403.0,4893.63,11614.25,0.0,0,1,1,1,False
5532,1,2024-08-05,2024-08-05,High Income Segment,Good,6k-10k,707.0,7852.89,1688.2,161.92,1,1,1,1,False
5533,4,2023-07-05,2025-05-19,Middle Income Segment,Poor,6k-10k,557.25,5744.545,27345.719999999998,37.85,0,3,4,4,True
5534,2,2024-09-10,2025-02-16,Middle Income Segment,Fair,3k-6k,567.5,4312.84,13100.150000000001,17.89,0,1,2,2,True
5535,2,2023-05-04,2024-04-04,Low Income Segment,Poor,3k-6k,559.5,2787.75,5809.58,5.19,0,2,2,2,True
5536,3,2024-10-23,2025-04-16,Middle Income Segment,Exceptional,6k-10k,734.3333333333334,5652.32,20417.11,36.84,0,1,3,3,True
5537,3,2023-11-05,2025-04-16,High Income Segment,Good,3k-6k,631.0,5423.363333333334,12058.04,206.51,1,3,3,3,True
5538,3,2023-04-02,2024-09-11,Middle Income Segment,Poor,3k-6k,452.6666666666667,3871.4066666666663,14677.689999999999,0.0,0,2,3,3,True
5539,2,2024-05-22,2024-10-05,High Income Segment,Good,3k-6k,629.5,6988.275000000001,8360.17,65.67,0,2,2,2,True
5541,4,2023-08-29,2024-10-22,Low Income Segment,Poor,3k-6k,577.5,3599.5150000000003,16167.43,158.93,0,2,4,4,True
5542,2,2024-05-19,2025-03-18,Middle Income Segment,Good,3k-6k,536.0,5550.125,8809.53,90.24,0,1,2,2,True
5543,4,2023-07-10,2024-04-19,High Income Segment,Poor,6k-10k,534.25,6695.095,41230.01,123.83000000000001,0,2,4,4,True
5544,2,2023-03-24,2025-02-01,High Income Segment,Exceptional,3k-6k,645.0,5464.135,12229.43,28.82,0,2,2,2,True
5545,3,2023-09-23,2025-04-02,Middle Income Segment,Poor,3k-6k,580.6666666666666,4241.836666666667,15083.85,71.64,0,2,3,3,True
5547,1,2024-01-31,2024-01-31,Middle Income Segment,Very Good,3k-6k,799.0,5764.35,1221.07,29.58,0,1,1,1,False
5548,2,2023-08-17,2023-12-22,Low Income Segment,Good,3k-6k,565.0,2942.4,8977.970000000001,11.27,0,2,2,2,True
5549,4,2024-07-04,2025-04-26,Middle Income Segment,Poor,3k-6k,604.75,5057.3975,24843.53,368.4,1,3,4,4,True
5550,2,2023-04-04,2023-07-22,Low Income Segment,Poor,3k-6k,562.5,2917.5150000000003,16823.11,289.57,1,2,2,2,True
5551,1,2023-05-30,2023-05-30,Middle Income Segment,Poor,3k-6k,508.0,3801.89,1139.35,14.62,0,1,1,1,False
5552,4,2023-05-13,2024-08-12,High Income Segment,Fair,6k-10k,730.0,6463.175,11377.78,286.34,1,3,4,4,True
5553,2,2023-04-07,2025-02-21,Middle Income Segment,Good,3k-6k,645.5,3683.69,11450.630000000001,328.71000000000004,1,1,2,2,True
5554,1,2023-02-24,2023-02-24,Middle Income Segment,Poor,6k-10k,310.0,6529.58,5265.08,0.0,0,1,1,1,False
5555,6,2023-06-07,2025-05-05,High Income Segment,Poor,3k-6k,606.8333333333334,4660.745,54667.61,235.88,0,3,6,6,True
5557,2,2024-07-12,2024-07-31,High Income Segment,Good,3k-6k,701.0,5984.9400000000005,12603.560000000001,0.0,0,2,2,2,True
5558,3,2024-05-25,2025-05-08,High Income Segment,Poor,6k-10k,481.6666666666667,6809.123333333333,17761.76,137.4,0,2,3,3,True
5559,5,2023-03-08,2025-02-20,High Income Segment,Poor,6k-10k,506.2,4630.552,15403.890000000001,78.81,0,3,5,5,True
5561,2,2024-01-13,2025-01-07,Middle Income Segment,Poor,3k-6k,428.5,4724.095,11725.16,259.06,1,1,2,2,True
5562,3,2023-08-16,2024-03-12,Middle Income Segment,Poor,3k-6k,363.6666666666667,5281.27,10634.3,172.49,1,2,3,3,True
5563,2,2023-05-21,2025-03-08,High Income Segment,Poor,3k-6k,498.0,5672.555,14629.869999999999,129.85999999999999,0,2,2,2,True
5564,1,2024-01-10,2024-01-10,High Income Segment,Poor,6k-10k,473.0,8525.11,6989.0,17.19,0,1,1,1,False
5565,1,2023-12-20,2023-12-20,High Income Segment,Poor,6k-10k,431.0,8717.84,6129.2,9.65,0,1,1,1,False
5566,5,2023-02-10,2024-12-26,High Income Segment,Exceptional,3k-6k,684.8,5424.889999999999,39369.62,300.28000000000003,0,3,5,5,True
5567,4,2023-10-27,2024-09-29,High Income Segment,Poor,6k-10k,412.5,5546.695,27236.54,0.0,0,3,4,4,True
5568,2,2024-05-17,2025-01-17,High Income Segment,Fair,3k-6k,634.5,6440.495,4320.45,19.45,0,2,2,2,True
5569,2,2023-12-17,2024-05-05,High Income Segment,Poor,6k-10k,390.0,5357.815,6443.87,131.17,0,2,2,2,True
5570,4,2024-01-20,2024-07-11,Low Income Segment,Poor,Under 3k,487.75,3580.0675,31546.340000000004,11.66,0,2,4,4,True
5571,2,2023-10-26,2024-05-31,High Income Segment,Exceptional,6k-10k,613.5,7462.525,6768.799999999999,136.31,0,2,2,2,True
5572,1,2023-11-20,2023-11-20,Low Income Segment,Poor,Under 3k,506.0,1681.07,644.5,70.64,0,1,1,1,False
5573,2,2024-12-29,2025-01-17,High Income Segment,Poor,6k-10k,417.5,5540.04,8047.5199999999995,67.13,0,2,2,2,True
5574,1,2023-03-14,2023-03-14,Middle Income Segment,Fair,6k-10k,668.0,6043.27,3170.6,0.0,0,1,1,1,False
5575,1,2025-05-07,2025-05-07,Low Income Segment,Very Good,Under 3k,789.0,2698.14,8187.54,0.0,0,1,1,1,False
5576,6,2023-04-22,2024-12-18,Middle Income Segment,Poor,6k-10k,593.5,5223.958333333333,33672.25,27.45,0,3,6,6,True
5577,1,2023-09-02,2023-09-02,Middle Income Segment,Poor,3k-6k,367.0,5335.85,1724.23,0.0,0,1,1,1,False
5578,3,2023-05-11,2024-09-22,High Income Segment,Good,6k-10k,685.6666666666666,7022.41,18414.489999999998,182.65,0,2,3,3,True
5579,1,2025-02-28,2025-02-28,Low Income Segment,Poor,Under 3k,428.0,1317.21,3130.5,0.0,0,1,1,1,False
5581,2,2023-08-24,2023-09-21,High Income Segment,Exceptional,3k-6k,671.5,7068.215,10254.8,16.64,0,2,2,2,True
5582,1,2024-08-11,2024-08-11,Low Income Segment,Very Good,Under 3k,794.0,1010.39,1596.69,28.26,0,1,1,1,False
5583,2,2023-01-31,2024-12-10,Low Income Segment,Poor,6k-10k,520.0,4142.71,9966.87,120.75999999999999,0,2,2,2,True
5584,2,2024-01-08,2024-09-03,Low Income Segment,Poor,3k-6k,472.0,2982.4849999999997,14785.25,118.07,0,2,2,2,True
5585,2,2024-06-05,2024-12-04,Low Income Segment,Poor,3k-6k,383.0,3016.8799999999997,14284.8,0.0,0,2,2,2,True
5586,1,2025-02-12,2025-02-12,High Income Segment,Very Good,6k-10k,786.0,7564.66,6406.33,46.65,0,1,1,1,False
5587,3,2024-09-01,2025-03-13,High Income Segment,Fair,6k-10k,688.0,8250.82,17260.27,121.88,0,2,3,3,True
5588,3,2023-08-15,2025-03-25,Middle Income Segment,Poor,3k-6k,578.0,5545.633333333332,14510.43,284.91999999999996,1,2,3,3,True
5589,2,2024-03-05,2025-01-11,High Income Segment,Exceptional,6k-10k,785.5,5222.405000000001,6134.67,174.73,1,2,2,2,True
5590,1,2023-01-06,2023-01-06,Middle Income Segment,Poor,3k-6k,404.0,3857.19,11654.48,0.0,0,1,1,1,False
5591,3,2023-07-26,2025-04-01,High Income Segment,Good,3k-6k,684.0,5670.403333333333,18908.74,144.03,0,3,3,3,True
5592,3,2024-08-20,2024-12-24,Middle Income Segment,Poor,3k-6k,550.3333333333334,4014.39,16671.97,103.58000000000001,0,2,3,3,True
5593,3,2023-09-25,2024-11-07,High Income Segment,Poor,6k-10k,381.6666666666667,6264.173333333333,22742.9,334.46000000000004,2,2,3,3,True
5594,2,2024-05-22,2025-05-16,High Income Segment,Poor,6k-10k,658.5,9750.380000000001,12428.6,79.86,0,1,2,2,True
5595,2,2024-05-12,2025-01-09,Low Income Segment,Poor,3k-6k,426.0,3482.06,16965.55,92.86,0,2,2,2,True
5596,1,2023-05-11,2023-05-11,Middle Income Segment,Poor,3k-6k,428.0,4737.88,5356.12,0.0,0,1,1,1,False
5597,2,2023-10-08,2024-12-14,High Income Segment,Poor,6k-10k,565.0,6854.389999999999,3272.3,167.44,1,2,2,2,True
5598,2,2024-05-24,2024-11-07,Low Income Segment,Fair,Under 3k,691.0,2596.375,7459.36,37.45,0,1,2,2,True
5599,4,2024-05-09,2025-02-23,High Income Segment,Poor,3k-6k,634.5,6436.9425,20744.39,52.16,0,2,4,4,True
5600,1,2025-02-07,2025-02-07,Middle Income Segment,Poor,3k-6k,561.0,4192.57,6496.44,28.6,0,1,1,1,False
5601,2,2023-01-17,2024-04-16,Low Income Segment,Exceptional,Under 3k,688.0,1932.3850000000002,6046.43,68.12,0,1,2,2,True
5603,3,2023-03-20,2025-02-22,High Income Segment,Poor,6k-10k,529.0,6213.156666666667,17828.18,214.82,1,2,3,3,True
5604,2,2024-05-29,2024-09-21,Middle Income Segment,Poor,3k-6k,496.0,4731.135,18493.15,176.5,0,1,2,2,True
5606,3,2023-11-21,2025-03-23,Middle Income Segment,Good,3k-6k,663.6666666666666,5744.47,20011.81,78.31,0,2,3,3,True
5607,3,2024-06-15,2024-11-28,Low Income Segment,Poor,Under 3k,521.0,2167.9466666666667,17800.74,4.04,0,2,3,3,True
5608,1,2024-07-18,2024-07-18,High Income Segment,Exceptional,6k-10k,808.0,7604.51,3945.15,0.0,0,1,1,1,False
5609,1,2024-04-13,2024-04-13,High Income Segment,Poor,6k-10k,312.0,8384.87,11749.68,32.81,0,1,1,1,False
5610,1,2025-02-01,2025-02-01,Middle Income Segment,Very Good,3k-6k,768.0,4491.7,5497.15,214.81,1,1,1,1,False
5611,4,2023-12-22,2024-05-01,High Income Segment,Exceptional,6k-10k,653.0,7209.7675,22152.739999999998,194.67,1,2,4,4,True
5612,2,2024-11-08,2025-04-13,Low Income Segment,Fair,3k-6k,627.0,4212.005,14920.619999999999,67.35,0,2,2,2,True
5613,2,2024-01-24,2025-02-17,Low Income Segment,Fair,3k-6k,657.5,2288.165,22008.05,161.42000000000002,0,2,2,2,True
5614,1,2024-12-28,2024-12-28,High Income Segment,Exceptional,6k-10k,835.0,7222.54,786.55,0.0,0,1,1,1,False
5615,3,2023-01-23,2024-04-23,High Income Segment,Exceptional,6k-10k,654.0,5742.2699999999995,3124.77,120.35,0,3,3,3,True
5616,3,2023-05-10,2025-03-31,High Income Segment,Good,3k-6k,629.3333333333334,4554.593333333333,18253.68,136.14,0,3,3,3,True
5617,1,2023-07-29,2023-07-29,High Income Segment,Very Good,6k-10k,771.0,7612.78,4668.37,0.0,0,1,1,1,False
5618,1,2023-10-14,2023-10-14,Middle Income Segment,Good,3k-6k,699.0,3344.18,4880.96,0.0,0,1,1,1,False
5619,1,2023-07-23,2023-07-23,Middle Income Segment,Exceptional,3k-6k,848.0,5625.42,10706.5,12.29,0,1,1,1,False
5620,3,2023-07-08,2024-01-01,High Income Segment,Poor,6k-10k,542.6666666666666,6362.84,13296.84,146.89,0,2,3,3,True
5621,4,2023-05-03,2024-06-19,Middle Income Segment,Fair,3k-6k,610.0,6481.1875,23932.289999999997,130.03,0,2,4,4,True
5622,1,2023-08-06,2023-08-06,High Income Segment,Fair,6k-10k,663.0,9114.81,593.33,40.28,0,1,1,1,False
5623,4,2023-07-05,2024-09-20,Low Income Segment,Poor,Under 3k,531.5,4909.4375,22980.75,264.81,1,3,4,4,True
5624,3,2023-03-25,2024-04-10,Middle Income Segment,Poor,3k-6k,540.6666666666666,4934.18,21823.11,43.54,0,1,3,3,True
5625,1,2024-08-01,2024-08-01,Low Income Segment,Poor,Under 3k,574.0,1225.84,1688.94,93.77,0,1,1,1,False
5626,3,2023-06-15,2024-08-15,Middle Income Segment,Good,6k-10k,614.3333333333334,6941.963333333333,7993.6900000000005,51.91,0,2,3,3,True
5627,1,2024-11-15,2024-11-15,Middle Income Segment,Very Good,3k-6k,746.0,3394.25,4116.34,201.46,1,1,1,1,False
5628,1,2025-03-17,2025-03-17,Low Income Segment,Fair,Under 3k,598.0,2597.61,4896.93,0.0,0,1,1,1,False
5629,1,2023-02-05,2023-02-05,High Income Segment,Poor,6k-10k,494.0,8860.69,4297.89,53.88,0,1,1,1,False
5630,1,2023-04-14,2023-04-14,Middle Income Segment,Poor,3k-6k,579.0,3678.65,6499.16,0.0,0,1,1,1,False
5631,2,2023-12-24,2024-07-10,High Income Segment,Poor,6k-10k,649.5,9040.73,8164.29,0.0,0,1,2,2,True
5632,1,2023-12-28,2023-12-28,High Income Segment,Exceptional,6k-10k,825.0,9231.05,6663.14,50.19,0,1,1,1,False
5633,3,2023-04-05,2023-06-27,Middle Income Segment,Poor,3k-6k,416.3333333333333,5721.386666666666,23863.309999999998,208.13,0,1,3,3,True
5635,3,2024-03-18,2024-09-08,Low Income Segment,Fair,Under 3k,550.0,3556.5866666666666,22672.260000000002,91.99,0,2,3,3,True
5636,3,2023-02-03,2025-03-19,High Income Segment,Poor,6k-10k,511.3333333333333,6240.246666666666,12039.66,255.45,1,2,3,3,True
5637,6,2023-01-29,2025-03-24,High Income Segment,Poor,6k-10k,588.1666666666666,5196.928333333333,41525.26,183.33,0,3,6,6,True
5638,1,2023-05-02,2023-05-02,High Income Segment,Poor,6k-10k,407.0,9245.16,6154.68,0.0,0,1,1,1,False
5640,1,2024-11-16,2024-11-16,High Income Segment,Good,6k-10k,703.0,9117.89,3021.95,0.0,0,1,1,1,False
5642,3,2023-10-25,2024-08-08,High Income Segment,Good,3k-6k,724.0,4713.58,13982.37,242.29,1,3,3,3,True
5643,1,2023-09-29,2023-09-29,Middle Income Segment,Poor,3k-6k,546.0,4591.51,3362.03,76.75,0,1,1,1,False
5644,2,2024-06-16,2025-03-24,Middle Income Segment,Fair,3k-6k,621.5,4992.02,11248.54,217.24,1,1,2,2,True
5645,1,2023-07-13,2023-07-13,Middle Income Segment,Poor,6k-10k,437.0,6098.27,4936.74,0.0,0,1,1,1,False
5646,2,2024-06-23,2024-08-17,High Income Segment,Fair,3k-6k,673.0,7505.695,14696.18,0.0,0,2,2,2,True
5647,3,2023-04-15,2024-12-27,Middle Income Segment,Exceptional,6k-10k,599.6666666666666,6330.03,15872.68,34.629999999999995,0,2,3,3,True
5648,4,2023-09-24,2024-05-04,Low Income Segment,Poor,Under 3k,582.25,2499.0299999999997,24069.449999999997,292.06,1,2,4,4,True
5649,3,2024-01-04,2024-11-22,High Income Segment,Poor,6k-10k,572.3333333333334,6167.593333333333,12958.99,174.11,0,2,3,3,True
5650,3,2023-09-10,2024-07-06,Middle Income Segment,Poor,3k-6k,541.3333333333334,3508.25,20633.65,68.57,0,2,3,3,True
5651,3,2023-04-09,2024-11-12,High Income Segment,Poor,6k-10k,612.0,7283.303333333333,6719.969999999999,59.09,0,2,3,3,True
5652,3,2023-05-06,2024-12-20,High Income Segment,Poor,3k-6k,547.6666666666666,4771.566666666667,13217.94,45.81,0,3,3,3,True
5653,1,2024-04-10,2024-04-10,Middle Income Segment,Exceptional,6k-10k,833.0,6844.4,7599.71,0.0,0,1,1,1,False
5654,6,2023-03-01,2024-03-27,High Income Segment,Poor,6k-10k,545.1666666666666,6710.03,33845.38,498.19,2,3,6,6,True
5655,2,2023-06-14,2023-06-29,Low Income Segment,Exceptional,3k-6k,629.5,3608.67,9386.869999999999,80.21000000000001,0,2,2,2,True
5656,3,2024-05-15,2025-01-27,Middle Income Segment,Good,3k-6k,588.6666666666666,4630.916666666667,26292.98,255.8,1,2,3,3,True
5657,1,2024-08-21,2024-08-21,Middle Income Segment,Exceptional,3k-6k,807.0,5424.63,12095.09,38.96,0,1,1,1,False
5658,4,2024-10-04,2025-02-26,Low Income Segment,Fair,3k-6k,554.0,3444.975,28421.35,205.91,0,2,4,4,True
5659,1,2024-04-12,2024-04-12,Middle Income Segment,Exceptional,3k-6k,822.0,4554.21,10370.77,0.0,0,1,1,1,False
5660,1,2024-02-22,2024-02-22,High Income Segment,Exceptional,6k-10k,814.0,9052.94,3957.43,0.0,0,1,1,1,False
5661,5,2023-08-10,2025-04-22,Middle Income Segment,Exceptional,6k-10k,658.2,6252.276,29381.2,262.68,1,2,5,5,True
5662,2,2023-12-30,2024-03-21,Low Income Segment,Exceptional,Under 3k,818.0,1703.94,8230.6,47.89,0,1,2,2,True
5663,2,2024-10-28,2025-02-23,High Income Segment,Poor,6k-10k,549.0,8249.3,16892.11,189.01999999999998,1,2,2,2,True
5664,2,2023-08-26,2023-09-10,Low Income Segment,Fair,Under 3k,630.5,1476.87,12579.39,36.54,0,1,2,2,True
5665,1,2024-07-13,2024-07-13,Middle Income Segment,Good,6k-10k,718.0,6000.1,11013.38,0.0,0,1,1,1,False
5666,3,2023-06-04,2024-01-30,High Income Segment,Good,3k-6k,640.6666666666666,5319.333333333333,17486.079999999998,69.27000000000001,0,3,3,3,True
5668,2,2024-01-15,2024-02-24,High Income Segment,Good,3k-6k,715.0,5490.825,4061.6000000000004,0.0,0,2,2,2,True
5669,3,2023-05-22,2024-12-22,High Income Segment,Poor,3k-6k,564.0,4838.14,18844.96,11.61,0,3,3,3,True
5670,5,2023-01-25,2024-10-31,High Income Segment,Poor,6k-10k,505.4,6135.296,29507.2,392.84,1,3,5,5,True
5671,2,2023-04-20,2025-03-05,High Income Segment,Fair,3k-6k,505.5,6771.205,11542.349999999999,147.81,1,2,2,2,True
5673,3,2024-07-08,2025-04-16,High Income Segment,Poor,3k-6k,418.3333333333333,5575.753333333333,7019.7699999999995,0.0,0,3,3,3,True
5674,4,2023-03-30,2025-01-25,Middle Income Segment,Poor,3k-6k,486.75,5857.9125,22612.83,133.02,0,2,4,4,True
5675,8,2023-01-28,2025-02-18,Low Income Segment,Poor,6k-10k,521.125,4557.141250000001,24997.75,180.66,0,3,8,8,True
5676,1,2024-08-14,2024-08-14,High Income Segment,Poor,6k-10k,574.0,9338.74,1377.11,0.0,0,1,1,1,False
5677,4,2024-07-01,2024-11-18,Middle Income Segment,Poor,3k-6k,413.25,4825.33,15217.609999999999,49.12,0,3,4,4,True
5678,1,2024-08-12,2024-08-12,Middle Income Segment,Poor,3k-6k,450.0,4837.37,7905.66,0.0,0,1,1,1,False
5680,2,2024-07-30,2025-04-05,High Income Segment,Fair,3k-6k,565.5,6688.855,5331.4400000000005,0.0,0,2,2,2,True
5681,4,2023-08-10,2025-04-20,High Income Segment,Poor,6k-10k,419.0,5684.625,21349.91,113.72999999999999,0,3,4,4,True
5682,4,2023-09-03,2025-04-19,High Income Segment,Poor,3k-6k,473.75,6776.5175,14969.73,153.31,0,2,4,4,True
5683,2,2023-12-13,2024-08-15,High Income Segment,Exceptional,3k-6k,778.0,6040.685,11387.449999999999,81.63,0,2,2,2,True
5684,2,2023-01-28,2025-04-27,High Income Segment,Poor,3k-6k,563.5,6488.86,12252.86,0.0,0,2,2,2,True
5685,1,2023-10-11,2023-10-11,Low Income Segment,Poor,Under 3k,439.0,1816.59,3468.49,0.0,0,1,1,1,False
5686,2,2023-12-31,2024-06-16,High Income Segment,Good,6k-10k,614.5,6167.570000000001,1905.4299999999998,13.92,0,2,2,2,True
5687,3,2023-01-30,2025-03-28,Low Income Segment,Very Good,Under 3k,671.0,1627.5600000000002,13704.75,76.55,0,1,3,3,True
5689,1,2023-07-07,2023-07-07,High Income Segment,Poor,6k-10k,544.0,7194.12,7049.38,42.1,0,1,1,1,False
5690,3,2023-01-07,2025-02-08,Middle Income Segment,Poor,3k-6k,514.6666666666666,5019.263333333333,10407.119999999999,51.69,0,1,3,3,True
5691,3,2023-10-22,2025-03-08,Middle Income Segment,Fair,6k-10k,695.3333333333334,6559.293333333334,20243.989999999998,92.84,0,2,3,3,True
5692,2,2023-06-23,2023-07-28,High Income Segment,Poor,6k-10k,584.0,5009.889999999999,15322.87,5.03,0,2,2,2,True
5693,1,2024-03-17,2024-03-17,Middle Income Segment,Poor,3k-6k,445.0,5154.24,1236.4,0.0,0,1,1,1,False
5694,3,2023-01-22,2024-11-27,Middle Income Segment,Poor,3k-6k,468.3333333333333,4548.643333333333,15370.83,188.83,0,2,3,3,True
5695,3,2023-08-05,2024-09-13,High Income Segment,Poor,3k-6k,506.3333333333333,4462.86,6504.93,0.0,0,3,3,3,True
5696,1,2023-04-08,2023-04-08,High Income Segment,Poor,6k-10k,391.0,8280.11,4333.08,187.13,1,1,1,1,False
5697,2,2023-02-26,2024-10-21,Low Income Segment,Exceptional,Under 3k,677.0,2593.3599999999997,10356.95,0.0,0,1,2,2,True
5698,2,2023-01-14,2024-11-09,Middle Income Segment,Exceptional,3k-6k,581.5,4598.945,2604.81,9.59,0,1,2,2,True
5699,1,2024-07-19,2024-07-19,Low Income Segment,Good,Under 3k,699.0,1686.69,13160.5,29.68,0,1,1,1,False
5700,3,2024-08-28,2024-12-09,Low Income Segment,Poor,Under 3k,400.6666666666667,2424.56,18928.53,117.38,0,1,3,3,True
5701,2,2023-06-22,2025-03-07,Middle Income Segment,Good,3k-6k,742.0,6255.610000000001,14267.53,40.68,0,1,2,2,True
5703,6,2023-03-29,2024-05-15,High Income Segment,Poor,3k-6k,599.0,5271.3516666666665,31052.8,221.98000000000002,1,3,6,6,True
5704,2,2023-12-08,2024-10-17,High Income Segment,Poor,6k-10k,612.5,4552.5,10850.61,26.72,0,2,2,2,True
5708,2,2024-05-24,2025-01-18,High Income Segment,Poor,6k-10k,582.5,5058.625,8789.39,0.0,0,2,2,2,True
5709,1,2023-12-15,2023-12-15,Low Income Segment,Poor,Under 3k,492.0,1535.41,10233.29,0.0,0,1,1,1,False
5710,4,2023-03-05,2024-09-19,Low Income Segment,Poor,Under 3k,631.5,3948.7525,5970.82,0.0,0,3,4,4,True
5711,3,2023-03-15,2025-01-30,High Income Segment,Exceptional,6k-10k,723.3333333333334,6939.54,21077.64,105.21000000000001,0,2,3,3,True
5712,2,2024-03-06,2024-06-21,Middle Income Segment,Poor,3k-6k,400.5,5474.66,20728.940000000002,60.49,0,1,2,2,True
5713,3,2023-05-31,2024-02-26,Low Income Segment,Exceptional,Under 3k,711.6666666666666,3957.34,12654.73,17.33,0,2,3,3,True
5714,2,2024-10-06,2024-11-18,High Income Segment,Poor,6k-10k,636.5,4436.275000000001,14618.51,159.29,1,2,2,2,True
5715,1,2024-07-28,2024-07-28,Middle Income Segment,Good,6k-10k,685.0,6317.16,5006.53,0.0,0,1,1,1,False
5716,1,2024-11-06,2024-11-06,Low Income Segment,Poor,Under 3k,525.0,1688.24,5102.52,188.42,1,1,1,1,False
5717,2,2024-03-05,2024-04-12,High Income Segment,Exceptional,3k-6k,584.0,6266.345,15855.47,218.32999999999998,0,2,2,2,True
5718,1,2024-10-20,2024-10-20,Low Income Segment,Fair,Under 3k,584.0,2025.27,2486.88,0.0,0,1,1,1,False
5719,6,2023-03-03,2025-02-14,Middle Income Segment,Poor,3k-6k,554.3333333333334,3486.76,33359.380000000005,118.33000000000001,0,2,6,6,True
5720,1,2023-05-22,2023-05-22,Low Income Segment,Very Good,Under 3k,745.0,1925.9,4850.79,0.0,0,1,1,1,False
5721,4,2023-02-17,2025-03-25,Middle Income Segment,Poor,3k-6k,622.25,5679.094999999999,22900.97,188.64,0,2,4,4,True
5722,4,2023-02-19,2024-01-15,Middle Income Segment,Poor,6k-10k,572.75,5891.9125,19447.26,90.05,0,3,4,4,True
5723,5,2023-03-09,2024-12-20,High Income Segment,Poor,6k-10k,504.6,5041.926,37600.72,78.44,0,3,5,5,True
5724,1,2023-11-20,2023-11-20,High Income Segment,Fair,6k-10k,627.0,7650.08,503.72,0.0,0,1,1,1,False
5725,3,2023-05-27,2024-07-23,Low Income Segment,Poor,Under 3k,409.0,5005.08,17064.88,38.09,0,2,3,3,True
5726,2,2023-04-10,2023-10-10,Middle Income Segment,Good,3k-6k,695.0,5448.41,5555.36,104.47,0,1,2,2,True
5727,3,2024-07-19,2024-11-18,High Income Segment,Exceptional,6k-10k,704.6666666666666,6445.896666666667,9350.17,114.89,0,2,3,3,True
5728,1,2025-03-16,2025-03-16,Low Income Segment,Poor,Under 3k,453.0,2088.59,3391.18,0.0,0,1,1,1,False
5729,5,2023-08-05,2025-05-14,Low Income Segment,Fair,Under 3k,568.0,4346.24,40541.21,241.37,1,3,5,5,True
5731,2,2023-12-27,2025-05-03,High Income Segment,Fair,6k-10k,533.0,5532.45,4818.46,202.85,0,2,2,2,True
5732,4,2023-03-10,2024-08-13,High Income Segment,Poor,6k-10k,481.75,7827.375,8948.82,74.24,0,2,4,4,True
5733,1,2023-04-25,2023-04-25,Low Income Segment,Poor,Under 3k,461.0,2113.64,651.05,0.0,0,1,1,1,False
5734,4,2023-05-03,2025-04-17,High Income Segment,Fair,6k-10k,670.0,5170.6425,14320.5,106.33,0,2,4,4,True
5735,5,2023-03-09,2025-05-19,High Income Segment,Poor,6k-10k,586.6,5410.702,39760.82,220.47,0,3,5,5,True
5736,2,2024-05-14,2025-03-01,Low Income Segment,Good,6k-10k,697.5,4478.89,6099.24,138.85,0,2,2,2,True
5737,2,2024-02-25,2024-11-10,Middle Income Segment,Fair,3k-6k,510.0,5530.215,11537.050000000001,148.34,0,1,2,2,True
5741,3,2024-09-08,2025-03-20,Middle Income Segment,Poor,3k-6k,528.3333333333334,6035.546666666666,15350.15,21.17,0,2,3,3,True
5743,1,2024-02-01,2024-02-01,Middle Income Segment,Fair,3k-6k,616.0,4146.82,1657.46,0.0,0,1,1,1,False
5744,1,2023-04-25,2023-04-25,High Income Segment,Poor,6k-10k,342.0,7206.86,8042.09,43.5,0,1,1,1,False
5745,1,2023-11-19,2023-11-19,Middle Income Segment,Fair,3k-6k,640.0,3838.21,257.6,0.0,0,1,1,1,False
5746,2,2024-10-27,2025-02-11,Middle Income Segment,Good,3k-6k,639.0,3880.2650000000003,15257.68,45.83,0,1,2,2,True
5747,2,2025-01-05,2025-04-29,High Income Segment,Good,6k-10k,732.5,9317.28,25643.89,13.05,0,1,2,2,True
5748,2,2024-03-22,2025-01-23,High Income Segment,Poor,6k-10k,445.0,8294.75,12040.79,5.19,0,1,2,2,True
5749,2,2023-05-16,2023-11-07,High Income Segment,Poor,6k-10k,447.0,6062.07,6853.28,59.28,0,2,2,2,True
5750,2,2023-03-16,2024-02-20,Low Income Segment,Poor,Under 3k,447.5,2223.985,28959.46,111.79,0,1,2,2,True
5752,4,2023-11-09,2025-03-15,High Income Segment,Good,6k-10k,651.0,5295.3475,18019.17,253.94,1,3,4,4,True
5753,3,2023-03-18,2023-10-13,Middle Income Segment,Fair,3k-6k,656.6666666666666,4845.366666666667,12656.3,208.95999999999998,1,1,3,3,True
5754,2,2023-02-18,2023-07-21,High Income Segment,Poor,3k-6k,654.5,5906.04,13779.72,68.34,0,2,2,2,True
5755,1,2023-09-05,2023-09-05,Low Income Segment,Poor,Under 3k,360.0,1751.24,3941.33,104.98,0,1,1,1,False
5756,1,2024-01-15,2024-01-15,Middle Income Segment,Poor,3k-6k,346.0,4134.18,13003.45,0.0,0,1,1,1,False
5757,6,2023-10-04,2025-03-11,High Income Segment,Fair,6k-10k,540.5,6405.2283333333335,21377.82,49.48,0,3,6,6,True
5758,4,2023-11-09,2024-06-15,Middle Income Segment,Poor,3k-6k,485.75,5705.5975,24643.46,126.10000000000001,0,2,4,4,True
5759,3,2023-08-05,2025-04-19,Middle Income Segment,Poor,3k-6k,596.3333333333334,6031.386666666666,24598.1,112.52,0,2,3,3,True
5760,5,2023-02-26,2025-01-02,High Income Segment,Poor,6k-10k,576.8,6392.7080000000005,21199.15,18.14,0,2,5,5,True
5761,2,2023-10-20,2023-11-05,Middle Income Segment,Poor,3k-6k,429.5,3167.64,10325.91,26.16,0,1,2,2,True
5762,1,2024-08-27,2024-08-27,Middle Income Segment,Good,6k-10k,718.0,6723.04,2883.76,0.0,0,1,1,1,False
5763,4,2023-06-15,2025-03-16,Middle Income Segment,Exceptional,3k-6k,652.25,6683.4525,10836.24,8.38,0,2,4,4,True
5764,2,2024-04-02,2025-04-09,High Income Segment,Fair,6k-10k,565.0,5103.9,20502.1,185.59,1,2,2,2,True
5765,2,2023-03-12,2024-10-31,High Income Segment,Exceptional,3k-6k,680.5,6863.764999999999,17061.660000000003,25.86,0,2,2,2,True
5766,3,2023-07-11,2025-04-11,Middle Income Segment,Poor,3k-6k,551.3333333333334,2978.56,6533.43,237.44,1,2,3,3,True
5767,3,2024-04-25,2025-05-16,Low Income Segment,Poor,Under 3k,495.6666666666667,4919.373333333334,15444.14,0.0,0,2,3,3,True
5768,2,2023-07-26,2024-08-25,High Income Segment,Poor,3k-6k,502.5,6438.215,10831.509999999998,80.58,0,2,2,2,True
5769,2,2024-06-26,2025-04-14,High Income Segment,Exceptional,3k-6k,662.5,5933.275,8441.88,0.0,0,2,2,2,True
5770,1,2024-02-06,2024-02-06,High Income Segment,Fair,6k-10k,641.0,7022.84,8018.73,21.39,0,1,1,1,False
5773,2,2023-05-03,2024-01-08,Middle Income Segment,Poor,3k-6k,342.5,5277.1,2949.96,50.17,0,1,2,2,True
5774,1,2023-03-29,2023-03-29,Low Income Segment,Poor,Under 3k,470.0,1067.85,8688.44,0.0,0,1,1,1,False
5775,2,2024-05-01,2025-02-24,Low Income Segment,Fair,Under 3k,484.5,1238.05,9280.36,7.48,0,1,2,2,True
5776,2,2024-01-08,2024-07-16,High Income Segment,Poor,3k-6k,573.5,5769.65,14359.09,140.46,0,2,2,2,True
5777,4,2023-01-15,2024-11-21,Middle Income Segment,Exceptional,3k-6k,696.0,4565.8775000000005,10926.63,166.09,0,3,4,4,True
5778,3,2023-02-27,2025-04-05,High Income Segment,Poor,6k-10k,528.0,8820.646666666667,29638.260000000002,33.93,0,2,3,3,True
5779,1,2024-09-21,2024-09-21,Middle Income Segment,Very Good,3k-6k,777.0,5725.53,8729.94,43.11,0,1,1,1,False
5780,9,2023-01-21,2025-04-03,High Income Segment,Poor,6k-10k,516.1111111111111,5350.946666666667,49734.28,312.16,1,3,8,9,True
5781,2,2024-12-31,2025-01-04,Middle Income Segment,Poor,3k-6k,554.0,3637.0600000000004,8233.119999999999,157.27,1,1,2,2,True
5782,4,2023-05-17,2024-08-15,Low Income Segment,Poor,3k-6k,480.75,3312.04,25224.739999999998,41.35,0,2,4,4,True
5784,6,2023-01-31,2025-03-18,High Income Segment,Good,6k-10k,605.1666666666666,5763.498333333333,39859.729999999996,314.07,0,3,6,6,True
5785,1,2023-01-30,2023-01-30,Middle Income Segment,Very Good,3k-6k,793.0,3081.46,15203.78,0.0,0,1,1,1,False
5786,3,2023-03-03,2024-05-30,High Income Segment,Fair,6k-10k,582.6666666666666,6286.299999999999,12916.46,47.76,0,3,3,3,True
5787,3,2023-05-11,2024-02-18,Middle Income Segment,Poor,6k-10k,530.0,6528.513333333333,15372.19,106.11,0,2,3,3,True
5788,1,2023-09-05,2023-09-05,Low Income Segment,Poor,Under 3k,541.0,2985.87,4456.57,53.97,0,1,1,1,False
5789,3,2023-09-26,2024-01-05,Middle Income Segment,Exceptional,3k-6k,644.0,3494.9900000000002,26922.8,58.550000000000004,0,2,3,3,True
5790,3,2024-02-29,2024-12-25,Middle Income Segment,Poor,3k-6k,411.0,3693.3366666666666,37453.33,101.95,0,2,3,3,True
5791,2,2023-01-25,2023-09-07,High Income Segment,Poor,3k-6k,531.5,5556.475,6738.12,124.68,0,2,2,2,True
5792,1,2025-01-10,2025-01-10,Low Income Segment,Fair,Under 3k,612.0,2819.78,4013.35,31.88,0,1,1,1,False
5793,1,2023-05-10,2023-05-10,High Income Segment,Poor,6k-10k,485.0,7762.27,6271.5,0.0,0,1,1,1,False
5795,4,2023-09-27,2025-05-19,Middle Income Segment,Fair,6k-10k,632.0,5040.2,34924.08,0.0,0,3,4,4,True
5796,4,2023-03-22,2023-11-07,Middle Income Segment,Poor,3k-6k,484.25,6301.3475,32162.129999999997,16.29,0,2,4,4,True
5797,3,2023-04-19,2024-03-28,High Income Segment,Fair,6k-10k,569.0,6863.666666666667,22158.62,0.0,0,2,3,3,True
5798,5,2023-07-19,2025-01-05,High Income Segment,Poor,6k-10k,500.6,5896.096,39864.67,156.95,0,3,5,5,True
5799,4,2023-10-29,2025-02-24,Middle Income Segment,Good,3k-6k,565.75,4120.799999999999,22780.34,205.26,0,3,4,4,True
5800,2,2023-02-27,2024-09-30,Low Income Segment,Exceptional,3k-6k,650.5,2748.975,19224.15,63.42,0,2,2,2,True
5801,2,2024-02-25,2024-03-25,Low Income Segment,Good,3k-6k,541.5,4122.985,14739.94,132.78,0,2,2,2,True
5802,1,2025-04-14,2025-04-14,Middle Income Segment,Fair,3k-6k,587.0,3378.09,15626.23,0.0,0,1,1,1,False
5803,2,2023-06-28,2024-08-22,High Income Segment,Fair,6k-10k,475.5,4881.985,10046.19,150.11,1,2,2,2,True
5804,4,2023-07-26,2025-05-11,Middle Income Segment,Poor,3k-6k,559.75,5869.0225,33947.869999999995,251.71,1,2,4,4,True
5805,1,2023-06-16,2023-06-16,High Income Segment,Good,6k-10k,701.0,8497.98,2715.65,0.0,0,1,1,1,False
5806,4,2023-05-23,2024-06-27,Low Income Segment,Poor,6k-10k,584.75,4580.965,12834.78,32.33,0,3,4,4,True
5807,1,2025-02-11,2025-02-11,High Income Segment,Very Good,6k-10k,775.0,7415.92,566.47,21.35,0,1,1,1,False
5808,2,2023-09-19,2024-11-13,High Income Segment,Poor,6k-10k,315.0,5509.735,8216.48,24.96,0,2,2,2,True
5809,2,2024-08-15,2025-03-18,High Income Segment,Poor,6k-10k,637.5,7866.01,7442.54,6.71,0,1,2,2,True
5810,1,2024-04-29,2024-04-29,Middle Income Segment,Poor,3k-6k,381.0,5975.09,442.27,0.0,0,1,1,1,False
5811,2,2024-03-12,2024-03-30,High Income Segment,Exceptional,6k-10k,661.5,5593.18,6869.72,62.61,0,2,2,2,True
5812,2,2023-05-03,2023-10-20,Low Income Segment,Fair,Under 3k,463.0,2901.8999999999996,9327.029999999999,229.21,1,1,2,2,True
5813,1,2024-03-22,2024-03-22,High Income Segment,Poor,6k-10k,325.0,8965.2,1658.65,0.0,0,1,1,1,False
5814,2,2023-02-18,2024-04-14,High Income Segment,Fair,6k-10k,617.5,5674.164999999999,4973.360000000001,102.63,0,2,2,2,True
5815,4,2023-10-01,2025-03-27,Middle Income Segment,Good,3k-6k,602.75,5324.025,31444.23,102.08,0,3,4,4,True
5816,3,2023-04-09,2024-03-18,High Income Segment,Poor,6k-10k,445.0,7491.933333333333,21700.96,44.55,0,2,3,3,True
5817,1,2023-04-03,2023-04-03,Middle Income Segment,Fair,3k-6k,589.0,4888.73,6797.05,101.45,0,1,1,1,False
5818,2,2023-05-10,2024-12-08,High Income Segment,Good,3k-6k,572.5,6169.95,18041.34,262.87,1,2,2,2,True
5820,3,2023-01-27,2023-09-28,High Income Segment,Exceptional,3k-6k,647.0,5142.996666666667,13211.34,186.38,1,3,3,3,True
5821,2,2023-02-09,2025-03-20,Middle Income Segment,Exceptional,3k-6k,722.5,4342.41,8719.689999999999,109.68,0,1,2,2,True
5822,1,2023-09-08,2023-09-08,Middle Income Segment,Poor,3k-6k,454.0,3356.14,5067.61,0.0,0,1,1,1,False
5823,3,2023-08-13,2025-04-25,Low Income Segment,Poor,Under 3k,496.3333333333333,2183.0733333333333,26516.71,133.51,0,2,3,3,True
5825,2,2023-03-12,2024-09-12,High Income Segment,Fair,6k-10k,517.0,8689.5,2129.04,0.0,0,1,2,2,True
5826,1,2024-03-23,2024-03-23,Low Income Segment,Poor,Under 3k,385.0,2121.1,279.41,0.0,0,1,1,1,False
5827,1,2024-01-16,2024-01-16,High Income Segment,Poor,6k-10k,369.0,9524.31,3664.6,17.71,0,1,1,1,False
5828,1,2023-03-28,2023-03-28,High Income Segment,Poor,6k-10k,428.0,9966.12,7961.73,0.0,0,1,1,1,False
5829,3,2023-02-09,2023-10-08,Middle Income Segment,Poor,3k-6k,642.3333333333334,3640.213333333333,16673.34,35.19,0,2,3,3,True
5830,3,2023-04-23,2023-11-26,High Income Segment,Poor,3k-6k,364.6666666666667,4401.8,7277.200000000001,40.22,0,3,3,3,True
5831,1,2025-01-17,2025-01-17,Middle Income Segment,Good,3k-6k,696.0,5985.04,1279.57,63.38,0,1,1,1,False
5833,3,2023-02-07,2024-06-27,Middle Income Segment,Poor,6k-10k,484.6666666666667,6044.34,25689.39,76.73,0,1,3,3,True
5834,3,2023-04-17,2024-09-25,High Income Segment,Good,6k-10k,679.6666666666666,5470.97,19627.54,25.69,0,3,3,3,True
5835,4,2024-03-06,2024-12-18,High Income Segment,Fair,6k-10k,527.25,6902.5425,29230.54,61.019999999999996,0,2,4,4,True
5836,1,2023-04-27,2023-04-27,Middle Income Segment,Poor,6k-10k,579.0,6307.77,5531.56,7.22,0,1,1,1,False
5837,2,2023-09-01,2024-03-30,High Income Segment,Exceptional,6k-10k,628.0,7185.73,2023.9099999999999,69.67,0,2,2,2,True
5838,2,2023-12-25,2024-12-19,Middle Income Segment,Good,3k-6k,544.0,5814.030000000001,10074.62,5.28,0,1,2,2,True
5839,2,2023-11-22,2024-08-26,Low Income Segment,Poor,Under 3k,627.0,1399.95,11687.7,0.0,0,1,2,2,True
5840,2,2024-03-17,2025-04-08,High Income Segment,Fair,6k-10k,714.5,6001.41,8159.32,2.22,0,2,2,2,True
5841,6,2023-02-26,2025-01-30,Middle Income Segment,Poor,3k-6k,588.5,5114.5199999999995,34259.74,230.22,0,3,6,6,True
5842,1,2023-02-19,2023-02-19,High Income Segment,Very Good,6k-10k,768.0,8959.25,3578.77,0.0,0,1,1,1,False
5843,1,2024-06-04,2024-06-04,Middle Income Segment,Poor,3k-6k,321.0,3012.99,2358.4,10.23,0,1,1,1,False
5845,1,2023-09-11,2023-09-11,Middle Income Segment,Exceptional,3k-6k,849.0,3600.04,5761.76,0.0,0,1,1,1,False
5846,6,2023-12-05,2024-08-14,High Income Segment,Poor,6k-10k,541.0,6351.016666666666,29617.79,188.20000000000002,0,3,6,6,True
5848,1,2023-01-08,2023-01-08,High Income Segment,Fair,6k-10k,604.0,7321.39,6772.07,205.84,1,1,1,1,False
5849,4,2023-05-08,2023-12-04,Middle Income Segment,Poor,3k-6k,594.0,4282.215,7490.67,111.46000000000001,0,1,4,4,True
5852,2,2024-08-01,2025-03-29,High Income Segment,Exceptional,3k-6k,618.5,6854.25,9012.43,171.22,1,2,2,2,True
5853,2,2025-02-20,2025-04-28,Low Income Segment,Exceptional,6k-10k,806.5,4031.04,10694.84,28.93,0,2,2,2,True
5854,3,2023-12-15,2024-09-27,Middle Income Segment,Poor,3k-6k,564.6666666666666,3864.353333333333,12032.490000000002,36.51,0,2,3,3,True
5855,1,2025-04-11,2025-04-11,Low Income Segment,Exceptional,Under 3k,840.0,2154.42,4280.6,0.0,0,1,1,1,False
5856,2,2024-06-18,2024-12-20,High Income Segment,Exceptional,6k-10k,669.0,6838.209999999999,14664.119999999999,97.2,0,2,2,2,True
5857,3,2023-09-19,2024-08-22,Middle Income Segment,Poor,6k-10k,593.0,7470.37,14930.880000000001,127.34,0,2,3,3,True
5858,4,2023-02-27,2024-01-17,Middle Income Segment,Poor,3k-6k,612.75,4703.73,22011.83,28.509999999999998,0,3,4,4,True
5859,2,2023-01-24,2023-07-19,Low Income Segment,Poor,6k-10k,646.5,4079.4,11014.74,48.47,0,2,2,2,True
5860,2,2024-02-03,2024-06-12,High Income Segment,Fair,6k-10k,686.5,7628.389999999999,15094.369999999999,20.96,0,1,2,2,True
5861,3,2023-10-14,2024-07-21,High Income Segment,Poor,6k-10k,624.0,5098.836666666667,17977.57,105.7,0,3,3,3,True
5862,4,2023-03-12,2025-01-14,High Income Segment,Poor,6k-10k,477.0,4803.825,18751.37,121.38999999999999,0,2,4,4,True
5863,1,2025-03-07,2025-03-07,High Income Segment,Poor,6k-10k,542.0,9644.61,1805.63,0.0,0,1,1,1,False
5864,5,2023-06-17,2025-04-18,Middle Income Segment,Fair,6k-10k,584.2,5372.804,39802.48,323.05,0,2,5,5,True
5865,3,2023-09-28,2025-03-02,High Income Segment,Poor,6k-10k,598.0,7678.093333333333,11355.24,196.75,0,1,3,3,True
5866,2,2023-08-02,2025-03-21,Low Income Segment,Fair,3k-6k,659.0,2838.6549999999997,3681.7300000000005,108.18,0,2,2,2,True
5867,1,2024-10-31,2024-10-31,Middle Income Segment,Poor,3k-6k,461.0,5381.36,3214.06,97.57,0,1,1,1,False
5868,3,2023-07-18,2025-02-12,High Income Segment,Poor,3k-6k,549.6666666666666,4655.57,31292.7,61.6,0,3,3,3,True
5869,5,2023-02-23,2025-01-17,High Income Segment,Poor,6k-10k,492.8,6901.111999999999,19617.879999999997,77.34,0,3,5,5,True
5870,2,2023-05-08,2023-10-27,High Income Segment,Exceptional,3k-6k,557.5,7705.039999999999,12216.66,31.75,0,2,2,2,True
5872,3,2023-10-21,2025-02-18,Low Income Segment,Fair,Under 3k,651.0,4092.543333333333,14720.150000000001,65.64,0,2,3,3,True
5873,3,2024-02-18,2024-08-10,High Income Segment,Poor,3k-6k,547.0,5678.2,10984.65,89.89,0,3,3,3,True
5874,2,2024-03-31,2024-07-11,High Income Segment,Poor,6k-10k,495.0,5489.585,6079.8,0.0,0,2,2,2,True
5875,4,2023-02-14,2025-04-13,High Income Segment,Poor,3k-6k,470.0,6398.5599999999995,29063.010000000002,108.0,0,2,4,4,True
5876,4,2023-04-30,2025-04-15,High Income Segment,Poor,6k-10k,594.75,7936.85,32564.950000000004,285.8,1,2,4,4,True
5878,3,2024-12-25,2025-04-24,High Income Segment,Poor,6k-10k,536.3333333333334,7539.266666666666,9925.619999999999,224.13,1,2,3,3,True
5879,2,2023-09-30,2024-01-27,High Income Segment,Fair,6k-10k,499.0,8928.32,9040.24,32.07,0,1,2,2,True
5880,1,2025-04-26,2025-04-26,High Income Segment,Poor,6k-10k,427.0,7278.68,3552.75,0.0,0,1,1,1,False
5881,3,2023-03-05,2024-06-20,High Income Segment,Poor,6k-10k,534.3333333333334,5528.173333333333,10094.25,0.0,0,3,3,3,True
5882,2,2023-10-23,2025-04-04,Middle Income Segment,Fair,3k-6k,539.5,4069.295,887.42,49.8,0,1,2,2,True
5883,2,2023-01-22,2024-05-16,High Income Segment,Exceptional,3k-6k,602.5,7300.1900000000005,18527.239999999998,98.78,0,2,2,2,True
5885,2,2024-03-21,2024-05-07,Low Income Segment,Poor,3k-6k,368.5,3603.77,6923.679999999999,46.03,0,2,2,2,True
5886,4,2023-05-23,2025-04-26,High Income Segment,Fair,6k-10k,594.5,6570.06,21271.43,181.94,0,3,4,4,True
5887,7,2023-01-05,2024-11-07,Middle Income Segment,Good,3k-6k,606.8571428571429,5051.711428571429,59537.59,222.0,0,3,7,7,True
5888,2,2024-05-25,2024-12-25,Middle Income Segment,Good,6k-10k,521.5,6384.89,13033.710000000001,61.58,0,1,2,2,True
5889,2,2023-05-18,2023-05-30,Low Income Segment,Poor,3k-6k,605.5,3362.005,7372.87,0.0,0,2,2,2,True
5890,2,2024-07-23,2024-11-27,High Income Segment,Good,6k-10k,739.0,4855.035,7152.67,0.0,0,2,2,2,True
5891,1,2023-08-28,2023-08-28,High Income Segment,Exceptional,6k-10k,819.0,9639.72,15967.68,0.0,0,1,1,1,False
5892,1,2024-06-18,2024-06-18,Middle Income Segment,Poor,3k-6k,351.0,3116.58,5444.58,0.0,0,1,1,1,False
5893,4,2024-04-29,2024-10-30,High Income Segment,Poor,6k-10k,568.5,7577.452499999999,5858.470000000001,230.73000000000002,1,2,4,4,True
5895,2,2023-01-05,2024-11-05,High Income Segment,Poor,3k-6k,427.5,6548.03,10668.64,70.57,0,2,2,2,True
5896,2,2024-02-22,2024-09-14,High Income Segment,Exceptional,6k-10k,673.5,7918.929999999999,10326.529999999999,173.26,0,2,2,2,True
5897,4,2024-01-10,2025-01-01,Middle Income Segment,Poor,3k-6k,527.0,4286.4349999999995,9135.310000000001,0.0,0,2,4,4,True
5898,4,2023-06-06,2025-04-09,Middle Income Segment,Poor,3k-6k,472.5,5935.68,26588.93,148.1,0,2,4,4,True
5899,3,2023-01-14,2025-03-21,High Income Segment,Fair,6k-10k,621.6666666666666,8109.563333333333,21773.24,290.93,1,2,3,3,True
5901,2,2023-03-25,2024-04-19,Low Income Segment,Good,Under 3k,678.5,1076.83,14076.140000000001,0.0,0,1,2,2,True
5904,4,2023-07-31,2024-02-27,High Income Segment,Poor,6k-10k,618.75,5459.5625,25805.54,123.55,0,3,4,4,True
5905,2,2023-11-06,2024-11-23,Middle Income Segment,Exceptional,3k-6k,697.5,4066.3199999999997,6479.24,133.91,0,1,2,2,True
5906,2,2024-04-30,2024-07-15,High Income Segment,Exceptional,6k-10k,709.5,5536.66,11176.75,69.86,0,2,2,2,True
5907,2,2024-09-10,2025-03-17,Middle Income Segment,Poor,3k-6k,553.0,4801.49,23773.12,48.75,0,1,2,2,True
5908,3,2023-02-20,2024-09-29,Low Income Segment,Fair,Under 3k,571.6666666666666,2979.013333333333,15133.470000000001,142.45,0,2,3,3,True
5909,4,2023-09-09,2024-07-29,Middle Income Segment,Fair,3k-6k,613.5,4524.705,27020.230000000003,0.0,0,3,4,4,True
5910,2,2024-05-30,2025-01-19,Low Income Segment,Exceptional,3k-6k,740.5,3707.8900000000003,6537.429999999999,168.55,1,2,2,2,True
5911,4,2023-01-20,2025-01-23,High Income Segment,Poor,6k-10k,569.25,7979.46,22684.14,49.46,0,2,4,4,True
5912,1,2024-06-15,2024-06-15,Middle Income Segment,Poor,3k-6k,570.0,4935.34,1930.6,0.0,0,1,1,1,False
5914,1,2023-11-03,2023-11-03,Low Income Segment,Fair,Under 3k,615.0,2841.0,3023.5,0.0,0,1,1,1,False
5916,4,2023-02-17,2024-11-25,Middle Income Segment,Very Good,3k-6k,767.25,5881.4275,24709.98,276.1,1,2,4,4,True
5917,4,2024-02-13,2024-08-11,High Income Segment,Poor,3k-6k,526.25,7247.41,20430.769999999997,89.85,0,2,4,4,True
5918,1,2023-04-26,2023-04-26,Middle Income Segment,Poor,3k-6k,513.0,4561.84,589.62,0.0,0,1,1,1,False
5919,2,2024-04-02,2024-06-14,Middle Income Segment,Poor,3k-6k,535.0,4622.775,15094.93,22.17,0,1,2,2,True
5920,7,2024-05-04,2025-04-08,Middle Income Segment,Poor,3k-6k,535.5714285714286,3241.002857142857,26340.28,131.5,0,2,7,7,True
5921,1,2024-07-18,2024-07-18,Middle Income Segment,Poor,6k-10k,464.0,6607.7,10315.63,42.11,0,1,1,1,False
5922,4,2023-01-20,2025-04-26,High Income Segment,Poor,6k-10k,534.75,7086.27,42769.14,202.53,1,2,4,4,True
5923,3,2023-09-06,2024-02-02,High Income Segment,Exceptional,6k-10k,734.6666666666666,5677.7699999999995,25888.66,30.09,0,2,3,3,True
5924,1,2023-10-08,2023-10-08,Middle Income Segment,Poor,3k-6k,343.0,4144.31,9720.82,0.0,0,1,1,1,False
5925,5,2023-06-22,2025-02-25,Low Income Segment,Poor,3k-6k,503.8,4359.433999999999,35771.37,260.85,1,3,5,5,True
5926,3,2023-01-20,2025-02-06,Low Income Segment,Poor,Under 3k,574.3333333333334,3118.883333333333,16545.550000000003,172.46,1,2,3,3,True
5927,4,2023-09-29,2025-04-04,Middle Income Segment,Exceptional,6k-10k,689.75,6398.8,41966.25,283.73,1,2,4,4,True
5928,4,2023-01-15,2024-08-12,Middle Income Segment,Poor,3k-6k,596.75,3721.7775,19766.73,0.0,0,2,4,4,True
5929,3,2023-12-27,2024-10-01,High Income Segment,Exceptional,3k-6k,627.0,4462.966666666667,13878.09,211.01,1,3,3,3,True
5930,3,2023-08-03,2024-02-10,Low Income Segment,Exceptional,Under 3k,755.3333333333334,2989.2666666666664,23160.71,81.19,0,2,3,3,True
5931,4,2023-11-12,2025-03-04,Middle Income Segment,Poor,6k-10k,427.75,4600.9825,26858.170000000002,179.25,0,3,4,4,True
5932,1,2024-01-23,2024-01-23,Middle Income Segment,Fair,3k-6k,643.0,5327.11,679.93,0.0,0,1,1,1,False
5933,2,2023-03-10,2023-11-22,Middle Income Segment,Fair,3k-6k,530.0,4327.87,8546.01,20.97,0,1,2,2,True
5934,4,2023-04-25,2025-02-10,High Income Segment,Poor,6k-10k,580.0,6810.205,9145.53,186.15,1,3,4,4,True
5935,1,2023-02-18,2023-02-18,Low Income Segment,Poor,Under 3k,345.0,2047.26,889.49,34.85,0,1,1,1,False
5936,1,2024-01-05,2024-01-05,Middle Income Segment,Poor,3k-6k,477.0,4756.3,1687.06,0.0,0,1,1,1,False
5937,2,2023-12-08,2025-05-08,High Income Segment,Exceptional,6k-10k,743.0,4380.89,10104.279999999999,50.4,0,2,2,2,True
5938,4,2023-04-01,2025-04-23,Middle Income Segment,Poor,3k-6k,594.0,5456.565,26048.53,153.95,0,2,4,4,True
5939,6,2023-02-11,2025-03-11,Middle Income Segment,Poor,3k-6k,637.0,5250.931666666666,51626.7,370.81,0,1,6,6,True
5940,1,2024-11-23,2024-11-23,Middle Income Segment,Exceptional,3k-6k,821.0,5654.56,2076.0,84.01,0,1,1,1,False
5941,3,2023-01-11,2025-03-04,High Income Segment,Poor,3k-6k,535.0,5050.013333333333,7685.29,86.22,0,3,3,3,True
5942,6,2023-08-20,2024-12-28,Middle Income Segment,Fair,3k-6k,585.0,5640.048333333333,30209.739999999998,119.04,0,2,6,6,True
5943,3,2024-11-04,2025-02-10,High Income Segment,Exceptional,3k-6k,797.0,5201.349999999999,19821.42,100.38999999999999,0,3,3,3,True
5944,5,2023-07-19,2025-01-29,High Income Segment,Poor,6k-10k,430.4,6331.25,22239.27,273.03999999999996,0,3,5,5,True
5945,4,2023-02-25,2025-02-03,Middle Income Segment,Fair,3k-6k,643.25,4916.912499999999,30654.53,56.79,0,3,4,4,True
5946,3,2023-05-01,2024-07-13,Low Income Segment,Exceptional,Under 3k,664.6666666666666,3789.9166666666665,15437.1,3.04,0,2,3,3,True
5947,2,2023-10-16,2024-02-20,High Income Segment,Fair,6k-10k,581.5,5458.52,7599.410000000001,0.0,0,2,2,2,True
5948,2,2023-01-04,2025-03-14,High Income Segment,Poor,3k-6k,602.5,6647.41,6903.22,0.0,0,2,2,2,True
5950,1,2023-12-25,2023-12-25,High Income Segment,Poor,6k-10k,328.0,8262.57,7573.96,0.0,0,1,1,1,False
5951,3,2023-07-09,2024-04-11,Middle Income Segment,Fair,3k-6k,529.6666666666666,4575.0199999999995,31357.370000000003,108.77000000000001,0,1,3,3,True
5952,2,2024-08-07,2024-10-27,High Income Segment,Exceptional,3k-6k,667.5,6598.29,12036.470000000001,129.9,0,2,2,2,True
5953,2,2023-03-07,2023-09-27,Middle Income Segment,Fair,3k-6k,517.5,5401.67,11547.05,0.0,0,1,2,2,True
5954,2,2023-08-02,2024-02-01,High Income Segment,Poor,6k-10k,657.0,5943.389999999999,14349.58,0.0,0,2,2,2,True
5956,1,2023-10-15,2023-10-15,Low Income Segment,Poor,Under 3k,327.0,2916.26,4932.46,0.0,0,1,1,1,False
5957,2,2023-03-31,2025-05-07,High Income Segment,Fair,3k-6k,569.5,6606.04,10481.94,54.15,0,2,2,2,True
5958,4,2023-10-19,2025-05-03,High Income Segment,Poor,3k-6k,636.5,6107.0775,19285.65,101.23,0,2,4,4,True
5959,3,2023-01-15,2024-11-07,Middle Income Segment,Fair,3k-6k,706.3333333333334,3302.9199999999996,10223.91,33.21,0,2,3,3,True
5960,3,2024-05-07,2024-10-30,High Income Segment,Poor,6k-10k,383.3333333333333,6495.696666666667,18724.18,82.09,0,2,3,3,True
5961,1,2024-04-25,2024-04-25,High Income Segment,Very Good,6k-10k,769.0,8781.1,6413.14,0.0,0,1,1,1,False
5962,2,2023-03-02,2024-04-11,Middle Income Segment,Fair,3k-6k,513.5,4845.225,8325.54,34.46,0,1,2,2,True
5963,1,2025-03-01,2025-03-01,Middle Income Segment,Poor,3k-6k,357.0,4751.87,14092.84,0.0,0,1,1,1,False
5964,2,2023-08-02,2024-05-28,High Income Segment,Fair,3k-6k,506.0,5581.115,10996.119999999999,0.0,0,2,2,2,True
5965,1,2024-11-10,2024-11-10,Middle Income Segment,Poor,6k-10k,535.0,6330.76,904.95,2.54,0,1,1,1,False
5966,2,2023-01-10,2024-02-12,High Income Segment,Poor,3k-6k,643.5,6902.469999999999,7318.48,9.93,0,2,2,2,True
5967,2,2023-08-14,2025-03-17,High Income Segment,Exceptional,3k-6k,745.0,7138.4400000000005,6487.34,49.93,0,2,2,2,True
5968,4,2023-05-19,2023-09-01,Middle Income Segment,Exceptional,3k-6k,692.25,4725.175,22780.75,57.76,0,2,4,4,True
5969,1,2024-08-09,2024-08-09,Low Income Segment,Poor,Under 3k,467.0,2098.91,892.72,138.57,0,1,1,1,False
5970,2,2023-11-08,2024-05-26,Low Income Segment,Exceptional,3k-6k,562.5,2436.48,13432.73,226.51,1,2,2,2,True
5971,5,2023-03-30,2024-05-14,High Income Segment,Poor,3k-6k,512.8,5353.5419999999995,31958.14,53.8,0,3,5,5,True
5973,2,2024-04-11,2024-07-26,Low Income Segment,Good,Under 3k,534.0,1996.46,6256.58,41.51,0,1,2,2,True
5975,3,2024-04-21,2024-10-06,High Income Segment,Exceptional,6k-10k,604.0,5597.7699999999995,17971.550000000003,104.91,0,2,3,3,True
5976,4,2023-07-19,2025-03-27,High Income Segment,Exceptional,6k-10k,761.25,7468.4725,14985.369999999999,299.19,1,2,4,4,True
5979,3,2024-01-03,2025-03-25,High Income Segment,Fair,6k-10k,535.0,7955.903333333333,10880.49,38.7,0,2,3,3,True
5980,4,2023-04-19,2024-09-05,High Income Segment,Very Good,6k-10k,660.5,5347.8075,7229.41,60.03,0,3,4,4,True
5983,2,2023-11-25,2025-02-11,High Income Segment,Poor,6k-10k,362.5,5834.955,2050.7599999999998,101.9,0,2,2,2,True
5986,1,2024-08-12,2024-08-12,High Income Segment,Fair,6k-10k,622.0,9478.46,6255.12,7.94,0,1,1,1,False
5987,4,2023-01-24,2024-07-18,Middle Income Segment,Good,3k-6k,654.5,5247.2175,28550.280000000002,201.41,0,3,4,4,True
5988,2,2023-02-09,2024-03-18,High Income Segment,Exceptional,6k-10k,788.0,5253.465,5589.02,59.32,0,2,2,2,True
5992,5,2023-09-09,2025-05-14,Low Income Segment,Poor,Under 3k,457.6,3820.3379999999997,20152.879999999997,282.06,0,3,5,5,True
5993,1,2024-10-27,2024-10-27,Middle Income Segment,Exceptional,6k-10k,803.0,6994.56,13697.42,0.0,0,1,1,1,False
5994,5,2023-06-24,2025-02-25,Middle Income Segment,Poor,3k-6k,614.0,4845.134,15240.529999999999,90.57,0,3,5,5,True
5995,1,2024-11-06,2024-11-06,High Income Segment,Poor,6k-10k,428.0,7325.49,3104.57,0.0,0,1,1,1,False
5996,3,2023-04-08,2024-10-19,Low Income Segment,Poor,Under 3k,564.3333333333334,2452.1066666666666,22826.57,32.16,0,2,3,3,True
5997,3,2024-03-04,2025-02-05,Middle Income Segment,Exceptional,3k-6k,716.3333333333334,5146.823333333334,23282.72,0.0,0,1,3,3,True
5998,1,2023-12-02,2023-12-02,High Income Segment,Good,6k-10k,734.0,7317.15,2508.78,0.0,0,1,1,1,False
5999,2,2023-12-23,2024-10-01,Low Income Segment,Poor,6k-10k,461.5,4021.6000000000004,15601.87,59.34,0,2,2,2,True
6000,2,2024-07-16,2025-04-02,Low Income Segment,Poor,3k-6k,378.5,2838.385,11059.310000000001,24.88,0,2,2,2,True
6002,4,2023-05-14,2025-02-08,Low Income Segment,Poor,Under 3k,592.75,4998.53,17117.41,462.74,1,3,4,4,True
6003,3,2023-02-22,2024-02-23,Middle Income Segment,Fair,6k-10k,552.3333333333334,6680.153333333333,10423.72,141.27,0,2,3,3,True
6004,5,2023-07-14,2024-12-17,High Income Segment,Poor,6k-10k,548.0,5994.652,29659.579999999998,188.15,0,3,5,5,True
6005,1,2024-09-03,2024-09-03,Middle Income Segment,Fair,3k-6k,622.0,4853.48,2744.07,37.31,0,1,1,1,False
6006,2,2023-02-13,2024-10-23,High Income Segment,Good,3k-6k,620.5,7338.23,14990.14,63.15,0,2,2,2,True
6007,1,2024-07-20,2024-07-20,Middle Income Segment,Very Good,6k-10k,798.0,6214.64,5304.82,0.0,0,1,1,1,False
6008,4,2023-09-07,2024-05-29,Low Income Segment,Poor,Under 3k,554.0,2180.1349999999998,9720.46,31.17,0,2,4,4,True
6009,2,2023-05-16,2024-05-24,High Income Segment,Poor,3k-6k,425.0,7426.014999999999,2876.3,0.0,0,2,2,2,True
6010,1,2024-11-06,2024-11-06,High Income Segment,Poor,6k-10k,522.0,8268.84,9034.09,44.38,0,1,1,1,False
6011,3,2024-02-11,2024-10-28,Middle Income Segment,Poor,3k-6k,469.3333333333333,5700.46,19391.61,15.93,0,2,3,3,True
6012,2,2024-12-23,2025-04-02,Low Income Segment,Exceptional,Under 3k,781.0,1302.52,9498.48,83.92,0,1,2,2,True
6013,2,2024-04-08,2024-11-17,High Income Segment,Poor,6k-10k,626.0,4864.87,12185.55,51.17,0,2,2,2,True
6014,2,2023-02-17,2024-04-21,High Income Segment,Good,6k-10k,587.0,5920.83,5962.99,0.0,0,2,2,2,True
6015,1,2024-10-04,2024-10-04,High Income Segment,Fair,6k-10k,604.0,8758.92,4125.63,0.13,0,1,1,1,False
6016,4,2023-10-25,2024-10-03,Low Income Segment,Poor,Under 3k,595.25,3923.9525000000003,24834.62,143.57,0,3,4,4,True
6017,2,2023-09-22,2024-01-26,High Income Segment,Fair,6k-10k,583.0,9164.279999999999,17189.97,0.0,0,1,2,2,True
6019,1,2023-02-17,2023-02-17,High Income Segment,Fair,6k-10k,636.0,9902.03,11911.43,39.47,0,1,1,1,False
6020,2,2024-02-15,2025-04-15,High Income Segment,Fair,3k-6k,726.5,7117.595,5140.11,194.43,1,2,2,2,True
6021,2,2023-08-03,2025-01-10,High Income Segment,Exceptional,6k-10k,582.5,5712.535,6228.700000000001,144.33,1,2,2,2,True
6022,3,2023-02-02,2024-12-29,High Income Segment,Exceptional,6k-10k,721.6666666666666,5890.796666666666,26914.07,110.82,0,2,3,3,True
6023,1,2023-03-25,2023-03-25,Middle Income Segment,Very Good,3k-6k,747.0,3304.8,9659.58,0.0,0,1,1,1,False
6024,6,2024-02-13,2025-04-28,Low Income Segment,Poor,3k-6k,548.1666666666666,3209.67,28319.120000000003,97.74,0,2,6,6,True
6025,1,2024-08-12,2024-08-12,Low Income Segment,Fair,Under 3k,664.0,1382.81,8134.88,0.0,0,1,1,1,False
6027,2,2023-05-29,2024-09-30,High Income Segment,Poor,6k-10k,640.0,7846.525,11428.439999999999,15.86,0,1,2,2,True
6028,1,2023-06-16,2023-06-16,Low Income Segment,Poor,Under 3k,363.0,1087.24,2185.6,0.0,0,1,1,1,False
6029,2,2023-12-04,2025-03-21,Low Income Segment,Good,Under 3k,763.5,2408.485,1861.94,0.0,0,1,2,2,True
6030,2,2024-05-27,2025-01-06,Low Income Segment,Good,Under 3k,498.0,1161.985,13561.01,94.19,0,1,2,2,True
6031,2,2023-09-16,2024-07-09,High Income Segment,Poor,6k-10k,366.5,7707.225,13355.0,42.88,0,2,2,2,True
6032,2,2023-11-15,2025-03-17,High Income Segment,Fair,6k-10k,501.5,4098.54,952.91,0.0,0,2,2,2,True
6033,1,2023-08-04,2023-08-04,Middle Income Segment,Very Good,3k-6k,758.0,5199.67,7328.17,0.0,0,1,1,1,False
6036,2,2023-02-08,2024-07-18,High Income Segment,Poor,3k-6k,562.5,5867.03,19088.239999999998,54.04,0,2,2,2,True
6037,4,2023-07-13,2025-03-27,High Income Segment,Poor,3k-6k,566.75,6995.865,26310.059999999998,282.00000000000006,0,2,4,4,True
6039,2,2023-02-25,2025-03-14,High Income Segment,Fair,3k-6k,662.5,7529.9,8128.26,87.15,0,2,2,2,True
6040,1,2025-03-07,2025-03-07,Middle Income Segment,Fair,6k-10k,596.0,6691.14,2952.62,0.0,0,1,1,1,False
6041,2,2024-05-12,2024-09-16,Low Income Segment,Exceptional,Under 3k,780.0,1869.465,13854.099999999999,120.32000000000001,0,1,2,2,True
6043,4,2024-03-23,2025-04-12,High Income Segment,Poor,6k-10k,548.5,6189.9625,17582.99,184.01,0,2,4,4,True
6044,1,2023-06-02,2023-06-02,High Income Segment,Good,6k-10k,723.0,8499.01,7679.28,234.04,1,1,1,1,False
6046,1,2024-12-13,2024-12-13,Low Income Segment,Poor,Under 3k,452.0,1824.03,1176.47,25.58,0,1,1,1,False
6047,2,2023-07-19,2023-12-12,High Income Segment,Poor,6k-10k,420.5,9009.385,6684.74,0.0,0,1,2,2,True
6048,2,2023-01-31,2025-03-23,High Income Segment,Poor,6k-10k,452.5,5535.32,5053.030000000001,112.17,0,2,2,2,True
6049,2,2024-06-24,2024-07-16,High Income Segment,Exceptional,3k-6k,659.0,5854.275,6687.27,0.09,0,2,2,2,True
6050,1,2023-12-03,2023-12-03,High Income Segment,Poor,6k-10k,564.0,9860.64,382.95,0.0,0,1,1,1,False
6051,6,2023-04-20,2025-04-06,Middle Income Segment,Poor,6k-10k,488.0,5606.086666666666,14615.92,343.23,0,3,5,6,True
6052,2,2023-06-02,2023-08-08,Middle Income Segment,Fair,3k-6k,566.5,5028.755,4148.15,121.72,0,1,2,2,True
6053,2,2024-07-12,2024-11-14,High Income Segment,Poor,6k-10k,515.0,7452.42,7726.0,3.73,0,2,2,2,True
6054,5,2023-02-22,2024-02-14,Middle Income Segment,Poor,3k-6k,516.0,4443.856,22764.9,256.99,0,3,5,5,True
6055,2,2023-11-16,2024-06-22,High Income Segment,Good,6k-10k,540.5,7599.305,8252.26,62.5,0,2,2,2,True
6056,2,2024-06-23,2024-11-10,Low Income Segment,Fair,3k-6k,540.5,3656.495,13055.18,138.22,0,2,2,2,True
6057,4,2023-01-03,2025-01-04,Low Income Segment,Fair,6k-10k,608.25,4410.95,18441.42,259.03000000000003,1,3,4,4,True
6058,4,2023-04-10,2024-10-13,Middle Income Segment,Fair,3k-6k,585.0,4684.365,26088.41,15.18,0,2,4,4,True
6059,3,2023-05-31,2025-02-07,Middle Income Segment,Exceptional,3k-6k,654.3333333333334,6262.543333333334,7903.68,50.83,0,2,3,3,True
6060,2,2024-03-09,2025-01-02,High Income Segment,Fair,6k-10k,666.0,4461.67,3860.13,33.18,0,2,2,2,True
6061,2,2023-07-31,2025-04-27,High Income Segment,Fair,3k-6k,490.5,5340.235,18129.43,109.22,0,2,2,2,True
6062,4,2024-08-19,2025-02-09,High Income Segment,Poor,6k-10k,555.0,9024.91,18125.84,181.81,0,1,4,4,True
6063,4,2023-03-04,2025-02-03,Middle Income Segment,Poor,3k-6k,571.25,4368.422500000001,23478.77,187.67000000000002,1,3,4,4,True
6064,3,2023-07-17,2023-12-27,Middle Income Segment,Fair,3k-6k,678.0,6166.416666666667,22830.66,110.23,0,2,3,3,True
6065,2,2023-05-09,2024-02-16,High Income Segment,Fair,6k-10k,546.0,5409.585,3840.59,97.95,0,2,2,2,True
6066,1,2023-01-14,2023-01-14,High Income Segment,Fair,6k-10k,645.0,7677.56,8908.0,46.62,0,1,1,1,False
6067,3,2023-03-02,2024-11-23,High Income Segment,Exceptional,6k-10k,643.0,8224.473333333333,18195.54,229.61,1,1,3,3,True
6068,3,2024-07-29,2024-12-19,High Income Segment,Poor,3k-6k,491.0,4863.54,13570.84,256.23,1,3,3,3,True
6069,1,2025-03-17,2025-03-17,High Income Segment,Poor,6k-10k,500.0,7075.12,1315.12,0.0,0,1,1,1,False
6071,1,2024-11-01,2024-11-01,Middle Income Segment,Good,6k-10k,732.0,6634.38,3056.35,49.04,0,1,1,1,False
6072,2,2023-04-17,2025-03-26,High Income Segment,Fair,6k-10k,671.5,7250.455,10428.82,0.0,0,2,2,2,True
6073,4,2023-06-14,2024-08-17,Low Income Segment,Poor,6k-10k,488.5,4226.554999999999,31697.739999999998,62.89,0,3,4,4,True
6074,3,2023-03-24,2024-12-30,High Income Segment,Poor,6k-10k,399.3333333333333,7439.139999999999,31369.13,48.55,0,2,3,3,True
6075,2,2023-11-29,2024-07-07,High Income Segment,Good,6k-10k,597.0,7699.925,3603.71,32.91,0,1,2,2,True
6076,1,2025-01-25,2025-01-25,High Income Segment,Poor,6k-10k,547.0,8793.61,5127.16,0.0,0,1,1,1,False
6077,3,2024-04-14,2025-01-06,Low Income Segment,Fair,Under 3k,609.0,3983.1200000000003,7243.91,170.12,1,2,3,3,True
6078,2,2025-01-31,2025-03-03,High Income Segment,Poor,3k-6k,422.0,6348.745,3079.88,2.66,0,2,2,2,True
6079,1,2024-06-24,2024-06-24,Middle Income Segment,Poor,3k-6k,445.0,4210.31,1833.07,0.0,0,1,1,1,False
6080,3,2023-01-29,2025-03-15,High Income Segment,Exceptional,6k-10k,674.0,7436.61,13694.91,0.0,0,2,3,3,True
6082,1,2024-05-13,2024-05-13,Low Income Segment,Poor,Under 3k,538.0,2957.43,4581.27,0.0,0,1,1,1,False
6083,4,2023-10-19,2025-05-03,High Income Segment,Fair,6k-10k,646.25,6226.335,18696.989999999998,34.71,0,2,4,4,True
6084,3,2024-02-04,2025-02-27,High Income Segment,Poor,3k-6k,485.0,4628.213333333333,4195.5199999999995,192.82,1,3,3,3,True
6085,3,2023-12-20,2024-07-10,High Income Segment,Fair,6k-10k,619.0,7640.490000000001,12884.15,17.51,0,2,3,3,True
6086,4,2023-11-16,2025-03-26,Middle Income Segment,Fair,3k-6k,527.75,5174.835,22745.65,33.72,0,2,4,4,True
6087,4,2023-02-08,2025-03-19,Middle Income Segment,Poor,3k-6k,589.25,5869.065,24217.07,44.13,0,2,4,4,True
6088,5,2023-05-09,2023-08-18,High Income Segment,Poor,6k-10k,536.2,6106.5,27522.57,26.47,0,3,5,5,True
6089,2,2023-10-23,2024-07-16,High Income Segment,Very Good,6k-10k,779.5,8600.225,22952.68,148.0,0,1,2,2,True
6090,1,2024-12-10,2024-12-10,Middle Income Segment,Poor,6k-10k,301.0,6662.14,3724.74,0.0,0,1,1,1,False
6091,3,2023-05-28,2023-08-30,High Income Segment,Poor,6k-10k,464.3333333333333,6765.623333333334,6860.96,21.55,0,2,3,3,True
6092,1,2023-09-07,2023-09-07,Middle Income Segment,Fair,3k-6k,624.0,4477.46,4472.51,47.68,0,1,1,1,False
6093,2,2024-05-19,2025-02-05,Middle Income Segment,Poor,6k-10k,486.5,6672.305,16233.18,13.54,0,1,2,2,True
6095,3,2023-09-02,2025-03-14,Middle Income Segment,Fair,6k-10k,679.6666666666666,6817.483333333334,8024.070000000001,25.25,0,2,3,3,True
6097,3,2023-01-18,2023-07-09,Middle Income Segment,Poor,3k-6k,449.6666666666667,5146.833333333333,15433.39,160.64,0,2,3,3,True
6099,2,2024-02-06,2025-02-07,High Income Segment,Fair,6k-10k,576.5,4465.125,9110.08,24.16,0,2,2,2,True
6101,4,2023-01-19,2024-12-07,Low Income Segment,Fair,6k-10k,609.75,4550.91,17484.36,167.96,1,3,4,4,True
6102,2,2023-06-24,2025-04-29,Low Income Segment,Poor,3k-6k,494.5,2533.135,21210.52,98.25999999999999,0,2,2,2,True
6103,2,2023-09-14,2024-08-05,Middle Income Segment,Good,3k-6k,558.5,4550.905000000001,6557.780000000001,52.81,0,1,2,2,True
6104,2,2024-04-14,2024-06-17,Low Income Segment,Poor,3k-6k,436.0,3403.065,15066.130000000001,95.41,0,2,2,2,True
6105,4,2023-03-08,2024-09-30,High Income Segment,Very Good,6k-10k,687.75,5146.8225,22996.54,0.0,0,2,4,4,True
6106,1,2023-07-02,2023-07-02,High Income Segment,Poor,6k-10k,466.0,7273.5,10812.37,13.68,0,1,1,1,False
6108,3,2023-01-24,2024-05-02,Middle Income Segment,Poor,3k-6k,539.3333333333334,4944.62,8043.17,150.54,1,1,3,3,True
6109,4,2023-01-31,2024-09-25,High Income Segment,Very Good,6k-10k,648.75,4565.18,18629.21,114.61,0,2,4,4,True
6110,4,2023-11-08,2024-12-25,Middle Income Segment,Poor,3k-6k,364.25,5447.0575,14088.08,200.04000000000002,0,1,4,4,True
6111,2,2023-03-05,2023-12-27,High Income Segment,Exceptional,6k-10k,746.5,5115.05,18676.24,204.76999999999998,0,2,2,2,True
6112,2,2023-12-29,2024-11-29,Low Income Segment,Exceptional,3k-6k,797.0,3328.005,14605.69,0.0,0,2,2,2,True
6113,1,2023-08-28,2023-08-28,Middle Income Segment,Very Good,6k-10k,791.0,6886.08,1255.62,0.0,0,1,1,1,False
6114,1,2023-10-24,2023-10-24,High Income Segment,Poor,6k-10k,395.0,8081.84,6583.18,97.01,0,1,1,1,False
6115,1,2023-12-12,2023-12-12,Middle Income Segment,Poor,3k-6k,439.0,3332.16,7710.57,36.17,0,1,1,1,False
6116,2,2024-06-20,2024-07-11,High Income Segment,Exceptional,3k-6k,803.5,6435.7300000000005,8205.65,48.05,0,2,2,2,True
6118,1,2025-04-22,2025-04-22,Low Income Segment,Fair,Under 3k,583.0,2752.47,6284.32,98.48,0,1,1,1,False
6119,2,2024-04-19,2024-08-15,High Income Segment,Poor,6k-10k,585.5,4955.21,8913.37,56.230000000000004,0,2,2,2,True
6120,2,2024-08-13,2025-03-14,Middle Income Segment,Fair,3k-6k,462.5,3814.63,17660.2,91.33,0,1,2,2,True
6121,1,2023-05-10,2023-05-10,Middle Income Segment,Poor,3k-6k,380.0,4227.43,3695.95,74.89,0,1,1,1,False
6122,4,2023-05-31,2025-03-03,Middle Income Segment,Fair,3k-6k,475.25,5124.9625,27869.32,313.89,1,2,4,4,True
6123,2,2023-03-30,2023-09-21,High Income Segment,Fair,6k-10k,474.5,8105.53,6294.07,89.28999999999999,0,2,2,2,True
6124,2,2023-08-31,2024-09-09,High Income Segment,Good,6k-10k,650.0,6676.68,15992.5,64.54,0,2,2,2,True
6125,4,2023-01-07,2025-02-10,High Income Segment,Fair,6k-10k,562.75,7881.1625,22900.29,326.27,1,2,3,4,True
6126,3,2023-09-13,2024-11-29,High Income Segment,Poor,6k-10k,565.0,7260.43,11079.45,0.0,0,2,3,3,True
6127,4,2023-01-22,2024-10-03,Middle Income Segment,Poor,6k-10k,507.75,7008.797500000001,24960.93,114.10999999999999,0,2,4,4,True
6129,2,2024-10-12,2024-11-09,High Income Segment,Good,3k-6k,507.5,6615.985000000001,18256.239999999998,102.11,0,2,2,2,True
6130,3,2023-06-02,2024-05-24,Middle Income Segment,Poor,6k-10k,495.6666666666667,6874.580000000001,16734.4,123.99000000000001,0,2,3,3,True
6131,5,2023-03-15,2024-12-18,Middle Income Segment,Poor,3k-6k,622.4,5151.888000000001,21452.99,291.94,1,3,5,5,True
6132,2,2024-06-06,2025-03-07,High Income Segment,Fair,6k-10k,706.5,8449.41,4530.02,0.0,0,1,2,2,True
6133,1,2023-12-03,2023-12-03,High Income Segment,Good,6k-10k,722.0,9541.67,9557.45,57.29,0,1,1,1,False
6134,4,2023-07-06,2024-12-17,High Income Segment,Good,6k-10k,546.75,6709.3150000000005,22768.56,410.23,1,2,4,4,True
6136,5,2023-06-15,2025-03-06,Middle Income Segment,Poor,6k-10k,554.6,7080.634,8666.95,106.47999999999999,0,2,5,5,True
6137,3,2023-06-14,2024-12-09,High Income Segment,Good,6k-10k,725.0,9405.62,23760.02,53.03,0,1,3,3,True
6138,1,2023-04-16,2023-04-16,Middle Income Segment,Poor,6k-10k,548.0,6188.0,1796.53,0.0,0,1,1,1,False
6140,1,2023-08-05,2023-08-05,Low Income Segment,Poor,Under 3k,353.0,1847.06,8046.57,7.72,0,1,1,1,False
6141,4,2023-03-24,2024-10-17,High Income Segment,Poor,6k-10k,580.75,7252.015,39850.38,147.07999999999998,0,2,4,4,True
6142,2,2023-05-19,2023-12-26,High Income Segment,Poor,6k-10k,427.5,5469.155000000001,10456.8,88.0,0,2,2,2,True
6143,2,2023-06-19,2025-03-02,Low Income Segment,Poor,3k-6k,504.0,3096.7799999999997,9113.64,12.46,0,2,2,2,True
6145,2,2023-07-02,2024-12-04,High Income Segment,Good,3k-6k,556.0,6058.049999999999,11798.09,11.43,0,2,2,2,True
6146,1,2025-04-10,2025-04-10,High Income Segment,Poor,6k-10k,385.0,8188.3,597.03,0.0,0,1,1,1,False
6147,2,2023-01-02,2024-12-17,High Income Segment,Good,6k-10k,538.5,4249.875,2379.28,12.39,0,2,2,2,True
6149,2,2023-05-27,2024-12-23,Middle Income Segment,Poor,3k-6k,387.5,4815.74,15805.189999999999,48.93,0,1,2,2,True
6150,4,2023-11-10,2024-12-30,High Income Segment,Poor,6k-10k,584.5,7193.219999999999,24842.46,33.32,0,2,4,4,True
6151,1,2025-02-09,2025-02-09,Middle Income Segment,Poor,3k-6k,555.0,4633.23,5355.35,0.0,0,1,1,1,False
6152,2,2023-10-30,2024-10-28,Low Income Segment,Exceptional,3k-6k,756.0,4164.775,8392.17,0.0,0,2,2,2,True
6153,6,2023-04-06,2024-11-20,High Income Segment,Poor,6k-10k,531.5,6771.785,35410.55,19.05,0,2,6,6,True
6154,3,2023-08-12,2024-03-04,Middle Income Segment,Poor,3k-6k,592.0,3490.44,37076.79,93.0,0,2,3,3,True
6156,3,2023-02-11,2025-03-15,Middle Income Segment,Fair,3k-6k,660.0,4056.1366666666668,15905.210000000001,68.11,0,1,3,3,True
6158,3,2023-03-14,2025-03-25,Low Income Segment,Exceptional,Under 3k,655.3333333333334,3462.59,17261.81,86.15,0,2,3,3,True
6159,2,2023-10-25,2023-11-03,Middle Income Segment,Good,3k-6k,520.5,5542.469999999999,14162.37,124.67,0,1,2,2,True
6160,1,2024-04-21,2024-04-21,High Income Segment,Poor,6k-10k,330.0,9431.67,14796.27,0.0,0,1,1,1,False
6161,6,2023-02-02,2025-01-28,Middle Income Segment,Fair,3k-6k,579.1666666666666,4413.283333333334,25670.03,240.66,1,2,6,6,True
6162,3,2023-06-18,2025-01-16,High Income Segment,Exceptional,6k-10k,635.0,7455.790000000001,12749.720000000001,0.42,0,2,3,3,True
6163,1,2024-05-17,2024-05-17,Middle Income Segment,Poor,3k-6k,548.0,3074.9,4275.07,0.0,0,1,1,1,False
6164,2,2023-11-23,2024-02-23,Middle Income Segment,Poor,3k-6k,461.0,5241.29,15490.71,35.6,0,1,2,2,True
6166,3,2023-03-16,2024-10-02,Low Income Segment,Exceptional,Under 3k,654.0,1347.7166666666667,15873.51,0.0,0,1,3,3,True
6167,4,2023-02-16,2024-05-26,High Income Segment,Exceptional,6k-10k,674.5,5289.8724999999995,11283.9,211.98,1,2,4,4,True
6168,1,2025-04-25,2025-04-25,Middle Income Segment,Exceptional,3k-6k,848.0,5052.06,2866.61,108.32,0,1,1,1,False
6169,3,2023-06-28,2025-04-10,Low Income Segment,Poor,Under 3k,431.0,3254.8866666666668,14334.23,131.55,0,2,3,3,True
6170,1,2023-11-09,2023-11-09,Middle Income Segment,Poor,3k-6k,501.0,5773.87,13105.6,60.51,0,1,1,1,False
6171,5,2023-01-15,2024-03-21,Middle Income Segment,Poor,3k-6k,473.2,3830.37,25013.370000000003,79.59,0,2,5,5,True
6172,2,2023-09-30,2024-03-11,Middle Income Segment,Poor,3k-6k,617.5,5679.325000000001,15672.38,0.0,0,1,2,2,True
6173,2,2024-05-15,2024-07-18,High Income Segment,Poor,6k-10k,365.5,7585.1449999999995,6380.34,0.0,0,2,2,2,True
6175,3,2023-02-07,2025-05-06,High Income Segment,Poor,3k-6k,550.0,5563.503333333334,23639.28,25.65,0,3,3,3,True
6176,3,2024-06-17,2024-08-21,Middle Income Segment,Poor,3k-6k,324.6666666666667,5277.21,29563.81,43.73,0,1,3,3,True
6177,3,2023-05-23,2024-05-26,Middle Income Segment,Poor,6k-10k,591.6666666666666,5781.433333333333,27693.9,146.72,0,2,3,3,True
6178,3,2023-11-07,2025-03-18,Middle Income Segment,Fair,3k-6k,591.6666666666666,6454.93,14021.77,114.65,0,2,3,3,True
6179,5,2023-01-11,2025-01-01,Middle Income Segment,Poor,3k-6k,540.2,3474.0799999999995,9585.94,62.78999999999999,0,2,5,5,True
6180,2,2023-09-27,2024-11-07,Low Income Segment,Exceptional,Under 3k,784.0,1692.9650000000001,18859.61,0.0,0,1,2,2,True
6181,2,2023-02-03,2024-04-22,Low Income Segment,Fair,6k-10k,554.5,4025.05,8265.08,51.42,0,2,2,2,True
6182,4,2024-09-08,2025-03-07,Middle Income Segment,Exceptional,3k-6k,772.25,4410.935,16238.400000000001,82.48,0,2,4,4,True
6184,4,2023-09-28,2025-03-03,Low Income Segment,Poor,6k-10k,514.0,4545.4175,22165.53,185.43,1,3,4,4,True
6185,5,2023-02-27,2025-03-13,Low Income Segment,Fair,6k-10k,563.2,4461.74,15686.150000000001,274.65,1,3,5,5,True
6187,1,2024-06-20,2024-06-20,High Income Segment,Poor,6k-10k,443.0,8291.58,12695.29,0.0,0,1,1,1,False
6188,4,2023-01-16,2025-02-19,Middle Income Segment,Fair,3k-6k,642.75,4745.8275,35435.85,230.57,0,1,4,4,True
6189,3,2023-06-15,2025-01-13,Middle Income Segment,Exceptional,3k-6k,590.3333333333334,6125.503333333333,11619.81,21.75,0,2,3,3,True
6190,6,2023-02-04,2024-11-28,High Income Segment,Poor,6k-10k,503.6666666666667,5733.956666666666,29243.45,148.75,0,3,6,6,True
6191,2,2023-07-04,2024-05-31,High Income Segment,Fair,6k-10k,488.5,4947.19,23424.97,0.0,0,2,2,2,True
6192,3,2023-02-22,2024-07-11,High Income Segment,Exceptional,3k-6k,645.6666666666666,5444.566666666667,11323.23,85.78999999999999,0,3,3,3,True
6193,3,2023-08-12,2024-12-23,Middle Income Segment,Fair,6k-10k,631.3333333333334,6043.553333333333,29941.61,45.25,0,2,3,3,True
6194,2,2023-02-17,2023-07-06,Low Income Segment,Good,3k-6k,528.5,3559.6949999999997,8914.25,10.94,0,2,2,2,True
6196,3,2023-02-02,2025-04-27,High Income Segment,Fair,6k-10k,593.0,6289.653333333333,18816.48,107.36000000000001,0,2,3,3,True
6197,1,2023-10-23,2023-10-23,High Income Segment,Fair,6k-10k,646.0,8724.78,6960.71,1.84,0,1,1,1,False
6200,3,2023-07-04,2023-12-18,High Income Segment,Poor,3k-6k,440.6666666666667,5233.556666666666,21278.769999999997,56.29,0,3,3,3,True
6201,1,2024-04-24,2024-04-24,Low Income Segment,Poor,Under 3k,326.0,2434.89,2511.53,186.76,1,1,1,1,False
6202,3,2023-02-27,2023-11-08,High Income Segment,Poor,6k-10k,498.6666666666667,8606.996666666666,9705.810000000001,0.0,0,2,3,3,True
6203,4,2024-10-24,2025-03-26,Middle Income Segment,Poor,6k-10k,596.5,5319.0975,9694.39,316.25,2,3,4,4,True
6204,2,2023-10-13,2023-11-25,Low Income Segment,Poor,6k-10k,491.5,3948.61,7020.41,23.04,0,2,2,2,True
6205,2,2023-03-20,2023-09-22,Low Income Segment,Poor,3k-6k,590.0,2445.895,5123.47,153.43,1,2,2,2,True
6206,2,2023-05-19,2023-10-10,High Income Segment,Fair,3k-6k,464.0,6794.264999999999,8394.650000000001,0.0,0,2,2,2,True
6207,4,2023-01-31,2025-03-10,High Income Segment,Poor,6k-10k,540.0,7809.8099999999995,13649.869999999999,155.01,0,2,4,4,True
6208,3,2024-01-13,2024-12-16,High Income Segment,Fair,6k-10k,639.0,8632.623333333333,16161.89,52.550000000000004,0,1,3,3,True
6209,1,2024-10-10,2024-10-10,Low Income Segment,Very Good,Under 3k,760.0,2020.49,629.97,37.52,0,1,1,1,False
6210,1,2024-07-31,2024-07-31,High Income Segment,Exceptional,6k-10k,848.0,7380.4,14509.37,0.0,0,1,1,1,False
6212,2,2023-03-05,2023-04-21,High Income Segment,Poor,3k-6k,560.5,5584.365,4050.01,0.0,0,2,2,2,True
6213,3,2024-07-16,2025-03-17,Middle Income Segment,Poor,3k-6k,453.3333333333333,4337.386666666666,18368.690000000002,1.11,0,1,3,3,True
6214,2,2023-12-01,2024-07-28,High Income Segment,Fair,6k-10k,645.0,8743.41,20164.84,0.0,0,1,2,2,True
6217,2,2024-01-11,2024-11-15,Middle Income Segment,Good,3k-6k,607.5,5660.125,8587.0,4.44,0,1,2,2,True
6218,1,2024-11-09,2024-11-09,High Income Segment,Very Good,6k-10k,753.0,9776.87,4279.9,0.0,0,1,1,1,False
6220,1,2023-01-24,2023-01-24,Middle Income Segment,Poor,3k-6k,458.0,5169.85,10843.36,77.53,0,1,1,1,False
6221,1,2024-08-31,2024-08-31,High Income Segment,Good,6k-10k,710.0,7599.74,10143.45,21.95,0,1,1,1,False
6222,1,2024-08-13,2024-08-13,High Income Segment,Poor,6k-10k,407.0,7551.78,1219.6,0.0,0,1,1,1,False
6223,2,2023-03-14,2024-09-27,Middle Income Segment,Good,3k-6k,702.5,5189.755,5706.67,9.61,0,1,2,2,True
6224,1,2024-09-18,2024-09-18,Middle Income Segment,Poor,3k-6k,463.0,3586.99,7681.2,0.0,0,1,1,1,False
6228,3,2023-04-21,2023-11-01,Middle Income Segment,Poor,3k-6k,500.3333333333333,6366.71,18603.1,25.53,0,2,3,3,True
6229,4,2023-09-05,2024-09-28,High Income Segment,Poor,6k-10k,446.0,6588.8525,14955.71,170.11,0,3,4,4,True
6230,3,2023-05-14,2024-12-03,High Income Segment,Good,6k-10k,633.0,5455.77,15257.67,72.89,0,3,3,3,True
6231,3,2023-01-04,2023-09-25,High Income Segment,Poor,3k-6k,606.3333333333334,4852.78,12952.59,27.14,0,3,3,3,True
6232,4,2023-03-16,2025-02-22,Middle Income Segment,Very Good,3k-6k,627.5,4709.74,7581.960000000001,0.0,0,3,4,4,True
6233,2,2024-06-18,2025-01-30,Low Income Segment,Fair,3k-6k,620.5,3671.745,8885.88,194.01,1,2,2,2,True
6234,4,2023-04-03,2024-12-09,Middle Income Segment,Poor,3k-6k,579.75,5836.95,16927.45,137.5,0,2,4,4,True
6235,2,2023-06-10,2024-11-30,High Income Segment,Fair,6k-10k,708.0,4583.29,19232.0,45.58,0,2,2,2,True
6237,3,2023-04-29,2024-11-21,High Income Segment,Exceptional,6k-10k,621.0,7172.906666666667,16054.199999999999,387.96000000000004,2,2,3,3,True
6238,2,2024-09-12,2024-10-16,High Income Segment,Fair,6k-10k,469.0,5454.055,10255.24,70.19,0,2,2,2,True
6239,4,2023-09-29,2024-11-17,Middle Income Segment,Poor,6k-10k,568.0,5898.705,13854.64,20.91,0,1,4,4,True
6240,2,2024-02-16,2024-03-19,Low Income Segment,Fair,6k-10k,471.5,4127.4,12781.42,0.0,0,2,2,2,True
6241,2,2024-10-28,2025-05-17,High Income Segment,Good,3k-6k,533.5,5762.07,13298.509999999998,38.46,0,2,2,2,True
6242,2,2023-08-31,2023-12-30,Low Income Segment,Fair,3k-6k,596.0,3487.735,18131.73,0.0,0,2,2,2,True
6243,4,2023-02-27,2024-11-25,High Income Segment,Poor,3k-6k,634.75,6235.975,19866.95,327.74,0,2,4,4,True
6244,3,2023-09-23,2024-11-08,High Income Segment,Fair,6k-10k,637.6666666666666,6028.356666666667,15887.68,120.58000000000001,0,2,3,3,True
6245,1,2025-03-28,2025-03-28,High Income Segment,Good,6k-10k,731.0,7094.31,5999.77,14.26,0,1,1,1,False
6246,3,2023-05-02,2024-11-11,High Income Segment,Poor,3k-6k,552.6666666666666,4265.363333333334,7968.969999999999,10.52,0,3,3,3,True
6247,5,2023-03-03,2024-06-12,High Income Segment,Poor,6k-10k,523.8,6613.472,16398.77,26.27,0,2,5,5,True
6248,3,2023-01-31,2024-05-22,Middle Income Segment,Fair,6k-10k,671.6666666666666,6389.556666666666,23569.379999999997,97.84,0,2,3,3,True
6249,5,2023-03-25,2025-04-20,High Income Segment,Poor,6k-10k,543.4,7631.481999999999,26059.29,336.34999999999997,1,2,5,5,True
6250,1,2025-05-13,2025-05-13,High Income Segment,Fair,6k-10k,582.0,8022.36,588.86,38.59,0,1,1,1,False
6251,3,2023-02-12,2024-06-08,Low Income Segment,Poor,Under 3k,537.6666666666666,2352.0499999999997,8194.31,119.39,0,1,3,3,True
6252,1,2024-10-27,2024-10-27,Middle Income Segment,Poor,6k-10k,406.0,6225.69,5797.39,58.83,0,1,1,1,False
6253,2,2024-03-03,2024-04-11,Middle Income Segment,Fair,3k-6k,535.0,3920.25,18193.949999999997,0.0,0,1,2,2,True
6254,3,2023-05-05,2025-03-08,High Income Segment,Fair,3k-6k,582.3333333333334,5221.836666666666,16007.050000000001,8.84,0,3,3,3,True
6255,4,2023-05-09,2025-05-14,Middle Income Segment,Good,6k-10k,666.75,5745.3825,37351.0,223.45999999999998,1,3,4,4,True
6256,1,2024-07-31,2024-07-31,Middle Income Segment,Poor,6k-10k,366.0,6790.08,4084.29,11.0,0,1,1,1,False
6257,4,2023-04-06,2024-11-17,High Income Segment,Poor,6k-10k,645.5,5019.2474999999995,14708.64,153.97,0,3,4,4,True
6258,2,2024-02-12,2025-03-15,High Income Segment,Fair,6k-10k,672.5,5864.08,22288.32,85.18,0,2,2,2,True
6259,1,2024-11-07,2024-11-07,High Income Segment,Fair,6k-10k,606.0,8588.96,3520.85,0.0,0,1,1,1,False
6260,2,2023-04-07,2025-01-28,High Income Segment,Fair,3k-6k,501.5,6660.3099999999995,12411.57,24.13,0,2,2,2,True
6261,2,2023-05-03,2023-12-06,High Income Segment,Good,6k-10k,635.5,7743.895,16374.45,0.0,0,1,2,2,True
6262,2,2023-03-30,2023-05-16,High Income Segment,Fair,6k-10k,558.5,8220.235,10142.76,44.67,0,1,2,2,True
6263,2,2023-07-14,2024-11-16,Low Income Segment,Poor,Under 3k,598.5,2012.67,7287.67,212.15,1,1,2,2,True
6264,3,2023-02-17,2024-10-15,Low Income Segment,Fair,Under 3k,563.6666666666666,2460.306666666667,16227.220000000001,111.62,0,2,3,3,True
6265,3,2023-01-27,2024-11-01,Middle Income Segment,Poor,6k-10k,448.3333333333333,6458.966666666666,15440.93,159.35,0,2,3,3,True
6266,3,2023-09-21,2025-04-28,High Income Segment,Good,6k-10k,603.0,5789.373333333333,23314.0,79.0,0,3,3,3,True
6267,2,2023-05-15,2025-01-01,High Income Segment,Poor,6k-10k,475.5,7854.35,18469.9,93.89,0,1,2,2,True
6268,2,2024-09-02,2025-03-21,Low Income Segment,Poor,3k-6k,558.0,3801.7300000000005,1464.36,0.0,0,2,2,2,True
6269,3,2023-07-06,2024-03-09,High Income Segment,Exceptional,6k-10k,699.0,7941.97,21704.199999999997,0.0,0,2,3,3,True
6270,2,2024-04-16,2024-11-08,Low Income Segment,Exceptional,6k-10k,684.0,4310.745,3044.6400000000003,21.46,0,2,2,2,True
6271,3,2023-04-02,2024-12-26,High Income Segment,Poor,6k-10k,576.0,5716.103333333333,22723.79,222.64,1,2,3,3,True
6272,3,2023-07-11,2024-09-06,High Income Segment,Poor,3k-6k,459.0,5818.426666666666,9769.47,356.69,2,3,3,3,True
6273,3,2023-05-11,2024-10-10,High Income Segment,Poor,3k-6k,539.6666666666666,5581.206666666666,21941.23,92.83,0,3,3,3,True
6274,3,2024-08-19,2025-01-15,Low Income Segment,Poor,Under 3k,586.6666666666666,1574.17,11875.369999999999,296.28,1,1,3,3,True
6275,2,2023-08-20,2023-12-02,High Income Segment,Poor,6k-10k,337.0,5682.724999999999,8449.86,22.73,0,2,2,2,True
6276,2,2023-07-11,2024-04-07,Low Income Segment,Fair,Under 3k,561.0,2400.485,28754.730000000003,267.21000000000004,1,1,2,2,True
6277,3,2023-06-29,2024-09-07,High Income Segment,Poor,6k-10k,558.3333333333334,5454.610000000001,9698.77,69.19,0,3,3,3,True
6278,2,2023-06-28,2024-08-25,Middle Income Segment,Poor,3k-6k,596.0,4795.610000000001,14662.74,6.8,0,1,2,2,True
6279,5,2023-04-12,2025-04-10,Middle Income Segment,Fair,3k-6k,651.6,5275.74,41501.71,0.0,0,3,5,5,True
6280,3,2023-04-19,2024-10-09,Middle Income Segment,Fair,6k-10k,657.0,5986.13,17501.33,157.04,1,2,3,3,True
6281,2,2023-10-21,2024-07-13,High Income Segment,Good,3k-6k,634.5,6538.9349999999995,13284.56,27.78,0,2,2,2,True
6283,6,2023-11-15,2025-05-06,High Income Segment,Poor,6k-10k,604.6666666666666,5341.2733333333335,40592.14,224.45,0,3,6,6,True
6285,4,2023-04-06,2024-12-13,High Income Segment,Exceptional,3k-6k,688.75,6490.8475,13242.38,0.0,0,2,4,4,True
6287,4,2023-06-01,2024-12-08,High Income Segment,Exceptional,6k-10k,626.0,5387.7775,29306.22,205.6,1,3,4,4,True
6288,2,2024-12-27,2025-03-29,Middle Income Segment,Fair,3k-6k,586.5,4458.965,13096.58,31.42,0,1,2,2,True
6289,6,2023-01-15,2024-09-29,Low Income Segment,Poor,Under 3k,528.1666666666666,4462.298333333333,33576.46,140.51999999999998,0,3,6,6,True
6290,1,2024-05-14,2024-05-14,Middle Income Segment,Good,6k-10k,701.0,6746.98,6030.25,75.86,0,1,1,1,False
6291,4,2023-05-24,2025-04-12,High Income Segment,Good,6k-10k,741.5,5455.99,38776.47,92.22999999999999,0,3,4,4,True
6292,2,2023-03-28,2025-02-27,High Income Segment,Fair,6k-10k,625.0,5157.16,18103.19,0.0,0,2,2,2,True
6293,5,2023-10-30,2024-12-28,High Income Segment,Poor,6k-10k,561.4,5196.848,13267.53,213.04,1,3,5,5,True
6294,2,2024-02-01,2024-07-02,Low Income Segment,Poor,Under 3k,397.5,1629.5,6950.950000000001,189.87,1,1,2,2,True
6295,3,2024-09-24,2025-05-05,Low Income Segment,Poor,Under 3k,493.6666666666667,2941.78,9170.92,194.8,1,2,3,3,True
6296,1,2023-10-02,2023-10-02,Low Income Segment,Fair,Under 3k,583.0,1285.77,622.2,223.73,1,1,1,1,False
6297,1,2025-01-12,2025-01-12,Middle Income Segment,Poor,3k-6k,363.0,4017.84,7829.23,88.62,0,1,1,1,False
6298,2,2024-03-01,2024-11-09,Middle Income Segment,Poor,3k-6k,472.5,3592.5950000000003,16481.56,8.55,0,1,2,2,True
6299,4,2023-09-28,2025-04-10,High Income Segment,Fair,6k-10k,559.25,7891.46,21746.260000000002,227.9,0,2,4,4,True
6300,2,2024-01-24,2024-08-10,Low Income Segment,Poor,6k-10k,511.5,4892.15,8610.19,23.28,0,2,2,2,True
6301,4,2023-04-28,2025-05-13,Middle Income Segment,Good,3k-6k,633.5,4949.0275,26846.69,73.35,0,3,4,4,True
6302,4,2023-06-18,2025-02-13,Low Income Segment,Fair,Under 3k,657.0,1641.73,20365.95,80.95,0,1,4,4,True
6303,3,2023-12-18,2025-01-20,Low Income Segment,Fair,Under 3k,592.0,2054.9500000000003,13157.71,169.06,0,1,3,3,True
6305,5,2023-09-29,2025-02-07,High Income Segment,Poor,6k-10k,557.8,6045.886,25069.940000000002,199.29000000000002,1,3,5,5,True
6307,3,2024-02-22,2025-04-03,Middle Income Segment,Fair,3k-6k,639.6666666666666,6855.93,15905.6,0.0,0,2,3,3,True
6308,4,2023-09-02,2025-01-24,High Income Segment,Very Good,3k-6k,656.75,7219.445,22740.8,217.7,1,2,4,4,True
6309,1,2023-10-04,2023-10-04,Low Income Segment,Very Good,Under 3k,780.0,2435.72,1611.79,34.83,0,1,1,1,False
6310,5,2024-03-03,2024-12-25,High Income Segment,Poor,6k-10k,629.4,7541.664,28299.91,215.12,0,2,5,5,True
6311,6,2023-05-30,2025-03-07,High Income Segment,Poor,6k-10k,632.5,6354.8533333333335,17186.440000000002,311.96,1,3,6,6,True
6312,1,2023-06-09,2023-06-09,Low Income Segment,Poor,Under 3k,562.0,1875.24,6586.22,5.63,0,1,1,1,False
6313,1,2023-09-21,2023-09-21,High Income Segment,Poor,6k-10k,408.0,7942.22,1248.17,0.0,0,1,1,1,False
6314,3,2023-01-19,2024-12-23,Middle Income Segment,Poor,3k-6k,519.0,5827.973333333332,19728.86,61.39,0,2,3,3,True
6315,5,2023-06-29,2025-04-19,Low Income Segment,Fair,3k-6k,620.0,4778.846,23788.63,87.81,0,3,5,5,True
6316,4,2023-03-05,2024-08-18,Middle Income Segment,Exceptional,3k-6k,713.25,3969.8499999999995,15877.53,107.78999999999999,0,2,4,4,True
6317,1,2025-02-22,2025-02-22,High Income Segment,Poor,6k-10k,482.0,9275.36,13957.89,18.97,0,1,1,1,False
6318,2,2023-06-25,2024-02-05,Low Income Segment,Poor,Under 3k,430.5,1841.315,12850.09,110.15,0,1,2,2,True
6319,6,2023-02-01,2025-05-12,High Income Segment,Poor,6k-10k,408.6666666666667,6722.063333333334,27572.75,162.14,0,3,6,6,True
6320,2,2023-02-10,2023-03-28,High Income Segment,Fair,6k-10k,474.0,4605.360000000001,5528.91,0.0,0,2,2,2,True
6321,1,2024-03-24,2024-03-24,Middle Income Segment,Poor,3k-6k,316.0,5197.2,2498.21,0.0,0,1,1,1,False
6322,4,2023-02-16,2024-09-30,Middle Income Segment,Poor,6k-10k,571.5,5512.9775,18713.77,264.76,1,2,4,4,True
6323,1,2024-01-20,2024-01-20,Middle Income Segment,Poor,3k-6k,325.0,5089.7,9632.58,47.03,0,1,1,1,False
6324,3,2023-02-20,2025-03-10,Middle Income Segment,Fair,3k-6k,616.0,3497.2233333333334,10896.7,80.14,0,2,3,3,True
6325,1,2023-01-26,2023-01-26,Low Income Segment,Poor,Under 3k,318.0,1930.03,3395.43,0.0,0,1,1,1,False
6326,3,2023-12-31,2025-04-06,High Income Segment,Fair,3k-6k,554.3333333333334,4793.573333333333,16547.81,0.0,0,3,3,3,True
6327,4,2023-05-30,2024-08-10,Middle Income Segment,Poor,3k-6k,570.75,4792.7725,21585.489999999998,302.55,1,2,4,4,True
6328,1,2023-03-06,2023-03-06,Middle Income Segment,Poor,6k-10k,485.0,6729.75,7399.56,0.0,0,1,1,1,False
6329,1,2024-08-18,2024-08-18,High Income Segment,Poor,6k-10k,446.0,7817.5,11780.3,211.36,1,1,1,1,False
6330,3,2023-08-08,2025-05-11,Middle Income Segment,Fair,6k-10k,590.3333333333334,6096.483333333334,11765.24,3.56,0,2,3,3,True
6331,1,2023-07-23,2023-07-23,Middle Income Segment,Very Good,6k-10k,788.0,6864.1,9575.41,0.0,0,1,1,1,False
6333,2,2024-08-19,2025-05-09,High Income Segment,Exceptional,3k-6k,709.5,7315.115,5029.12,26.37,0,2,2,2,True
6334,2,2023-09-10,2024-03-26,High Income Segment,Good,3k-6k,745.0,6670.835,15297.92,13.79,0,2,2,2,True
6335,2,2024-07-31,2024-11-26,High Income Segment,Exceptional,3k-6k,557.0,6643.075,15201.66,41.43,0,2,2,2,True
6336,1,2024-07-10,2024-07-10,Middle Income Segment,Good,3k-6k,719.0,4176.56,62.29,0.0,0,1,1,1,False
6338,2,2023-05-08,2023-10-31,Middle Income Segment,Poor,3k-6k,482.5,4566.495,5880.49,44.26,0,1,2,2,True
6339,1,2024-07-29,2024-07-29,High Income Segment,Exceptional,6k-10k,800.0,8722.25,14922.25,61.38,0,1,1,1,False
6340,2,2024-10-10,2025-03-13,Low Income Segment,Poor,3k-6k,364.0,2643.3,7622.68,15.13,0,2,2,2,True
6341,2,2024-02-22,2025-02-03,Low Income Segment,Exceptional,6k-10k,733.0,4734.469999999999,16433.0,26.96,0,2,2,2,True
6342,2,2023-07-19,2025-04-03,Middle Income Segment,Exceptional,6k-10k,808.5,6155.5599999999995,2509.45,0.0,0,1,2,2,True
6343,2,2023-01-29,2025-01-18,Middle Income Segment,Fair,3k-6k,676.0,6326.965,10492.439999999999,66.9,0,1,2,2,True
6344,1,2023-07-04,2023-07-04,Middle Income Segment,Good,6k-10k,684.0,6836.27,9783.74,90.98,0,1,1,1,False
6345,1,2023-09-04,2023-09-04,Middle Income Segment,Good,3k-6k,704.0,3836.6,4635.99,0.0,0,1,1,1,False
6346,2,2023-03-27,2024-12-29,High Income Segment,Poor,6k-10k,441.5,4831.34,9369.43,56.59,0,2,2,2,True
6347,6,2023-01-29,2024-03-31,High Income Segment,Exceptional,6k-10k,634.0,7664.235,44124.17999999999,198.43,1,2,6,6,True
6348,1,2024-10-04,2024-10-04,Middle Income Segment,Poor,3k-6k,326.0,5187.53,2491.72,50.02,0,1,1,1,False
6349,3,2024-04-11,2025-04-13,Middle Income Segment,Poor,6k-10k,502.0,6446.48,17974.510000000002,191.54000000000002,1,2,3,3,True
6350,3,2023-01-24,2024-04-10,High Income Segment,Poor,6k-10k,570.0,7209.916666666667,21437.989999999998,33.11,0,2,3,3,True
6351,2,2025-03-03,2025-03-18,Low Income Segment,Poor,Under 3k,447.5,1886.97,10110.439999999999,0.0,0,1,2,2,True
6352,2,2023-04-26,2023-11-06,Middle Income Segment,Fair,3k-6k,539.5,4216.2,2221.11,23.63,0,1,2,2,True
6353,4,2023-09-23,2024-12-07,Low Income Segment,Good,6k-10k,668.0,4876.0975,31063.07,50.13,0,3,4,4,True
6355,2,2024-10-10,2024-11-27,High Income Segment,Poor,3k-6k,559.0,5751.425,9514.01,2.4000000000000004,0,2,2,2,True
6356,4,2023-09-28,2025-05-14,Middle Income Segment,Poor,3k-6k,636.75,5856.0650000000005,21120.71,397.43,1,1,4,4,True
6357,1,2023-06-09,2023-06-09,Middle Income Segment,Poor,3k-6k,364.0,5424.13,2925.17,38.55,0,1,1,1,False
6358,2,2023-05-21,2023-10-27,High Income Segment,Poor,6k-10k,407.0,6974.275,13535.31,0.0,0,2,2,2,True
6359,1,2024-05-29,2024-05-29,Middle Income Segment,Good,3k-6k,698.0,4329.67,10453.16,26.8,0,1,1,1,False
6360,3,2023-04-25,2024-10-29,High Income Segment,Poor,3k-6k,484.3333333333333,5060.173333333333,12446.900000000001,101.02000000000001,0,3,3,3,True
6361,1,2024-03-03,2024-03-03,Middle Income Segment,Poor,3k-6k,555.0,3133.88,10168.44,151.57,1,1,1,1,False
6362,3,2023-04-20,2024-12-26,High Income Segment,Fair,6k-10k,572.3333333333334,7322.850000000001,4587.47,52.66,0,2,3,3,True
6363,5,2023-12-25,2025-03-31,Low Income Segment,Poor,3k-6k,491.0,4664.15,28396.97,257.69,1,3,5,5,True
6364,1,2025-02-01,2025-02-01,Middle Income Segment,Poor,3k-6k,416.0,4464.0,4016.89,0.0,0,1,1,1,False
6365,2,2023-01-03,2024-12-26,Low Income Segment,Poor,6k-10k,369.0,4465.245,20385.98,12.47,0,2,2,2,True
6366,3,2024-07-04,2025-04-19,Middle Income Segment,Poor,3k-6k,543.3333333333334,3529.0,27643.43,211.08,0,2,3,3,True
6367,4,2023-12-14,2024-12-20,Low Income Segment,Fair,Under 3k,535.75,3671.225,13248.98,48.72,0,2,3,4,True
6368,2,2024-06-27,2024-07-30,Low Income Segment,Poor,Under 3k,419.5,2280.745,7002.48,87.43,0,1,2,2,True
6369,1,2023-05-12,2023-05-12,Low Income Segment,Poor,Under 3k,511.0,1857.91,11733.11,0.0,0,1,1,1,False
6370,3,2024-07-20,2025-05-09,High Income Segment,Fair,6k-10k,622.6666666666666,5861.03,24440.83,209.67000000000002,1,3,3,3,True
6371,1,2024-04-07,2024-04-07,Middle Income Segment,Good,3k-6k,722.0,5224.53,3901.45,6.05,0,1,1,1,False
6372,3,2023-05-16,2023-07-12,Low Income Segment,Poor,Under 3k,563.0,4241.09,12148.46,167.19,0,2,3,3,True
6373,3,2023-02-02,2023-07-20,Middle Income Segment,Poor,3k-6k,592.0,5374.956666666666,14062.04,97.2,0,2,3,3,True
6374,4,2023-01-16,2024-06-30,Low Income Segment,Poor,Under 3k,472.75,4355.715,10170.310000000001,185.89,1,3,4,4,True
6375,2,2023-04-14,2024-06-14,High Income Segment,Poor,6k-10k,404.5,4662.89,10549.470000000001,45.260000000000005,0,2,2,2,True
6376,2,2023-03-01,2025-03-15,High Income Segment,Exceptional,6k-10k,693.0,7646.89,3277.8500000000004,0.0,0,2,2,2,True
6378,4,2023-08-11,2025-03-07,Middle Income Segment,Poor,6k-10k,560.5,5279.4625,18864.829999999998,277.65,0,3,4,4,True
6380,3,2023-04-28,2024-09-13,Middle Income Segment,Poor,3k-6k,484.3333333333333,5956.663333333333,13920.720000000001,132.82,0,2,3,3,True
6381,1,2023-11-28,2023-11-28,Middle Income Segment,Good,3k-6k,699.0,5245.25,1216.89,73.37,0,1,1,1,False
6383,2,2024-05-21,2024-06-12,High Income Segment,Exceptional,6k-10k,614.0,5795.200000000001,8257.869999999999,27.54,0,2,2,2,True
6385,2,2023-05-21,2024-06-19,Low Income Segment,Good,6k-10k,634.5,3735.33,19608.690000000002,0.0,0,2,2,2,True
6386,1,2025-01-25,2025-01-25,Middle Income Segment,Poor,3k-6k,379.0,5004.56,446.36,0.0,0,1,1,1,False
6387,5,2023-02-12,2024-10-18,Low Income Segment,Exceptional,Under 3k,636.8,5027.834000000001,32157.08,406.3,1,2,5,5,True
6388,1,2025-05-02,2025-05-02,High Income Segment,Poor,6k-10k,389.0,8750.96,6789.54,226.18,1,1,1,1,False
6389,3,2023-04-01,2025-05-07,Middle Income Segment,Exceptional,3k-6k,621.6666666666666,5061.966666666666,11936.48,3.58,0,1,3,3,True
6390,3,2024-03-07,2024-08-06,Middle Income Segment,Poor,6k-10k,585.6666666666666,7477.07,20862.86,150.45999999999998,0,2,3,3,True
6391,1,2025-03-21,2025-03-21,High Income Segment,Exceptional,6k-10k,821.0,7496.74,3521.34,7.11,0,1,1,1,False
6392,4,2023-08-27,2025-01-12,Low Income Segment,Poor,Under 3k,518.25,3793.4025,15139.08,297.72,1,2,4,4,True
6393,3,2023-09-09,2024-09-30,Low Income Segment,Poor,Under 3k,366.3333333333333,2964.19,11775.16,81.1,0,2,3,3,True
6394,1,2023-06-02,2023-06-02,High Income Segment,Fair,6k-10k,596.0,9847.2,11612.07,0.0,0,1,1,1,False
6395,1,2025-04-01,2025-04-01,Middle Income Segment,Fair,3k-6k,646.0,4141.54,2535.05,0.0,0,1,1,1,False
6396,3,2023-12-28,2024-12-20,High Income Segment,Fair,3k-6k,586.6666666666666,4931.313333333333,19386.27,49.59,0,3,3,3,True
6397,3,2023-09-29,2024-09-16,Low Income Segment,Fair,Under 3k,624.6666666666666,3177.146666666666,29840.620000000003,155.49,0,2,3,3,True
6398,2,2023-05-29,2023-09-28,Low Income Segment,Fair,Under 3k,494.0,2029.24,14200.880000000001,342.09000000000003,2,1,2,2,True
6399,2,2023-11-08,2024-11-02,Middle Income Segment,Good,3k-6k,628.5,3404.4849999999997,6474.88,39.08,0,1,2,2,True
6400,3,2023-07-29,2025-03-29,High Income Segment,Very Good,6k-10k,615.3333333333334,7483.233333333334,15544.529999999999,7.37,0,2,3,3,True
6401,2,2023-07-15,2024-08-21,Middle Income Segment,Poor,3k-6k,404.5,5909.485000000001,17773.28,156.35,0,1,2,2,True
6402,3,2023-03-13,2024-03-03,Middle Income Segment,Poor,3k-6k,534.0,5167.553333333333,22081.28,227.71,1,2,3,3,True
6403,1,2024-05-04,2024-05-04,Low Income Segment,Exceptional,Under 3k,808.0,2363.26,5404.38,22.94,0,1,1,1,False
6404,5,2023-07-28,2025-04-23,Middle Income Segment,Poor,3k-6k,503.4,4966.5,28778.73,281.65,0,1,5,5,True
6406,2,2024-05-13,2025-04-14,Middle Income Segment,Exceptional,3k-6k,589.0,4530.675,13773.029999999999,60.61,0,1,2,2,True
6408,6,2023-01-25,2024-05-02,Middle Income Segment,Poor,3k-6k,518.0,4665.8,28451.66,241.91,0,3,6,6,True
6409,5,2023-12-26,2025-02-05,High Income Segment,Poor,3k-6k,629.8,5784.848,34428.41,54.49,0,3,5,5,True
6410,1,2024-12-07,2024-12-07,Middle Income Segment,Poor,3k-6k,485.0,3831.19,5488.43,44.73,0,1,1,1,False
6411,2,2024-09-09,2024-12-25,High Income Segment,Poor,6k-10k,584.5,8520.18,6365.18,21.72,0,1,2,2,True
6412,2,2024-07-16,2025-01-09,Low Income Segment,Poor,3k-6k,603.0,3429.21,9585.7,30.68,0,2,2,2,True
6413,6,2023-08-02,2024-11-09,High Income Segment,Poor,6k-10k,518.0,5273.868333333333,29541.59,192.16,0,3,6,6,True
6415,5,2023-11-13,2024-12-07,Middle Income Segment,Poor,6k-10k,565.6,6167.4220000000005,43815.89,46.38,0,2,5,5,True
6416,2,2024-02-03,2024-10-13,High Income Segment,Good,3k-6k,571.5,7093.965,14005.5,143.06,0,2,2,2,True
6417,2,2024-07-18,2024-09-23,Middle Income Segment,Exceptional,6k-10k,630.0,6372.27,9099.69,37.41,0,1,2,2,True
6418,1,2023-07-22,2023-07-22,High Income Segment,Poor,6k-10k,347.0,7578.53,8443.5,16.08,0,1,1,1,False
6419,3,2024-01-10,2025-02-06,Low Income Segment,Poor,Under 3k,514.6666666666666,3391.603333333333,28449.21,121.21,0,2,3,3,True
6420,3,2023-01-01,2025-04-26,High Income Segment,Poor,3k-6k,545.6666666666666,4699.636666666666,18848.95,200.03000000000003,0,3,3,3,True
6421,1,2023-09-14,2023-09-14,Middle Income Segment,Poor,3k-6k,361.0,4841.6,15946.07,140.67,0,1,1,1,False
6422,1,2024-12-14,2024-12-14,Middle Income Segment,Poor,3k-6k,418.0,3649.83,4285.72,0.0,0,1,1,1,False
6423,6,2023-08-18,2025-01-11,High Income Segment,Fair,6k-10k,585.0,4998.31,29353.38,171.28,0,3,6,6,True
6424,3,2023-03-25,2024-08-31,High Income Segment,Poor,6k-10k,483.0,5576.933333333333,21690.59,219.81,1,3,3,3,True
6425,1,2023-03-08,2023-03-08,Low Income Segment,Poor,Under 3k,311.0,1314.83,9730.54,163.29,1,1,1,1,False
6426,1,2023-12-28,2023-12-28,Middle Income Segment,Poor,3k-6k,558.0,4800.97,4680.46,180.85,1,1,1,1,False
6427,1,2023-06-06,2023-06-06,High Income Segment,Poor,6k-10k,438.0,7817.86,274.8,106.18,0,1,1,1,False
6428,2,2024-02-19,2025-01-29,Low Income Segment,Fair,6k-10k,480.0,4851.895,14724.53,204.01,1,2,2,2,True
6429,3,2023-01-03,2024-04-30,Middle Income Segment,Exceptional,3k-6k,708.3333333333334,6434.856666666667,13680.509999999998,153.49,1,2,3,3,True
6430,4,2023-07-07,2025-02-27,High Income Segment,Poor,6k-10k,571.0,7038.15,16655.15,172.05,0,2,4,4,True
6431,2,2023-04-10,2024-07-30,Low Income Segment,Poor,3k-6k,642.5,4292.115,4338.4400000000005,29.57,0,2,2,2,True
6432,4,2023-05-09,2024-12-07,Low Income Segment,Poor,Under 3k,408.25,2353.3125,16413.73,43.66,0,2,4,4,True
6433,2,2024-08-22,2024-09-10,High Income Segment,Exceptional,6k-10k,583.5,6984.32,13390.890000000001,21.18,0,2,2,2,True
6434,3,2023-04-25,2023-11-03,Middle Income Segment,Fair,6k-10k,527.3333333333334,5619.376666666667,23532.539999999997,219.63,1,1,3,3,True
6435,5,2024-06-29,2025-04-14,High Income Segment,Poor,6k-10k,527.8,7021.544,24589.88,133.26999999999998,0,3,5,5,True
6437,1,2024-08-21,2024-08-21,High Income Segment,Poor,6k-10k,465.0,8214.88,5453.66,0.0,0,1,1,1,False
6438,1,2023-12-27,2023-12-27,Middle Income Segment,Poor,6k-10k,357.0,6756.78,3902.08,0.0,0,1,1,1,False
6439,4,2023-03-14,2025-02-16,High Income Segment,Poor,6k-10k,559.5,5386.6175,11904.38,277.46,1,3,4,4,True
6440,2,2023-09-13,2024-03-03,Low Income Segment,Poor,6k-10k,601.5,4777.785,10674.18,0.0,0,2,2,2,True
6441,3,2023-07-10,2025-04-01,Low Income Segment,Poor,Under 3k,510.6666666666667,4274.693333333334,21020.36,211.2,0,2,3,3,True
6442,6,2023-01-12,2025-04-28,High Income Segment,Poor,6k-10k,504.3333333333333,6147.240000000001,28434.24,213.53,0,3,6,6,True
6443,4,2023-01-16,2024-09-02,Low Income Segment,Good,Under 3k,612.0,3880.0299999999997,14596.28,124.22,0,2,4,4,True
6444,2,2024-02-01,2024-04-15,Middle Income Segment,Poor,3k-6k,667.0,4435.895,9373.41,49.12,0,1,2,2,True
6445,4,2024-02-04,2024-11-13,Middle Income Segment,Exceptional,6k-10k,637.75,5765.535,29705.700000000004,57.07,0,3,4,4,True
6446,3,2023-07-23,2025-01-02,High Income Segment,Good,3k-6k,622.0,4176.526666666667,18394.739999999998,256.16,1,3,3,3,True
6447,5,2023-08-01,2024-09-17,Middle Income Segment,Poor,6k-10k,589.2,6465.616,31414.82,0.0,0,2,5,5,True
6448,4,2023-05-28,2025-03-07,High Income Segment,Poor,6k-10k,637.25,5395.775,29608.079999999998,52.29,0,2,4,4,True
6449,2,2023-10-02,2025-05-10,Middle Income Segment,Fair,3k-6k,537.0,5694.764999999999,12762.66,47.08,0,1,2,2,True
6450,4,2023-03-06,2024-05-08,Low Income Segment,Poor,Under 3k,476.0,4859.415,28240.1,53.89,0,3,4,4,True
6451,1,2023-01-06,2023-01-06,High Income Segment,Poor,6k-10k,350.0,7035.6,2335.94,0.0,0,1,1,1,False
6452,4,2024-06-06,2024-12-05,Middle Income Segment,Very Good,3k-6k,718.75,4452.3525,3788.37,84.23,0,1,4,4,True
6454,4,2023-06-10,2025-02-24,High Income Segment,Poor,6k-10k,541.5,7300.9925,27296.63,107.18,0,2,4,4,True
6455,2,2024-07-29,2025-01-06,Middle Income Segment,Exceptional,3k-6k,831.0,4781.1900000000005,16083.460000000001,76.42,0,1,2,2,True
6457,1,2024-12-22,2024-12-22,Low Income Segment,Poor,Under 3k,349.0,2819.47,1205.65,0.0,0,1,1,1,False
6458,2,2023-12-19,2025-02-13,High Income Segment,Poor,3k-6k,488.5,6729.535,19744.41,246.74,1,2,2,2,True
6459,1,2024-03-17,2024-03-17,Middle Income Segment,Poor,3k-6k,342.0,5490.68,5055.25,45.62,0,1,1,1,False
6461,1,2024-07-29,2024-07-29,High Income Segment,Poor,6k-10k,476.0,9166.09,3306.44,86.01,0,1,1,1,False
6462,3,2023-10-15,2024-03-22,High Income Segment,Poor,6k-10k,458.6666666666667,6675.033333333333,12869.880000000001,21.69,0,2,3,3,True
6463,5,2023-07-08,2024-06-30,High Income Segment,Good,6k-10k,626.8,5105.342000000001,22737.29,282.3,1,3,5,5,True
6465,4,2023-03-26,2024-07-05,Middle Income Segment,Good,3k-6k,722.0,4894.9475,24117.399999999998,180.79,0,1,4,4,True
6467,2,2023-12-04,2025-03-17,High Income Segment,Poor,6k-10k,420.0,8740.63,11614.82,191.81,1,1,2,2,True
6468,3,2024-05-07,2025-03-02,High Income Segment,Good,6k-10k,679.6666666666666,6850.573333333334,25709.940000000002,73.44,0,2,3,3,True
6469,2,2023-10-06,2024-01-28,Low Income Segment,Good,3k-6k,536.0,3423.11,10820.27,43.59,0,2,2,2,True
6470,1,2024-11-23,2024-11-23,Middle Income Segment,Poor,3k-6k,579.0,5257.81,3453.33,0.0,0,1,1,1,False
6471,2,2023-05-31,2023-06-10,High Income Segment,Poor,3k-6k,439.5,6615.205,17371.38,37.22,0,2,2,2,True
6472,1,2024-04-09,2024-04-09,Middle Income Segment,Poor,3k-6k,455.0,5249.82,5461.09,31.31,0,1,1,1,False
6473,2,2023-04-07,2024-05-27,High Income Segment,Very Good,6k-10k,774.5,7289.07,12760.26,105.35,0,1,2,2,True
6474,2,2024-05-30,2024-06-23,High Income Segment,Good,3k-6k,529.5,6742.1900000000005,22423.03,293.8,1,2,2,2,True
6475,3,2024-04-08,2025-02-12,Middle Income Segment,Poor,6k-10k,438.3333333333333,6664.736666666667,32624.64,166.38,1,2,3,3,True
6476,3,2023-07-29,2023-10-24,Middle Income Segment,Poor,6k-10k,549.6666666666666,5957.233333333334,29320.17,48.89,0,2,3,3,True
6479,4,2023-03-24,2025-02-16,Low Income Segment,Poor,3k-6k,420.5,2988.435,20654.96,149.82,0,2,4,4,True
6480,4,2023-02-20,2024-12-29,Middle Income Segment,Poor,6k-10k,579.5,5533.76,25618.16,72.52,0,3,4,4,True
6481,3,2023-02-27,2025-04-23,Low Income Segment,Exceptional,Under 3k,683.6666666666666,2719.9366666666665,17964.59,235.92000000000002,1,2,3,3,True
6482,3,2023-01-24,2024-09-09,High Income Segment,Poor,6k-10k,526.6666666666666,8095.073333333334,18590.36,275.46,1,2,3,3,True
6483,1,2024-11-28,2024-11-28,High Income Segment,Poor,6k-10k,421.0,9889.69,4078.74,19.93,0,1,1,1,False
6484,2,2023-07-13,2024-09-08,High Income Segment,Poor,6k-10k,644.5,8120.735,4736.1,47.63,0,1,2,2,True
6485,1,2023-09-02,2023-09-02,High Income Segment,Poor,6k-10k,465.0,8198.08,2057.81,0.0,0,1,1,1,False
6486,3,2023-03-11,2024-07-31,High Income Segment,Exceptional,6k-10k,816.6666666666666,7617.946666666667,8343.86,90.83,0,2,3,3,True
6487,3,2023-04-06,2025-04-14,High Income Segment,Exceptional,3k-6k,654.6666666666666,4176.213333333333,6356.22,99.24,0,3,3,3,True
6488,2,2024-08-20,2024-09-30,High Income Segment,Good,6k-10k,592.5,4565.27,12356.57,0.0,0,2,2,2,True
6489,4,2023-07-16,2025-01-25,Low Income Segment,Fair,3k-6k,557.75,2902.3525,21236.010000000002,29.3,0,2,4,4,True
6490,3,2024-01-27,2024-12-27,Middle Income Segment,Poor,6k-10k,503.0,7665.72,7713.98,25.58,0,2,3,3,True
6491,4,2023-01-14,2024-05-27,Middle Income Segment,Poor,3k-6k,437.5,5811.8525,13014.43,116.05000000000001,0,2,4,4,True
6492,5,2023-04-20,2025-03-07,Low Income Segment,Poor,Under 3k,600.0,4328.904,27272.059999999998,44.06,0,3,5,5,True
6493,2,2023-04-02,2023-07-17,High Income Segment,Poor,6k-10k,454.0,5135.115000000001,14722.900000000001,201.72,1,2,2,2,True
6494,2,2024-09-04,2024-09-08,Middle Income Segment,Good,3k-6k,740.5,4055.395,19210.6,46.7,0,1,2,2,True
6495,3,2023-02-25,2023-06-25,Low Income Segment,Good,Under 3k,686.3333333333334,3531.883333333333,18232.5,378.59,1,2,3,3,True
6497,5,2023-05-15,2025-04-26,High Income Segment,Poor,6k-10k,497.6,6652.7339999999995,32815.66,138.53,0,3,5,5,True
6498,1,2024-04-19,2024-04-19,Middle Income Segment,Poor,3k-6k,400.0,3038.89,4641.9,0.0,0,1,1,1,False
6499,4,2023-01-01,2024-08-22,Low Income Segment,Good,Under 3k,714.0,4709.2675,24848.97,361.17999999999995,2,3,4,4,True
6501,1,2025-02-27,2025-02-27,Low Income Segment,Poor,Under 3k,362.0,2126.86,2212.16,45.78,0,1,1,1,False
6502,2,2023-04-14,2024-03-16,Low Income Segment,Exceptional,Under 3k,656.5,1949.825,11663.77,178.34,1,1,2,2,True
6505,2,2023-02-25,2025-04-13,High Income Segment,Fair,3k-6k,657.5,6671.045,10690.130000000001,98.16,0,2,2,2,True
6506,2,2024-04-28,2025-04-21,High Income Segment,Fair,6k-10k,593.5,8463.529999999999,25848.13,190.96,1,1,2,2,True
6507,3,2023-06-12,2024-08-06,Middle Income Segment,Good,3k-6k,666.6666666666666,3485.4666666666667,9794.99,83.6,0,2,3,3,True
6508,1,2023-09-22,2023-09-22,Middle Income Segment,Fair,3k-6k,663.0,4728.56,1433.5,0.0,0,1,1,1,False
6509,1,2024-10-05,2024-10-05,Low Income Segment,Good,Under 3k,693.0,1099.86,2111.29,9.12,0,1,1,1,False
6510,5,2024-04-21,2025-01-21,High Income Segment,Fair,6k-10k,568.6,6574.694,20818.49,207.64999999999998,0,3,5,5,True
6512,1,2024-07-26,2024-07-26,Middle Income Segment,Poor,3k-6k,392.0,4470.46,8526.47,25.13,0,1,1,1,False
6515,3,2024-03-29,2025-03-22,Middle Income Segment,Exceptional,3k-6k,622.6666666666666,4091.1433333333334,20999.79,0.0,0,2,3,3,True
6516,1,2023-06-09,2023-06-09,Middle Income Segment,Fair,3k-6k,595.0,5937.78,3798.89,113.78,0,1,1,1,False
6517,1,2024-10-26,2024-10-26,Middle Income Segment,Very Good,3k-6k,794.0,4110.54,9525.95,46.19,0,1,1,1,False
6518,3,2023-08-25,2025-02-11,High Income Segment,Exceptional,6k-10k,652.3333333333334,5416.533333333334,17526.68,142.66000000000003,0,3,3,3,True
6519,2,2023-07-03,2023-12-20,High Income Segment,Poor,6k-10k,385.0,5246.205,12973.509999999998,0.0,0,2,2,2,True
6520,4,2023-05-31,2025-04-24,Middle Income Segment,Poor,3k-6k,399.0,4574.514999999999,13461.18,0.21,0,3,4,4,True
6521,2,2023-10-29,2025-05-07,Middle Income Segment,Poor,3k-6k,333.0,5355.91,8323.2,219.2,1,1,2,2,True
6522,1,2023-03-23,2023-03-23,Low Income Segment,Poor,Under 3k,424.0,1895.49,9420.84,7.54,0,1,1,1,False
6523,1,2023-07-08,2023-07-08,High Income Segment,Fair,6k-10k,655.0,7952.57,5896.18,0.0,0,1,1,1,False
6524,3,2023-03-14,2024-11-22,Low Income Segment,Poor,Under 3k,438.0,3182.853333333334,14990.650000000001,233.87,0,2,3,3,True
6525,1,2024-08-06,2024-08-06,Middle Income Segment,Fair,3k-6k,647.0,5029.82,3218.32,27.43,0,1,1,1,False
6526,3,2023-01-25,2023-10-31,Middle Income Segment,Very Good,3k-6k,716.0,6109.650000000001,14173.61,0.0,0,2,3,3,True
6527,2,2024-11-06,2024-11-08,High Income Segment,Poor,6k-10k,577.0,5174.645,10372.94,29.24,0,2,2,2,True
6528,1,2023-11-26,2023-11-26,Middle Income Segment,Exceptional,3k-6k,803.0,5165.33,3090.34,0.0,0,1,1,1,False
6529,3,2023-11-29,2025-03-24,High Income Segment,Good,6k-10k,625.6666666666666,5956.233333333334,24955.25,0.0,0,2,3,3,True
6530,2,2023-02-24,2023-09-28,High Income Segment,Exceptional,6k-10k,582.0,5046.215,11105.150000000001,129.33,0,2,2,2,True
6531,1,2024-05-26,2024-05-26,Low Income Segment,Poor,Under 3k,546.0,1953.93,1872.01,18.6,0,1,1,1,False
6533,1,2024-12-15,2024-12-15,Middle Income Segment,Poor,3k-6k,539.0,5842.28,7483.72,19.53,0,1,1,1,False
6534,2,2023-01-15,2023-02-03,Low Income Segment,Fair,3k-6k,484.5,3008.48,10636.45,0.0,0,2,2,2,True
6535,1,2024-12-01,2024-12-01,High Income Segment,Fair,6k-10k,652.0,8622.2,1755.82,0.0,0,1,1,1,False
6536,1,2023-10-03,2023-10-03,Middle Income Segment,Poor,3k-6k,557.0,5332.88,3457.93,0.0,0,1,1,1,False
6537,3,2023-10-28,2024-02-28,Low Income Segment,Poor,Under 3k,552.3333333333334,3923.1999999999994,13165.07,11.0,0,2,3,3,True
6538,2,2024-01-29,2024-05-03,Middle Income Segment,Fair,3k-6k,668.5,4908.99,5371.12,2.32,0,1,2,2,True
6539,6,2023-04-07,2025-03-17,Middle Income Segment,Poor,3k-6k,591.3333333333334,5345.36,40220.44,193.18,0,3,6,6,True
6540,2,2023-01-12,2024-10-20,Low Income Segment,Fair,6k-10k,606.0,3883.255,5752.4400000000005,55.09,0,2,2,2,True
6541,2,2023-01-08,2024-05-14,High Income Segment,Exceptional,3k-6k,638.0,7176.629999999999,7480.120000000001,39.47,0,2,2,2,True
6542,1,2023-09-03,2023-09-03,High Income Segment,Poor,6k-10k,512.0,8609.81,8855.96,16.78,0,1,1,1,False
6543,6,2023-02-19,2025-03-18,High Income Segment,Poor,3k-6k,576.8333333333334,4728.278333333333,36595.76,60.61,0,3,6,6,True
6544,1,2023-06-24,2023-06-24,High Income Segment,Poor,6k-10k,305.0,7572.41,4237.49,0.0,0,1,1,1,False
6546,7,2023-03-23,2025-04-17,High Income Segment,Poor,6k-10k,593.8571428571429,6865.624285714285,29900.16,358.43,1,2,7,7,True
6547,2,2023-09-15,2024-06-04,High Income Segment,Good,6k-10k,567.5,7795.425,11627.310000000001,52.25,0,1,2,2,True
6548,1,2024-05-23,2024-05-23,Low Income Segment,Poor,Under 3k,443.0,2662.68,6935.84,55.03,0,1,1,1,False
6549,1,2025-04-08,2025-04-08,Middle Income Segment,Fair,6k-10k,659.0,6602.69,1929.17,0.0,0,1,1,1,False
6551,1,2025-02-26,2025-02-26,High Income Segment,Fair,6k-10k,634.0,8330.12,8819.64,15.37,0,1,1,1,False
6552,2,2024-03-23,2025-03-02,High Income Segment,Fair,6k-10k,552.0,8687.654999999999,6310.66,0.0,0,1,2,2,True
6555,3,2023-06-15,2024-04-28,Low Income Segment,Poor,Under 3k,513.3333333333334,4276.073333333333,10101.369999999999,0.0,0,2,3,3,True
6556,1,2024-01-04,2024-01-04,Middle Income Segment,Poor,6k-10k,376.0,6777.71,3195.24,198.56,1,1,1,1,False
6557,1,2025-02-09,2025-02-09,High Income Segment,Very Good,6k-10k,780.0,9557.03,9818.35,0.0,0,1,1,1,False
6558,4,2024-01-26,2025-03-13,Middle Income Segment,Poor,6k-10k,443.25,5589.0825,39206.17,0.0,0,3,4,4,True
6559,3,2023-03-09,2024-07-01,Middle Income Segment,Poor,3k-6k,423.6666666666667,4034.896666666667,4561.49,118.09,0,2,3,3,True
6560,7,2023-05-07,2025-04-15,Middle Income Segment,Poor,3k-6k,632.4285714285714,4991.958571428571,25571.42,58.23,0,3,7,7,True
6562,4,2023-06-21,2025-02-22,High Income Segment,Poor,6k-10k,595.75,6033.474999999999,18242.09,75.09,0,3,4,4,True
6563,3,2023-01-27,2025-03-05,Middle Income Segment,Poor,3k-6k,576.0,5516.463333333333,24098.82,127.07,0,2,3,3,True
6564,1,2023-01-03,2023-01-03,Middle Income Segment,Poor,3k-6k,473.0,3401.41,2920.98,0.0,0,1,1,1,False
6565,7,2023-06-28,2025-03-13,Middle Income Segment,Poor,6k-10k,551.5714285714286,5579.791428571429,44751.55,234.13,0,3,7,7,True
6566,3,2023-05-04,2024-02-07,Middle Income Segment,Poor,3k-6k,600.3333333333334,4203.946666666667,14832.0,53.43,0,1,3,3,True
6567,2,2023-03-08,2023-05-25,High Income Segment,Fair,6k-10k,586.0,5244.465,14105.87,0.0,0,2,2,2,True
6568,1,2024-11-21,2024-11-21,High Income Segment,Exceptional,6k-10k,821.0,8693.57,9699.69,20.13,0,1,1,1,False
6569,2,2024-08-10,2025-05-20,High Income Segment,Poor,6k-10k,510.5,5424.799999999999,8485.220000000001,1.27,0,2,2,2,True
6570,1,2024-01-18,2024-01-18,Middle Income Segment,Poor,3k-6k,452.0,5552.05,12217.48,219.91,1,1,1,1,False
6571,2,2023-04-02,2025-04-08,Low Income Segment,Exceptional,3k-6k,671.5,3062.5249999999996,8688.11,0.0,0,2,2,2,True
6573,3,2023-02-28,2023-09-04,High Income Segment,Poor,6k-10k,472.6666666666667,7321.393333333333,8436.66,211.64999999999998,0,2,3,3,True
6574,2,2023-06-12,2024-03-08,High Income Segment,Poor,6k-10k,426.0,8661.85,3999.39,2.01,0,1,2,2,True
6575,3,2023-03-19,2024-08-27,Middle Income Segment,Poor,3k-6k,626.3333333333334,4060.3033333333333,9574.5,50.64,0,2,3,3,True
6577,4,2023-06-04,2024-03-22,High Income Segment,Poor,3k-6k,560.5,6298.3075,21974.239999999998,34.64,0,2,4,4,True
6578,4,2023-07-15,2024-09-09,Low Income Segment,Poor,Under 3k,583.0,4341.7775,38388.8,141.8,0,3,4,4,True
6579,1,2024-11-04,2024-11-04,Middle Income Segment,Poor,3k-6k,544.0,4163.75,823.47,0.0,0,1,1,1,False
6580,2,2024-03-14,2024-05-15,Middle Income Segment,Fair,3k-6k,682.5,6026.725,10557.57,84.7,0,1,2,2,True
6581,3,2023-07-26,2024-05-17,Middle Income Segment,Poor,3k-6k,610.6666666666666,5721.896666666667,16824.190000000002,249.99,1,2,3,3,True
6582,3,2023-12-01,2024-05-09,Middle Income Segment,Good,3k-6k,575.0,5691.963333333333,22006.34,126.88999999999999,0,2,3,3,True
6583,1,2024-08-04,2024-08-04,Low Income Segment,Very Good,Under 3k,782.0,2202.16,12856.17,0.0,0,1,1,1,False
6585,4,2023-03-19,2025-01-21,Low Income Segment,Poor,Under 3k,585.75,3846.37,17417.91,231.23,1,3,4,4,True
6586,1,2023-04-11,2023-04-11,Middle Income Segment,Exceptional,3k-6k,835.0,5764.35,132.92,0.0,0,1,1,1,False
6587,5,2024-04-21,2024-10-26,Middle Income Segment,Poor,6k-10k,516.8,6300.462,22268.58,275.18,1,2,5,5,True
6588,8,2023-02-07,2025-02-06,High Income Segment,Poor,6k-10k,528.875,7287.15875,49975.37,202.7,0,2,8,8,True
6590,2,2024-07-12,2025-04-07,Low Income Segment,Good,6k-10k,742.5,4100.11,14573.42,60.39,0,2,2,2,True
6591,4,2023-02-02,2025-02-09,Low Income Segment,Poor,6k-10k,590.0,4862.8425,24864.26,6.5,0,3,4,4,True
6592,5,2023-04-28,2025-04-18,High Income Segment,Good,6k-10k,614.0,8447.884,29685.89,386.72,2,2,5,5,True
6593,3,2023-06-05,2024-12-20,Middle Income Segment,Good,6k-10k,723.0,5263.97,30224.510000000002,29.96,0,2,3,3,True
6594,4,2023-03-01,2024-08-08,Middle Income Segment,Fair,6k-10k,538.25,7376.155,16968.68,205.95999999999998,0,2,4,4,True
6595,1,2023-10-07,2023-10-07,Low Income Segment,Exceptional,Under 3k,815.0,1759.24,222.09,0.0,0,1,1,1,False
6596,2,2024-05-11,2024-09-27,Middle Income Segment,Exceptional,3k-6k,614.5,4931.205,6228.63,122.29,0,1,2,2,True
6597,1,2024-04-03,2024-04-03,High Income Segment,Poor,6k-10k,369.0,7087.88,11999.05,54.12,0,1,1,1,False
6599,6,2023-01-12,2025-04-22,Low Income Segment,Poor,Under 3k,527.1666666666666,4697.626666666667,42214.36,685.02,3,3,6,6,True
6600,4,2023-09-12,2024-12-30,High Income Segment,Exceptional,6k-10k,699.0,7288.299999999999,19685.09,141.14,0,2,4,4,True
6602,2,2023-02-17,2023-09-28,Middle Income Segment,Exceptional,6k-10k,600.0,6161.645,9554.47,0.0,0,1,2,2,True
6603,1,2023-01-30,2023-01-30,Low Income Segment,Poor,Under 3k,406.0,1422.68,2861.42,0.0,0,1,1,1,False
6604,2,2024-07-07,2024-09-18,High Income Segment,Good,6k-10k,755.5,5830.395,426.40999999999997,0.0,0,2,2,2,True
6605,1,2025-03-12,2025-03-12,High Income Segment,Poor,6k-10k,431.0,8510.88,8462.8,43.66,0,1,1,1,False
6606,4,2023-01-18,2023-10-11,High Income Segment,Poor,3k-6k,509.0,6580.629999999999,16215.84,103.06,0,2,4,4,True
6607,4,2023-01-26,2024-06-21,Middle Income Segment,Fair,3k-6k,540.25,3735.01,15761.31,35.98,0,2,4,4,True
6608,2,2024-09-17,2025-03-07,Low Income Segment,Good,Under 3k,552.0,2202.26,8847.779999999999,0.0,0,1,2,2,True
6609,2,2023-03-24,2023-08-26,High Income Segment,Fair,3k-6k,451.5,6741.645,12136.43,44.03,0,2,2,2,True
6611,4,2023-09-10,2025-01-26,Low Income Segment,Exceptional,Under 3k,705.5,4716.545,32003.32,110.11,0,3,4,4,True
6612,2,2023-04-21,2025-02-04,Low Income Segment,Very Good,3k-6k,765.5,3836.505,7895.03,28.62,0,2,2,2,True
6613,1,2024-06-08,2024-06-08,Middle Income Segment,Fair,3k-6k,618.0,3743.53,949.17,154.49,1,1,1,1,False
6614,2,2023-02-01,2024-08-27,High Income Segment,Fair,6k-10k,549.5,9192.265,8531.48,38.64,0,1,2,2,True
6615,3,2023-03-16,2024-08-28,Middle Income Segment,Fair,6k-10k,566.6666666666666,7617.599999999999,10601.1,9.08,0,2,3,3,True
6616,4,2023-06-18,2025-05-04,Middle Income Segment,Poor,3k-6k,468.25,5893.4825,19242.66,153.08,0,2,4,4,True
6617,1,2024-09-29,2024-09-29,Low Income Segment,Very Good,Under 3k,784.0,1686.78,1736.61,0.0,0,1,1,1,False
6618,4,2023-09-12,2024-09-28,Middle Income Segment,Poor,3k-6k,670.25,6497.6224999999995,30509.29,102.15,0,2,4,4,True
6619,4,2023-05-25,2023-11-07,High Income Segment,Poor,3k-6k,608.5,6328.7525000000005,22071.02,47.91,0,2,4,4,True
6620,3,2023-12-22,2024-08-06,Middle Income Segment,Fair,3k-6k,616.3333333333334,3713.22,14136.859999999999,0.0,0,2,3,3,True
6621,1,2023-02-18,2023-02-18,Middle Income Segment,Very Good,6k-10k,771.0,6247.94,6372.62,0.0,0,1,1,1,False
6622,7,2023-01-16,2024-08-02,High Income Segment,Poor,6k-10k,534.2857142857143,6175.2014285714295,51896.5,76.77,0,3,7,7,True
6623,1,2025-02-28,2025-02-28,High Income Segment,Very Good,6k-10k,778.0,8756.1,15398.9,0.0,0,1,1,1,False
6624,3,2023-05-21,2023-10-21,Low Income Segment,Poor,Under 3k,500.6666666666667,3692.69,10330.99,60.68,0,2,3,3,True
6625,2,2023-11-13,2024-07-01,High Income Segment,Poor,3k-6k,384.0,6721.91,4644.219999999999,228.05,1,2,2,2,True
6626,4,2023-08-10,2025-01-10,Middle Income Segment,Poor,6k-10k,538.5,5487.52,23055.82,44.57,0,3,4,4,True
6628,1,2025-03-31,2025-03-31,Middle Income Segment,Exceptional,3k-6k,845.0,3692.46,1866.82,30.71,0,1,1,1,False
6629,3,2023-10-12,2024-08-20,High Income Segment,Poor,6k-10k,484.6666666666667,7645.683333333333,13157.240000000002,103.32,0,2,3,3,True
6630,3,2024-07-13,2024-12-29,Middle Income Segment,Fair,3k-6k,669.0,6391.32,13179.94,195.75,1,2,3,3,True
6631,2,2024-04-23,2024-07-25,High Income Segment,Exceptional,6k-10k,650.5,4967.514999999999,18976.09,51.46,0,2,2,2,True
6632,1,2024-10-20,2024-10-20,High Income Segment,Poor,6k-10k,524.0,7972.64,9791.58,21.33,0,1,1,1,False
6633,3,2023-02-14,2025-03-11,High Income Segment,Fair,6k-10k,530.0,8505.883333333333,28705.16,11.31,0,2,3,3,True
6634,2,2024-04-13,2025-04-10,High Income Segment,Exceptional,3k-6k,758.5,5325.055,9228.07,278.39,1,2,2,2,True
6635,1,2023-06-03,2023-06-03,Low Income Segment,Very Good,Under 3k,794.0,1831.25,9000.64,41.85,0,1,1,1,False
6636,1,2023-02-11,2023-02-11,High Income Segment,Fair,6k-10k,632.0,8383.9,7097.23,53.93,0,1,1,1,False
6637,2,2024-04-20,2024-07-14,High Income Segment,Exceptional,6k-10k,735.0,8399.575,15104.730000000001,0.0,0,1,2,2,True
6639,2,2024-04-27,2024-07-05,Low Income Segment,Fair,3k-6k,535.0,3222.7,9291.67,0.0,0,2,2,2,True
6640,1,2024-02-18,2024-02-18,Middle Income Segment,Poor,3k-6k,456.0,5542.9,6084.34,14.64,0,1,1,1,False
6641,2,2024-01-04,2024-11-05,High Income Segment,Poor,3k-6k,530.5,7485.49,17198.23,40.17,0,2,2,2,True
6642,2,2024-06-15,2025-01-26,High Income Segment,Poor,6k-10k,481.0,8152.3,1712.64,263.22,1,2,2,2,True
6643,3,2023-01-07,2024-06-28,High Income Segment,Good,6k-10k,647.6666666666666,6286.746666666667,11836.07,295.93,1,2,3,3,True
6644,5,2024-05-15,2024-12-29,Low Income Segment,Poor,Under 3k,559.8,3016.2980000000002,25505.72,77.53,0,2,5,5,True
6645,4,2024-01-07,2025-01-28,Low Income Segment,Poor,6k-10k,598.5,4131.4325,20030.690000000002,69.47999999999999,0,3,4,4,True
6646,3,2023-06-20,2024-10-07,High Income Segment,Fair,6k-10k,588.3333333333334,7281.16,13360.58,24.29,0,2,3,3,True
6647,1,2023-03-15,2023-03-15,Middle Income Segment,Exceptional,6k-10k,845.0,6953.12,9069.84,53.77,0,1,1,1,False
6648,3,2023-05-03,2023-09-01,Middle Income Segment,Poor,3k-6k,588.3333333333334,3379.53,14363.41,209.97,0,2,3,3,True
6649,2,2023-03-16,2024-12-27,Low Income Segment,Good,3k-6k,498.0,3702.49,9344.25,0.0,0,2,2,2,True
6650,2,2023-01-28,2023-11-09,Low Income Segment,Fair,3k-6k,507.5,3778.59,3103.8199999999997,0.0,0,2,2,2,True
6651,2,2023-04-07,2024-03-21,High Income Segment,Poor,6k-10k,379.0,7615.745,12539.12,0.0,0,1,2,2,True
6652,1,2024-02-20,2024-02-20,High Income Segment,Poor,6k-10k,554.0,7557.39,1026.36,12.17,0,1,1,1,False
6655,1,2024-11-11,2024-11-11,Low Income Segment,Poor,Under 3k,534.0,1343.98,3659.44,0.0,0,1,1,1,False
6656,4,2024-03-02,2025-05-20,Middle Income Segment,Exceptional,3k-6k,755.25,4558.475,20008.29,89.36,0,2,4,4,True
6658,1,2023-09-30,2023-09-30,Middle Income Segment,Poor,6k-10k,306.0,6329.97,6946.59,0.0,0,1,1,1,False
6659,1,2023-09-07,2023-09-07,Middle Income Segment,Poor,3k-6k,454.0,3648.96,7031.41,0.0,0,1,1,1,False
6660,6,2023-02-17,2025-01-10,Low Income Segment,Poor,Under 3k,594.5,3953.153333333333,21806.75,167.88,0,3,6,6,True
6661,2,2023-11-06,2025-01-14,Middle Income Segment,Poor,3k-6k,407.0,3976.29,11148.91,96.84,0,1,2,2,True
6663,2,2023-01-08,2023-09-04,High Income Segment,Fair,6k-10k,676.5,8540.025,11445.4,164.23,0,1,2,2,True
6664,3,2024-06-30,2025-02-04,High Income Segment,Poor,6k-10k,376.6666666666667,7140.263333333333,9454.06,37.96,0,2,3,3,True
6666,3,2023-04-29,2023-10-16,Middle Income Segment,Poor,6k-10k,560.3333333333334,4842.28,21083.25,185.87,1,2,3,3,True
6667,1,2024-11-04,2024-11-04,Middle Income Segment,Fair,3k-6k,598.0,4611.54,583.07,30.5,0,1,1,1,False
6668,6,2023-06-27,2025-04-04,Middle Income Segment,Poor,6k-10k,487.5,6131.1033333333335,12192.94,170.69,0,3,6,6,True
6669,1,2024-08-06,2024-08-06,Middle Income Segment,Fair,3k-6k,586.0,5149.5,7242.44,0.82,0,1,1,1,False
6670,3,2023-07-30,2024-08-18,Middle Income Segment,Exceptional,3k-6k,638.0,4946.573333333333,7699.98,203.01999999999998,1,1,3,3,True
6671,1,2023-08-27,2023-08-27,High Income Segment,Good,6k-10k,677.0,7128.92,1155.66,0.0,0,1,1,1,False
6672,6,2023-01-01,2025-01-10,Low Income Segment,Poor,Under 3k,558.8333333333334,3732.3816666666667,42198.82,324.71999999999997,1,3,6,6,True
6673,1,2023-02-28,2023-02-28,Middle Income Segment,Very Good,3k-6k,793.0,4034.34,7639.2,10.25,0,1,1,1,False
6674,3,2023-12-24,2025-01-09,Middle Income Segment,Very Good,3k-6k,793.6666666666666,4668.236666666667,18099.28,130.07999999999998,0,1,3,3,True
6675,3,2023-07-27,2025-02-10,Middle Income Segment,Good,6k-10k,595.0,5709.03,12550.99,34.79,0,2,3,3,True
6676,1,2023-10-03,2023-10-03,Low Income Segment,Good,Under 3k,706.0,1147.15,11266.0,21.71,0,1,1,1,False
6677,2,2023-01-19,2023-09-05,High Income Segment,Exceptional,6k-10k,680.5,5641.05,3892.1,49.64,0,2,2,2,True
6679,2,2023-08-04,2024-09-15,High Income Segment,Exceptional,6k-10k,593.0,8386.635,11719.01,0.0,0,1,2,2,True
6680,2,2023-10-14,2024-02-15,High Income Segment,Poor,6k-10k,442.0,8091.535,16135.23,0.0,0,1,2,2,True
6681,3,2023-06-12,2025-04-07,High Income Segment,Poor,6k-10k,615.0,6670.05,16766.58,331.11,1,2,3,3,True
6682,4,2023-04-20,2025-02-13,High Income Segment,Exceptional,6k-10k,649.5,7855.505,38289.7,56.46,0,2,4,4,True
6684,4,2023-10-14,2024-09-29,High Income Segment,Fair,6k-10k,635.25,6118.1875,19850.86,83.96000000000001,0,3,4,4,True
6685,1,2024-10-16,2024-10-16,Middle Income Segment,Poor,3k-6k,500.0,4648.83,2642.76,0.0,0,1,1,1,False
6686,1,2023-06-10,2023-06-10,High Income Segment,Fair,6k-10k,617.0,7690.39,14577.19,0.0,0,1,1,1,False
6688,2,2025-01-05,2025-01-29,High Income Segment,Poor,3k-6k,479.5,6985.98,4569.13,96.27,0,2,2,2,True
6689,1,2024-04-01,2024-04-01,Middle Income Segment,Poor,3k-6k,356.0,3176.03,2869.53,107.81,0,1,1,1,False
6690,5,2023-05-01,2024-12-07,High Income Segment,Poor,6k-10k,496.6,5366.354,28882.04,506.30999999999995,2,3,5,5,True
6691,6,2023-04-05,2025-04-01,High Income Segment,Poor,3k-6k,567.8333333333334,5140.333333333333,32045.440000000002,258.65999999999997,1,3,6,6,True
6692,3,2023-03-15,2025-01-04,Low Income Segment,Poor,Under 3k,496.3333333333333,2631.286666666667,21337.76,150.1,1,2,3,3,True
6693,3,2023-06-30,2025-02-09,Middle Income Segment,Poor,3k-6k,487.6666666666667,5782.790000000001,6419.57,51.57,0,2,3,3,True
6694,3,2023-06-12,2023-12-20,Middle Income Segment,Poor,6k-10k,495.3333333333333,6185.433333333333,9668.24,132.96,0,2,3,3,True
6695,3,2023-10-11,2025-03-08,High Income Segment,Fair,6k-10k,598.3333333333334,5142.713333333334,14166.310000000001,66.61,0,3,3,3,True
6696,4,2023-01-17,2025-02-02,Middle Income Segment,Poor,3k-6k,411.0,4697.5975,16644.63,14.96,0,1,4,4,True
6697,1,2024-08-29,2024-08-29,Low Income Segment,Fair,Under 3k,640.0,2577.66,1911.02,183.88,1,1,1,1,False
6698,3,2023-07-13,2025-03-22,High Income Segment,Poor,6k-10k,531.6666666666666,6869.150000000001,15052.210000000001,126.14,0,2,3,3,True
6699,3,2023-02-10,2024-04-26,Middle Income Segment,Poor,3k-6k,574.6666666666666,2760.1800000000003,23024.88,109.94,0,2,3,3,True
6700,4,2023-04-20,2025-03-08,Middle Income Segment,Poor,6k-10k,572.0,5094.5125,5135.46,111.5,0,3,4,4,True
6701,2,2023-01-02,2024-11-06,High Income Segment,Poor,3k-6k,599.5,5829.38,10396.099999999999,67.2,0,2,2,2,True
6702,2,2023-08-16,2024-11-26,Low Income Segment,Exceptional,3k-6k,742.5,2447.72,7657.7,137.27,0,2,2,2,True
6703,1,2023-03-04,2023-03-04,Middle Income Segment,Poor,3k-6k,457.0,5180.29,5109.29,0.0,0,1,1,1,False
6704,5,2023-03-04,2024-07-15,High Income Segment,Exceptional,3k-6k,723.8,5252.111999999999,38639.64,374.40000000000003,0,3,5,5,True
6705,1,2024-04-27,2024-04-27,High Income Segment,Poor,6k-10k,442.0,7607.41,158.1,0.0,0,1,1,1,False
6707,1,2023-02-11,2023-02-11,Low Income Segment,Good,Under 3k,706.0,1283.25,3868.12,12.5,0,1,1,1,False
6708,1,2025-02-24,2025-02-24,Middle Income Segment,Poor,3k-6k,315.0,3904.82,1439.82,0.0,0,1,1,1,False
6709,2,2025-04-11,2025-04-23,High Income Segment,Poor,6k-10k,510.5,4603.46,5048.66,52.51,0,2,2,2,True
6710,6,2023-08-19,2025-05-06,High Income Segment,Poor,6k-10k,642.3333333333334,5996.865000000001,25430.88,144.65,0,3,6,6,True
6712,1,2025-04-24,2025-04-24,Middle Income Segment,Poor,3k-6k,424.0,5461.96,6592.45,22.73,0,1,1,1,False
6713,2,2023-01-23,2024-11-01,Middle Income Segment,Good,3k-6k,568.5,4990.355,10510.51,3.67,0,1,2,2,True
6714,2,2024-10-18,2025-01-16,High Income Segment,Poor,6k-10k,549.5,5458.835,11356.980000000001,0.0,0,2,2,2,True
6715,2,2024-03-21,2024-04-19,Low Income Segment,Poor,Under 3k,511.0,2034.895,6551.120000000001,108.19,0,1,2,2,True
6716,1,2024-10-18,2024-10-18,Low Income Segment,Poor,Under 3k,411.0,2692.96,8138.37,46.19,0,1,1,1,False
6717,5,2023-03-09,2025-01-19,Middle Income Segment,Poor,6k-10k,627.6,6438.972,13066.119999999999,34.519999999999996,0,2,5,5,True
6718,4,2024-02-08,2025-02-27,Middle Income Segment,Poor,3k-6k,515.75,5097.639999999999,16292.48,139.39000000000001,0,1,4,4,True
6719,2,2023-09-03,2024-05-30,High Income Segment,Exceptional,6k-10k,611.5,8346.145,8764.46,0.0,0,1,2,2,True
6720,3,2023-09-16,2024-06-27,Middle Income Segment,Fair,6k-10k,666.0,6921.063333333334,24600.23,40.769999999999996,0,2,3,3,True
6721,1,2023-07-08,2023-07-08,High Income Segment,Fair,6k-10k,610.0,9686.03,2328.21,1.87,0,1,1,1,False
6722,2,2024-08-10,2025-04-25,Low Income Segment,Poor,6k-10k,534.5,4189.61,5647.84,0.0,0,2,2,2,True
6723,2,2023-05-01,2024-07-03,Middle Income Segment,Poor,3k-6k,378.0,5182.905000000001,5001.96,29.11,0,1,2,2,True
6724,3,2023-11-16,2024-10-08,Middle Income Segment,Poor,6k-10k,479.6666666666667,5015.17,17316.81,0.0,0,2,2,3,True
6725,2,2023-06-30,2024-08-25,High Income Segment,Good,3k-6k,619.0,6195.935,3944.54,126.28999999999999,0,2,2,2,True
6726,3,2023-09-23,2024-04-02,Middle Income Segment,Exceptional,3k-6k,615.0,5132.963333333333,10097.77,172.81,0,2,3,3,True
6728,2,2024-05-01,2025-01-21,High Income Segment,Good,3k-6k,753.0,6391.275000000001,8623.720000000001,34.55,0,2,2,2,True
6729,2,2024-11-18,2025-05-12,Low Income Segment,Poor,6k-10k,472.0,4005.12,17614.02,39.64,0,2,2,2,True
6730,2,2023-02-03,2023-05-16,High Income Segment,Fair,6k-10k,544.0,7961.745,2890.1400000000003,184.85,1,2,2,2,True
6731,2,2023-06-04,2024-10-11,Low Income Segment,Exceptional,6k-10k,712.5,4411.315,23340.04,369.23,2,2,2,2,True
6732,2,2024-03-01,2025-02-03,Low Income Segment,Exceptional,3k-6k,627.0,3406.445,7553.780000000001,0.0,0,2,2,2,True
6733,2,2024-06-30,2025-01-09,High Income Segment,Poor,3k-6k,503.0,5981.51,12741.18,41.0,0,2,2,2,True
6734,3,2024-11-06,2025-02-05,Middle Income Segment,Poor,3k-6k,495.6666666666667,4984.276666666667,4982.55,135.85,0,2,3,3,True
6735,2,2024-05-05,2024-08-03,High Income Segment,Exceptional,3k-6k,637.0,6564.755,22734.1,0.0,0,2,2,2,True
6736,2,2023-05-27,2024-06-15,High Income Segment,Poor,3k-6k,434.0,5891.755,25278.39,0.0,0,2,2,2,True
6737,2,2023-08-24,2023-10-02,Middle Income Segment,Fair,3k-6k,698.0,4619.01,11864.619999999999,57.66,0,1,2,2,True
6738,5,2023-02-26,2024-06-17,Low Income Segment,Poor,Under 3k,629.2,4087.254,17328.37,14.34,0,2,5,5,True
6739,2,2023-11-09,2025-03-29,High Income Segment,Good,6k-10k,518.0,9146.725,10490.97,0.0,0,1,2,2,True
6740,3,2023-12-30,2025-04-28,High Income Segment,Poor,6k-10k,570.6666666666666,8995.853333333333,17582.94,180.81,1,1,3,3,True
6741,2,2023-03-27,2024-04-12,High Income Segment,Good,3k-6k,534.5,5384.514999999999,8986.54,9.469999999999999,0,2,2,2,True
6742,1,2024-01-11,2024-01-11,High Income Segment,Poor,6k-10k,487.0,8761.91,14550.09,0.0,0,1,1,1,False
6743,4,2023-06-24,2025-03-20,Middle Income Segment,Poor,3k-6k,571.25,5052.95,12497.369999999999,104.44,0,3,4,4,True
6744,1,2023-08-27,2023-08-27,Middle Income Segment,Poor,3k-6k,439.0,5339.26,13915.51,51.33,0,1,1,1,False
6745,2,2023-09-10,2025-01-29,Low Income Segment,Exceptional,3k-6k,617.0,3680.25,9789.94,22.57,0,2,2,2,True
6747,2,2024-10-18,2025-01-14,High Income Segment,Fair,6k-10k,669.0,4645.639999999999,2906.9100000000003,47.22,0,2,2,2,True
6748,1,2024-08-22,2024-08-22,High Income Segment,Fair,6k-10k,625.0,8946.26,287.2,124.34,0,1,1,1,False
6750,2,2024-11-30,2025-03-25,Middle Income Segment,Fair,3k-6k,489.5,4362.71,9292.380000000001,86.85000000000001,0,1,2,2,True
6751,1,2023-11-27,2023-11-27,High Income Segment,Poor,6k-10k,536.0,7723.45,4318.73,85.87,0,1,1,1,False
6752,3,2024-03-30,2025-04-15,High Income Segment,Poor,3k-6k,480.3333333333333,4630.660000000001,30619.43,146.56,0,3,3,3,True
6753,1,2023-06-14,2023-06-14,Middle Income Segment,Very Good,3k-6k,789.0,4451.6,7346.26,16.45,0,1,1,1,False
6754,1,2025-01-18,2025-01-18,Middle Income Segment,Fair,6k-10k,638.0,6269.52,7151.24,12.67,0,1,1,1,False
6755,4,2023-02-26,2024-09-12,High Income Segment,Poor,6k-10k,589.25,6719.655,21498.0,15.51,0,2,4,4,True
6756,2,2023-10-21,2024-07-05,High Income Segment,Poor,3k-6k,399.0,5403.055,17043.7,22.03,0,2,2,2,True
6757,2,2023-08-06,2024-08-11,High Income Segment,Good,6k-10k,758.0,7036.845,7681.8,17.01,0,2,2,2,True
6758,3,2024-04-27,2024-11-10,Low Income Segment,Poor,Under 3k,554.6666666666666,2677.5733333333333,14278.75,18.3,0,2,3,3,True
6759,4,2023-03-15,2025-01-03,Middle Income Segment,Fair,6k-10k,629.25,4803.9925,23717.4,203.61,0,3,4,4,True
6760,3,2023-03-23,2024-07-06,Low Income Segment,Poor,Under 3k,377.0,3333.0699999999997,15437.060000000001,0.0,0,2,3,3,True
6761,3,2023-01-03,2024-11-09,Middle Income Segment,Poor,3k-6k,452.0,4889.663333333333,20065.85,30.77,0,1,3,3,True
6764,1,2024-06-03,2024-06-03,Middle Income Segment,Fair,3k-6k,655.0,3104.97,2908.8,0.0,0,1,1,1,False
6765,5,2023-04-06,2025-04-28,High Income Segment,Poor,6k-10k,604.4,5690.07,26866.97,422.96000000000004,0,3,5,5,True
6766,3,2023-06-01,2024-10-07,High Income Segment,Poor,6k-10k,384.6666666666667,7692.913333333333,19248.07,12.11,0,2,3,3,True
6767,4,2023-07-27,2024-08-06,Low Income Segment,Poor,Under 3k,580.25,4245.205,25861.93,312.03000000000003,1,3,4,4,True
6768,4,2023-08-25,2025-01-31,Low Income Segment,Good,6k-10k,490.75,4701.5825,13469.98,49.38,0,3,4,4,True
6769,4,2023-02-27,2025-02-19,Middle Income Segment,Poor,3k-6k,603.75,6637.3775000000005,29479.64,245.86999999999998,1,2,4,4,True
6772,2,2023-12-02,2024-08-08,High Income Segment,Fair,6k-10k,685.5,7374.49,4950.07,34.62,0,2,2,2,True
6773,2,2023-06-10,2024-08-05,High Income Segment,Fair,6k-10k,620.5,4687.610000000001,9511.05,0.0,0,2,2,2,True
6774,5,2023-06-14,2024-12-10,High Income Segment,Poor,6k-10k,511.6,5676.122,29810.200000000004,90.16,0,3,5,5,True
6775,3,2023-01-30,2025-03-27,Low Income Segment,Fair,Under 3k,563.0,2758.353333333333,4754.219999999999,121.69,0,2,3,3,True
6776,4,2023-10-16,2025-01-06,Middle Income Segment,Poor,3k-6k,482.75,5104.907499999999,35771.200000000004,29.82,0,3,4,4,True
6777,3,2023-03-14,2024-03-09,Middle Income Segment,Poor,3k-6k,501.3333333333333,4310.356666666667,21763.25,122.31,0,2,3,3,True
6778,2,2023-05-03,2025-02-23,High Income Segment,Poor,6k-10k,556.0,8941.07,7170.789999999999,0.0,0,1,2,2,True
6779,4,2023-01-22,2024-08-02,Low Income Segment,Poor,6k-10k,522.25,4592.007500000001,28832.15,11.4,0,3,4,4,True
6780,2,2023-11-12,2025-02-04,High Income Segment,Poor,6k-10k,515.0,4841.975,338.99,36.57,0,2,2,2,True
6781,4,2023-12-19,2025-05-08,Middle Income Segment,Poor,3k-6k,574.75,5608.8625,28507.17,324.4,1,3,4,4,True
6782,3,2024-01-05,2024-06-26,Middle Income Segment,Very Good,6k-10k,749.0,6149.683333333334,14926.189999999999,41.370000000000005,0,2,3,3,True
6783,4,2023-03-17,2024-11-11,Low Income Segment,Exceptional,Under 3k,693.25,4104.535,31861.7,290.89,1,3,4,4,True
6784,1,2024-01-17,2024-01-17,Low Income Segment,Fair,Under 3k,583.0,1289.91,477.49,43.44,0,1,1,1,False
6785,3,2023-05-29,2025-02-02,Middle Income Segment,Poor,3k-6k,581.0,5455.7300000000005,9144.369999999999,182.01,1,2,3,3,True
6786,1,2025-01-28,2025-01-28,Middle Income Segment,Poor,3k-6k,352.0,5435.63,1088.85,0.0,0,1,1,1,False
6788,2,2023-12-08,2024-10-05,High Income Segment,Exceptional,6k-10k,587.0,4742.96,16017.43,112.11,0,2,2,2,True
6789,4,2023-07-17,2024-12-25,High Income Segment,Poor,6k-10k,411.25,6310.46,16669.35,99.3,0,2,4,4,True
6790,3,2023-02-23,2024-10-10,Middle Income Segment,Poor,6k-10k,616.6666666666666,6147.223333333332,21021.089999999997,49.97,0,2,3,3,True
6791,4,2023-01-17,2024-09-24,Middle Income Segment,Poor,3k-6k,537.0,4816.3025,27433.83,2.68,0,2,4,4,True
6792,2,2024-03-14,2024-06-12,High Income Segment,Good,6k-10k,559.5,7988.705,9785.23,174.93,1,1,2,2,True
6793,1,2023-09-27,2023-09-27,High Income Segment,Fair,6k-10k,656.0,7884.19,621.34,0.0,0,1,1,1,False
6794,2,2024-10-27,2025-04-12,High Income Segment,Poor,6k-10k,585.0,5716.545,16741.42,27.77,0,2,2,2,True
6795,1,2024-03-15,2024-03-15,Middle Income Segment,Fair,3k-6k,632.0,3870.32,5006.49,0.0,0,1,1,1,False
6796,3,2023-08-24,2025-01-02,Low Income Segment,Poor,Under 3k,560.6666666666666,1836.2166666666665,19204.54,58.84,0,1,3,3,True
6797,3,2023-01-28,2024-05-12,Middle Income Segment,Poor,3k-6k,603.0,6523.283333333333,23392.78,65.4,0,2,3,3,True
6798,2,2024-04-24,2025-04-26,Low Income Segment,Exceptional,6k-10k,594.5,3768.1800000000003,11131.23,170.60000000000002,1,2,2,2,True
6799,1,2024-06-09,2024-06-09,High Income Segment,Poor,6k-10k,370.0,7048.75,1534.32,89.35,0,1,1,1,False
6800,1,2023-01-13,2023-01-13,High Income Segment,Poor,6k-10k,332.0,7085.92,415.27,0.0,0,1,1,1,False
6801,3,2023-10-27,2024-12-30,Middle Income Segment,Good,3k-6k,715.6666666666666,5451.473333333333,17989.98,101.06,0,2,3,3,True
6802,1,2025-03-08,2025-03-08,High Income Segment,Fair,6k-10k,652.0,9829.5,2243.94,0.0,0,1,1,1,False
6803,1,2024-02-11,2024-02-11,High Income Segment,Good,6k-10k,697.0,7819.22,3617.77,35.13,0,1,1,1,False
6805,3,2023-10-03,2025-01-12,Middle Income Segment,Poor,3k-6k,576.6666666666666,4132.923333333333,12948.91,14.08,0,2,3,3,True
6806,4,2023-01-09,2023-12-04,High Income Segment,Poor,6k-10k,576.5,6496.405,21186.010000000002,267.13,0,2,4,4,True
6807,3,2023-10-04,2025-05-11,High Income Segment,Poor,6k-10k,492.3333333333333,8485.96,13974.460000000001,0.0,0,1,3,3,True
6808,2,2024-07-13,2024-08-20,High Income Segment,Exceptional,6k-10k,792.0,7934.485,1578.52,47.04,0,1,2,2,True
6809,1,2023-01-29,2023-01-29,Middle Income Segment,Poor,3k-6k,359.0,3081.38,2998.51,193.01,1,1,1,1,False
6810,2,2025-05-03,2025-05-05,Middle Income Segment,Fair,3k-6k,481.5,4869.785,8531.300000000001,218.70000000000002,1,1,2,2,True
6811,3,2023-12-27,2024-11-23,Middle Income Segment,Poor,3k-6k,568.6666666666666,3862.1066666666666,8098.08,11.76,0,2,3,3,True
6812,2,2024-10-03,2025-02-26,Middle Income Segment,Poor,3k-6k,431.0,4529.185,5530.21,34.54,0,1,2,2,True
6813,2,2023-12-30,2025-02-24,Low Income Segment,Fair,6k-10k,645.0,4782.165,9679.46,0.0,0,2,2,2,True
6816,2,2023-03-02,2025-01-24,High Income Segment,Fair,6k-10k,656.5,5192.29,17598.9,67.5,0,2,2,2,True
6817,2,2023-10-30,2025-01-09,High Income Segment,Poor,6k-10k,649.5,5550.345,8411.96,198.49,1,2,2,2,True
6818,6,2023-08-01,2025-03-11,Middle Income Segment,Fair,3k-6k,706.5,4655.303333333333,33725.21,130.19,0,3,6,6,True
6819,4,2023-02-20,2024-05-20,Middle Income Segment,Exceptional,3k-6k,684.75,4665.6725,22906.02,0.0,0,2,4,4,True
6820,2,2023-07-07,2025-01-05,High Income Segment,Exceptional,6k-10k,657.0,4927.38,21206.93,68.44,0,2,2,2,True
6821,2,2024-06-20,2025-04-03,High Income Segment,Fair,6k-10k,551.0,7485.084999999999,3059.8,102.97,0,2,2,2,True
6822,1,2025-02-21,2025-02-21,Middle Income Segment,Exceptional,3k-6k,846.0,5001.78,6738.24,37.1,0,1,1,1,False
6823,2,2023-06-29,2024-10-02,High Income Segment,Exceptional,6k-10k,684.5,8039.995,4339.66,14.91,0,1,2,2,True
6824,1,2023-04-26,2023-04-26,High Income Segment,Exceptional,6k-10k,827.0,9544.96,2934.85,0.0,0,1,1,1,False
6825,1,2025-05-17,2025-05-17,Middle Income Segment,Fair,6k-10k,580.0,6771.41,6675.32,30.67,0,1,1,1,False
6826,1,2023-11-11,2023-11-11,High Income Segment,Exceptional,6k-10k,805.0,7249.16,1696.52,0.0,0,1,1,1,False
6827,5,2023-01-09,2024-06-22,High Income Segment,Fair,6k-10k,596.0,6271.378000000001,28639.42,88.37,0,3,5,5,True
6828,4,2024-07-22,2024-09-22,High Income Segment,Poor,6k-10k,550.5,7933.7475,36813.6,112.24,0,2,4,4,True
6829,1,2023-12-11,2023-12-11,High Income Segment,Poor,6k-10k,503.0,9789.44,2870.86,0.0,0,1,1,1,False
6830,5,2023-07-02,2024-09-01,Middle Income Segment,Poor,6k-10k,497.2,6221.2660000000005,36164.31,206.01,1,2,5,5,True
6831,4,2024-01-17,2025-03-16,Low Income Segment,Poor,Under 3k,512.75,3739.8599999999997,22899.59,221.97,1,2,4,4,True
6832,1,2025-04-09,2025-04-09,High Income Segment,Poor,6k-10k,460.0,9466.76,5866.58,0.0,0,1,1,1,False
6833,2,2023-04-07,2024-11-14,Low Income Segment,Exceptional,3k-6k,661.0,4285.76,16090.86,216.58,1,2,2,2,True
6834,4,2023-04-08,2024-04-21,Low Income Segment,Poor,6k-10k,531.25,4851.59,26110.78,30.46,0,3,4,4,True
6835,5,2024-07-17,2024-10-24,Middle Income Segment,Exceptional,3k-6k,716.8,6630.976000000001,40794.71,171.0,0,2,5,5,True
6837,2,2023-01-08,2024-08-22,Low Income Segment,Fair,3k-6k,535.0,2952.23,5959.49,45.17,0,2,2,2,True
6838,1,2024-12-12,2024-12-12,High Income Segment,Poor,6k-10k,358.0,8881.5,3722.93,0.0,0,1,1,1,False
6839,3,2023-06-17,2024-01-05,High Income Segment,Poor,6k-10k,535.6666666666666,7402.56,8564.93,0.0,0,1,3,3,True
6840,2,2023-12-23,2024-10-29,High Income Segment,Fair,3k-6k,659.0,5921.3,6966.969999999999,16.71,0,2,2,2,True
6842,2,2023-04-20,2023-09-15,Middle Income Segment,Poor,3k-6k,463.0,3503.1400000000003,12448.43,7.52,0,1,2,2,True
6844,1,2023-03-13,2023-03-13,High Income Segment,Poor,6k-10k,493.0,7758.27,977.71,85.28,0,1,1,1,False
6845,3,2023-07-16,2025-02-22,Low Income Segment,Poor,Under 3k,480.3333333333333,4145.5199999999995,16070.84,195.49,0,2,3,3,True
6846,1,2024-11-01,2024-11-01,Middle Income Segment,Poor,3k-6k,324.0,4980.09,12156.73,0.0,0,1,1,1,False
6847,1,2023-09-06,2023-09-06,High Income Segment,Poor,6k-10k,300.0,7261.12,3779.72,0.0,0,1,1,1,False
6848,3,2023-08-15,2024-07-29,Middle Income Segment,Fair,3k-6k,615.6666666666666,5879.47,19434.25,42.34,0,2,3,3,True
6849,2,2024-07-16,2025-02-18,High Income Segment,Poor,6k-10k,320.5,5117.384999999999,2573.64,0.0,0,2,2,2,True
6850,2,2024-03-28,2025-03-29,Middle Income Segment,Good,3k-6k,541.0,5381.465,19239.4,192.46,1,1,2,2,True
6851,2,2024-07-07,2024-11-20,High Income Segment,Fair,6k-10k,491.0,4888.4,16364.94,78.72,0,2,2,2,True
6852,1,2023-01-17,2023-01-17,High Income Segment,Poor,6k-10k,361.0,9824.41,3829.53,0.0,0,1,1,1,False
6854,3,2023-07-04,2025-01-30,High Income Segment,Exceptional,6k-10k,625.0,7351.993333333333,22288.489999999998,72.08,0,2,3,3,True
6855,3,2023-05-24,2024-07-12,High Income Segment,Very Good,6k-10k,627.0,8583.893333333333,8990.9,54.61,0,1,3,3,True
6856,4,2024-02-19,2025-03-11,Middle Income Segment,Poor,3k-6k,556.0,4521.0475,20164.28,12.540000000000001,0,3,4,4,True
6857,1,2025-04-10,2025-04-10,Middle Income Segment,Poor,3k-6k,350.0,5924.2,2539.83,12.54,0,1,1,1,False
6858,2,2023-04-25,2024-06-11,High Income Segment,Fair,6k-10k,490.0,4701.775,16461.69,102.77,0,2,2,2,True
6860,1,2024-06-03,2024-06-03,Middle Income Segment,Good,3k-6k,675.0,5777.24,3466.58,78.75,0,1,1,1,False
6861,2,2023-03-10,2024-01-16,High Income Segment,Good,6k-10k,581.5,5757.545,10074.04,0.0,0,2,2,2,True
6862,1,2023-03-19,2023-03-19,Middle Income Segment,Fair,3k-6k,663.0,3635.37,11267.29,0.0,0,1,1,1,False
6864,1,2023-08-01,2023-08-01,Middle Income Segment,Poor,3k-6k,365.0,3327.66,9098.19,35.21,0,1,1,1,False
6866,3,2023-03-21,2024-02-01,High Income Segment,Good,6k-10k,631.6666666666666,8289.816666666668,23433.91,215.82,0,2,3,3,True
6867,3,2023-05-22,2024-03-06,High Income Segment,Poor,6k-10k,505.0,5739.493333333333,28345.519999999997,163.68,1,3,3,3,True
6868,3,2023-06-11,2025-05-20,Middle Income Segment,Poor,3k-6k,615.0,4427.843333333333,25139.79,8.7,0,1,3,3,True
6869,3,2023-02-27,2025-04-29,High Income Segment,Poor,6k-10k,547.0,7577.41,16919.84,273.37,1,2,3,3,True
6870,2,2023-04-15,2025-02-10,Middle Income Segment,Poor,3k-6k,468.5,5046.82,7595.32,0.0,0,1,2,2,True
6872,1,2024-02-17,2024-02-17,Middle Income Segment,Exceptional,6k-10k,803.0,6761.21,2560.61,0.0,0,1,1,1,False
6873,4,2023-11-03,2024-11-29,Middle Income Segment,Fair,6k-10k,630.75,7107.912499999999,23930.05,52.7,0,2,4,4,True
6874,4,2023-08-29,2024-05-06,Middle Income Segment,Fair,6k-10k,643.0,6093.64,12562.460000000001,110.65,0,2,4,4,True
6875,1,2023-04-18,2023-04-18,Middle Income Segment,Fair,3k-6k,598.0,5466.75,4443.63,0.0,0,1,1,1,False
6876,2,2023-11-15,2025-04-28,Low Income Segment,Fair,3k-6k,492.0,3175.5049999999997,11155.96,107.51,0,2,2,2,True
6877,3,2024-07-20,2025-01-18,High Income Segment,Poor,6k-10k,384.3333333333333,5788.513333333333,24274.260000000002,73.01,0,2,3,3,True
6878,2,2024-07-06,2025-03-05,Middle Income Segment,Exceptional,3k-6k,587.5,4905.0650000000005,15886.18,53.37,0,1,2,2,True
6879,2,2023-08-20,2023-10-22,High Income Segment,Poor,3k-6k,421.0,7654.965,7471.66,54.72,0,2,2,2,True
6880,1,2024-11-06,2024-11-06,Middle Income Segment,Poor,3k-6k,544.0,5891.86,5238.35,96.85,0,1,1,1,False
6881,1,2023-01-15,2023-01-15,Middle Income Segment,Poor,3k-6k,495.0,5178.41,2022.86,0.0,0,1,1,1,False
6882,4,2023-08-18,2025-02-15,Middle Income Segment,Very Good,6k-10k,677.25,5532.675,13232.43,216.62,1,3,4,4,True
6884,3,2023-02-21,2025-03-19,High Income Segment,Poor,6k-10k,611.6666666666666,8888.27,20674.79,13.49,0,1,3,3,True
6885,2,2023-02-24,2023-03-24,Low Income Segment,Good,3k-6k,625.5,3728.75,9727.49,113.94,0,2,2,2,True
6886,1,2024-12-28,2024-12-28,Low Income Segment,Good,Under 3k,690.0,2258.37,3161.98,0.0,0,1,1,1,False
6887,3,2023-03-04,2025-01-03,Middle Income Segment,Poor,3k-6k,440.0,4142.486666666667,11004.47,171.95,1,2,3,3,True
6888,1,2023-04-03,2023-04-03,High Income Segment,Fair,6k-10k,613.0,8584.25,4253.46,102.16,0,1,1,1,False
6889,3,2023-07-19,2024-04-08,Low Income Segment,Fair,Under 3k,576.3333333333334,3926.92,21390.67,65.77,0,2,3,3,True
6890,1,2023-07-09,2023-07-09,Middle Income Segment,Exceptional,3k-6k,827.0,3825.91,8632.62,214.94,1,1,1,1,False
6891,4,2023-01-04,2025-03-31,Low Income Segment,Fair,Under 3k,639.25,4127.7125,20733.48,436.01,2,3,4,4,True
6892,5,2023-01-06,2025-03-28,High Income Segment,Poor,6k-10k,494.0,8924.710000000001,25899.89,113.02,0,1,5,5,True
6893,1,2025-04-17,2025-04-17,Middle Income Segment,Good,3k-6k,692.0,4460.44,14156.1,15.45,0,1,1,1,False
6894,1,2025-03-06,2025-03-06,High Income Segment,Very Good,6k-10k,782.0,9026.13,4449.31,0.0,0,1,1,1,False
6895,3,2023-01-25,2023-09-16,Middle Income Segment,Exceptional,3k-6k,631.3333333333334,5518.163333333333,13951.2,50.21,0,2,3,3,True
6896,2,2023-03-20,2024-09-24,High Income Segment,Poor,6k-10k,518.0,5907.805,7519.29,41.52,0,2,2,2,True
6897,3,2023-07-21,2025-04-26,Low Income Segment,Fair,Under 3k,592.3333333333334,4259.5,10511.51,212.95000000000002,1,2,2,3,True
6898,3,2023-04-09,2024-02-29,High Income Segment,Good,6k-10k,669.3333333333334,6365.423333333333,15789.93,88.97,0,2,3,3,True
6899,2,2023-12-24,2024-11-30,Middle Income Segment,Poor,3k-6k,352.0,5623.875,8368.93,0.0,0,1,2,2,True
6900,1,2023-10-21,2023-10-21,High Income Segment,Very Good,6k-10k,748.0,7972.66,7105.39,0.0,0,1,1,1,False
6901,5,2023-03-02,2025-03-07,High Income Segment,Poor,6k-10k,547.8,7000.645999999999,24820.9,184.95999999999998,0,3,5,5,True
6902,4,2023-01-12,2024-06-14,High Income Segment,Very Good,3k-6k,693.5,6596.785,29426.46,43.68,0,2,4,4,True
6903,2,2023-09-23,2024-04-18,High Income Segment,Fair,3k-6k,527.0,6320.87,6020.679999999999,18.55,0,2,2,2,True
6904,3,2023-04-13,2024-02-11,High Income Segment,Exceptional,6k-10k,721.0,7319.536666666667,25349.16,38.43,0,2,3,3,True
6905,4,2023-08-25,2025-04-13,High Income Segment,Poor,6k-10k,593.75,7069.1125,31341.73,124.4,0,2,4,4,True
6906,8,2023-01-31,2025-05-09,High Income Segment,Poor,6k-10k,460.875,5946.75,37790.33,460.83000000000004,2,3,7,8,True
6907,2,2023-06-18,2024-08-30,High Income Segment,Poor,3k-6k,404.5,7123.35,9312.8,0.82,0,2,2,2,True
6909,5,2024-01-24,2025-02-14,Middle Income Segment,Poor,3k-6k,623.8,4928.486,39828.21,69.0,0,3,5,5,True
6911,3,2024-09-03,2025-04-07,High Income Segment,Fair,6k-10k,699.3333333333334,7676.889999999999,30092.41,5.68,0,2,3,3,True
6912,4,2023-07-13,2025-04-27,Low Income Segment,Poor,6k-10k,434.25,4733.0975,19596.15,56.37,0,3,4,4,True
6913,3,2023-03-03,2024-07-23,Middle Income Segment,Poor,3k-6k,543.6666666666666,6152.356666666667,21294.55,167.41,0,2,3,3,True
6914,3,2023-09-25,2024-12-07,High Income Segment,Poor,3k-6k,375.3333333333333,5519.013333333333,15131.56,51.5,0,3,3,3,True
6915,1,2023-12-13,2023-12-13,High Income Segment,Poor,6k-10k,559.0,7807.33,8586.03,34.08,0,1,1,1,False
6916,1,2024-07-10,2024-07-10,Low Income Segment,Poor,Under 3k,392.0,2646.35,9578.64,41.76,0,1,1,1,False
6917,3,2023-02-24,2025-03-29,High Income Segment,Poor,6k-10k,572.0,7563.963333333333,13241.78,129.64,0,2,3,3,True
6918,4,2023-03-06,2025-04-14,High Income Segment,Poor,6k-10k,558.5,5476.7925,8735.039999999999,177.49,1,3,4,4,True
6919,3,2023-02-17,2024-08-13,High Income Segment,Poor,6k-10k,394.0,7270.69,17329.12,68.31,0,2,3,3,True
6920,2,2023-07-20,2024-06-19,Middle Income Segment,Fair,3k-6k,592.5,5459.575000000001,12107.939999999999,49.79,0,1,2,2,True
6921,1,2023-12-23,2023-12-23,High Income Segment,Poor,6k-10k,431.0,9674.96,13143.78,0.0,0,1,1,1,False
6922,1,2024-04-21,2024-04-21,High Income Segment,Poor,6k-10k,328.0,7779.87,10942.08,48.1,0,1,1,1,False
6923,2,2023-10-22,2025-04-14,High Income Segment,Good,6k-10k,629.0,7851.84,10528.92,48.35,0,2,2,2,True
6924,3,2024-01-29,2025-03-04,Low Income Segment,Poor,Under 3k,477.6666666666667,3412.063333333333,23597.71,49.92,0,2,3,3,True
6925,1,2024-07-06,2024-07-06,Middle Income Segment,Poor,3k-6k,430.0,4392.59,339.25,0.0,0,1,1,1,False
6926,2,2024-03-20,2024-10-23,High Income Segment,Fair,6k-10k,463.0,8790.630000000001,9724.01,0.0,0,1,2,2,True
6928,1,2025-04-14,2025-04-14,High Income Segment,Good,6k-10k,718.0,7838.99,3789.43,0.0,0,1,1,1,False
6929,2,2023-07-06,2023-10-17,High Income Segment,Fair,6k-10k,478.0,8522.51,5863.42,10.4,0,1,2,2,True
6930,3,2023-01-11,2025-05-11,High Income Segment,Poor,3k-6k,581.6666666666666,4685.009999999999,2389.7799999999997,25.09,0,3,3,3,True
6931,2,2024-11-17,2024-12-24,Low Income Segment,Fair,Under 3k,586.5,1517.705,6042.73,197.38,1,1,2,2,True
6932,3,2023-01-08,2024-01-12,Low Income Segment,Very Good,Under 3k,655.3333333333334,3948.7966666666666,15281.960000000001,220.86,1,2,3,3,True
6933,1,2023-03-26,2023-03-26,Middle Income Segment,Exceptional,3k-6k,812.0,5276.9,10605.01,0.0,0,1,1,1,False
6934,1,2024-01-06,2024-01-06,Low Income Segment,Fair,Under 3k,611.0,2310.05,2313.39,7.02,0,1,1,1,False
6935,3,2023-01-09,2023-11-06,Low Income Segment,Poor,Under 3k,550.3333333333334,3939.5699999999997,21232.63,45.15,0,2,3,3,True
6936,2,2023-05-06,2024-11-14,Low Income Segment,Exceptional,3k-6k,588.0,3577.925,8629.71,129.94,0,2,2,2,True
6937,1,2023-11-26,2023-11-26,Middle Income Segment,Poor,6k-10k,535.0,6659.52,10693.33,20.37,0,1,1,1,False
6938,7,2023-01-01,2025-01-24,High Income Segment,Fair,6k-10k,609.0,5717.055714285714,35348.299999999996,193.03000000000003,0,3,7,7,True
6939,2,2023-07-02,2024-05-02,Low Income Segment,Exceptional,3k-6k,781.0,3040.1,3333.99,0.0,0,2,2,2,True
6940,1,2023-06-03,2023-06-03,Middle Income Segment,Poor,6k-10k,578.0,6070.09,6609.77,0.0,0,1,1,1,False
6941,2,2024-08-11,2025-03-27,Low Income Segment,Poor,Under 3k,497.0,1962.78,15202.94,47.24,0,1,2,2,True
6942,2,2023-11-03,2024-12-15,Middle Income Segment,Good,3k-6k,723.0,4771.615,14124.48,16.55,0,1,2,2,True
6943,3,2023-04-01,2024-11-07,High Income Segment,Fair,6k-10k,615.0,7547.503333333334,11066.76,38.27,0,2,3,3,True
6944,3,2023-04-24,2024-03-12,Middle Income Segment,Fair,3k-6k,569.3333333333334,4702.653333333333,16386.07,38.63,0,1,3,3,True
6945,2,2023-04-10,2024-12-25,Low Income Segment,Fair,6k-10k,657.0,4520.995,7464.43,0.0,0,2,2,2,True
6946,1,2025-05-10,2025-05-10,High Income Segment,Poor,6k-10k,423.0,8123.82,8505.96,63.01,0,1,1,1,False
6947,4,2023-04-11,2024-05-17,High Income Segment,Good,6k-10k,527.5,6394.085,31536.629999999997,40.300000000000004,0,3,4,4,True
6948,1,2023-01-21,2023-01-21,Low Income Segment,Fair,Under 3k,660.0,1258.29,2105.53,16.57,0,1,1,1,False
6949,2,2023-01-09,2024-04-06,High Income Segment,Poor,6k-10k,636.0,7365.67,7996.719999999999,222.16,1,1,2,2,True
6950,3,2023-10-30,2025-03-11,Middle Income Segment,Fair,3k-6k,658.3333333333334,3933.7533333333336,12220.8,229.02999999999997,1,2,3,3,True
6951,5,2023-06-05,2025-01-26,High Income Segment,Poor,6k-10k,504.4,6643.295999999999,23206.41,115.59,0,2,5,5,True
6952,1,2024-11-26,2024-11-26,High Income Segment,Very Good,6k-10k,746.0,7384.01,2948.73,0.0,0,1,1,1,False
6953,2,2023-12-10,2024-02-17,Middle Income Segment,Exceptional,3k-6k,741.0,3269.92,12115.83,43.04,0,1,2,2,True
6954,1,2025-01-03,2025-01-03,Middle Income Segment,Poor,3k-6k,367.0,5994.65,4873.69,0.0,0,1,1,1,False
6955,2,2023-01-21,2023-11-30,Low Income Segment,Poor,6k-10k,555.5,3686.45,13090.52,125.35,0,2,2,2,True
6956,6,2023-02-11,2024-12-23,Middle Income Segment,Poor,3k-6k,544.8333333333334,5352.705,45382.38,137.49,0,2,6,6,True
6957,2,2023-03-08,2023-09-05,High Income Segment,Poor,3k-6k,355.0,6540.24,17486.96,134.6,0,2,2,2,True
6958,2,2023-12-09,2024-09-21,Middle Income Segment,Good,3k-6k,607.0,3554.29,16582.33,219.46,1,1,2,2,True
6959,4,2023-02-24,2025-01-12,Middle Income Segment,Poor,3k-6k,622.75,4784.605,28899.08,13.49,0,3,4,4,True
6960,1,2024-12-28,2024-12-28,Middle Income Segment,Poor,3k-6k,343.0,3769.18,1939.71,97.83,0,1,1,1,False
6961,2,2023-05-13,2024-09-09,High Income Segment,Poor,3k-6k,469.0,6279.775,24058.550000000003,36.699999999999996,0,2,2,2,True
6962,4,2023-02-08,2025-01-13,Middle Income Segment,Exceptional,3k-6k,650.5,5180.8775,26022.37,315.3,1,2,4,4,True
6963,1,2023-01-16,2023-01-16,High Income Segment,Poor,6k-10k,314.0,9133.29,12988.8,146.43,1,1,1,1,False
6964,1,2023-03-08,2023-03-08,Middle Income Segment,Poor,6k-10k,578.0,6922.48,6167.71,0.0,0,1,1,1,False
6965,2,2023-07-09,2024-03-04,High Income Segment,Poor,3k-6k,524.5,6872.19,7899.04,41.16,0,2,2,2,True
6966,3,2023-06-22,2024-06-21,High Income Segment,Poor,6k-10k,486.3333333333333,7048.4766666666665,8338.33,120.14,0,2,3,3,True
6967,2,2023-04-30,2024-11-29,High Income Segment,Fair,6k-10k,692.5,9849.695,1592.3000000000002,103.5,0,1,2,2,True
6968,3,2023-04-30,2024-11-04,High Income Segment,Very Good,6k-10k,624.6666666666666,6747.3966666666665,20225.09,0.0,0,2,3,3,True
6969,6,2023-07-10,2024-11-27,Middle Income Segment,Fair,3k-6k,668.1666666666666,4872.683333333333,36568.259999999995,422.79,2,3,6,6,True
6970,3,2023-08-05,2024-10-29,Middle Income Segment,Poor,6k-10k,450.0,5853.509999999999,32444.92,235.82999999999998,0,2,3,3,True
6971,2,2024-01-11,2025-03-05,Middle Income Segment,Fair,3k-6k,673.5,5233.945,10815.46,20.0,0,1,2,2,True
6972,3,2023-08-30,2024-01-23,High Income Segment,Poor,3k-6k,552.6666666666666,5374.916666666667,19202.36,49.71,0,3,3,3,True
6973,4,2023-03-08,2025-03-02,Middle Income Segment,Poor,6k-10k,565.0,5402.8625,17586.03,125.28,0,3,4,4,True
6974,2,2024-06-28,2024-09-06,High Income Segment,Fair,6k-10k,568.0,7598.4,8708.2,0.0,0,2,2,2,True
6975,1,2024-12-22,2024-12-22,Middle Income Segment,Poor,3k-6k,394.0,4899.86,7110.15,23.79,0,1,1,1,False
6976,2,2024-11-28,2025-03-18,High Income Segment,Poor,3k-6k,540.5,7279.575000000001,8910.41,92.94,0,2,2,2,True
6977,5,2023-04-21,2025-02-08,Low Income Segment,Poor,6k-10k,531.0,4734.539999999999,34933.38,412.10999999999996,1,3,5,5,True
6978,1,2023-09-22,2023-09-22,High Income Segment,Poor,6k-10k,527.0,8818.46,12384.01,14.85,0,1,1,1,False
6979,1,2023-08-15,2023-08-15,Low Income Segment,Poor,Under 3k,372.0,1561.15,3384.51,30.52,0,1,1,1,False
6981,1,2024-09-11,2024-09-11,Middle Income Segment,Poor,6k-10k,558.0,6866.11,1201.3,45.49,0,1,1,1,False
6982,2,2023-06-29,2024-02-10,High Income Segment,Good,6k-10k,535.0,4823.41,10772.84,19.68,0,2,2,2,True
6983,4,2023-01-27,2025-01-16,Low Income Segment,Poor,Under 3k,623.75,4549.662499999999,36206.27,134.97,0,3,4,4,True
6984,4,2023-04-27,2025-01-20,Middle Income Segment,Poor,3k-6k,543.0,5832.5625,28478.21,186.69,0,2,4,4,True
6985,4,2024-03-16,2025-05-07,Middle Income Segment,Poor,3k-6k,493.25,4872.835,9955.25,213.92999999999998,1,3,4,4,True
6986,2,2023-09-27,2025-03-24,High Income Segment,Poor,6k-10k,603.0,7947.17,9134.43,75.08,0,2,2,2,True
6987,1,2025-02-23,2025-02-23,High Income Segment,Good,6k-10k,696.0,7148.6,7444.38,0.0,0,1,1,1,False
6988,7,2023-01-11,2024-02-18,High Income Segment,Poor,6k-10k,539.8571428571429,4743.672857142857,52796.39,510.24,2,3,7,7,True
6989,2,2024-09-03,2025-01-19,Middle Income Segment,Exceptional,3k-6k,794.0,4646.48,3175.5699999999997,0.0,0,1,2,2,True
6990,1,2025-05-13,2025-05-13,Low Income Segment,Poor,Under 3k,350.0,1489.41,507.9,24.72,0,1,1,1,False
6991,2,2023-06-15,2024-06-06,High Income Segment,Exceptional,3k-6k,664.5,6927.6,12468.99,7.21,0,2,2,2,True
6992,1,2024-09-03,2024-09-03,Low Income Segment,Very Good,Under 3k,781.0,2222.24,11202.43,65.59,0,1,1,1,False
6993,2,2023-01-09,2023-04-29,High Income Segment,Fair,6k-10k,538.0,9696.41,5730.13,0.0,0,1,2,2,True
6994,2,2024-11-03,2025-05-11,High Income Segment,Fair,6k-10k,669.5,5623.195000000001,18663.260000000002,203.48000000000002,1,2,2,2,True
6995,2,2024-04-30,2024-07-31,High Income Segment,Fair,3k-6k,535.0,7452.07,11984.91,8.6,0,2,2,2,True
6996,2,2024-10-18,2024-12-25,High Income Segment,Fair,6k-10k,651.0,7823.120000000001,8938.82,0.0,0,2,2,2,True
6997,4,2023-02-09,2024-07-17,High Income Segment,Poor,6k-10k,417.0,7701.42,29437.47,55.51,0,2,4,4,True
6998,1,2023-04-19,2023-04-19,Middle Income Segment,Good,6k-10k,724.0,6944.67,5812.93,0.0,0,1,1,1,False
6999,3,2023-03-06,2024-12-04,Middle Income Segment,Poor,3k-6k,437.3333333333333,6444.453333333334,26372.66,72.3,0,2,3,3,True
7000,2,2023-02-13,2023-05-23,Low Income Segment,Fair,3k-6k,479.0,3644.48,7769.6900000000005,0.0,0,2,2,2,True
7001,2,2024-11-02,2025-01-11,High Income Segment,Good,3k-6k,699.0,6267.674999999999,13689.7,85.44,0,2,2,2,True
7002,2,2024-11-20,2024-12-30,Middle Income Segment,Fair,3k-6k,567.0,5954.1849999999995,19889.239999999998,207.54999999999998,1,1,2,2,True
7003,1,2025-05-01,2025-05-01,Low Income Segment,Poor,Under 3k,377.0,1969.46,1722.81,87.08,0,1,1,1,False
7004,3,2023-05-22,2024-03-13,Low Income Segment,Exceptional,Under 3k,667.3333333333334,3972.866666666667,21148.07,91.2,0,2,3,3,True
7005,2,2023-04-14,2023-07-14,High Income Segment,Fair,6k-10k,625.0,9107.86,11410.69,0.0,0,1,2,2,True
7006,1,2024-03-29,2024-03-29,Middle Income Segment,Poor,3k-6k,530.0,4981.62,2160.32,0.0,0,1,1,1,False
7007,4,2023-11-03,2024-05-19,High Income Segment,Fair,6k-10k,597.0,7111.952499999999,16841.62,74.73,0,2,4,4,True
7008,2,2023-04-04,2024-08-30,High Income Segment,Good,3k-6k,526.0,6830.764999999999,5543.26,19.35,0,2,2,2,True
7009,3,2023-05-15,2024-12-20,Middle Income Segment,Fair,3k-6k,586.6666666666666,4608.653333333333,25551.81,131.16,0,2,3,3,True
7010,3,2023-08-30,2023-11-29,Middle Income Segment,Fair,6k-10k,658.6666666666666,7347.19,4838.16,197.94,0,2,3,3,True
7012,2,2024-01-11,2024-09-09,High Income Segment,Good,6k-10k,533.5,5353.76,8532.34,116.19,0,2,2,2,True
7013,1,2025-03-31,2025-03-31,High Income Segment,Poor,6k-10k,328.0,9036.69,3838.22,34.36,0,1,1,1,False
7014,1,2023-08-25,2023-08-25,Low Income Segment,Poor,Under 3k,478.0,1502.01,8430.41,90.8,0,1,1,1,False
7015,4,2023-04-19,2024-07-16,Middle Income Segment,Poor,3k-6k,581.5,4612.3225,33166.22,260.11,0,3,4,4,True
7016,2,2023-06-21,2023-08-02,Middle Income Segment,Poor,3k-6k,427.5,4980.200000000001,15014.960000000001,0.0,0,1,2,2,True
7017,2,2023-02-13,2023-08-16,High Income Segment,Fair,3k-6k,589.0,6271.135,9768.57,77.94,0,2,2,2,True
7018,2,2023-04-11,2023-09-22,High Income Segment,Good,3k-6k,741.0,5710.915,17802.04,189.77,1,2,2,2,True
7019,4,2023-06-25,2025-02-28,Middle Income Segment,Very Good,3k-6k,732.25,5293.6675,19686.53,81.91999999999999,0,3,4,4,True
7021,1,2025-05-12,2025-05-12,High Income Segment,Very Good,6k-10k,763.0,7117.04,7863.97,0.0,0,1,1,1,False
7022,2,2024-04-22,2024-06-22,High Income Segment,Very Good,6k-10k,775.5,7770.285,22170.809999999998,373.98,2,2,2,2,True
7023,3,2023-08-30,2025-02-27,Middle Income Segment,Fair,3k-6k,597.0,3785.1333333333337,10363.7,13.68,0,2,3,3,True
7024,1,2024-01-30,2024-01-30,Middle Income Segment,Exceptional,3k-6k,845.0,5512.12,379.1,186.39,1,1,1,1,False
7025,2,2023-09-24,2024-02-03,High Income Segment,Good,3k-6k,598.0,5274.555,11757.35,166.43,0,2,2,2,True
7026,5,2023-11-20,2025-02-26,High Income Segment,Poor,6k-10k,521.4,5680.866,22910.84,316.02,1,3,5,5,True
7027,1,2024-12-30,2024-12-30,Middle Income Segment,Poor,3k-6k,576.0,5185.15,14404.27,0.0,0,1,1,1,False
7028,6,2023-04-02,2025-03-11,Middle Income Segment,Poor,6k-10k,525.0,5780.82,56629.95,352.39,1,3,6,6,True
7029,1,2024-03-17,2024-03-17,Middle Income Segment,Poor,6k-10k,430.0,6765.72,2003.2,0.0,0,1,1,1,False
7030,6,2023-05-25,2024-10-14,Low Income Segment,Poor,Under 3k,509.6666666666667,3498.3916666666664,36861.14,322.12,1,2,6,6,True
7031,4,2023-02-05,2025-03-26,High Income Segment,Poor,6k-10k,609.25,5189.3724999999995,19728.26,282.62,1,2,4,4,True
7032,3,2023-01-03,2025-04-21,High Income Segment,Exceptional,6k-10k,620.6666666666666,6974.216666666667,16343.81,0.0,0,2,3,3,True
7033,4,2023-03-19,2025-01-31,High Income Segment,Poor,6k-10k,622.0,5548.3025,18645.0,89.23,0,2,4,4,True
7034,5,2023-02-27,2024-07-07,Middle Income Segment,Poor,3k-6k,582.6,5882.948,41710.73,257.16,1,3,5,5,True
7035,3,2023-08-27,2025-01-30,Middle Income Segment,Poor,6k-10k,468.0,7126.533333333333,14068.32,51.25,0,2,3,3,True
7036,2,2024-05-09,2024-09-01,Middle Income Segment,Poor,3k-6k,512.0,4958.75,9163.58,18.38,0,1,2,2,True
7037,3,2023-09-29,2024-11-21,Middle Income Segment,Poor,6k-10k,497.0,6307.456666666666,8950.57,84.65,0,2,3,3,True
7038,4,2023-02-22,2023-11-19,Middle Income Segment,Exceptional,3k-6k,678.25,4275.3949999999995,20962.73,204.07999999999998,0,1,4,4,True
7039,1,2024-03-17,2024-03-17,High Income Segment,Poor,6k-10k,355.0,9001.3,5165.64,0.0,0,1,1,1,False
7040,4,2023-08-19,2025-04-28,High Income Segment,Poor,6k-10k,506.25,5568.58,17452.29,125.69000000000001,0,3,4,4,True
7041,2,2023-10-24,2024-08-01,Middle Income Segment,Poor,3k-6k,320.0,4302.215,6247.42,32.69,0,1,2,2,True
7042,3,2024-07-15,2025-04-05,High Income Segment,Poor,6k-10k,411.6666666666667,5308.883333333333,9700.39,0.0,0,3,3,3,True
7043,1,2024-03-10,2024-03-10,High Income Segment,Poor,6k-10k,398.0,9191.49,2561.81,1.54,0,1,1,1,False
7044,2,2023-07-25,2024-02-09,High Income Segment,Fair,3k-6k,578.5,6906.375,12942.25,0.0,0,2,2,2,True
7045,1,2023-04-23,2023-04-23,Low Income Segment,Fair,Under 3k,601.0,2565.37,1018.46,50.78,0,1,1,1,False
7046,1,2024-09-18,2024-09-18,High Income Segment,Poor,6k-10k,430.0,9758.3,1947.04,0.0,0,1,1,1,False
7047,3,2023-09-04,2024-09-15,Low Income Segment,Fair,Under 3k,628.0,3488.153333333333,16132.96,10.49,0,2,3,3,True
7048,4,2023-10-08,2024-07-19,Middle Income Segment,Fair,6k-10k,630.25,5600.235,28732.65,19.49,0,3,4,4,True
7049,2,2023-01-21,2025-03-16,High Income Segment,Fair,6k-10k,534.5,7569.25,24799.02,13.13,0,2,2,2,True
7050,2,2024-05-25,2024-10-07,High Income Segment,Exceptional,6k-10k,777.0,7417.355,16951.71,9.69,0,2,2,2,True
7051,2,2024-05-14,2025-04-19,High Income Segment,Fair,6k-10k,658.5,6331.8949999999995,2077.9900000000002,147.13,0,2,2,2,True
7052,2,2024-02-18,2024-08-02,Low Income Segment,Poor,3k-6k,617.0,4185.5,6264.4,42.35,0,2,2,2,True
7053,1,2024-11-01,2024-11-01,High Income Segment,Good,6k-10k,724.0,7168.0,3494.85,0.0,0,1,1,1,False
7054,2,2023-06-24,2023-10-05,Middle Income Segment,Poor,3k-6k,418.0,3318.5299999999997,10836.39,298.84,1,1,2,2,True
7055,3,2023-03-17,2024-01-03,High Income Segment,Poor,3k-6k,480.0,3956.8433333333337,10726.44,29.8,0,3,3,3,True
7056,3,2023-01-19,2025-04-11,Low Income Segment,Fair,Under 3k,562.0,3880.75,22870.379999999997,187.67000000000002,0,2,3,3,True
7057,2,2023-03-07,2024-12-24,Low Income Segment,Exceptional,3k-6k,747.5,3772.335,2563.63,138.84,0,2,2,2,True
7058,2,2024-09-16,2024-10-21,High Income Segment,Poor,6k-10k,459.0,4817.945,8153.59,202.49,0,2,2,2,True
7059,6,2023-01-26,2024-12-25,Middle Income Segment,Poor,3k-6k,527.1666666666666,6231.920000000001,43485.130000000005,248.82999999999998,1,2,6,6,True
7060,3,2023-05-29,2025-03-19,High Income Segment,Poor,6k-10k,466.3333333333333,5314.47,11554.55,151.7,0,3,3,3,True
7061,1,2023-11-12,2023-11-12,Middle Income Segment,Exceptional,6k-10k,808.0,6991.48,5153.48,20.91,0,1,1,1,False
7062,1,2025-02-11,2025-02-11,Middle Income Segment,Poor,6k-10k,428.0,6726.2,8013.55,200.81,1,1,1,1,False
7063,4,2023-02-11,2024-10-09,Middle Income Segment,Fair,3k-6k,690.25,4487.3975,22701.03,234.57999999999998,1,2,4,4,True
7064,1,2024-01-05,2024-01-05,Middle Income Segment,Poor,6k-10k,546.0,6649.57,7351.3,74.95,0,1,1,1,False
7065,4,2023-10-30,2025-04-25,High Income Segment,Exceptional,6k-10k,700.25,7234.02,16071.43,140.01,0,2,4,4,True
7066,5,2023-03-12,2025-04-21,Low Income Segment,Poor,Under 3k,560.4,3006.506,43525.87,290.17,1,2,5,5,True
7068,3,2023-11-13,2025-03-27,Low Income Segment,Poor,Under 3k,452.6666666666667,3443.0833333333335,18821.47,149.74,0,2,3,3,True
7069,1,2023-04-01,2023-04-01,Middle Income Segment,Poor,3k-6k,389.0,3194.41,5725.45,0.0,0,1,1,1,False
7071,3,2023-12-28,2024-12-01,Middle Income Segment,Poor,3k-6k,476.0,3652.8266666666664,8787.8,252.1,1,2,3,3,True
7073,4,2023-09-08,2025-05-03,Middle Income Segment,Poor,3k-6k,588.75,3730.9925000000003,24406.510000000002,87.24000000000001,0,2,4,4,True
7074,2,2023-01-07,2023-10-05,Middle Income Segment,Fair,3k-6k,507.5,5024.58,14803.75,83.36,0,1,2,2,True
7075,1,2024-01-31,2024-01-31,High Income Segment,Poor,6k-10k,557.0,8154.86,1920.43,0.0,0,1,1,1,False
7076,1,2023-08-22,2023-08-22,Middle Income Segment,Fair,3k-6k,624.0,5954.73,1573.68,65.85,0,1,1,1,False
7077,2,2024-02-08,2025-04-25,High Income Segment,Poor,6k-10k,604.0,5804.235,14971.57,236.02,1,2,2,2,True
7078,3,2023-08-09,2024-04-27,Middle Income Segment,Exceptional,6k-10k,672.0,5067.53,10234.46,22.28,0,2,3,3,True
7079,5,2023-03-27,2025-02-01,Middle Income Segment,Good,3k-6k,696.6,4422.12,13056.130000000001,74.09,0,2,5,5,True
7080,2,2024-06-04,2024-08-16,Middle Income Segment,Poor,3k-6k,612.5,4944.855,13089.28,145.9,0,1,2,2,True
7081,2,2024-04-12,2024-08-03,High Income Segment,Poor,6k-10k,423.0,5183.48,6369.6900000000005,43.99,0,2,2,2,True
7082,2,2024-05-05,2024-05-23,Low Income Segment,Poor,6k-10k,517.5,4466.585,20515.22,20.64,0,2,2,2,True
7083,3,2023-07-21,2025-03-17,High Income Segment,Poor,6k-10k,559.3333333333334,6634.753333333334,28015.72,138.79,0,2,3,3,True
7084,1,2024-08-06,2024-08-06,Low Income Segment,Poor,Under 3k,410.0,2547.26,13910.98,0.0,0,1,1,1,False
7085,3,2023-09-23,2025-03-01,High Income Segment,Exceptional,6k-10k,664.3333333333334,7560.71,10206.72,20.77,0,2,3,3,True
7086,2,2024-02-04,2024-11-28,Middle Income Segment,Very Good,6k-10k,759.0,6535.235,12928.84,58.88,0,1,2,2,True
7088,2,2024-11-15,2024-12-09,Middle Income Segment,Poor,3k-6k,451.5,3877.03,3544.9700000000003,0.0,0,1,2,2,True
7089,4,2023-06-11,2024-09-17,Low Income Segment,Exceptional,Under 3k,631.0,4270.9675,14166.26,0.0,0,3,4,4,True
7090,4,2023-07-19,2025-03-09,Low Income Segment,Exceptional,Under 3k,702.25,4252.945,22531.86,178.88,0,3,4,4,True
7091,3,2023-04-15,2023-12-09,High Income Segment,Poor,3k-6k,475.0,4775.416666666667,11591.93,119.65,0,3,3,3,True
7092,3,2024-01-31,2024-07-05,Low Income Segment,Poor,Under 3k,554.0,2518.4633333333336,4821.95,306.36,1,2,3,3,True
7093,2,2024-02-26,2025-04-14,Middle Income Segment,Poor,3k-6k,421.5,5441.625,13643.0,93.84,0,1,2,2,True
7094,3,2023-01-20,2023-08-31,High Income Segment,Fair,3k-6k,641.3333333333334,5074.623333333333,35249.16,90.69,0,3,3,3,True
7096,4,2023-03-24,2025-04-06,Middle Income Segment,Good,6k-10k,590.5,5077.5275,16240.29,182.11,0,3,4,4,True
7097,3,2023-12-01,2024-09-20,High Income Segment,Fair,6k-10k,531.6666666666666,4923.333333333333,33161.12,6.65,0,3,3,3,True
7098,2,2023-09-20,2025-01-03,Low Income Segment,Exceptional,3k-6k,764.5,4244.245,8251.67,43.98,0,2,2,2,True
7099,5,2023-10-30,2025-03-24,Middle Income Segment,Poor,6k-10k,438.8,4817.084,16330.63,161.34,0,2,5,5,True
7100,2,2023-02-23,2024-01-22,High Income Segment,Exceptional,6k-10k,584.0,4919.135,7665.19,161.95,1,2,2,2,True
7101,2,2023-03-15,2024-02-09,Middle Income Segment,Fair,3k-6k,644.0,5367.615,21946.230000000003,138.09,0,1,2,2,True
7102,3,2024-05-16,2025-01-01,Middle Income Segment,Good,6k-10k,606.6666666666666,6977.623333333334,12514.51,47.79,0,2,3,3,True
7103,6,2023-01-14,2024-10-31,Middle Income Segment,Fair,3k-6k,594.8333333333334,4241.06,32253.48,511.77,1,2,6,6,True
7104,3,2023-04-17,2024-12-03,Middle Income Segment,Exceptional,6k-10k,720.0,6590.346666666667,28381.39,168.88,1,2,3,3,True
7105,1,2024-06-03,2024-06-03,High Income Segment,Exceptional,6k-10k,838.0,8945.61,3112.15,39.17,0,1,1,1,False
7106,3,2023-03-14,2024-01-30,Middle Income Segment,Poor,3k-6k,497.0,4722.6866666666665,16448.66,86.58,0,2,3,3,True
7107,4,2023-04-23,2024-10-20,Middle Income Segment,Exceptional,6k-10k,616.25,5924.0650000000005,7639.62,218.97,1,3,4,4,True
7109,2,2023-08-14,2024-02-26,High Income Segment,Exceptional,6k-10k,790.5,5055.76,12628.11,63.22,0,2,2,2,True
7110,2,2025-01-23,2025-03-29,High Income Segment,Good,6k-10k,745.5,8289.439999999999,9589.91,87.99,0,1,2,2,True
7111,2,2023-01-13,2023-05-06,High Income Segment,Poor,3k-6k,423.5,6930.0599999999995,10229.4,15.54,0,2,2,2,True
7112,1,2024-03-12,2024-03-12,High Income Segment,Good,6k-10k,691.0,9028.05,7578.74,20.04,0,1,1,1,False
7113,2,2023-09-01,2023-09-09,Low Income Segment,Poor,3k-6k,540.5,3357.555,14719.31,0.0,0,2,2,2,True
7114,1,2024-02-07,2024-02-07,Middle Income Segment,Fair,3k-6k,594.0,5440.64,2185.06,0.0,0,1,1,1,False
7115,4,2023-10-09,2024-12-11,Middle Income Segment,Exceptional,3k-6k,698.25,5922.8675,19908.14,1.83,0,2,4,4,True
7116,3,2023-12-11,2025-05-07,Middle Income Segment,Fair,3k-6k,599.6666666666666,6198.993333333333,11758.92,78.9,0,2,3,3,True
7117,2,2023-12-02,2024-04-22,Middle Income Segment,Poor,3k-6k,601.5,5209.38,13920.32,68.14,0,1,2,2,True
7118,2,2025-01-11,2025-02-05,High Income Segment,Poor,3k-6k,578.0,6998.6,13004.29,45.18,0,2,1,2,True
7120,1,2023-08-20,2023-08-20,Middle Income Segment,Poor,3k-6k,530.0,4123.43,5489.79,22.9,0,1,1,1,False
7121,6,2023-06-02,2024-04-27,High Income Segment,Poor,6k-10k,524.1666666666666,6766.115000000001,43508.1,0.0,0,2,6,6,True
7122,2,2024-12-17,2025-03-23,Low Income Segment,Fair,6k-10k,725.5,4082.215,13334.55,0.0,0,2,2,2,True
7123,3,2024-07-22,2025-04-15,Low Income Segment,Poor,Under 3k,518.6666666666666,2515.273333333333,32352.35,25.04,0,2,3,3,True
7124,3,2023-01-02,2024-12-31,Middle Income Segment,Poor,3k-6k,502.3333333333333,5672.59,23051.54,0.0,0,2,3,3,True
7125,5,2023-08-31,2025-03-27,Low Income Segment,Exceptional,3k-6k,697.4,4154.848,39752.33,87.81,0,3,5,5,True
7127,3,2023-01-31,2025-04-25,High Income Segment,Poor,6k-10k,436.3333333333333,7929.236666666667,14586.37,68.5,0,1,3,3,True
7129,2,2023-10-30,2025-04-01,Low Income Segment,Poor,3k-6k,497.5,3417.065,24017.190000000002,0.0,0,2,2,2,True
7130,1,2024-06-29,2024-06-29,Middle Income Segment,Poor,3k-6k,467.0,3390.36,11328.28,0.0,0,1,1,1,False
7131,3,2023-01-05,2024-01-04,Middle Income Segment,Fair,6k-10k,573.3333333333334,5858.063333333334,24097.85,15.88,0,2,3,3,True
7132,4,2023-07-24,2025-03-30,Middle Income Segment,Poor,3k-6k,554.0,6497.16,14352.05,93.7,0,2,4,4,True
7135,1,2024-12-03,2024-12-03,Middle Income Segment,Exceptional,3k-6k,821.0,4403.83,6268.38,52.48,0,1,1,1,False
7136,3,2023-02-25,2025-02-28,Middle Income Segment,Good,6k-10k,687.3333333333334,6463.06,10910.02,206.17,1,2,3,3,True
7137,1,2023-11-26,2023-11-26,High Income Segment,Poor,6k-10k,548.0,9943.35,5396.19,40.51,0,1,1,1,False
7139,3,2023-05-05,2024-08-16,Middle Income Segment,Exceptional,3k-6k,727.0,5841.84,12250.65,280.15999999999997,1,1,3,3,True
7140,1,2025-01-28,2025-01-28,Middle Income Segment,Poor,3k-6k,450.0,5014.08,2041.54,75.41,0,1,1,1,False
7141,4,2023-01-28,2025-05-09,Low Income Segment,Good,3k-6k,646.25,3219.8475,18816.510000000002,22.02,0,2,4,4,True
7142,3,2023-01-23,2023-07-17,Middle Income Segment,Poor,3k-6k,634.6666666666666,4273.03,14031.630000000001,163.76,1,2,3,3,True
7143,1,2024-09-28,2024-09-28,Middle Income Segment,Good,3k-6k,677.0,3411.85,4508.98,0.0,0,1,1,1,False
7144,5,2023-05-24,2025-04-07,High Income Segment,Poor,6k-10k,425.0,4782.336,51891.69,453.15999999999997,2,3,5,5,True
7146,1,2024-07-23,2024-07-23,Middle Income Segment,Poor,3k-6k,505.0,5113.97,3691.12,32.95,0,1,1,1,False
7147,1,2023-12-25,2023-12-25,Middle Income Segment,Poor,6k-10k,452.0,6720.62,2381.88,0.0,0,1,1,1,False
7150,3,2023-08-04,2025-05-10,Middle Income Segment,Very Good,6k-10k,709.6666666666666,6000.920000000001,14068.93,71.78,0,2,3,3,True
7152,4,2023-05-16,2025-02-27,Middle Income Segment,Poor,6k-10k,572.25,5782.255,16545.32,56.72,0,3,4,4,True
7153,4,2023-03-29,2025-01-11,Low Income Segment,Exceptional,Under 3k,748.5,3670.045,25818.63,0.0,0,3,4,4,True
7154,5,2023-01-14,2025-04-10,High Income Segment,Poor,6k-10k,510.6,6453.89,18534.4,0.0,0,2,5,5,True
7155,4,2023-08-23,2025-03-29,High Income Segment,Exceptional,6k-10k,748.0,6543.415,22895.620000000003,61.4,0,2,4,4,True
7156,2,2023-04-12,2023-05-28,High Income Segment,Fair,6k-10k,578.0,7972.030000000001,10031.85,0.0,0,1,2,2,True
7157,3,2024-07-28,2025-01-12,Low Income Segment,Fair,Under 3k,607.0,4059.6233333333334,8436.95,28.65,0,2,3,3,True
7158,3,2023-06-11,2024-03-15,Middle Income Segment,Good,3k-6k,618.6666666666666,4306.4800000000005,11540.59,52.8,0,2,3,3,True
7159,3,2023-06-04,2025-03-08,Middle Income Segment,Poor,3k-6k,434.6666666666667,6055.03,15470.67,108.0,0,2,3,3,True
7160,3,2023-04-20,2025-02-04,Middle Income Segment,Poor,3k-6k,568.6666666666666,5467.796666666666,21463.41,158.97,0,2,2,3,True
7161,1,2023-03-14,2023-03-14,Middle Income Segment,Good,3k-6k,696.0,3060.38,11899.48,0.0,0,1,1,1,False
7162,1,2024-12-16,2024-12-16,High Income Segment,Poor,6k-10k,323.0,7451.98,5881.82,89.57,0,1,1,1,False
7163,3,2024-05-05,2025-03-29,High Income Segment,Fair,6k-10k,524.6666666666666,7416.136666666666,18866.7,30.92,0,2,3,3,True
7164,2,2023-05-09,2024-11-13,Middle Income Segment,Exceptional,3k-6k,771.0,3706.205,11308.64,61.54,0,1,2,2,True
7165,1,2023-10-28,2023-10-28,Middle Income Segment,Good,6k-10k,739.0,6997.32,7410.51,0.0,0,1,1,1,False
7166,2,2023-08-12,2025-05-04,Low Income Segment,Fair,3k-6k,569.0,3133.05,6548.25,3.36,0,2,2,2,True
7167,3,2023-03-03,2023-10-22,High Income Segment,Poor,6k-10k,574.0,5931.696666666667,21917.61,460.2,2,2,3,3,True
7168,3,2023-10-28,2025-03-24,Low Income Segment,Poor,Under 3k,602.3333333333334,3839.1533333333336,12183.27,40.33,0,2,3,3,True
7169,3,2024-03-07,2024-10-30,High Income Segment,Fair,6k-10k,643.0,7764.55,11770.07,82.4,0,2,3,3,True
7170,3,2024-01-06,2024-09-05,Middle Income Segment,Poor,3k-6k,480.3333333333333,3914.443333333333,15555.5,186.41,0,1,3,3,True
7171,4,2023-05-16,2024-09-24,High Income Segment,Fair,6k-10k,636.25,4991.16,28880.550000000003,90.66,0,2,4,4,True
7172,5,2023-03-31,2025-05-13,High Income Segment,Poor,6k-10k,406.8,6513.352000000001,37486.72,277.18,0,3,5,5,True
7173,1,2024-10-25,2024-10-25,Low Income Segment,Poor,Under 3k,473.0,1941.97,3202.13,33.92,0,1,1,1,False
7174,2,2023-03-05,2025-01-12,Middle Income Segment,Poor,3k-6k,605.0,5162.745,9321.59,70.93,0,1,2,2,True
7175,4,2023-08-23,2024-07-22,Middle Income Segment,Poor,6k-10k,529.0,5683.53,15222.170000000002,154.1,0,3,4,4,True
7176,3,2023-01-15,2025-03-11,Middle Income Segment,Exceptional,3k-6k,685.0,5983.360000000001,16056.63,75.44999999999999,0,2,3,3,True
7177,2,2023-09-20,2024-02-04,High Income Segment,Fair,3k-6k,514.0,6970.6900000000005,5148.63,47.87,0,2,2,2,True
7178,1,2023-10-08,2023-10-08,Low Income Segment,Poor,Under 3k,549.0,2666.94,9145.91,0.0,0,1,1,1,False
7180,2,2024-04-21,2025-01-02,Low Income Segment,Fair,6k-10k,529.0,4125.535,9089.92,192.53,1,2,2,2,True
7181,1,2023-06-17,2023-06-17,High Income Segment,Poor,6k-10k,509.0,7490.75,576.23,0.0,0,1,1,1,False
7182,2,2025-03-28,2025-04-25,Low Income Segment,Exceptional,6k-10k,792.0,4186.110000000001,1084.24,41.69,0,2,2,2,True
7183,2,2024-01-26,2024-01-31,Middle Income Segment,Good,3k-6k,744.0,3155.945,18433.75,48.42,0,1,2,2,True
7184,3,2023-06-05,2024-09-27,High Income Segment,Poor,3k-6k,542.6666666666666,5465.633333333334,24996.16,107.03,0,3,3,3,True
7185,3,2023-08-05,2024-09-10,High Income Segment,Poor,3k-6k,481.0,5077.650000000001,13562.869999999999,0.6,0,3,3,3,True
7189,3,2023-08-10,2025-05-18,Low Income Segment,Poor,Under 3k,549.0,3881.2099999999996,10277.18,36.050000000000004,0,2,3,3,True
7190,4,2023-02-09,2025-02-21,High Income Segment,Poor,6k-10k,631.0,6068.94,13476.85,121.64,0,3,4,4,True
7191,2,2023-05-03,2024-06-15,Low Income Segment,Poor,3k-6k,444.5,3192.8050000000003,26653.4,29.54,0,2,2,2,True
7192,4,2023-12-14,2025-05-04,Middle Income Segment,Fair,3k-6k,624.5,4663.905,24989.23,101.49,0,1,4,4,True
7193,1,2024-02-12,2024-02-12,Middle Income Segment,Good,3k-6k,737.0,3215.29,9743.5,144.91,1,1,1,1,False
7194,3,2023-10-04,2025-03-15,Middle Income Segment,Poor,3k-6k,441.0,5083.326666666667,28966.14,143.46,1,2,3,3,True
7195,1,2025-03-20,2025-03-20,Low Income Segment,Poor,Under 3k,491.0,2968.23,13244.37,32.75,0,1,1,1,False
7196,4,2023-04-30,2025-02-26,Middle Income Segment,Poor,3k-6k,447.25,5104.8475,26755.29,206.77,0,3,4,4,True
7197,2,2023-02-08,2024-09-03,Low Income Segment,Fair,3k-6k,601.5,2937.81,4319.09,186.17,1,2,2,2,True
7198,2,2024-10-03,2025-02-13,High Income Segment,Poor,6k-10k,654.0,7070.99,14107.95,50.29,0,2,2,2,True
7199,1,2023-12-02,2023-12-02,Middle Income Segment,Poor,3k-6k,409.0,3341.53,886.57,0.0,0,1,1,1,False
7200,5,2023-06-20,2025-03-10,Middle Income Segment,Poor,3k-6k,604.4,5091.9400000000005,18592.63,167.99,0,3,5,5,True
7201,1,2023-11-25,2023-11-25,High Income Segment,Poor,6k-10k,456.0,9870.18,9502.01,251.9,1,1,1,1,False
7203,2,2024-03-24,2024-03-29,Low Income Segment,Exceptional,6k-10k,599.5,4659.21,6446.01,54.34,0,2,2,2,True
7204,2,2023-04-08,2024-03-27,Low Income Segment,Exceptional,6k-10k,760.0,3959.415,8325.61,251.15,1,2,2,2,True
7205,2,2024-05-02,2025-02-20,Low Income Segment,Poor,3k-6k,448.5,4037.2299999999996,15222.17,0.0,0,2,2,2,True
7207,3,2023-03-19,2023-12-16,High Income Segment,Exceptional,6k-10k,721.3333333333334,6567.536666666667,24053.33,358.23,1,2,3,3,True
7208,3,2023-03-15,2024-10-21,High Income Segment,Fair,6k-10k,670.3333333333334,7356.746666666667,6203.92,29.44,0,2,3,3,True
7209,5,2023-05-17,2024-10-06,High Income Segment,Fair,6k-10k,558.4,4955.982,24394.23,26.24,0,3,5,5,True
7210,2,2023-07-14,2025-03-09,High Income Segment,Fair,6k-10k,477.0,5442.535,6722.75,109.47999999999999,0,2,2,2,True
7211,1,2023-08-20,2023-08-20,High Income Segment,Exceptional,6k-10k,810.0,8796.29,10347.37,0.0,0,1,1,1,False
7212,4,2023-04-23,2024-10-27,High Income Segment,Good,6k-10k,651.5,5855.3825,11324.95,171.89000000000001,1,3,4,4,True
7213,3,2023-06-15,2025-02-16,High Income Segment,Poor,3k-6k,556.3333333333334,5040.056666666666,19431.27,67.34,0,3,3,3,True
7214,1,2023-11-17,2023-11-17,High Income Segment,Poor,6k-10k,318.0,7187.88,43.56,97.71,0,1,1,1,False
7217,3,2023-04-22,2025-01-28,High Income Segment,Exceptional,6k-10k,636.0,7009.196666666667,29092.28,253.27,0,2,3,3,True
7218,2,2023-11-10,2024-12-10,High Income Segment,Exceptional,3k-6k,705.0,6918.285,15715.26,103.32,0,2,2,2,True
7219,3,2023-10-09,2024-07-22,High Income Segment,Exceptional,6k-10k,661.3333333333334,7657.486666666667,31506.46,275.46000000000004,1,2,3,3,True
7220,3,2023-05-04,2025-03-06,High Income Segment,Poor,6k-10k,508.3333333333333,7287.823333333334,8890.36,0.0,0,2,3,3,True
7221,2,2023-08-18,2024-10-18,High Income Segment,Good,6k-10k,580.0,7761.975,13013.4,154.89,1,1,2,2,True
7222,4,2023-03-16,2025-04-25,High Income Segment,Poor,3k-6k,603.25,7219.0824999999995,18764.75,161.78,0,2,4,4,True
7225,2,2023-01-25,2023-04-29,High Income Segment,Fair,6k-10k,576.5,7095.4400000000005,11104.650000000001,0.0,0,2,2,2,True
7226,1,2023-03-01,2023-03-01,Middle Income Segment,Poor,6k-10k,339.0,6533.52,6299.41,0.0,0,1,1,1,False
7227,5,2023-09-10,2025-04-03,Middle Income Segment,Poor,6k-10k,427.4,5880.66,21704.84,85.65,0,3,5,5,True
7228,4,2024-06-15,2025-01-30,Middle Income Segment,Fair,3k-6k,598.75,4792.5225,15951.95,126.32,0,3,4,4,True
7229,7,2023-06-10,2024-08-13,Middle Income Segment,Fair,3k-6k,624.7142857142857,4373.12,51627.59,301.95000000000005,1,3,7,7,True
7230,3,2023-10-19,2025-01-09,Middle Income Segment,Fair,6k-10k,625.6666666666666,7065.5,12644.119999999999,265.5,1,2,3,3,True
7231,2,2023-03-26,2023-09-25,High Income Segment,Poor,3k-6k,470.5,6950.4400000000005,16892.260000000002,16.36,0,2,2,2,True
7232,2,2023-06-09,2023-08-14,High Income Segment,Poor,6k-10k,517.0,5359.5,604.74,37.19,0,2,1,2,True
7233,3,2023-06-05,2024-07-19,Middle Income Segment,Poor,3k-6k,465.6666666666667,3452.7000000000003,17332.87,38.21,0,2,3,3,True
7235,1,2025-05-01,2025-05-01,High Income Segment,Fair,6k-10k,605.0,8839.3,4965.55,0.0,0,1,1,1,False
7236,4,2023-01-26,2024-07-14,High Income Segment,Poor,6k-10k,357.5,6068.35,23466.55,112.31,0,3,3,4,True
7238,3,2024-01-14,2024-12-25,Middle Income Segment,Fair,3k-6k,587.6666666666666,4173.643333333333,32188.14,155.63,1,2,3,3,True
7239,1,2024-12-09,2024-12-09,Low Income Segment,Good,Under 3k,713.0,1123.69,3988.22,191.38,1,1,1,1,False
7240,4,2024-02-29,2025-03-05,Middle Income Segment,Poor,3k-6k,544.5,5042.1475,32032.97,58.77,0,2,4,4,True
7241,3,2023-02-11,2025-02-05,High Income Segment,Exceptional,6k-10k,637.6666666666666,8007.886666666666,14805.669999999998,281.37,0,2,3,3,True
7242,3,2023-01-31,2024-07-17,High Income Segment,Poor,6k-10k,557.3333333333334,7225.293333333334,11735.509999999998,152.0,0,2,3,3,True
7243,2,2023-02-23,2023-04-09,Middle Income Segment,Fair,3k-6k,473.5,5142.225,19969.129999999997,208.04,1,1,2,2,True
7244,1,2025-04-07,2025-04-07,High Income Segment,Fair,6k-10k,661.0,7041.76,2171.9,4.47,0,1,1,1,False
7246,2,2023-02-02,2023-05-10,Low Income Segment,Fair,3k-6k,584.5,3201.575,13074.31,74.75,0,2,2,2,True
7247,2,2023-02-15,2025-04-09,Low Income Segment,Poor,3k-6k,526.0,2928.9300000000003,11083.44,212.04,1,2,2,2,True
7249,2,2024-02-29,2024-07-05,High Income Segment,Fair,6k-10k,563.0,5863.11,14930.310000000001,0.0,0,2,2,2,True
7250,3,2023-11-07,2024-11-17,High Income Segment,Good,3k-6k,564.0,5612.419999999999,20193.0,177.57999999999998,0,3,3,3,True
7251,5,2023-02-27,2024-08-10,Middle Income Segment,Good,3k-6k,682.2,5002.242,19288.11,94.07,0,2,4,5,True
7254,2,2024-06-27,2025-02-06,High Income Segment,Poor,6k-10k,679.0,8821.81,11818.05,29.59,0,1,2,2,True
7255,4,2023-05-24,2024-10-12,Low Income Segment,Poor,Under 3k,546.0,4560.6900000000005,10822.17,181.86999999999998,1,2,4,4,True
7256,6,2023-02-27,2024-10-27,Middle Income Segment,Poor,3k-6k,446.5,5314.5,25060.95,0.0,0,3,6,6,True
7257,5,2023-06-21,2025-03-19,Low Income Segment,Fair,3k-6k,694.0,4520.298000000001,27986.91,287.85,0,3,5,5,True
7259,1,2024-07-05,2024-07-05,High Income Segment,Very Good,6k-10k,754.0,7185.24,5572.33,41.68,0,1,1,1,False
7260,2,2023-10-14,2024-10-31,High Income Segment,Exceptional,3k-6k,699.0,6261.095,15407.060000000001,220.88,0,2,2,2,True
7261,5,2023-04-18,2025-04-21,High Income Segment,Very Good,6k-10k,704.4,7046.844,23862.57,24.28,0,2,5,5,True
7262,2,2023-03-13,2023-05-29,High Income Segment,Poor,6k-10k,684.5,7876.754999999999,15012.08,253.96,1,1,2,2,True
7263,2,2023-01-29,2024-04-29,Low Income Segment,Fair,6k-10k,634.5,4208.9400000000005,20973.61,5.96,0,2,2,2,True
7264,2,2023-01-29,2024-02-10,High Income Segment,Fair,3k-6k,649.5,5771.29,5782.74,0.0,0,2,2,2,True
7265,4,2023-01-26,2024-03-28,Low Income Segment,Poor,Under 3k,575.25,3675.6025,19660.55,54.53,0,2,4,4,True
7266,2,2023-02-21,2023-11-30,High Income Segment,Poor,3k-6k,426.5,6162.0,1117.3600000000001,26.06,0,2,2,2,True
7267,1,2023-01-26,2023-01-26,Middle Income Segment,Poor,3k-6k,384.0,4792.62,3757.33,0.0,0,1,1,1,False
7268,2,2023-09-10,2023-10-20,High Income Segment,Very Good,6k-10k,758.5,5989.075000000001,5660.97,0.0,0,2,2,2,True
7269,3,2023-08-05,2024-06-21,High Income Segment,Poor,3k-6k,528.3333333333334,5390.066666666667,14913.08,247.22,1,3,3,3,True
7270,1,2024-11-06,2024-11-06,High Income Segment,Poor,6k-10k,320.0,7722.29,13159.99,9.35,0,1,1,1,False
7272,2,2023-05-15,2023-11-29,Middle Income Segment,Poor,3k-6k,562.5,4751.275000000001,1802.79,38.36,0,1,2,2,True
7273,2,2023-06-24,2023-10-21,High Income Segment,Good,6k-10k,516.5,5523.615,8193.960000000001,23.4,0,2,2,2,True
7274,3,2024-01-18,2025-04-23,High Income Segment,Poor,6k-10k,487.0,6414.706666666666,10114.48,81.39,0,2,3,3,True
7275,1,2024-01-31,2024-01-31,Middle Income Segment,Fair,3k-6k,635.0,3855.25,13258.08,61.51,0,1,1,1,False
7276,4,2023-09-18,2025-03-12,High Income Segment,Poor,6k-10k,570.5,6754.572499999999,16261.92,87.38,0,2,4,4,True
7277,3,2023-08-11,2024-10-08,Middle Income Segment,Good,6k-10k,743.6666666666666,6022.936666666667,11665.0,51.68,0,2,3,3,True
7278,5,2023-06-09,2025-03-29,Middle Income Segment,Poor,3k-6k,516.4,5628.174,42165.63,102.28,0,3,5,5,True
7279,2,2023-12-17,2025-01-29,High Income Segment,Exceptional,6k-10k,712.0,4989.88,11481.23,191.55,1,2,2,2,True
7280,1,2024-06-06,2024-06-06,High Income Segment,Poor,6k-10k,358.0,9398.94,4194.7,0.0,0,1,1,1,False
7282,2,2024-09-20,2025-05-19,Middle Income Segment,Poor,3k-6k,443.0,4770.54,9547.06,230.65,1,1,2,2,True
7283,4,2023-11-03,2025-01-28,High Income Segment,Poor,3k-6k,517.0,6046.21,21127.13,92.53999999999999,0,2,4,4,True
7284,2,2023-08-16,2024-02-29,Low Income Segment,Fair,3k-6k,496.0,2732.3,4991.780000000001,5.15,0,2,2,2,True
7285,2,2023-01-11,2024-04-27,Low Income Segment,Good,3k-6k,568.5,2598.6,14514.29,37.63,0,2,2,2,True
7286,1,2023-10-25,2023-10-25,High Income Segment,Poor,6k-10k,310.0,7376.81,2195.28,116.62,0,1,1,1,False
7287,4,2023-11-29,2025-03-17,High Income Segment,Poor,6k-10k,573.5,5787.8825,19661.27,101.9,0,3,3,4,True
7288,2,2023-12-10,2024-05-28,Middle Income Segment,Fair,3k-6k,584.5,4438.48,14265.78,0.0,0,1,2,2,True
7289,1,2023-08-17,2023-08-17,Middle Income Segment,Good,3k-6k,699.0,4303.69,5139.6,0.0,0,1,1,1,False
7291,1,2023-07-06,2023-07-06,Middle Income Segment,Poor,3k-6k,540.0,5591.08,15740.76,0.0,0,1,1,1,False
7292,2,2023-07-13,2023-07-27,Low Income Segment,Fair,3k-6k,651.5,3682.2700000000004,16021.82,0.0,0,2,2,2,True
7293,1,2023-04-09,2023-04-09,Low Income Segment,Good,Under 3k,681.0,1228.71,7698.92,25.16,0,1,1,1,False
7294,3,2023-03-29,2024-06-18,High Income Segment,Poor,3k-6k,405.0,5195.92,15695.29,183.62,0,3,3,3,True
7295,5,2023-01-28,2025-02-03,High Income Segment,Poor,6k-10k,411.8,4883.3,19322.57,460.4,2,3,5,5,True
7296,2,2023-04-09,2023-08-17,Low Income Segment,Fair,6k-10k,553.5,4217.805,4327.41,46.56,0,2,2,2,True
7297,3,2023-04-06,2024-12-27,Middle Income Segment,Poor,3k-6k,495.3333333333333,3843.5466666666666,23719.92,3.84,0,2,3,3,True
7298,1,2023-02-25,2023-02-25,Middle Income Segment,Fair,6k-10k,599.0,6116.79,2083.48,17.42,0,1,1,1,False
7299,3,2023-04-13,2024-03-03,High Income Segment,Poor,3k-6k,500.3333333333333,4757.143333333333,15444.0,362.26,1,3,3,3,True
7300,2,2023-03-03,2023-06-04,Low Income Segment,Poor,Under 3k,383.5,2126.935,4147.18,54.96,0,1,2,2,True
7301,2,2024-02-29,2024-07-19,High Income Segment,Good,6k-10k,570.0,4297.205,5225.82,180.19,1,2,2,2,True
7302,2,2023-08-05,2023-10-18,Middle Income Segment,Fair,3k-6k,653.5,5025.58,8861.91,113.53999999999999,0,1,2,2,True
7303,3,2024-11-01,2025-01-08,High Income Segment,Exceptional,3k-6k,709.6666666666666,5621.833333333333,18278.010000000002,0.0,0,3,3,3,True
7304,3,2024-05-10,2025-05-10,High Income Segment,Fair,6k-10k,641.6666666666666,5276.5633333333335,19034.32,0.0,0,3,3,3,True
7305,3,2024-05-11,2025-03-05,Middle Income Segment,Poor,6k-10k,501.3333333333333,6410.079999999999,13119.51,152.18,0,2,3,3,True
7306,2,2023-08-24,2024-09-30,High Income Segment,Fair,6k-10k,469.0,4267.23,7697.92,212.87,1,2,2,2,True
7307,1,2024-10-25,2024-10-25,Low Income Segment,Poor,Under 3k,405.0,1328.17,15610.6,0.0,0,1,1,1,False
7308,1,2024-11-13,2024-11-13,High Income Segment,Poor,6k-10k,524.0,9159.03,5072.52,0.0,0,1,1,1,False
7309,2,2023-02-16,2024-02-01,High Income Segment,Good,6k-10k,671.5,5039.235,8737.150000000001,66.49,0,2,2,2,True
7310,2,2023-06-01,2025-05-01,High Income Segment,Exceptional,6k-10k,690.5,9029.404999999999,14849.32,0.0,0,1,2,2,True
7311,1,2024-02-01,2024-02-01,Low Income Segment,Fair,Under 3k,642.0,1202.32,7416.72,59.77,0,1,1,1,False
7312,2,2023-04-08,2024-03-11,Low Income Segment,Fair,Under 3k,594.5,2099.835,18385.13,0.0,0,1,2,2,True
7313,2,2023-03-13,2023-10-11,Low Income Segment,Fair,3k-6k,619.5,2800.66,10035.55,24.38,0,2,2,2,True
7314,1,2024-01-29,2024-01-29,Middle Income Segment,Poor,3k-6k,432.0,5056.1,4569.37,0.0,0,1,1,1,False
7315,2,2023-07-19,2023-11-29,High Income Segment,Poor,6k-10k,619.0,4895.38,16294.93,85.46,0,2,2,2,True
7316,3,2024-05-22,2025-03-08,High Income Segment,Poor,6k-10k,564.3333333333334,7661.536666666667,15951.52,27.65,0,2,3,3,True
7317,2,2023-02-28,2024-09-22,High Income Segment,Good,3k-6k,507.5,5595.775,18861.34,0.0,0,2,2,2,True
7318,3,2023-06-08,2024-11-22,Middle Income Segment,Poor,3k-6k,621.3333333333334,5234.413333333333,12606.45,39.2,0,2,3,3,True
7319,1,2023-11-26,2023-11-26,High Income Segment,Poor,6k-10k,371.0,7804.09,1853.58,42.64,0,1,1,1,False
7320,3,2023-07-01,2024-07-08,Middle Income Segment,Poor,3k-6k,559.6666666666666,5350.566666666667,12071.6,141.01999999999998,0,2,3,3,True
7321,3,2023-03-04,2025-01-10,Middle Income Segment,Good,3k-6k,612.0,3362.596666666667,16271.800000000001,94.71000000000001,0,2,3,3,True
7322,4,2023-03-11,2025-02-04,High Income Segment,Poor,6k-10k,508.25,6442.2725,13940.89,416.11,2,2,4,4,True
7323,3,2023-04-15,2024-04-15,High Income Segment,Poor,3k-6k,565.3333333333334,5442.116666666667,23095.63,52.06,0,3,3,3,True
7324,3,2024-04-20,2025-03-15,Middle Income Segment,Fair,6k-10k,628.3333333333334,6637.723333333332,21264.78,0.0,0,2,3,3,True
7325,1,2024-04-17,2024-04-17,Low Income Segment,Exceptional,Under 3k,843.0,2180.06,9314.91,13.98,0,1,1,1,False
7326,1,2025-03-25,2025-03-25,High Income Segment,Very Good,6k-10k,796.0,7633.39,6059.35,1.86,0,1,1,1,False
7327,4,2023-01-11,2024-10-16,Low Income Segment,Fair,Under 3k,474.25,2072.2174999999997,29891.39,83.89,0,1,4,4,True
7328,1,2025-05-03,2025-05-03,Middle Income Segment,Poor,3k-6k,550.0,4570.85,976.13,0.0,0,1,1,1,False
7329,2,2024-07-17,2024-09-17,High Income Segment,Poor,6k-10k,623.0,4829.84,10549.68,282.90999999999997,1,2,2,2,True
7330,1,2023-08-15,2023-08-15,Middle Income Segment,Fair,3k-6k,645.0,4075.13,2838.31,28.98,0,1,1,1,False
7331,4,2023-01-17,2024-03-29,Middle Income Segment,Exceptional,3k-6k,642.25,5064.0225,45598.79,14.23,0,1,4,4,True
7333,3,2023-05-07,2024-02-15,High Income Segment,Poor,6k-10k,541.0,6698.636666666666,13390.44,127.92,0,2,3,3,True
7334,1,2024-11-03,2024-11-03,High Income Segment,Poor,6k-10k,467.0,9984.07,4955.78,0.0,0,1,1,1,False
7335,2,2023-04-01,2024-02-18,Low Income Segment,Poor,3k-6k,484.5,3790.9349999999995,9924.51,30.03,0,2,2,2,True
7336,3,2024-10-14,2025-03-27,High Income Segment,Very Good,6k-10k,711.3333333333334,8068.983333333334,22536.21,208.31,0,2,3,3,True
7337,5,2023-10-15,2025-05-19,Low Income Segment,Poor,Under 3k,497.4,2847.2879999999996,25094.91,18.66,0,2,5,5,True
7338,3,2023-02-03,2025-01-15,High Income Segment,Poor,6k-10k,568.6666666666666,9089.746666666666,10658.59,0.0,0,1,3,3,True
7339,3,2024-05-13,2025-05-08,Middle Income Segment,Exceptional,3k-6k,636.3333333333334,5646.143333333333,24503.620000000003,155.55,0,2,3,3,True
7340,2,2024-12-12,2025-02-18,Middle Income Segment,Poor,3k-6k,371.5,4345.09,8455.53,194.67,1,1,2,2,True
7341,1,2023-10-27,2023-10-27,Middle Income Segment,Poor,3k-6k,502.0,4058.11,410.09,0.0,0,1,1,1,False
7342,3,2023-03-19,2024-01-28,Middle Income Segment,Fair,3k-6k,604.6666666666666,4395.463333333333,20855.47,42.56,0,2,3,3,True
7343,2,2023-10-10,2024-11-03,Middle Income Segment,Fair,3k-6k,655.0,5612.26,3814.0,329.15999999999997,2,1,2,2,True
7344,5,2023-12-17,2024-09-11,High Income Segment,Poor,6k-10k,447.6,6643.384,30420.75,394.33000000000004,2,3,5,5,True
7345,3,2023-10-26,2024-06-08,High Income Segment,Exceptional,6k-10k,654.6666666666666,6407.326666666667,13664.509999999998,27.54,0,2,3,3,True
7347,4,2023-01-29,2025-02-08,High Income Segment,Poor,6k-10k,542.75,7511.745,16881.02,83.61,0,2,4,4,True
7348,1,2023-01-08,2023-01-08,Middle Income Segment,Poor,6k-10k,386.0,6829.57,7431.67,89.97,0,1,1,1,False
7349,3,2023-12-06,2024-12-10,High Income Segment,Poor,3k-6k,452.3333333333333,5293.883333333334,20730.09,72.39,0,3,3,3,True
7351,3,2023-02-17,2024-08-26,High Income Segment,Poor,6k-10k,545.6666666666666,7714.78,15449.61,22.17,0,2,3,3,True
7352,1,2023-09-05,2023-09-05,High Income Segment,Good,6k-10k,728.0,9650.83,2933.01,0.0,0,1,1,1,False
7353,5,2023-04-17,2024-11-08,Middle Income Segment,Poor,3k-6k,526.2,5335.49,23926.34,193.35000000000002,0,2,5,5,True
7354,2,2024-11-14,2025-05-18,High Income Segment,Good,6k-10k,523.5,7531.96,14191.55,67.6,0,2,2,2,True
7356,3,2023-10-23,2024-07-31,Middle Income Segment,Poor,3k-6k,509.0,6147.9766666666665,9503.470000000001,401.19,2,2,3,3,True
7357,2,2023-01-15,2024-07-16,High Income Segment,Good,6k-10k,492.0,5874.46,10385.24,248.66,1,2,2,2,True
7358,2,2023-02-11,2023-10-14,High Income Segment,Fair,3k-6k,627.0,6033.54,10739.01,0.0,0,2,2,2,True
7359,6,2023-03-10,2024-11-20,High Income Segment,Poor,3k-6k,602.1666666666666,7503.524999999999,42469.009999999995,166.49,0,2,6,6,True
7360,3,2024-02-08,2025-04-02,High Income Segment,Poor,6k-10k,534.6666666666666,7626.433333333333,27313.13,97.45,0,2,3,3,True
7361,4,2023-03-21,2025-03-13,Middle Income Segment,Poor,6k-10k,487.75,6048.09,27322.350000000002,330.61,1,2,4,4,True
7362,2,2024-04-01,2024-04-07,Low Income Segment,Poor,3k-6k,611.0,2310.615,7072.58,204.7,1,2,2,2,True
7363,1,2024-10-19,2024-10-19,Middle Income Segment,Fair,3k-6k,629.0,5407.09,3147.62,0.0,0,1,1,1,False
7364,4,2023-02-11,2025-01-31,High Income Segment,Poor,6k-10k,528.75,7186.4349999999995,27009.17,263.64,1,2,4,4,True
7365,2,2024-08-20,2024-12-15,High Income Segment,Poor,6k-10k,454.0,4434.685,7194.71,50.64,0,2,2,2,True
7367,1,2023-04-20,2023-04-20,Low Income Segment,Poor,Under 3k,512.0,1493.16,7839.04,0.0,0,1,1,1,False
7368,2,2023-09-24,2024-11-29,Low Income Segment,Exceptional,3k-6k,606.5,2908.79,5739.98,64.57,0,2,2,2,True
7369,3,2023-01-18,2024-09-12,High Income Segment,Good,6k-10k,611.6666666666666,9444.653333333334,15373.300000000001,61.46,0,1,3,3,True
7370,4,2023-07-26,2024-12-20,Middle Income Segment,Fair,3k-6k,660.0,4950.525,11459.320000000002,85.38,0,3,4,4,True
7371,4,2023-08-17,2025-01-26,High Income Segment,Fair,6k-10k,597.25,7888.182499999999,21149.289999999997,18.15,0,2,4,4,True
7372,3,2023-02-12,2023-12-25,High Income Segment,Poor,3k-6k,521.3333333333334,5280.81,15191.130000000001,131.96,0,3,3,3,True
7373,1,2024-08-04,2024-08-04,Low Income Segment,Good,Under 3k,709.0,2406.69,2824.49,22.59,0,1,1,1,False
7374,4,2023-01-30,2025-04-21,High Income Segment,Fair,3k-6k,482.5,6343.84,37723.72,118.48,0,2,4,4,True
7375,2,2024-05-28,2024-12-12,Low Income Segment,Fair,6k-10k,673.0,4574.09,8158.84,66.79,0,2,2,2,True
7376,5,2023-01-15,2024-12-20,Low Income Segment,Exceptional,Under 3k,676.0,2776.514,16048.04,111.15,0,2,5,5,True
7378,1,2023-08-24,2023-08-24,Middle Income Segment,Poor,3k-6k,339.0,3856.45,15230.04,0.0,0,1,1,1,False
7379,1,2024-04-23,2024-04-23,High Income Segment,Good,6k-10k,716.0,8582.87,4790.82,0.0,0,1,1,1,False
7380,2,2023-05-10,2023-11-01,High Income Segment,Poor,6k-10k,330.5,9945.15,10573.95,7.56,0,1,2,2,True
7381,4,2023-02-26,2025-05-02,High Income Segment,Fair,3k-6k,653.75,6396.1175,13538.92,133.11,0,2,4,4,True
7382,5,2023-05-05,2024-10-08,Middle Income Segment,Fair,3k-6k,621.2,5098.6900000000005,21833.74,217.67,1,3,5,5,True
7383,2,2024-05-13,2024-08-31,Middle Income Segment,Poor,3k-6k,595.0,5188.11,15682.77,31.79,0,1,2,2,True
7384,1,2023-02-28,2023-02-28,High Income Segment,Poor,6k-10k,489.0,9640.48,386.22,0.0,0,1,1,1,False
7385,2,2024-05-31,2025-01-05,Low Income Segment,Poor,3k-6k,616.0,2978.39,14683.96,0.0,0,2,2,2,True
7386,2,2024-04-12,2025-02-18,High Income Segment,Fair,6k-10k,707.0,5764.28,11400.6,30.240000000000002,0,2,2,2,True
7387,3,2024-07-11,2025-04-13,Middle Income Segment,Exceptional,3k-6k,654.0,3899.48,21616.559999999998,241.6,0,2,3,3,True
7389,2,2023-04-02,2023-06-25,High Income Segment,Good,6k-10k,555.0,8587.295,10503.95,48.35,0,1,2,2,True
7391,4,2023-08-03,2025-01-04,Low Income Segment,Good,Under 3k,582.0,3275.8225,29834.75,79.42,0,2,4,4,True
7393,2,2023-04-25,2024-05-03,High Income Segment,Fair,3k-6k,482.5,6340.705,1425.13,44.1,0,2,2,2,True
7394,2,2023-01-03,2023-03-09,High Income Segment,Poor,3k-6k,497.0,6505.51,14199.1,128.03,0,2,2,2,True
7395,1,2023-08-28,2023-08-28,Middle Income Segment,Poor,3k-6k,498.0,5224.78,532.63,0.0,0,1,1,1,False
7396,3,2023-01-22,2024-01-17,High Income Segment,Fair,6k-10k,616.6666666666666,9068.703333333333,8239.02,194.0,1,1,3,3,True
7397,1,2024-03-30,2024-03-30,High Income Segment,Fair,6k-10k,621.0,7075.95,8115.28,0.0,0,1,1,1,False
7398,1,2024-03-17,2024-03-17,High Income Segment,Poor,6k-10k,535.0,9986.81,11000.79,63.32,0,1,1,1,False
7400,1,2025-03-05,2025-03-05,High Income Segment,Very Good,6k-10k,762.0,9950.73,9222.58,7.76,0,1,1,1,False
7401,5,2023-05-21,2024-07-08,High Income Segment,Poor,6k-10k,485.0,6355.908,26553.27,42.46,0,3,5,5,True
7402,2,2023-02-14,2024-05-04,Low Income Segment,Poor,3k-6k,523.5,2984.415,15231.24,158.8,1,2,2,2,True
7403,3,2023-12-13,2025-04-08,Middle Income Segment,Poor,3k-6k,516.6666666666666,4486.983333333334,12196.939999999999,65.02,0,2,3,3,True
7404,3,2023-10-05,2024-03-12,High Income Segment,Fair,6k-10k,601.0,7321.956666666668,6369.16,310.61,1,2,3,3,True
7405,3,2023-07-25,2025-04-27,High Income Segment,Fair,6k-10k,588.6666666666666,7130.796666666666,23032.77,82.21000000000001,0,2,3,3,True
7406,4,2024-06-29,2025-04-20,Middle Income Segment,Poor,3k-6k,508.5,4855.235000000001,21089.670000000002,46.81,0,1,4,4,True
7407,2,2023-06-19,2023-08-04,Middle Income Segment,Poor,3k-6k,582.0,5374.0,11936.619999999999,85.54,0,1,2,2,True
7408,1,2023-10-23,2023-10-23,Middle Income Segment,Poor,3k-6k,482.0,5958.83,5963.25,40.86,0,1,1,1,False
7409,4,2023-03-01,2023-08-05,Middle Income Segment,Poor,3k-6k,589.25,6099.39,19282.71,56.42,0,2,4,4,True
7410,2,2023-03-16,2024-01-25,Middle Income Segment,Fair,3k-6k,491.0,4989.53,15780.15,0.0,0,1,2,2,True
7411,4,2023-06-01,2025-02-01,Middle Income Segment,Poor,3k-6k,540.25,4270.625,13435.51,248.69,1,3,4,4,True
7412,3,2023-01-30,2025-03-15,High Income Segment,Poor,6k-10k,519.3333333333334,8603.16,10753.93,64.94,0,1,3,3,True
7413,5,2024-01-12,2025-04-22,High Income Segment,Poor,6k-10k,536.4,6668.918,34751.39,5.08,0,2,5,5,True
7414,2,2024-02-02,2025-05-09,Middle Income Segment,Good,3k-6k,521.0,6312.875,12941.65,57.839999999999996,0,1,2,2,True
7415,1,2025-02-28,2025-02-28,Middle Income Segment,Fair,3k-6k,599.0,3650.36,4403.15,0.0,0,1,1,1,False
7416,6,2023-03-26,2025-04-18,High Income Segment,Fair,6k-10k,602.5,4865.463333333334,17283.72,41.06,0,3,6,6,True
7417,2,2023-09-24,2024-03-05,Middle Income Segment,Poor,3k-6k,592.5,4786.56,5940.85,263.95,1,1,2,2,True
7419,1,2023-12-25,2023-12-25,Middle Income Segment,Poor,3k-6k,326.0,4376.95,8939.27,20.45,0,1,1,1,False
7420,5,2023-05-26,2024-10-08,High Income Segment,Poor,6k-10k,567.6,6598.9259999999995,28155.45,150.01,0,3,5,5,True
7421,2,2024-05-27,2025-03-17,High Income Segment,Exceptional,3k-6k,611.0,5823.745,26478.75,17.34,0,2,2,2,True
7423,1,2024-02-08,2024-02-08,Low Income Segment,Good,Under 3k,732.0,2742.08,634.97,0.0,0,1,1,1,False
7426,2,2023-06-11,2024-10-28,High Income Segment,Poor,3k-6k,324.5,7092.474999999999,11379.33,180.93,1,2,2,2,True
7428,1,2024-12-02,2024-12-02,Middle Income Segment,Good,3k-6k,727.0,3188.77,7039.51,62.96,0,1,1,1,False
7429,2,2023-01-28,2023-04-30,Middle Income Segment,Poor,3k-6k,472.5,4505.5599999999995,8862.13,30.31,0,1,2,2,True
7430,3,2023-02-14,2025-02-05,High Income Segment,Good,3k-6k,592.3333333333334,5069.009999999999,15886.45,132.2,0,3,3,3,True
7431,1,2023-03-19,2023-03-19,High Income Segment,Fair,6k-10k,581.0,7313.66,8005.16,46.68,0,1,1,1,False
7432,1,2023-10-24,2023-10-24,Middle Income Segment,Poor,3k-6k,312.0,3717.65,4003.61,0.0,0,1,1,1,False
7433,1,2024-03-06,2024-03-06,High Income Segment,Poor,6k-10k,383.0,9590.55,14527.17,0.0,0,1,1,1,False
7435,2,2024-06-13,2025-02-18,Middle Income Segment,Fair,3k-6k,469.5,5104.125,13665.1,0.0,0,1,2,2,True
7436,3,2024-02-14,2024-12-29,High Income Segment,Good,6k-10k,611.6666666666666,8577.976666666667,16321.400000000001,165.73,0,1,3,3,True
7437,5,2023-04-13,2024-07-07,High Income Segment,Poor,6k-10k,556.0,7952.254000000001,31340.510000000002,73.26,0,2,4,5,True
7439,3,2023-05-02,2025-05-13,High Income Segment,Poor,6k-10k,563.3333333333334,6119.833333333333,15844.75,41.47,0,2,3,3,True
7440,1,2023-04-14,2023-04-14,Middle Income Segment,Poor,6k-10k,535.0,6465.15,974.62,7.02,0,1,1,1,False
7441,2,2024-05-18,2024-06-27,High Income Segment,Good,6k-10k,744.0,6146.8550000000005,7596.96,16.09,0,2,2,2,True
7443,3,2023-03-06,2025-05-12,Middle Income Segment,Good,3k-6k,672.0,4322.586666666667,9834.75,1.2,0,1,3,3,True
7444,4,2023-01-03,2025-01-15,High Income Segment,Exceptional,6k-10k,664.25,5123.8825,31722.88,76.96,0,2,4,4,True
7445,3,2024-09-15,2025-03-27,Low Income Segment,Exceptional,Under 3k,653.3333333333334,3313.1666666666665,5059.73,10.84,0,2,3,3,True
7446,5,2023-02-24,2025-04-19,Middle Income Segment,Poor,3k-6k,575.2,4925.254,15082.19,161.16,0,3,5,5,True
7447,3,2023-08-04,2025-05-08,Middle Income Segment,Fair,6k-10k,613.6666666666666,6266.233333333334,5328.29,32.4,0,2,3,3,True
7448,2,2025-02-17,2025-03-31,Low Income Segment,Fair,3k-6k,523.5,2555.09,18127.27,76.99000000000001,0,2,2,2,True
7449,2,2023-04-06,2024-02-03,Low Income Segment,Poor,3k-6k,614.0,2912.99,5981.18,0.0,0,2,2,2,True
7450,4,2023-10-07,2025-03-20,Middle Income Segment,Poor,3k-6k,613.75,4328.2575,41178.28,60.14,0,3,4,4,True
7451,2,2024-05-16,2024-09-18,High Income Segment,Good,6k-10k,744.0,8687.91,8849.92,68.0,0,1,2,2,True
7452,4,2023-01-24,2024-12-08,Middle Income Segment,Poor,3k-6k,634.0,4694.83,17762.95,73.64,0,3,4,4,True
7453,1,2023-03-12,2023-03-12,High Income Segment,Good,6k-10k,726.0,8382.24,749.53,13.78,0,1,1,1,False
7454,3,2023-07-05,2025-03-29,High Income Segment,Very Good,3k-6k,715.6666666666666,5462.996666666666,4835.92,0.0,0,3,3,3,True
7456,1,2024-03-16,2024-03-16,Middle Income Segment,Poor,6k-10k,523.0,6292.16,3558.26,173.27,1,1,1,1,False
7457,5,2023-04-12,2025-01-19,High Income Segment,Poor,6k-10k,469.0,6639.245999999999,36921.87,254.54000000000002,1,3,5,5,True
7458,2,2024-02-27,2024-06-16,Low Income Segment,Poor,3k-6k,590.5,3411.785,7290.2,0.0,0,2,2,2,True
7459,2,2024-07-21,2025-02-26,High Income Segment,Poor,6k-10k,662.0,7517.385,3448.5299999999997,0.0,0,2,2,2,True
7460,2,2023-02-15,2024-12-12,Middle Income Segment,Exceptional,3k-6k,694.5,5354.6900000000005,6224.62,153.71,1,1,2,2,True
7461,4,2024-11-18,2025-04-16,High Income Segment,Poor,6k-10k,546.25,7466.2075,25886.61,69.12,0,2,4,4,True
7464,1,2023-11-09,2023-11-09,Low Income Segment,Fair,Under 3k,617.0,2065.46,7767.86,72.96,0,1,1,1,False
7465,2,2024-08-08,2024-08-08,Low Income Segment,Poor,3k-6k,574.5,2837.42,10089.46,44.18,0,2,2,2,True
7466,2,2023-06-12,2023-11-19,Low Income Segment,Poor,6k-10k,403.5,4780.605,15528.13,81.77,0,2,2,2,True
7467,4,2023-04-08,2024-05-11,Middle Income Segment,Poor,3k-6k,576.75,5556.762500000001,15414.960000000001,37.91,0,3,4,4,True
7468,6,2023-02-28,2024-07-09,Middle Income Segment,Fair,3k-6k,586.0,4225.84,29463.81,373.86,1,3,6,6,True
7469,2,2023-11-27,2025-04-16,High Income Segment,Exceptional,6k-10k,776.0,5160.385,7783.58,0.0,0,2,2,2,True
7470,3,2023-02-20,2024-10-20,Middle Income Segment,Poor,6k-10k,580.0,4902.446666666667,11268.35,162.11,1,2,3,3,True
7471,2,2023-06-08,2024-06-22,Low Income Segment,Poor,3k-6k,420.5,3978.61,12395.949999999999,159.49,1,2,2,2,True
7472,3,2023-03-07,2024-12-17,Middle Income Segment,Very Good,3k-6k,625.6666666666666,6542.373333333333,13112.8,0.0,0,2,3,3,True
7473,4,2023-03-10,2023-12-03,Middle Income Segment,Poor,6k-10k,554.0,5602.287499999999,23210.19,340.18,1,3,4,4,True
7474,4,2023-04-07,2024-04-02,Middle Income Segment,Poor,3k-6k,522.5,3743.4025,18372.73,94.50999999999999,0,2,4,4,True
7475,2,2023-01-29,2025-04-29,High Income Segment,Poor,3k-6k,467.0,7360.305,5137.59,129.26,0,2,2,2,True
7476,5,2023-01-06,2025-04-24,Middle Income Segment,Fair,3k-6k,549.6,4452.622,24558.99,163.39,0,2,5,5,True
7477,2,2023-08-18,2024-12-11,High Income Segment,Poor,6k-10k,545.0,5546.745000000001,5164.6900000000005,0.0,0,2,2,2,True
7479,2,2023-05-31,2023-12-25,Middle Income Segment,Fair,6k-10k,713.0,6201.365,13314.789999999999,87.47,0,1,2,2,True
7481,2,2023-01-02,2024-11-04,Low Income Segment,Poor,6k-10k,418.0,4364.655000000001,13745.759999999998,62.23,0,2,2,2,True
7483,1,2024-01-24,2024-01-24,Middle Income Segment,Poor,3k-6k,373.0,4425.78,4038.83,153.28,1,1,1,1,False
7484,1,2024-03-16,2024-03-16,Low Income Segment,Very Good,Under 3k,770.0,1039.82,3153.57,45.38,0,1,1,1,False
7485,3,2024-04-18,2024-12-27,High Income Segment,Poor,3k-6k,501.0,4462.413333333333,10939.24,25.59,0,3,3,3,True
7486,2,2025-01-18,2025-02-04,Low Income Segment,Poor,3k-6k,547.0,4023.16,10263.35,39.14,0,2,2,2,True
7487,4,2023-02-15,2024-02-11,Middle Income Segment,Poor,6k-10k,590.25,5821.7,10721.79,198.61,1,3,4,4,True
7488,1,2023-06-21,2023-06-21,High Income Segment,Fair,6k-10k,593.0,9186.04,7108.27,102.28,0,1,1,1,False
7489,1,2023-09-11,2023-09-11,High Income Segment,Very Good,6k-10k,754.0,9540.87,7535.72,0.0,0,1,1,1,False
7490,2,2024-05-13,2025-04-27,Middle Income Segment,Poor,3k-6k,451.0,4436.525,16797.32,0.0,0,1,2,2,True
7491,1,2024-12-14,2024-12-14,Middle Income Segment,Poor,6k-10k,411.0,6505.98,6182.0,37.2,0,1,1,1,False
7493,2,2023-05-01,2023-11-26,Low Income Segment,Poor,3k-6k,669.5,2598.165,6562.46,2.98,0,2,2,2,True
7495,2,2025-05-09,2025-05-11,High Income Segment,Poor,3k-6k,606.5,6936.91,10250.0,70.57,0,2,2,2,True
7496,4,2024-02-21,2025-03-06,Middle Income Segment,Very Good,6k-10k,734.0,5676.837500000001,24941.95,0.0,0,3,4,4,True
7497,4,2023-01-07,2024-09-27,High Income Segment,Good,3k-6k,637.25,6830.2625,13454.79,232.26999999999998,1,2,4,4,True
7499,3,2023-03-24,2025-03-30,Middle Income Segment,Fair,6k-10k,647.3333333333334,7096.463333333333,15199.89,112.66,0,2,3,3,True
7500,2,2023-06-10,2023-08-15,Low Income Segment,Poor,Under 3k,508.0,2275.33,14772.33,208.57999999999998,0,1,2,2,True
7501,3,2023-08-02,2025-01-17,High Income Segment,Poor,3k-6k,573.0,4069.8933333333334,22095.83,164.79000000000002,0,3,3,3,True
7502,2,2024-07-12,2024-10-26,High Income Segment,Good,3k-6k,526.5,7135.7699999999995,6637.41,0.0,0,2,2,2,True
7503,1,2024-01-30,2024-01-30,Middle Income Segment,Fair,3k-6k,628.0,5630.28,4286.22,7.11,0,1,1,1,False
7504,1,2025-01-16,2025-01-16,Middle Income Segment,Poor,3k-6k,400.0,5323.17,4445.58,0.0,0,1,1,1,False
7505,2,2023-07-08,2024-11-01,Low Income Segment,Fair,3k-6k,516.0,2635.75,10394.65,94.97,0,2,2,2,True
7506,3,2023-08-20,2024-08-19,High Income Segment,Fair,3k-6k,588.3333333333334,6021.236666666667,18342.12,0.0,0,3,3,3,True
7507,3,2023-01-30,2024-01-10,Low Income Segment,Poor,Under 3k,565.0,3116.31,9632.130000000001,111.72000000000001,0,2,3,3,True
7508,1,2024-12-26,2024-12-26,Middle Income Segment,Exceptional,3k-6k,818.0,5829.24,7471.94,4.28,0,1,1,1,False
7509,2,2023-11-22,2024-07-11,Low Income Segment,Exceptional,3k-6k,706.0,2374.395,3374.5,0.0,0,2,2,2,True
7510,1,2023-07-20,2023-07-20,Middle Income Segment,Poor,3k-6k,508.0,5197.05,8585.69,47.71,0,1,1,1,False
7511,2,2023-09-30,2023-12-27,High Income Segment,Fair,6k-10k,583.0,7871.700000000001,14242.23,50.75,0,2,1,2,True
7512,1,2024-12-31,2024-12-31,Low Income Segment,Poor,Under 3k,321.0,1639.17,7214.34,0.0,0,1,1,1,False
7513,3,2023-10-29,2024-02-11,High Income Segment,Poor,6k-10k,510.3333333333333,5740.293333333332,17373.36,19.13,0,3,3,3,True
7514,1,2024-11-04,2024-11-04,Middle Income Segment,Good,6k-10k,723.0,6680.09,1358.81,0.0,0,1,1,1,False
7515,1,2023-03-04,2023-03-04,Middle Income Segment,Poor,6k-10k,327.0,6897.28,7044.3,22.13,0,1,1,1,False
7516,3,2023-08-11,2023-11-08,High Income Segment,Poor,6k-10k,490.3333333333333,7418.353333333333,27953.78,88.83,0,2,3,3,True
7518,1,2023-02-11,2023-02-11,Middle Income Segment,Poor,3k-6k,569.0,4936.81,3312.81,0.0,0,1,1,1,False
7519,3,2023-03-31,2024-03-15,High Income Segment,Poor,6k-10k,450.6666666666667,7702.46,19860.29,50.02,0,2,3,3,True
7520,2,2023-03-06,2024-06-02,Low Income Segment,Good,3k-6k,608.0,4354.3099999999995,3210.34,68.43,0,2,2,2,True
7521,2,2023-02-10,2025-03-19,High Income Segment,Exceptional,6k-10k,801.5,9530.310000000001,8079.860000000001,40.67,0,1,2,2,True
7522,1,2024-01-19,2024-01-19,Middle Income Segment,Poor,6k-10k,382.0,6707.91,2614.35,30.17,0,1,1,1,False
7523,3,2024-02-06,2024-10-28,Middle Income Segment,Fair,3k-6k,690.6666666666666,4816.186666666667,15681.99,35.01,0,1,3,3,True
7524,3,2023-06-02,2024-07-02,High Income Segment,Poor,6k-10k,511.6666666666667,7575.9800000000005,17520.61,0.19,0,2,3,3,True
7525,2,2023-07-10,2023-08-26,Low Income Segment,Poor,Under 3k,624.0,2715.02,12660.810000000001,0.0,0,1,2,2,True
7527,1,2023-01-16,2023-01-16,Middle Income Segment,Poor,6k-10k,547.0,6599.16,5346.26,0.0,0,1,1,1,False
7528,2,2023-12-29,2024-05-30,Middle Income Segment,Fair,3k-6k,679.0,4107.205,15471.8,19.14,0,1,2,2,True
7530,2,2023-12-09,2024-12-31,Low Income Segment,Poor,6k-10k,443.0,3943.0899999999997,7174.31,0.0,0,2,2,2,True
7531,2,2023-06-13,2024-12-30,Low Income Segment,Good,3k-6k,542.5,3007.6200000000003,4227.0,86.3,0,2,2,2,True
7532,2,2023-08-16,2023-10-09,High Income Segment,Exceptional,6k-10k,659.5,5125.405000000001,11682.96,60.13,0,2,2,2,True
7533,4,2023-04-12,2024-11-21,High Income Segment,Poor,6k-10k,632.25,6347.6725,15272.02,197.26,1,3,4,4,True
7534,1,2024-05-03,2024-05-03,Middle Income Segment,Good,3k-6k,733.0,4635.47,2868.81,0.0,0,1,1,1,False
7536,1,2025-03-16,2025-03-16,Middle Income Segment,Poor,6k-10k,534.0,6824.68,3267.98,0.0,0,1,1,1,False
7537,2,2023-08-17,2023-09-06,High Income Segment,Poor,3k-6k,621.5,5916.915,11706.82,41.92,0,2,2,2,True
7538,1,2023-03-30,2023-03-30,High Income Segment,Poor,6k-10k,469.0,7094.68,6498.27,0.0,0,1,1,1,False
7539,4,2024-01-29,2024-11-05,High Income Segment,Poor,6k-10k,638.5,7462.1625,7683.49,193.57,0,2,4,4,True
7540,3,2024-02-18,2025-05-05,High Income Segment,Poor,3k-6k,500.0,5017.6033333333335,9897.19,55.62,0,3,3,3,True
7541,3,2023-01-12,2023-09-19,Middle Income Segment,Fair,3k-6k,592.6666666666666,4175.423333333333,18442.879999999997,87.03,0,1,3,3,True
7542,2,2024-04-18,2024-12-18,High Income Segment,Exceptional,3k-6k,769.5,6582.87,1388.24,37.93,0,2,2,2,True
7543,2,2023-06-23,2024-04-14,High Income Segment,Fair,3k-6k,536.5,5753.18,11276.78,53.22,0,2,2,2,True
7544,4,2023-05-04,2024-11-24,High Income Segment,Poor,6k-10k,602.25,5522.2975,34019.94,82.64,0,3,4,4,True
7545,1,2024-12-25,2024-12-25,Middle Income Segment,Poor,3k-6k,355.0,5633.53,3616.58,100.73,0,1,1,1,False
7546,4,2024-03-05,2024-10-17,Low Income Segment,Poor,Under 3k,477.5,3335.22,16729.36,278.78,1,2,4,4,True
7547,2,2023-01-01,2024-04-16,Middle Income Segment,Poor,3k-6k,354.5,5611.21,15428.009999999998,100.88,0,1,2,2,True
7548,4,2023-05-21,2025-02-28,Middle Income Segment,Poor,3k-6k,527.0,5623.3025,24713.78,106.45,0,1,4,4,True
7549,3,2023-09-01,2025-01-31,Middle Income Segment,Poor,3k-6k,606.3333333333334,3267.6366666666668,10300.84,0.0,0,2,3,3,True
7550,1,2025-04-02,2025-04-02,Low Income Segment,Poor,Under 3k,490.0,2135.77,7934.84,105.47,0,1,1,1,False
7552,1,2024-09-24,2024-09-24,Middle Income Segment,Poor,3k-6k,322.0,4420.79,5398.97,0.0,0,1,1,1,False
7553,6,2023-03-09,2024-05-31,High Income Segment,Poor,3k-6k,478.6666666666667,4830.345,25600.91,353.03999999999996,1,3,5,6,True
7554,2,2023-03-22,2024-07-08,High Income Segment,Poor,3k-6k,460.5,6875.545,14571.0,153.16,1,2,2,2,True
7555,1,2023-11-26,2023-11-26,High Income Segment,Fair,6k-10k,607.0,7379.16,3315.05,121.54,0,1,1,1,False
7556,1,2023-05-25,2023-05-25,Middle Income Segment,Poor,3k-6k,539.0,4897.74,5905.08,0.0,0,1,1,1,False
7557,1,2024-07-10,2024-07-10,Low Income Segment,Poor,Under 3k,341.0,1907.72,3645.42,99.14,0,1,1,1,False
7558,5,2023-07-23,2025-02-27,Middle Income Segment,Poor,3k-6k,618.8,4032.774,32218.800000000003,350.53,1,3,5,5,True
7559,3,2023-12-08,2025-04-17,High Income Segment,Good,6k-10k,679.6666666666666,7072.099999999999,24669.5,218.77,1,2,3,3,True
7560,2,2023-09-02,2025-03-09,Middle Income Segment,Good,3k-6k,724.0,5090.865,22007.39,281.44,1,1,2,2,True
7561,1,2025-02-10,2025-02-10,Low Income Segment,Good,Under 3k,694.0,1367.82,1278.36,0.0,0,1,1,1,False
7563,4,2023-01-08,2025-01-24,Low Income Segment,Good,6k-10k,538.5,4595.815,25746.15,112.99,0,3,4,4,True
7564,2,2023-10-01,2024-05-29,High Income Segment,Good,3k-6k,580.0,7283.325000000001,5949.96,0.0,0,2,2,2,True
7565,3,2023-04-12,2024-01-13,Low Income Segment,Good,Under 3k,581.6666666666666,3034.34,14361.75,99.65,0,2,3,3,True
7566,4,2023-07-11,2025-01-04,High Income Segment,Very Good,3k-6k,629.0,6272.32,20380.42,334.34000000000003,1,2,4,4,True
7567,2,2023-08-13,2024-05-04,High Income Segment,Exceptional,6k-10k,614.5,5682.065,7597.7,19.3,0,2,2,2,True
7568,1,2025-03-16,2025-03-16,High Income Segment,Poor,6k-10k,431.0,9247.12,12163.94,104.87,0,1,1,1,False
7569,3,2023-01-20,2024-07-13,Middle Income Segment,Poor,3k-6k,594.6666666666666,4182.053333333333,14895.39,168.79999999999998,1,1,3,3,True
7570,2,2023-12-01,2024-09-14,Low Income Segment,Exceptional,3k-6k,611.0,2047.645,6237.370000000001,79.74,0,2,2,2,True
7571,4,2023-11-07,2024-09-21,High Income Segment,Poor,6k-10k,562.25,5461.5975,25610.42,144.0,0,2,4,4,True
7572,1,2023-12-19,2023-12-19,High Income Segment,Fair,6k-10k,588.0,8220.79,3382.79,0.0,0,1,1,1,False
7573,1,2025-02-12,2025-02-12,High Income Segment,Poor,6k-10k,378.0,8222.81,4398.3,0.0,0,1,1,1,False
7574,3,2023-11-28,2025-03-28,Middle Income Segment,Exceptional,3k-6k,708.0,4058.3366666666666,20201.43,95.86,0,1,3,3,True
7575,3,2023-08-10,2024-05-27,High Income Segment,Exceptional,6k-10k,672.0,8384.18,15885.41,0.0,0,2,3,3,True
7576,1,2023-12-01,2023-12-01,Low Income Segment,Poor,Under 3k,302.0,2809.66,2150.13,0.0,0,1,1,1,False
7577,3,2023-08-31,2024-08-22,High Income Segment,Very Good,6k-10k,785.6666666666666,7084.996666666667,19511.65,16.22,0,2,3,3,True
7578,2,2024-06-25,2024-12-23,Low Income Segment,Poor,6k-10k,554.5,3520.005,11419.150000000001,76.18,0,2,2,2,True
7579,4,2023-06-19,2025-01-26,Middle Income Segment,Fair,6k-10k,661.25,5603.5,25060.95,381.15,1,3,4,4,True
7581,3,2023-07-22,2024-01-27,High Income Segment,Poor,6k-10k,502.3333333333333,7641.493333333333,12405.16,13.14,0,2,3,3,True
7582,5,2023-06-09,2025-02-19,Low Income Segment,Poor,6k-10k,506.4,4684.987999999999,26888.3,347.74,2,3,5,5,True
7583,3,2024-04-09,2025-03-21,High Income Segment,Poor,3k-6k,439.6666666666667,4951.656666666667,21942.16,177.89999999999998,0,3,3,3,True
7584,1,2025-03-21,2025-03-21,High Income Segment,Poor,6k-10k,425.0,9502.73,961.68,0.0,0,1,1,1,False
7585,1,2024-08-29,2024-08-29,Middle Income Segment,Poor,3k-6k,454.0,3460.4,2900.52,0.67,0,1,1,1,False
7586,2,2023-04-23,2025-04-07,High Income Segment,Poor,6k-10k,417.5,5067.57,11938.25,22.64,0,2,2,2,True
7587,4,2023-07-22,2025-01-20,High Income Segment,Poor,3k-6k,547.0,6445.282499999999,10267.46,119.99,0,2,4,4,True
7588,5,2023-05-11,2024-10-26,High Income Segment,Poor,6k-10k,515.2,6993.018000000001,22740.3,56.040000000000006,0,2,5,5,True
7589,5,2023-08-24,2024-12-28,High Income Segment,Fair,6k-10k,550.0,5777.753999999999,32516.82,48.79,0,3,5,5,True
7590,5,2023-10-23,2025-01-13,High Income Segment,Poor,6k-10k,474.8,5513.42,19591.239999999998,157.42,0,3,5,5,True
7591,1,2024-10-14,2024-10-14,Middle Income Segment,Poor,3k-6k,392.0,5428.89,3939.87,11.06,0,1,1,1,False
7592,2,2024-01-12,2024-08-04,Middle Income Segment,Fair,3k-6k,658.5,4118.975,12832.5,80.96,0,1,2,2,True
7593,2,2023-06-02,2023-09-24,High Income Segment,Fair,6k-10k,500.0,7256.71,6511.18,21.46,0,2,2,2,True
7594,2,2023-08-11,2023-10-11,Low Income Segment,Poor,Under 3k,471.0,1868.555,3950.79,21.01,0,1,2,2,True
7595,1,2024-02-12,2024-02-12,Middle Income Segment,Fair,6k-10k,609.0,6606.66,918.15,39.92,0,1,1,1,False
7596,2,2023-01-08,2024-11-08,Middle Income Segment,Poor,3k-6k,353.0,5847.33,2754.8599999999997,83.07,0,1,2,2,True
7597,2,2024-11-06,2025-05-04,Low Income Segment,Poor,3k-6k,563.0,3685.5550000000003,11488.89,136.5,0,2,2,2,True
7598,2,2024-04-26,2024-08-16,High Income Segment,Exceptional,6k-10k,683.5,7844.93,18280.48,0.0,0,2,2,2,True
7599,2,2023-05-05,2024-01-20,High Income Segment,Poor,3k-6k,350.0,6955.335,10995.99,0.0,0,2,2,2,True
7600,2,2023-01-08,2024-12-07,High Income Segment,Poor,6k-10k,509.5,8097.11,12554.01,38.17,0,1,2,2,True
7601,2,2024-08-18,2024-11-30,High Income Segment,Fair,6k-10k,520.0,6163.004999999999,13086.21,52.28,0,2,2,2,True
7602,2,2023-01-21,2023-11-02,Low Income Segment,Fair,3k-6k,652.0,3200.51,17374.28,100.35,0,2,2,2,True
7603,3,2023-04-17,2024-10-23,Middle Income Segment,Good,3k-6k,683.6666666666666,4693.173333333333,25482.7,155.45,1,1,3,3,True
7604,2,2024-03-05,2024-05-25,Low Income Segment,Exceptional,Under 3k,717.5,1796.0300000000002,19763.18,0.0,0,1,2,2,True
7605,2,2023-11-05,2024-03-24,High Income Segment,Poor,3k-6k,623.0,6492.1900000000005,26660.29,0.0,0,2,2,2,True
7606,3,2023-05-29,2025-01-31,Low Income Segment,Good,Under 3k,622.6666666666666,4733.376666666667,15252.82,27.32,0,2,3,3,True
7607,1,2023-07-23,2023-07-23,Middle Income Segment,Poor,3k-6k,326.0,3733.69,2315.98,0.0,0,1,1,1,False
7608,2,2024-12-29,2025-01-16,High Income Segment,Fair,3k-6k,656.0,6619.1849999999995,5147.38,23.13,0,2,2,2,True
7609,7,2024-01-30,2025-01-19,Middle Income Segment,Poor,3k-6k,538.4285714285714,5770.184285714286,48851.44,242.17,0,3,7,7,True
7610,3,2023-01-18,2024-10-22,Middle Income Segment,Fair,3k-6k,545.0,3666.353333333333,12248.45,90.71,0,1,3,3,True
7611,3,2023-01-21,2024-10-26,High Income Segment,Poor,6k-10k,558.3333333333334,7773.709999999999,12523.11,78.46,0,1,3,3,True
7612,1,2024-08-09,2024-08-09,Middle Income Segment,Good,3k-6k,712.0,3333.93,1888.68,48.29,0,1,1,1,False
7613,1,2025-02-22,2025-02-22,Middle Income Segment,Exceptional,3k-6k,822.0,3415.45,683.93,0.0,0,1,1,1,False
7614,6,2023-04-13,2025-05-10,Middle Income Segment,Poor,6k-10k,445.6666666666667,5613.245,45348.85,33.36,0,3,6,6,True
7615,3,2023-02-20,2025-01-19,High Income Segment,Exceptional,6k-10k,655.6666666666666,7370.823333333334,11350.65,315.06,1,2,3,3,True
7616,2,2024-08-25,2024-10-14,High Income Segment,Fair,3k-6k,675.0,5876.96,20505.58,81.04,0,2,2,2,True
7617,4,2023-05-01,2024-09-30,Middle Income Segment,Poor,6k-10k,475.5,5721.3475,39369.26,125.59,0,3,4,4,True
7618,4,2023-05-03,2025-04-02,Middle Income Segment,Poor,3k-6k,481.25,5608.1475,29798.55,281.65000000000003,1,2,4,4,True
7619,2,2023-12-04,2024-06-22,High Income Segment,Fair,6k-10k,669.0,7684.679999999999,14175.83,98.31,0,2,2,2,True
7620,2,2024-04-21,2024-11-23,Middle Income Segment,Poor,3k-6k,672.0,5202.855,4861.860000000001,185.28,1,1,2,2,True
7621,3,2024-03-23,2024-10-21,High Income Segment,Poor,6k-10k,541.3333333333334,6013.073333333334,9319.39,0.0,0,3,3,3,True
7622,3,2023-09-13,2024-08-20,High Income Segment,Poor,6k-10k,467.3333333333333,7708.9800000000005,12543.52,24.73,0,2,3,3,True
7623,3,2023-04-14,2024-09-29,Middle Income Segment,Fair,3k-6k,687.3333333333334,4602.946666666667,5072.76,236.32999999999998,1,1,3,3,True
7624,1,2025-01-31,2025-01-31,Low Income Segment,Fair,Under 3k,628.0,2029.32,11884.02,0.0,0,1,1,1,False
7625,2,2024-08-31,2024-09-08,Low Income Segment,Poor,3k-6k,378.5,3267.74,10066.75,2.92,0,2,2,2,True
7626,2,2023-11-30,2025-04-25,High Income Segment,Fair,3k-6k,661.0,5151.485000000001,14940.380000000001,357.74,1,2,2,2,True
7627,3,2023-05-25,2024-09-30,Low Income Segment,Poor,Under 3k,518.0,3182.913333333334,19237.51,249.94,0,2,3,3,True
7628,3,2024-08-08,2025-04-19,Middle Income Segment,Poor,6k-10k,602.0,7310.2300000000005,17403.69,172.09,1,2,3,3,True
7629,4,2023-11-30,2024-11-13,High Income Segment,Poor,6k-10k,579.75,7791.1525,12202.029999999999,102.39,0,2,4,4,True
7630,2,2023-11-23,2025-03-11,High Income Segment,Poor,6k-10k,380.5,4406.04,20170.51,191.12,0,2,2,2,True
7632,2,2023-06-02,2024-04-24,High Income Segment,Fair,6k-10k,578.5,5386.860000000001,12696.46,212.89,1,2,2,2,True
7633,2,2023-03-25,2023-10-24,Middle Income Segment,Exceptional,3k-6k,681.0,4566.49,517.85,39.98,0,1,2,2,True
7634,2,2024-05-25,2024-09-26,High Income Segment,Good,6k-10k,613.5,5326.47,15793.44,146.12,0,2,2,2,True
7635,3,2023-01-12,2025-03-13,High Income Segment,Poor,6k-10k,537.3333333333334,6950.946666666667,21493.61,44.31,0,2,3,3,True
7636,2,2024-05-25,2025-02-04,Middle Income Segment,Very Good,3k-6k,773.0,3736.115,3484.81,146.91,0,1,2,2,True
7637,2,2023-02-21,2025-05-10,High Income Segment,Exceptional,6k-10k,673.0,8429.25,4863.66,0.0,0,1,2,2,True
7638,3,2023-01-26,2024-09-27,Low Income Segment,Poor,Under 3k,511.3333333333333,4554.616666666667,9222.279999999999,123.81,0,2,3,3,True
7639,3,2023-06-04,2025-04-06,Middle Income Segment,Exceptional,3k-6k,772.3333333333334,6511.036666666667,10245.07,170.04000000000002,0,2,3,3,True
7640,1,2025-03-07,2025-03-07,Middle Income Segment,Poor,3k-6k,425.0,3163.4,377.03,0.0,0,1,1,1,False
7641,2,2024-12-10,2025-01-08,Low Income Segment,Fair,3k-6k,651.0,3653.3450000000003,12443.96,54.34,0,2,2,2,True
7642,3,2023-12-26,2025-04-11,Low Income Segment,Good,Under 3k,659.6666666666666,3971.6766666666667,20443.38,33.660000000000004,0,2,3,3,True
7643,5,2023-03-01,2024-10-13,Middle Income Segment,Poor,3k-6k,587.4,6599.444,27239.57,276.9,1,2,5,5,True
7644,4,2023-03-03,2024-08-17,High Income Segment,Fair,6k-10k,522.0,5860.1825,22947.25,210.18,0,3,4,4,True
7645,3,2023-02-24,2023-10-26,High Income Segment,Good,6k-10k,597.3333333333334,7926.006666666667,22022.84,0.0,0,2,3,3,True
7646,2,2024-08-24,2025-04-25,High Income Segment,Poor,3k-6k,443.5,6904.845,13861.6,183.83999999999997,0,2,2,2,True
7647,2,2023-03-06,2024-01-24,Low Income Segment,Fair,Under 3k,691.5,2327.5299999999997,8989.58,44.96,0,1,2,2,True
7648,1,2023-09-14,2023-09-14,Middle Income Segment,Good,3k-6k,714.0,5526.49,4257.57,0.0,0,1,1,1,False
7649,1,2025-02-22,2025-02-22,Middle Income Segment,Very Good,3k-6k,744.0,5870.99,1577.19,50.93,0,1,1,1,False
7651,5,2023-12-27,2024-10-25,High Income Segment,Poor,6k-10k,497.2,7298.7119999999995,28855.63,78.49000000000001,0,2,5,5,True
7652,5,2023-04-19,2025-04-23,High Income Segment,Fair,6k-10k,658.2,4857.072,34022.89,90.2,0,3,5,5,True
7653,2,2023-12-29,2024-11-04,High Income Segment,Good,3k-6k,549.0,5640.13,10418.01,90.4,0,2,2,2,True
7654,4,2023-09-04,2025-03-23,High Income Segment,Poor,6k-10k,600.0,6027.6725,19898.79,217.51999999999998,1,3,4,4,True
7655,7,2023-03-20,2024-07-16,Middle Income Segment,Poor,6k-10k,566.1428571428571,6302.825714285714,43216.99,130.42000000000002,0,2,7,7,True
7656,2,2023-10-29,2023-11-26,High Income Segment,Exceptional,3k-6k,629.5,7341.785,20429.96,5.37,0,2,2,2,True
7657,1,2024-11-07,2024-11-07,Low Income Segment,Very Good,Under 3k,770.0,1715.26,3861.78,0.0,0,1,1,1,False
7658,4,2023-07-29,2024-10-06,Middle Income Segment,Poor,6k-10k,466.75,5454.0725,18758.690000000002,189.54,1,3,4,4,True
7659,5,2023-03-26,2025-05-05,Low Income Segment,Good,6k-10k,543.4,4579.118,25951.41,47.620000000000005,0,3,5,5,True
7660,1,2024-05-07,2024-05-07,Low Income Segment,Poor,Under 3k,342.0,1741.08,9402.75,113.87,0,1,1,1,False
7661,2,2023-08-09,2023-11-04,High Income Segment,Fair,6k-10k,502.0,5311.425,2781.67,0.0,0,2,2,2,True
7663,1,2025-01-07,2025-01-07,Middle Income Segment,Fair,6k-10k,604.0,6786.92,270.09,0.0,0,1,1,1,False
7664,1,2024-12-04,2024-12-04,Low Income Segment,Poor,Under 3k,340.0,2497.58,9864.79,0.0,0,1,1,1,False
7665,4,2023-08-19,2025-04-04,High Income Segment,Poor,3k-6k,546.5,6158.4925,22992.16,56.230000000000004,0,2,4,4,True
7666,2,2023-04-13,2024-01-29,High Income Segment,Fair,3k-6k,701.5,6796.825,13659.41,0.0,0,2,2,2,True
7667,3,2023-04-06,2023-12-29,High Income Segment,Exceptional,6k-10k,609.0,5990.383333333334,16887.95,45.73,0,3,3,3,True
7668,7,2023-01-08,2024-11-18,Middle Income Segment,Poor,3k-6k,570.0,5429.067142857143,43132.33,203.96,0,3,7,7,True
7669,3,2023-02-04,2024-09-20,Middle Income Segment,Poor,3k-6k,464.3333333333333,5503.376666666667,28805.989999999998,62.6,0,2,3,3,True
7670,2,2025-01-20,2025-03-10,Low Income Segment,Exceptional,3k-6k,722.5,2523.1099999999997,14635.37,38.91,0,2,2,2,True
7671,5,2023-06-06,2025-03-31,Low Income Segment,Very Good,3k-6k,671.2,4099.118,28042.77,317.27,1,3,5,5,True
7673,3,2023-03-17,2024-01-15,High Income Segment,Exceptional,3k-6k,696.6666666666666,4874.803333333333,15201.86,62.089999999999996,0,3,3,3,True
7674,3,2024-03-14,2024-06-11,High Income Segment,Fair,3k-6k,543.0,5048.093333333333,14620.470000000001,167.72,1,3,3,3,True
7675,1,2024-06-05,2024-06-05,High Income Segment,Poor,6k-10k,479.0,8750.47,1339.07,0.0,0,1,1,1,False
7676,1,2023-06-03,2023-06-03,Middle Income Segment,Poor,3k-6k,451.0,3546.41,5013.58,80.58,0,1,1,1,False
7677,2,2023-04-26,2024-08-25,Middle Income Segment,Poor,3k-6k,456.0,4265.85,11781.98,153.31,0,1,2,2,True
7678,2,2023-10-08,2025-04-29,High Income Segment,Good,6k-10k,527.0,9927.625,4117.349999999999,4.77,0,1,2,2,True
7679,2,2023-08-05,2025-01-13,Low Income Segment,Poor,6k-10k,543.0,4403.16,8748.17,0.0,0,2,2,2,True
7680,2,2023-01-01,2024-10-17,High Income Segment,Poor,6k-10k,531.5,5020.88,10789.16,0.0,0,2,2,2,True
7681,5,2023-06-03,2025-01-03,High Income Segment,Poor,6k-10k,552.6,6466.384,25044.11,128.28,0,2,5,5,True
7682,1,2023-04-24,2023-04-24,Middle Income Segment,Fair,6k-10k,618.0,6916.93,2946.3,0.0,0,1,1,1,False
7683,6,2024-01-08,2025-04-18,High Income Segment,Poor,6k-10k,565.3333333333334,6184.566666666667,46106.72,115.84,0,3,6,6,True
7684,1,2024-10-15,2024-10-15,Middle Income Segment,Poor,3k-6k,465.0,4562.09,128.52,0.0,0,1,1,1,False
7685,2,2023-11-16,2025-01-13,Low Income Segment,Good,3k-6k,587.5,3998.7850000000003,12658.220000000001,48.18,0,2,2,2,True
7686,3,2023-08-19,2023-10-29,Middle Income Segment,Exceptional,6k-10k,624.3333333333334,5104.046666666666,10698.730000000001,0.0,0,2,3,3,True
7687,3,2023-02-09,2025-03-21,Low Income Segment,Exceptional,Under 3k,675.0,2508.1966666666667,24100.35,182.72,0,2,3,3,True
7688,1,2023-10-15,2023-10-15,High Income Segment,Very Good,6k-10k,759.0,8201.4,5000.64,0.57,0,1,1,1,False
7689,1,2023-12-24,2023-12-24,Middle Income Segment,Exceptional,3k-6k,823.0,3146.96,13390.26,142.49,1,1,1,1,False
7690,1,2025-02-06,2025-02-06,Middle Income Segment,Fair,3k-6k,656.0,5957.85,11505.41,82.23,0,1,1,1,False
7691,3,2023-01-23,2023-09-23,Middle Income Segment,Poor,3k-6k,543.0,5794.483333333334,7942.22,49.22,0,2,3,3,True
7692,2,2024-03-29,2024-04-19,High Income Segment,Poor,3k-6k,613.0,6913.299999999999,9243.65,2.65,0,2,2,2,True
7693,1,2023-01-09,2023-01-09,Middle Income Segment,Fair,3k-6k,591.0,3864.45,7948.38,21.49,0,1,1,1,False
7694,3,2023-08-20,2024-12-24,Middle Income Segment,Very Good,3k-6k,806.6666666666666,6004.116666666666,11585.04,0.0,0,2,3,3,True
7695,1,2024-03-28,2024-03-28,Middle Income Segment,Good,3k-6k,671.0,5524.13,4116.56,50.49,0,1,1,1,False
7696,2,2023-01-22,2023-11-17,High Income Segment,Poor,3k-6k,414.5,7543.865,16171.18,12.77,0,2,2,2,True
7697,3,2023-01-21,2024-12-19,Middle Income Segment,Very Good,3k-6k,669.3333333333334,5199.556666666666,14837.840000000002,37.62,0,2,3,3,True
7698,1,2024-09-18,2024-09-18,Middle Income Segment,Very Good,3k-6k,754.0,4735.39,2274.35,0.0,0,1,1,1,False
7700,1,2023-11-28,2023-11-28,Middle Income Segment,Exceptional,3k-6k,829.0,5042.15,15826.68,171.65,1,1,1,1,False
7701,3,2023-02-19,2024-12-07,Middle Income Segment,Poor,3k-6k,531.3333333333334,5582.856666666667,10900.51,207.24,1,1,3,3,True
7702,2,2023-03-12,2023-09-08,Low Income Segment,Poor,3k-6k,471.0,3930.415,17186.58,52.13,0,2,1,2,True
7703,1,2023-02-09,2023-02-09,Middle Income Segment,Very Good,3k-6k,775.0,5745.77,514.21,16.57,0,1,1,1,False
7704,7,2023-01-25,2025-05-08,High Income Segment,Poor,6k-10k,606.0,6223.855714285714,30738.24,425.18,2,3,7,7,True
7705,2,2024-05-07,2024-06-21,High Income Segment,Fair,3k-6k,679.5,6449.915,8231.720000000001,36.78,0,2,2,2,True
7706,1,2025-03-07,2025-03-07,Middle Income Segment,Very Good,6k-10k,768.0,6407.94,2275.03,0.0,0,1,1,1,False
7707,4,2023-01-17,2025-04-01,Middle Income Segment,Fair,6k-10k,590.25,5030.07,15497.52,49.31,0,2,4,4,True
7708,2,2023-11-04,2024-02-28,Low Income Segment,Good,Under 3k,604.0,1638.315,6784.45,75.36,0,1,2,2,True
7709,2,2023-04-03,2023-10-26,High Income Segment,Exceptional,3k-6k,593.0,7024.555,9190.43,170.32999999999998,1,2,2,2,True
7710,2,2024-04-18,2025-01-09,High Income Segment,Fair,6k-10k,467.0,8370.38,8298.710000000001,163.2,0,1,2,2,True
7711,4,2023-06-24,2024-06-07,Middle Income Segment,Exceptional,3k-6k,723.5,4060.0825,15493.05,140.55,0,2,4,4,True
7713,4,2023-09-29,2025-01-13,Low Income Segment,Poor,6k-10k,416.25,4247.1725,27865.870000000003,35.53,0,3,4,4,True
7714,2,2023-11-18,2024-10-27,High Income Segment,Poor,3k-6k,629.0,6532.625,5710.04,314.01,1,2,2,2,True
7715,2,2023-11-06,2024-04-15,Low Income Segment,Exceptional,6k-10k,566.0,4332.685,6298.77,0.0,0,2,2,2,True
7716,4,2023-02-13,2023-09-02,Middle Income Segment,Good,6k-10k,657.25,4930.67,16097.630000000001,102.14,0,3,4,4,True
7717,1,2023-11-27,2023-11-27,High Income Segment,Very Good,6k-10k,761.0,7971.58,5246.6,0.0,0,1,1,1,False
7718,3,2024-08-20,2025-04-07,Low Income Segment,Poor,Under 3k,582.3333333333334,2450.94,2255.01,29.33,0,2,3,3,True
7719,3,2023-01-28,2024-12-18,Low Income Segment,Poor,Under 3k,458.6666666666667,4221.296666666666,27102.57,98.12,0,2,3,3,True
7720,2,2024-01-14,2024-12-20,High Income Segment,Poor,3k-6k,371.5,5469.75,5030.16,0.0,0,2,2,2,True
7721,2,2023-01-27,2023-04-14,High Income Segment,Poor,6k-10k,674.0,9093.92,13065.23,72.22,0,1,2,2,True
7722,3,2023-05-31,2025-04-07,Middle Income Segment,Poor,3k-6k,463.6666666666667,5971.003333333334,24473.989999999998,90.64,0,1,3,3,True
7723,2,2023-11-04,2024-06-16,High Income Segment,Poor,3k-6k,499.5,5358.13,12994.25,95.0,0,2,2,2,True
7724,3,2023-02-23,2024-01-07,Middle Income Segment,Fair,3k-6k,513.3333333333334,4811.083333333333,18909.61,67.94,0,2,3,3,True
7726,2,2023-09-09,2025-04-24,Middle Income Segment,Good,6k-10k,576.5,6278.4,12770.01,164.03,1,1,2,2,True
7727,1,2023-01-12,2023-01-12,High Income Segment,Poor,6k-10k,305.0,7073.34,13638.72,137.4,0,1,1,1,False
7728,3,2024-11-14,2025-03-14,High Income Segment,Poor,6k-10k,518.6666666666666,6222.04,6396.35,62.08,0,2,3,3,True
7729,1,2023-01-13,2023-01-13,Low Income Segment,Good,Under 3k,693.0,1956.22,9921.12,27.91,0,1,1,1,False
7731,5,2023-03-14,2025-04-23,Middle Income Segment,Poor,3k-6k,585.6,5207.1900000000005,27017.73,74.99000000000001,0,3,5,5,True
7732,5,2023-02-01,2024-09-26,High Income Segment,Fair,3k-6k,639.8,5094.354,17567.54,231.24,1,3,5,5,True
7733,4,2023-02-15,2024-01-24,Middle Income Segment,Fair,3k-6k,629.5,5308.575,20346.35,73.2,0,2,4,4,True
7734,2,2023-04-20,2023-04-22,Middle Income Segment,Fair,3k-6k,698.5,3667.1349999999998,19197.57,0.0,0,1,2,2,True
7735,1,2024-01-16,2024-01-16,Middle Income Segment,Poor,3k-6k,340.0,4423.15,2367.46,62.16,0,1,1,1,False
7736,1,2024-08-25,2024-08-25,Low Income Segment,Exceptional,Under 3k,809.0,2952.17,12405.38,45.96,0,1,1,1,False
7737,2,2024-01-01,2025-02-22,High Income Segment,Poor,3k-6k,539.0,7066.74,8376.92,93.94,0,2,2,2,True
7738,2,2024-11-02,2025-03-13,Low Income Segment,Exceptional,3k-6k,734.0,2935.765,11409.61,189.41,0,2,2,2,True
7739,2,2023-03-07,2023-07-22,High Income Segment,Poor,3k-6k,446.5,6387.41,28004.66,0.0,0,2,2,2,True
7740,1,2024-10-04,2024-10-04,Middle Income Segment,Poor,6k-10k,480.0,6528.02,8130.22,0.0,0,1,1,1,False
7741,1,2025-04-01,2025-04-01,Middle Income Segment,Exceptional,6k-10k,849.0,6672.5,1907.84,214.9,1,1,1,1,False
7742,2,2024-02-20,2025-01-22,High Income Segment,Exceptional,3k-6k,645.0,6057.025,9443.400000000001,69.23,0,2,2,2,True
7743,1,2024-06-21,2024-06-21,High Income Segment,Very Good,6k-10k,768.0,8175.26,854.67,0.0,0,1,1,1,False
7744,3,2024-02-03,2024-09-22,Low Income Segment,Poor,Under 3k,468.6666666666667,3957.383333333333,25442.38,134.65,0,2,3,3,True
7745,1,2025-01-26,2025-01-26,High Income Segment,Fair,6k-10k,607.0,7137.19,7027.19,45.03,0,1,1,1,False
7746,1,2024-01-07,2024-01-07,Low Income Segment,Poor,Under 3k,420.0,2087.03,11546.45,0.0,0,1,1,1,False
7747,3,2023-02-26,2024-10-01,Middle Income Segment,Good,3k-6k,678.0,4046.6733333333336,10603.91,292.59000000000003,2,2,3,3,True
7748,5,2023-02-03,2025-02-19,Middle Income Segment,Poor,3k-6k,572.8,6395.776,19524.6,9.4,0,2,5,5,True
7749,3,2023-01-13,2024-03-28,Middle Income Segment,Exceptional,6k-10k,695.3333333333334,6930.610000000001,8420.59,0.0,0,2,2,3,True
7750,1,2023-04-14,2023-04-14,Middle Income Segment,Poor,6k-10k,381.0,6315.01,7210.54,45.87,0,1,1,1,False
7751,3,2023-05-30,2024-09-25,High Income Segment,Good,6k-10k,623.3333333333334,6884.45,15632.46,60.55,0,2,3,3,True
7752,5,2024-03-15,2025-05-07,Middle Income Segment,Poor,3k-6k,576.4,4410.632,19972.93,86.51,0,2,5,5,True
7754,2,2024-09-01,2025-01-07,High Income Segment,Poor,3k-6k,552.0,7330.95,9502.529999999999,86.58,0,2,2,2,True
7755,2,2024-01-09,2024-08-06,High Income Segment,Poor,3k-6k,409.5,6534.285,4560.37,0.0,0,2,2,2,True
7756,1,2023-05-18,2023-05-18,Middle Income Segment,Fair,3k-6k,645.0,4950.34,7954.77,0.0,0,1,1,1,False
7758,1,2023-03-07,2023-03-07,Low Income Segment,Exceptional,Under 3k,820.0,2803.1,6571.01,0.0,0,1,1,1,False
7759,1,2024-02-23,2024-02-23,Middle Income Segment,Good,6k-10k,678.0,6993.05,5252.97,0.0,0,1,1,1,False
7761,4,2023-04-03,2025-04-26,Middle Income Segment,Good,3k-6k,627.25,3655.42,11468.73,8.97,0,2,4,4,True
7762,2,2023-01-20,2023-06-22,High Income Segment,Poor,6k-10k,324.0,4860.75,8483.35,218.1,0,2,2,2,True
7763,6,2023-03-09,2025-02-14,High Income Segment,Poor,6k-10k,571.6666666666666,4974.848333333333,35317.75,396.28000000000003,2,3,6,6,True
7764,5,2023-09-21,2024-07-03,Low Income Segment,Poor,6k-10k,635.4,4472.5199999999995,28001.13,44.48,0,3,5,5,True
7765,1,2024-01-22,2024-01-22,Middle Income Segment,Poor,3k-6k,379.0,4227.42,6285.74,0.0,0,1,1,1,False
7766,5,2023-01-15,2025-04-29,High Income Segment,Poor,6k-10k,498.4,6201.168,27390.82,298.75,0,2,5,5,True
7767,3,2023-05-19,2024-11-18,High Income Segment,Poor,3k-6k,355.0,5854.389999999999,28594.04,18.06,0,3,3,3,True
7768,2,2024-01-26,2024-11-17,Low Income Segment,Good,Under 3k,539.5,1992.5,5851.360000000001,134.91,0,1,2,2,True
7770,3,2023-08-04,2025-04-27,Middle Income Segment,Poor,3k-6k,493.6666666666667,5823.360000000001,11133.539999999999,0.0,0,2,3,3,True
7771,3,2024-01-07,2024-07-24,High Income Segment,Poor,3k-6k,415.0,5687.32,23546.420000000002,4.91,0,3,3,3,True
7772,3,2023-02-24,2023-08-14,Middle Income Segment,Very Good,3k-6k,677.6666666666666,6511.3533333333335,15456.79,0.0,0,2,3,3,True
7773,4,2023-11-05,2025-02-01,High Income Segment,Poor,3k-6k,586.75,6665.885,15239.91,346.72,1,2,4,4,True
7774,2,2023-10-26,2025-03-17,Middle Income Segment,Fair,3k-6k,570.5,3927.8199999999997,15462.279999999999,0.0,0,1,2,2,True
7775,1,2024-06-02,2024-06-02,High Income Segment,Poor,6k-10k,344.0,7216.76,3162.5,0.0,0,1,1,1,False
7776,2,2023-09-29,2025-05-02,High Income Segment,Poor,6k-10k,502.5,5569.975,14453.41,0.0,0,2,2,2,True
7777,4,2023-12-11,2024-10-08,High Income Segment,Exceptional,3k-6k,690.75,7103.9025,18545.41,203.35000000000002,0,2,4,4,True
7779,1,2024-06-09,2024-06-09,High Income Segment,Fair,6k-10k,605.0,9874.6,1665.8,25.87,0,1,1,1,False
7780,2,2023-12-20,2024-10-28,High Income Segment,Poor,6k-10k,612.0,7847.13,8026.34,0.0,0,1,2,2,True
7781,2,2023-11-10,2024-02-18,High Income Segment,Fair,6k-10k,647.0,4732.375,16523.48,130.9,0,2,2,2,True
7782,2,2024-01-12,2024-02-04,Low Income Segment,Poor,3k-6k,375.0,3569.21,13660.73,24.8,0,2,2,2,True
7783,3,2024-05-28,2024-07-02,Middle Income Segment,Poor,3k-6k,495.6666666666667,3281.556666666667,497.11,84.61,0,2,3,3,True
7784,2,2023-05-04,2024-10-13,Low Income Segment,Fair,Under 3k,508.5,1760.5900000000001,10929.54,2.02,0,1,2,2,True
7785,3,2024-07-27,2024-12-26,High Income Segment,Poor,6k-10k,489.6666666666667,6415.28,31062.14,50.25,0,2,3,3,True
7786,3,2023-03-13,2024-08-17,Low Income Segment,Poor,Under 3k,592.0,2242.3933333333334,6095.329999999999,268.1,1,2,3,3,True
7787,3,2023-02-12,2024-11-26,Middle Income Segment,Poor,6k-10k,573.0,6142.563333333333,12964.24,241.48000000000002,0,1,3,3,True
7788,1,2024-07-29,2024-07-29,Middle Income Segment,Exceptional,3k-6k,802.0,3011.42,7649.0,0.0,0,1,1,1,False
7789,2,2023-07-06,2023-08-09,Low Income Segment,Exceptional,Under 3k,570.5,2272.05,14880.15,72.6,0,1,2,2,True
7790,1,2023-10-01,2023-10-01,Middle Income Segment,Poor,3k-6k,571.0,5026.88,1431.48,0.0,0,1,1,1,False
7791,2,2023-05-04,2024-11-11,High Income Segment,Exceptional,3k-6k,709.0,5944.0650000000005,9915.779999999999,46.85,0,2,2,2,True
7792,4,2023-05-21,2025-04-17,Low Income Segment,Poor,6k-10k,592.75,4540.365,24928.41,60.75,0,3,4,4,True
7793,4,2023-03-10,2025-01-16,Middle Income Segment,Poor,3k-6k,487.75,4360.4025,17606.09,104.16,0,2,4,4,True
7794,3,2023-04-29,2024-09-21,High Income Segment,Poor,6k-10k,449.6666666666667,7534.759999999999,21460.370000000003,80.0,0,2,3,3,True
7795,2,2023-07-02,2024-11-26,Middle Income Segment,Good,3k-6k,691.5,4547.450000000001,15851.970000000001,0.0,0,1,2,2,True
7796,1,2024-03-02,2024-03-02,Middle Income Segment,Good,6k-10k,728.0,6437.06,243.26,23.6,0,1,1,1,False
7797,1,2024-06-19,2024-06-19,High Income Segment,Exceptional,6k-10k,847.0,9118.88,3999.79,1.66,0,1,1,1,False
7798,2,2023-09-07,2025-02-15,High Income Segment,Fair,6k-10k,494.5,6245.86,7006.16,150.06,1,2,2,2,True
7799,6,2023-04-17,2024-02-07,Middle Income Segment,Poor,3k-6k,561.8333333333334,3939.7483333333334,31424.7,35.980000000000004,0,2,6,6,True
7800,2,2024-01-20,2024-09-06,Low Income Segment,Poor,3k-6k,312.0,3144.995,13948.16,39.02,0,2,2,2,True
7801,3,2023-02-11,2024-07-29,High Income Segment,Exceptional,3k-6k,589.6666666666666,4945.99,14612.48,75.27,0,3,3,3,True
7802,1,2025-05-03,2025-05-03,Low Income Segment,Poor,Under 3k,388.0,1020.38,4173.71,0.0,0,1,1,1,False
7804,2,2024-03-16,2025-05-17,Middle Income Segment,Fair,3k-6k,489.5,4212.085,18026.42,0.0,0,1,2,2,True
7805,2,2024-06-13,2025-05-01,High Income Segment,Exceptional,6k-10k,769.5,7609.875,16713.1,28.55,0,1,2,2,True
7806,3,2023-11-23,2025-03-27,Middle Income Segment,Exceptional,3k-6k,709.6666666666666,5455.003333333333,8317.41,274.54,1,1,3,3,True
7807,2,2024-04-20,2024-06-01,High Income Segment,Good,6k-10k,547.5,5811.030000000001,3304.4900000000002,21.25,0,2,2,2,True
7808,1,2023-10-21,2023-10-21,Middle Income Segment,Poor,3k-6k,408.0,4724.56,1822.3,201.01,1,1,1,1,False
7809,3,2023-04-11,2025-03-19,High Income Segment,Poor,3k-6k,463.3333333333333,5269.583333333333,36137.270000000004,79.91,0,3,3,3,True
7810,2,2024-05-19,2024-12-29,Low Income Segment,Exceptional,6k-10k,613.5,4493.9,8004.91,27.31,0,2,2,2,True
7811,4,2024-04-22,2025-05-04,High Income Segment,Poor,3k-6k,606.0,6473.04,23905.03,373.65999999999997,0,2,4,4,True
7812,2,2023-11-30,2025-01-02,High Income Segment,Good,6k-10k,683.0,8407.445,9801.85,0.0,0,1,2,2,True
7813,2,2023-07-08,2025-04-05,Low Income Segment,Good,3k-6k,719.5,2909.2,9909.18,15.39,0,2,2,2,True
7815,1,2023-05-26,2023-05-26,Middle Income Segment,Poor,3k-6k,515.0,5308.58,11196.76,93.9,0,1,1,1,False
7816,2,2023-05-24,2024-07-15,Middle Income Segment,Poor,3k-6k,406.0,4459.360000000001,17921.600000000002,0.0,0,1,2,2,True
7817,3,2023-04-22,2024-09-10,Low Income Segment,Poor,Under 3k,437.0,4307.113333333334,23150.63,34.36,0,2,3,3,True
7818,3,2023-10-09,2023-12-24,Low Income Segment,Exceptional,Under 3k,569.6666666666666,4001.486666666666,6672.2300000000005,0.0,0,2,3,3,True
7819,3,2023-07-10,2024-01-20,Middle Income Segment,Good,3k-6k,682.3333333333334,5330.253333333333,15517.49,74.41,0,1,3,3,True
7820,3,2023-04-20,2025-01-17,High Income Segment,Fair,6k-10k,569.6666666666666,5461.5233333333335,16012.57,87.05,0,3,3,3,True
7821,2,2024-01-03,2025-05-01,Low Income Segment,Poor,3k-6k,655.0,3010.005,12930.5,0.0,0,2,2,2,True
7822,1,2025-02-21,2025-02-21,Middle Income Segment,Poor,3k-6k,493.0,5064.01,3456.18,0.0,0,1,1,1,False
7823,2,2024-02-28,2024-07-18,Low Income Segment,Good,Under 3k,520.0,1737.465,11511.69,25.58,0,1,2,2,True
7825,2,2023-05-16,2024-07-26,Low Income Segment,Poor,Under 3k,600.5,1793.915,10010.060000000001,16.22,0,1,2,2,True
7827,3,2023-03-30,2023-11-18,High Income Segment,Exceptional,6k-10k,648.0,6836.0,34891.5,144.35000000000002,0,2,3,3,True
7828,4,2023-03-20,2025-02-12,Low Income Segment,Poor,Under 3k,602.5,4307.837500000001,19768.379999999997,160.21,0,3,4,4,True
7829,2,2023-09-01,2025-01-15,Middle Income Segment,Fair,3k-6k,707.0,3949.205,15151.579999999998,205.2,0,1,2,2,True
7830,1,2024-01-11,2024-01-11,Middle Income Segment,Poor,6k-10k,325.0,6287.15,9075.62,16.49,0,1,1,1,False
7831,2,2023-07-02,2024-01-14,Middle Income Segment,Fair,3k-6k,565.0,3237.35,10659.1,36.57,0,1,2,2,True
7832,1,2023-06-25,2023-06-25,Middle Income Segment,Exceptional,3k-6k,849.0,4910.78,2657.36,6.9,0,1,1,1,False
7833,4,2023-03-23,2024-07-20,High Income Segment,Poor,6k-10k,574.5,5208.215,22162.1,235.16,1,3,4,4,True
7834,4,2023-01-18,2024-12-01,Middle Income Segment,Exceptional,6k-10k,703.75,6291.175,32302.079999999998,189.01,0,2,4,4,True
7837,5,2023-08-07,2024-11-09,High Income Segment,Poor,3k-6k,445.0,5518.0380000000005,29576.81,79.67,0,3,5,5,True
7838,2,2024-01-21,2024-08-07,High Income Segment,Good,3k-6k,603.5,7295.955,11391.33,2.16,0,2,2,2,True
7839,3,2024-06-06,2024-08-31,Middle Income Segment,Poor,6k-10k,572.3333333333334,6428.893333333333,19192.07,105.36,0,2,3,3,True
7840,2,2024-01-13,2024-06-13,High Income Segment,Exceptional,3k-6k,674.0,6881.58,26346.53,70.79,0,2,2,2,True
7841,4,2023-02-03,2024-06-10,Middle Income Segment,Fair,3k-6k,626.0,4071.85,35772.14,47.26,0,2,4,4,True
7842,1,2023-03-21,2023-03-21,Middle Income Segment,Exceptional,3k-6k,809.0,4130.98,10549.58,0.0,0,1,1,1,False
7843,3,2023-02-12,2025-02-28,High Income Segment,Fair,6k-10k,612.3333333333334,6799.69,16452.61,243.15,1,2,3,3,True
7844,2,2023-07-02,2024-11-28,High Income Segment,Good,6k-10k,732.0,8056.035,13537.22,182.76,0,2,2,2,True
7845,4,2023-03-07,2025-01-02,High Income Segment,Exceptional,6k-10k,652.25,6236.89,34056.6,0.0,0,3,4,4,True
7846,3,2023-04-09,2025-04-11,High Income Segment,Fair,6k-10k,560.3333333333334,6743.556666666666,10918.68,87.97,0,2,3,3,True
7848,1,2023-07-20,2023-07-20,Low Income Segment,Exceptional,Under 3k,823.0,2731.17,2611.79,130.57,0,1,1,1,False
7849,3,2023-11-29,2024-05-02,Middle Income Segment,Poor,3k-6k,577.3333333333334,6109.759999999999,16895.07,41.09,0,2,3,3,True
7850,3,2023-08-13,2025-02-24,High Income Segment,Fair,6k-10k,615.6666666666666,7013.613333333334,16989.4,12.45,0,2,3,3,True
7851,3,2023-10-20,2024-12-09,Low Income Segment,Fair,Under 3k,562.6666666666666,3031.556666666667,19441.71,95.8,0,2,3,3,True
7852,6,2023-10-17,2025-03-30,High Income Segment,Poor,3k-6k,625.0,5987.615000000001,29467.7,90.79,0,2,6,6,True
7853,3,2023-11-18,2024-04-06,High Income Segment,Exceptional,6k-10k,768.0,5567.38,22401.42,130.8,0,3,3,3,True
7854,6,2023-08-11,2025-05-03,High Income Segment,Poor,6k-10k,591.5,6235.125,38577.31,270.8,0,3,6,6,True
7855,3,2023-11-11,2025-05-17,Middle Income Segment,Fair,3k-6k,529.3333333333334,4939.836666666667,13105.029999999999,59.6,0,2,3,3,True
7856,4,2023-08-27,2025-03-31,Middle Income Segment,Poor,3k-6k,637.5,4841.282499999999,23047.88,380.15999999999997,1,3,4,4,True
7857,1,2024-09-02,2024-09-02,High Income Segment,Very Good,6k-10k,768.0,9928.53,442.47,0.0,0,1,1,1,False
7858,2,2025-03-10,2025-05-18,Middle Income Segment,Exceptional,3k-6k,678.0,4742.58,9882.51,50.38,0,1,2,2,True
7859,2,2024-09-16,2025-05-19,Low Income Segment,Poor,6k-10k,581.5,4635.71,10426.220000000001,35.04,0,2,2,2,True
7860,3,2024-04-15,2024-11-01,High Income Segment,Exceptional,6k-10k,701.0,8836.876666666665,16539.57,213.13,1,1,3,3,True
7861,3,2023-06-17,2023-11-17,Middle Income Segment,Exceptional,3k-6k,694.0,3634.0499999999997,23222.72,104.0,0,2,3,3,True
7862,4,2023-03-29,2025-02-19,High Income Segment,Poor,6k-10k,592.5,5672.0650000000005,17417.260000000002,45.06,0,3,4,4,True
7863,1,2023-09-09,2023-09-09,Low Income Segment,Fair,Under 3k,654.0,1302.49,5026.7,61.0,0,1,1,1,False
7864,3,2023-01-14,2024-04-07,Low Income Segment,Exceptional,Under 3k,632.3333333333334,4222.786666666667,26672.29,259.03999999999996,1,2,3,3,True
7865,1,2023-12-05,2023-12-05,High Income Segment,Poor,6k-10k,349.0,9796.14,13781.18,137.61,0,1,1,1,False
7866,1,2023-04-11,2023-04-11,Middle Income Segment,Good,3k-6k,729.0,4968.8,874.52,0.0,0,1,1,1,False
7867,1,2025-03-29,2025-03-29,Middle Income Segment,Very Good,3k-6k,749.0,3766.14,4727.79,21.08,0,1,1,1,False
7868,1,2024-04-15,2024-04-15,Middle Income Segment,Exceptional,3k-6k,813.0,4806.86,4268.64,36.92,0,1,1,1,False
7869,5,2023-01-15,2025-04-20,High Income Segment,Poor,6k-10k,541.8,6220.875999999999,32240.23,162.92,0,3,5,5,True
7870,1,2023-07-03,2023-07-03,High Income Segment,Poor,6k-10k,313.0,8596.9,4998.58,0.0,0,1,1,1,False
7871,3,2023-06-17,2025-04-28,High Income Segment,Poor,3k-6k,540.6666666666666,5566.983333333334,10880.78,34.28,0,3,3,3,True
7873,1,2025-04-17,2025-04-17,Middle Income Segment,Very Good,3k-6k,747.0,4936.7,501.39,0.0,0,1,1,1,False
7874,1,2023-08-07,2023-08-07,Middle Income Segment,Poor,3k-6k,337.0,5144.98,4991.13,95.01,0,1,1,1,False
7875,3,2024-06-17,2024-10-09,Middle Income Segment,Good,3k-6k,611.0,2691.903333333333,14459.58,73.46000000000001,0,2,3,3,True
7877,1,2023-10-15,2023-10-15,High Income Segment,Poor,6k-10k,552.0,8695.4,2410.81,0.0,0,1,1,1,False
7878,3,2023-09-12,2025-05-01,Middle Income Segment,Poor,3k-6k,578.0,5128.32,11575.2,90.15,0,1,3,3,True
7880,1,2024-04-05,2024-04-05,Middle Income Segment,Poor,3k-6k,446.0,3202.61,7690.68,0.0,0,1,1,1,False
7881,6,2023-04-23,2025-01-29,High Income Segment,Poor,6k-10k,599.5,5994.241666666666,19226.75,142.55,0,2,6,6,True
7882,2,2023-01-14,2024-11-15,Middle Income Segment,Exceptional,3k-6k,572.0,4857.97,4536.66,65.45,0,1,2,2,True
7883,3,2023-06-18,2024-07-06,High Income Segment,Poor,6k-10k,504.0,7444.296666666666,9416.64,101.44999999999999,0,2,3,3,True
7884,1,2023-06-18,2023-06-18,High Income Segment,Exceptional,6k-10k,832.0,7952.45,6477.77,128.96,0,1,1,1,False
7886,1,2023-03-22,2023-03-22,High Income Segment,Poor,6k-10k,310.0,9087.09,11337.0,99.1,0,1,1,1,False
7889,1,2024-07-26,2024-07-26,Middle Income Segment,Poor,3k-6k,417.0,4722.92,3721.09,0.0,0,1,1,1,False
7890,2,2023-12-24,2024-03-20,Low Income Segment,Exceptional,6k-10k,591.5,4069.4,6758.469999999999,146.12,1,2,2,2,True
7891,2,2023-10-25,2024-02-21,High Income Segment,Exceptional,6k-10k,721.0,7510.1900000000005,25542.79,17.83,0,2,2,2,True
7892,2,2023-04-12,2024-07-11,High Income Segment,Poor,3k-6k,642.5,6806.27,14839.78,160.64,1,2,2,2,True
7893,2,2023-04-04,2025-04-18,High Income Segment,Fair,3k-6k,447.0,6153.59,1906.5300000000002,57.59,0,2,2,2,True
7894,1,2025-01-22,2025-01-22,Middle Income Segment,Poor,6k-10k,463.0,6668.97,9730.6,241.49,1,1,1,1,False
7895,5,2023-03-22,2024-02-10,Middle Income Segment,Poor,3k-6k,575.2,4128.219999999999,34365.45,432.89,2,2,5,5,True
7897,3,2024-04-05,2025-04-29,Low Income Segment,Exceptional,Under 3k,733.3333333333334,2540.86,22827.010000000002,26.82,0,2,3,3,True
7898,2,2023-04-11,2023-11-27,High Income Segment,Poor,3k-6k,454.5,6201.92,10956.74,0.0,0,2,2,2,True
7899,1,2024-10-28,2024-10-28,High Income Segment,Poor,6k-10k,442.0,9840.9,6067.07,0.0,0,1,1,1,False
7900,3,2023-10-25,2024-12-28,High Income Segment,Poor,3k-6k,535.0,4453.873333333333,5717.15,189.77,1,3,3,3,True
7901,2,2023-04-19,2023-10-20,High Income Segment,Good,6k-10k,560.5,9286.235,6180.84,0.0,0,1,2,2,True
7902,1,2024-08-22,2024-08-22,Middle Income Segment,Poor,3k-6k,550.0,3356.43,9226.88,57.76,0,1,1,1,False
7903,1,2023-01-04,2023-01-04,Middle Income Segment,Very Good,3k-6k,752.0,4313.55,8123.55,153.65,1,1,1,1,False
7905,5,2023-08-19,2025-03-21,High Income Segment,Poor,6k-10k,568.8,5872.16,31310.010000000002,245.79999999999998,1,3,5,5,True
7906,2,2024-06-28,2024-09-01,High Income Segment,Exceptional,6k-10k,803.5,5449.0199999999995,13699.61,0.0,0,2,2,2,True
7907,2,2024-04-13,2025-01-29,Low Income Segment,Poor,Under 3k,402.0,1663.94,13209.57,267.59000000000003,1,1,2,2,True
7908,1,2024-03-19,2024-03-19,Middle Income Segment,Poor,6k-10k,410.0,6644.0,14721.64,0.0,0,1,1,1,False
7909,1,2025-01-21,2025-01-21,Middle Income Segment,Poor,6k-10k,555.0,6991.97,10481.6,19.37,0,1,1,1,False
7910,2,2024-08-12,2025-04-14,Middle Income Segment,Good,3k-6k,593.0,4500.975,9824.08,12.32,0,1,2,2,True
7911,3,2023-04-12,2023-06-04,Middle Income Segment,Very Good,3k-6k,616.6666666666666,4454.54,12633.119999999999,10.71,0,1,3,3,True
7912,1,2024-11-09,2024-11-09,High Income Segment,Poor,6k-10k,329.0,7099.29,2488.3,0.0,0,1,1,1,False
7913,1,2024-10-14,2024-10-14,Middle Income Segment,Fair,3k-6k,665.0,4767.99,7270.2,0.0,0,1,1,1,False
7915,2,2023-01-10,2025-01-25,High Income Segment,Good,6k-10k,608.5,7844.575,21133.739999999998,0.0,0,2,2,2,True
7917,3,2023-04-12,2025-04-11,High Income Segment,Fair,6k-10k,504.6666666666667,6840.646666666667,11298.630000000001,86.62,0,2,3,3,True
7918,3,2023-01-04,2024-12-16,High Income Segment,Fair,6k-10k,661.6666666666666,8390.303333333333,20646.35,354.17,1,1,3,3,True
7919,3,2023-01-14,2024-12-06,Low Income Segment,Good,Under 3k,674.0,3301.5,19712.47,150.74,1,2,3,3,True
7920,1,2023-07-07,2023-07-07,Middle Income Segment,Poor,3k-6k,394.0,5693.82,13158.88,0.0,0,1,1,1,False
7922,2,2023-05-23,2024-04-18,High Income Segment,Fair,3k-6k,675.0,6246.655000000001,5482.99,30.82,0,2,2,2,True
7923,1,2024-10-06,2024-10-06,High Income Segment,Poor,6k-10k,555.0,7933.83,577.16,0.0,0,1,1,1,False
7924,3,2024-02-02,2025-01-08,High Income Segment,Poor,3k-6k,490.3333333333333,5276.573333333333,15327.06,87.81,0,3,3,3,True
7926,1,2023-12-13,2023-12-13,Middle Income Segment,Fair,6k-10k,637.0,6314.03,2296.22,0.0,0,1,1,1,False
7927,2,2024-07-22,2024-09-18,High Income Segment,Poor,6k-10k,616.0,4851.28,13272.04,164.43,0,2,2,2,True
7928,3,2024-07-11,2024-08-06,Middle Income Segment,Very Good,3k-6k,774.3333333333334,3765.0033333333336,19409.760000000002,0.0,0,2,3,3,True
7929,2,2024-07-21,2024-12-26,High Income Segment,Poor,3k-6k,362.5,7089.47,16201.19,0.0,0,2,2,2,True
7930,1,2023-12-15,2023-12-15,High Income Segment,Poor,6k-10k,316.0,9440.91,4468.37,2.87,0,1,1,1,False
7931,1,2023-08-16,2023-08-16,Middle Income Segment,Poor,3k-6k,502.0,5881.75,3046.01,0.0,0,1,1,1,False
7932,1,2024-12-21,2024-12-21,Middle Income Segment,Very Good,3k-6k,784.0,4063.78,257.78,95.15,0,1,1,1,False
7935,1,2024-02-19,2024-02-19,Middle Income Segment,Poor,3k-6k,571.0,3670.21,6001.23,0.0,0,1,1,1,False
7936,3,2023-10-28,2025-05-12,Middle Income Segment,Fair,3k-6k,557.6666666666666,3892.633333333333,15640.880000000001,0.0,0,2,3,3,True
7937,2,2023-03-21,2024-06-10,High Income Segment,Good,6k-10k,586.0,8767.560000000001,9257.01,15.23,0,1,2,2,True
7938,4,2023-05-26,2024-08-28,Middle Income Segment,Poor,3k-6k,603.0,5033.2300000000005,27404.61,150.55,1,3,4,4,True
7939,1,2024-01-31,2024-01-31,Low Income Segment,Good,Under 3k,708.0,1753.83,718.83,12.08,0,1,1,1,False
7940,3,2024-05-07,2025-03-25,Middle Income Segment,Fair,3k-6k,577.0,3605.1,9106.05,29.94,0,2,3,3,True
7941,3,2023-05-05,2024-09-27,Middle Income Segment,Poor,3k-6k,510.6666666666667,4576.36,22486.94,96.86000000000001,0,2,3,3,True
7942,2,2024-01-26,2024-03-04,High Income Segment,Poor,6k-10k,669.5,7744.254999999999,16750.489999999998,243.88,1,1,2,2,True
7943,3,2023-10-17,2024-11-29,Middle Income Segment,Poor,6k-10k,562.6666666666666,7403.4800000000005,24705.08,86.11,0,2,3,3,True
7944,3,2023-01-28,2024-10-25,Middle Income Segment,Good,3k-6k,587.0,4340.893333333333,19274.74,16.38,0,2,3,3,True
7945,2,2023-01-01,2025-03-29,High Income Segment,Fair,6k-10k,716.0,8439.37,9752.45,77.17,0,2,2,2,True
7947,3,2023-06-09,2024-10-02,Low Income Segment,Good,Under 3k,605.6666666666666,4127.07,14500.45,0.0,0,2,3,3,True
7948,1,2025-03-22,2025-03-22,Middle Income Segment,Poor,3k-6k,407.0,4264.91,3476.43,97.75,0,1,1,1,False
7949,4,2023-02-15,2025-05-01,Middle Income Segment,Poor,3k-6k,567.5,5327.3825,7725.870000000001,209.6,1,1,4,4,True
7950,2,2025-01-02,2025-03-30,High Income Segment,Fair,3k-6k,558.5,7506.84,7183.97,60.68,0,2,2,2,True
7952,4,2023-12-16,2024-11-02,Middle Income Segment,Poor,3k-6k,496.75,5731.01,34201.880000000005,164.7,0,2,3,4,True
7953,4,2023-05-17,2024-12-15,Middle Income Segment,Poor,6k-10k,487.5,5404.612499999999,28110.49,54.33,0,3,4,4,True
7954,1,2023-10-07,2023-10-07,Low Income Segment,Poor,Under 3k,362.0,1483.7,611.02,153.66,1,1,1,1,False
7955,1,2023-08-06,2023-08-06,Middle Income Segment,Fair,3k-6k,653.0,4212.36,3829.34,0.0,0,1,1,1,False
7956,1,2024-04-20,2024-04-20,Middle Income Segment,Poor,6k-10k,363.0,6622.12,4049.2,0.0,0,1,1,1,False
7957,4,2023-06-26,2024-06-16,Low Income Segment,Poor,Under 3k,601.25,2843.2,12613.07,134.51,0,2,4,4,True
7958,1,2023-11-13,2023-11-13,Middle Income Segment,Poor,3k-6k,361.0,5502.53,740.41,19.36,0,1,1,1,False
7959,3,2023-12-19,2024-08-26,Middle Income Segment,Poor,6k-10k,605.0,7193.77,13651.4,48.879999999999995,0,2,3,3,True
7960,2,2023-06-25,2025-03-05,Low Income Segment,Poor,3k-6k,564.5,3234.46,13618.76,130.63,0,2,2,2,True
7961,4,2023-01-18,2024-09-25,Middle Income Segment,Poor,3k-6k,505.0,4446.335,21838.2,98.43,0,2,4,4,True
7962,1,2025-01-16,2025-01-16,Middle Income Segment,Exceptional,3k-6k,805.0,4593.61,4853.49,83.12,0,1,1,1,False
7963,3,2023-02-16,2024-09-02,Middle Income Segment,Fair,6k-10k,611.6666666666666,6703.94,20032.25,172.39,0,2,3,3,True
7964,2,2024-09-16,2025-03-20,High Income Segment,Poor,3k-6k,631.5,7032.35,7457.48,21.56,0,2,2,2,True
7965,1,2024-12-19,2024-12-19,Middle Income Segment,Good,3k-6k,670.0,5831.94,2695.61,0.0,0,1,1,1,False
7966,3,2023-09-05,2025-03-28,High Income Segment,Poor,6k-10k,537.3333333333334,7537.07,16899.29,176.66,0,2,3,3,True
7967,2,2024-11-22,2025-04-27,Low Income Segment,Good,3k-6k,554.5,2238.13,10027.71,0.0,0,2,2,2,True
7968,2,2023-02-23,2024-12-28,Middle Income Segment,Fair,6k-10k,527.0,6272.145,9141.38,97.27000000000001,0,1,2,2,True
7969,1,2024-10-10,2024-10-10,Middle Income Segment,Very Good,3k-6k,787.0,5221.29,10015.15,124.7,0,1,1,1,False
7970,3,2023-02-07,2024-03-11,Middle Income Segment,Poor,3k-6k,370.6666666666667,4187.783333333334,22571.65,25.76,0,2,3,3,True
7971,2,2024-04-09,2024-11-01,Low Income Segment,Poor,3k-6k,430.0,3672.255,7051.57,0.0,0,2,2,2,True
7972,1,2024-11-14,2024-11-14,Low Income Segment,Fair,Under 3k,592.0,1180.12,1448.28,0.0,0,1,1,1,False
7973,2,2023-01-14,2024-03-16,Low Income Segment,Exceptional,3k-6k,658.5,3302.42,4559.94,0.0,0,2,2,2,True
7974,3,2023-09-22,2024-09-12,Middle Income Segment,Poor,6k-10k,589.6666666666666,5060.006666666667,8869.45,250.72,1,2,3,3,True
7975,2,2023-10-22,2024-12-18,Low Income Segment,Good,3k-6k,552.0,3180.27,8313.26,22.88,0,2,2,2,True
7976,3,2023-05-19,2024-08-22,Middle Income Segment,Poor,3k-6k,524.6666666666666,4557.47,11970.47,290.54,1,1,3,3,True
7978,1,2024-05-20,2024-05-20,Middle Income Segment,Good,3k-6k,733.0,3278.25,2816.26,0.0,0,1,1,1,False
7979,2,2023-10-31,2024-09-03,High Income Segment,Good,3k-6k,528.0,6247.565,6796.009999999999,131.31,0,2,2,2,True
7980,6,2023-04-13,2024-11-04,Low Income Segment,Exceptional,6k-10k,731.8333333333334,5167.808333333333,43531.06,131.73,0,3,6,6,True
7981,6,2023-03-09,2025-04-23,Low Income Segment,Poor,6k-10k,503.6666666666667,4722.44,22730.54,276.01,1,3,6,6,True
7982,2,2025-01-06,2025-01-16,Low Income Segment,Exceptional,Under 3k,710.0,1935.5,5675.0,0.0,0,1,2,2,True
7984,3,2023-03-22,2025-01-09,Middle Income Segment,Exceptional,3k-6k,617.6666666666666,3464.533333333333,13522.51,96.50999999999999,0,2,3,3,True
7985,3,2024-03-06,2025-04-22,Middle Income Segment,Poor,6k-10k,444.3333333333333,5974.606666666667,13010.119999999999,111.58999999999999,0,2,3,3,True
7986,2,2023-04-10,2024-12-17,Middle Income Segment,Fair,3k-6k,556.5,3564.5699999999997,13450.24,52.28,0,1,2,2,True
7987,1,2024-01-28,2024-01-28,Middle Income Segment,Poor,3k-6k,561.0,5008.44,8964.34,0.0,0,1,1,1,False
7988,1,2024-03-16,2024-03-16,Low Income Segment,Exceptional,Under 3k,816.0,1409.63,4526.97,23.11,0,1,1,1,False
7989,4,2023-02-05,2025-03-16,Middle Income Segment,Poor,3k-6k,505.25,4639.175,14281.849999999999,22.34,0,2,4,4,True
7990,2,2023-01-18,2023-06-09,High Income Segment,Poor,6k-10k,462.5,5958.2699999999995,9700.09,193.09,0,2,2,2,True
7991,3,2023-11-18,2024-10-22,High Income Segment,Good,6k-10k,643.3333333333334,6301.546666666666,24879.79,212.75,0,2,3,3,True
7992,2,2023-01-15,2023-03-16,Middle Income Segment,Good,3k-6k,538.0,4894.525,6033.3099999999995,192.74,1,1,2,2,True
7993,4,2023-05-08,2024-12-05,Middle Income Segment,Exceptional,3k-6k,709.5,5500.2975,15319.85,0.07,0,2,4,4,True
7994,1,2024-03-16,2024-03-16,Middle Income Segment,Poor,3k-6k,461.0,5799.1,7892.67,142.04,0,1,1,1,False
7995,3,2023-03-02,2024-03-11,High Income Segment,Fair,6k-10k,573.3333333333334,8746.496666666668,13176.76,66.36,0,1,3,3,True
7996,3,2023-04-26,2024-11-20,High Income Segment,Good,6k-10k,621.3333333333334,7101.043333333332,15717.0,97.61,0,2,3,3,True
7997,3,2023-01-09,2024-12-11,Middle Income Segment,Poor,3k-6k,508.0,3102.2166666666667,14310.92,182.68,0,2,3,3,True
7998,6,2023-02-05,2025-02-15,High Income Segment,Poor,6k-10k,594.5,6866.018333333333,56454.79,132.64999999999998,0,3,6,6,True
7999,5,2023-04-06,2024-08-02,Middle Income Segment,Poor,6k-10k,603.0,6147.108,24070.84,180.73,0,2,5,5,True
8000,4,2023-05-31,2024-12-22,Middle Income Segment,Poor,3k-6k,531.0,5308.8825,21644.559999999998,104.63,0,1,4,4,True
8001,2,2023-02-14,2024-09-12,High Income Segment,Good,3k-6k,563.5,6444.1849999999995,9372.34,84.15,0,2,2,2,True
8002,7,2023-04-19,2024-11-30,Middle Income Segment,Poor,3k-6k,612.8571428571429,4411.854285714286,31746.75,134.59,0,2,7,7,True
8003,2,2024-06-03,2024-06-22,Low Income Segment,Fair,Under 3k,559.0,2019.69,7476.36,8.15,0,1,2,2,True
8004,3,2024-10-21,2024-11-20,High Income Segment,Poor,6k-10k,555.6666666666666,7456.136666666666,19960.53,229.44,1,2,3,3,True
8005,1,2025-03-01,2025-03-01,High Income Segment,Poor,6k-10k,370.0,7794.24,6052.73,95.81,0,1,1,1,False
8006,3,2024-09-29,2025-03-28,High Income Segment,Exceptional,3k-6k,588.6666666666666,5412.886666666666,32840.36,15.18,0,3,3,3,True
8007,1,2025-04-12,2025-04-12,Middle Income Segment,Fair,3k-6k,646.0,4839.67,1132.48,0.0,0,1,1,1,False
8008,5,2023-01-04,2025-05-04,Middle Income Segment,Fair,3k-6k,599.8,5203.982,33079.47,19.09,0,3,5,5,True
8009,2,2025-04-06,2025-04-27,Middle Income Segment,Exceptional,3k-6k,813.0,5363.82,15331.31,22.01,0,1,2,2,True
8010,1,2023-10-10,2023-10-10,Low Income Segment,Good,Under 3k,715.0,1666.81,12011.03,80.41,0,1,1,1,False
8011,5,2024-03-24,2025-04-09,Low Income Segment,Poor,3k-6k,639.4,4009.3019999999997,37365.61,173.05,0,3,5,5,True
8012,1,2023-08-02,2023-08-02,Low Income Segment,Exceptional,Under 3k,844.0,1078.67,3983.71,36.87,0,1,1,1,False
8013,4,2023-02-17,2024-10-11,Low Income Segment,Poor,Under 3k,471.5,3657.565,8822.61,40.45,0,2,4,4,True
8014,3,2023-03-06,2024-12-22,High Income Segment,Poor,3k-6k,526.6666666666666,5156.546666666666,19887.59,269.76,1,3,3,3,True
8015,4,2023-07-26,2024-08-11,Low Income Segment,Poor,Under 3k,591.0,3950.6775,12615.4,209.13,1,3,4,4,True
8016,2,2023-07-29,2024-06-10,High Income Segment,Poor,3k-6k,414.0,6351.9,13746.439999999999,32.11,0,2,2,2,True
8017,2,2023-09-19,2023-10-16,High Income Segment,Fair,6k-10k,586.0,8159.64,5779.4400000000005,45.03,0,1,2,2,True
8018,3,2023-06-07,2024-10-24,Middle Income Segment,Poor,3k-6k,577.0,4172.87,12087.29,64.16,0,2,3,3,True
8019,1,2023-06-07,2023-06-07,Middle Income Segment,Exceptional,3k-6k,827.0,4088.52,149.74,0.0,0,1,1,1,False
8020,3,2023-05-17,2024-07-23,High Income Segment,Exceptional,3k-6k,640.3333333333334,4739.71,3914.94,0.0,0,3,3,3,True
8021,2,2023-11-23,2025-01-02,Middle Income Segment,Fair,3k-6k,545.0,4935.565,12705.83,12.45,0,1,2,2,True
8022,2,2024-08-15,2025-03-28,Low Income Segment,Good,3k-6k,723.0,4143.04,10216.66,0.0,0,2,2,2,True
8023,2,2023-02-22,2023-11-02,Low Income Segment,Poor,3k-6k,682.5,2944.51,14389.33,34.8,0,2,2,2,True
8024,2,2024-04-05,2025-03-29,Middle Income Segment,Exceptional,3k-6k,626.0,4236.935,4712.45,0.0,0,1,2,2,True
8025,2,2023-04-14,2023-09-26,High Income Segment,Fair,6k-10k,450.5,5099.17,8067.31,0.0,0,2,2,2,True
8026,2,2023-02-09,2023-09-29,High Income Segment,Exceptional,6k-10k,645.5,9370.325,1920.32,0.0,0,1,2,2,True
8027,3,2023-06-23,2025-03-10,Middle Income Segment,Exceptional,3k-6k,661.6666666666666,6269.91,13591.75,42.94,0,2,3,3,True
8028,2,2023-09-05,2024-02-24,Middle Income Segment,Poor,3k-6k,601.5,5127.165,8146.75,0.0,0,1,2,2,True
8029,1,2023-06-11,2023-06-11,Middle Income Segment,Good,3k-6k,671.0,3231.77,14047.58,0.0,0,1,1,1,False
8031,2,2024-07-09,2024-09-09,High Income Segment,Poor,3k-6k,473.5,6523.045,12291.37,36.04,0,2,2,2,True
8032,3,2023-06-09,2024-10-21,Middle Income Segment,Poor,3k-6k,529.6666666666666,4103.756666666667,24814.370000000003,0.0,0,2,3,3,True
8034,4,2023-11-02,2025-04-24,Low Income Segment,Very Good,6k-10k,694.0,4079.52,25642.82,66.01,0,3,4,4,True
8035,2,2023-06-15,2024-04-13,Middle Income Segment,Exceptional,3k-6k,787.5,4383.86,8656.7,0.0,0,1,2,2,True
8036,4,2023-11-23,2025-04-30,High Income Segment,Poor,6k-10k,470.0,7246.745,19591.54,204.72,1,2,4,4,True
8037,1,2023-09-29,2023-09-29,Low Income Segment,Exceptional,Under 3k,848.0,1714.03,1227.47,0.0,0,1,1,1,False
8038,2,2024-01-11,2024-04-16,High Income Segment,Fair,3k-6k,685.5,6282.59,16460.1,61.87,0,2,2,2,True
8039,2,2023-02-22,2024-03-09,High Income Segment,Poor,6k-10k,647.5,4913.19,18997.78,42.44,0,2,2,2,True
8040,1,2025-05-17,2025-05-17,Low Income Segment,Poor,Under 3k,383.0,2460.17,4850.22,213.7,1,1,1,1,False
8041,5,2023-06-11,2024-12-10,High Income Segment,Exceptional,6k-10k,659.8,5115.4839999999995,19310.539999999997,293.36,1,3,5,5,True
8042,1,2024-05-28,2024-05-28,Middle Income Segment,Poor,3k-6k,315.0,5205.41,4405.85,95.7,0,1,1,1,False
8043,3,2023-06-19,2024-05-04,High Income Segment,Poor,3k-6k,483.0,4778.39,19237.93,337.71000000000004,1,3,3,3,True
8044,2,2023-06-23,2025-03-30,High Income Segment,Poor,6k-10k,443.0,5370.58,7165.29,0.0,0,2,2,2,True
8045,4,2023-01-27,2024-06-23,High Income Segment,Exceptional,6k-10k,658.5,8106.5175,25475.88,23.68,0,2,4,4,True
8046,1,2024-09-27,2024-09-27,Middle Income Segment,Very Good,3k-6k,741.0,5221.48,9073.13,47.86,0,1,1,1,False
8048,2,2023-03-21,2023-09-01,High Income Segment,Exceptional,3k-6k,714.5,6938.495,10836.009999999998,72.36,0,2,2,2,True
8050,3,2024-06-30,2025-03-11,Middle Income Segment,Good,3k-6k,650.3333333333334,4869.276666666667,10805.23,87.43,0,1,3,3,True
8051,1,2023-02-06,2023-02-06,Middle Income Segment,Poor,3k-6k,357.0,3391.95,1893.28,3.6,0,1,1,1,False
8052,1,2025-04-05,2025-04-05,Middle Income Segment,Poor,6k-10k,537.0,6294.02,12213.13,83.71,0,1,1,1,False
8053,2,2023-12-31,2024-03-08,High Income Segment,Fair,3k-6k,584.0,7041.610000000001,20811.940000000002,93.65,0,2,2,2,True
8054,3,2023-09-06,2024-09-01,Middle Income Segment,Poor,3k-6k,461.3333333333333,5613.823333333334,13012.96,168.79,1,1,3,3,True
8055,5,2024-05-11,2025-02-18,Middle Income Segment,Poor,3k-6k,606.8,4843.138000000001,42268.07,200.73999999999998,0,3,5,5,True
8056,4,2023-07-04,2025-01-11,High Income Segment,Poor,6k-10k,593.25,7537.3724999999995,25874.410000000003,108.86000000000001,0,2,4,4,True
8057,2,2024-02-21,2024-04-09,Low Income Segment,Exceptional,3k-6k,774.0,3186.295,26144.79,16.29,0,2,2,2,True
8058,2,2023-09-22,2024-08-03,High Income Segment,Poor,3k-6k,384.0,5933.67,10798.7,49.8,0,2,2,2,True
8059,4,2023-04-08,2025-02-05,Low Income Segment,Poor,6k-10k,557.5,4909.355,26930.17,0.0,0,3,3,4,True
8060,2,2023-02-13,2025-03-06,High Income Segment,Poor,6k-10k,601.0,7289.6050000000005,22218.15,67.41,0,2,2,2,True
8061,1,2023-07-06,2023-07-06,Middle Income Segment,Very Good,3k-6k,764.0,5982.56,2864.16,0.0,0,1,1,1,False
8062,4,2023-02-13,2023-12-03,Middle Income Segment,Poor,3k-6k,610.25,4175.0425,26543.85,261.69,1,1,4,4,True
8063,1,2023-04-08,2023-04-08,Middle Income Segment,Poor,6k-10k,429.0,6233.38,2231.92,65.94,0,1,1,1,False
8064,2,2023-10-29,2024-10-19,Low Income Segment,Poor,3k-6k,617.0,3786.175,18766.79,61.8,0,2,2,2,True
8065,1,2023-02-11,2023-02-11,High Income Segment,Poor,6k-10k,355.0,9187.61,4948.66,0.0,0,1,1,1,False
8066,4,2023-07-15,2024-04-03,High Income Segment,Poor,6k-10k,537.5,6816.907499999999,9002.86,240.26999999999998,0,2,4,4,True
8067,2,2023-07-09,2024-05-15,High Income Segment,Poor,6k-10k,389.5,5458.675,7580.04,0.0,0,2,2,2,True
8068,1,2023-04-17,2023-04-17,High Income Segment,Fair,6k-10k,629.0,8749.4,8928.89,103.51,0,1,1,1,False
8069,6,2023-01-18,2025-05-13,Middle Income Segment,Poor,3k-6k,550.8333333333334,4694.638333333333,25740.559999999998,148.04,0,3,6,6,True
8071,1,2024-03-18,2024-03-18,Low Income Segment,Good,Under 3k,729.0,2129.62,3132.84,0.0,0,1,1,1,False
8072,3,2023-04-06,2024-12-27,Middle Income Segment,Poor,6k-10k,479.3333333333333,6946.94,20739.45,95.04,0,2,3,3,True
8073,3,2023-05-25,2024-11-28,Middle Income Segment,Exceptional,6k-10k,637.3333333333334,5832.509999999999,14293.51,278.2,1,1,3,3,True
8074,1,2025-01-14,2025-01-14,High Income Segment,Very Good,6k-10k,775.0,9726.6,3121.49,0.0,0,1,1,1,False
8075,2,2023-02-18,2023-03-02,High Income Segment,Poor,3k-6k,527.0,5706.610000000001,3881.3,0.0,0,2,2,2,True
8076,2,2023-02-08,2023-03-25,Low Income Segment,Exceptional,6k-10k,754.0,4379.065,7912.58,107.01,0,2,2,2,True
8077,4,2023-05-22,2024-06-21,Middle Income Segment,Good,3k-6k,660.75,5165.375,22837.13,546.91,3,3,4,4,True
8078,1,2024-08-30,2024-08-30,High Income Segment,Poor,6k-10k,508.0,7457.2,2187.65,29.3,0,1,1,1,False
8079,1,2024-11-20,2024-11-20,Middle Income Segment,Poor,3k-6k,440.0,5301.42,2038.5,152.87,1,1,1,1,False
8080,3,2023-09-20,2025-05-20,Middle Income Segment,Fair,3k-6k,598.3333333333334,5210.2,26313.629999999997,211.84,1,2,3,3,True
8081,5,2023-03-16,2024-02-04,Middle Income Segment,Poor,3k-6k,451.6,4511.538,30670.62,83.56,0,3,5,5,True
8082,7,2023-03-22,2025-02-14,Middle Income Segment,Poor,3k-6k,557.7142857142857,4709.39,34852.57,383.63,1,3,7,7,True
8083,4,2023-01-27,2024-08-22,Middle Income Segment,Fair,6k-10k,579.0,5416.495,9508.060000000001,168.57999999999998,0,3,4,4,True
8084,3,2023-02-15,2025-01-20,High Income Segment,Poor,6k-10k,550.0,8540.023333333333,3688.27,48.17,0,1,3,3,True
8086,4,2023-03-07,2025-03-17,High Income Segment,Poor,6k-10k,652.5,6940.04,20856.33,239.76999999999998,1,2,4,4,True
8087,5,2023-01-14,2025-05-10,Middle Income Segment,Very Good,3k-6k,629.6,5173.104,24493.39,324.91,1,2,5,5,True
8088,3,2023-02-06,2025-05-18,Middle Income Segment,Good,3k-6k,670.3333333333334,4633.69,14270.47,22.439999999999998,0,1,3,3,True
8089,3,2023-03-22,2024-10-19,Middle Income Segment,Fair,6k-10k,613.3333333333334,6742.673333333333,12669.97,0.0,0,2,3,3,True
8090,1,2024-04-11,2024-04-11,High Income Segment,Poor,6k-10k,460.0,7656.98,5270.48,0.0,0,1,1,1,False
8091,1,2024-03-02,2024-03-02,Low Income Segment,Very Good,Under 3k,781.0,1256.19,2408.58,18.61,0,1,1,1,False
8092,2,2023-06-13,2023-08-10,High Income Segment,Fair,3k-6k,713.5,6291.55,5773.7,37.68,0,2,2,2,True
8093,1,2024-12-30,2024-12-30,Middle Income Segment,Poor,3k-6k,339.0,5286.23,5788.73,76.16,0,1,1,1,False
8094,1,2024-12-09,2024-12-09,Low Income Segment,Poor,Under 3k,517.0,2163.85,5149.63,133.82,0,1,1,1,False
8095,2,2023-02-17,2024-09-26,High Income Segment,Poor,3k-6k,623.5,5408.42,5701.28,58.38,0,2,2,2,True
8096,2,2023-08-15,2025-03-19,High Income Segment,Good,3k-6k,757.5,6983.379999999999,13317.310000000001,93.81,0,2,2,2,True
8097,6,2023-01-23,2025-03-07,Low Income Segment,Poor,Under 3k,548.8333333333334,3886.398333333333,28946.120000000003,136.3,0,3,6,6,True
8098,3,2023-01-15,2024-02-16,High Income Segment,Fair,3k-6k,575.0,4897.183333333333,32821.86,48.59,0,3,3,3,True
8099,6,2023-02-07,2025-03-11,High Income Segment,Exceptional,6k-10k,659.0,7230.215,42764.25,276.88,0,2,6,6,True
8101,4,2023-05-05,2025-03-22,Low Income Segment,Poor,Under 3k,486.75,3690.375,12798.69,96.14,0,2,4,4,True
8102,3,2023-02-07,2024-01-22,High Income Segment,Poor,6k-10k,583.0,6935.093333333333,15417.6,17.18,0,2,3,3,True
8103,2,2024-03-02,2024-05-22,High Income Segment,Poor,6k-10k,581.5,8845.55,12515.02,41.89,0,1,2,2,True
8104,1,2024-01-03,2024-01-03,Middle Income Segment,Poor,3k-6k,541.0,4968.98,6282.59,0.0,0,1,1,1,False
8105,2,2023-07-01,2024-01-18,Middle Income Segment,Fair,3k-6k,616.0,5790.825,8830.59,98.29,0,1,2,2,True
8106,2,2024-01-16,2025-03-05,High Income Segment,Fair,6k-10k,475.5,6996.49,9591.71,98.4,0,2,2,2,True
8108,4,2023-01-07,2024-11-07,Middle Income Segment,Poor,3k-6k,588.5,4513.4975,8027.780000000001,164.81,0,2,4,4,True
8110,2,2023-04-04,2025-04-23,Low Income Segment,Exceptional,3k-6k,625.5,2635.04,9468.470000000001,292.86,1,2,2,2,True
8111,3,2023-03-12,2024-10-06,Middle Income Segment,Exceptional,6k-10k,746.3333333333334,6630.343333333333,14092.53,56.75,0,2,3,3,True
8112,1,2024-01-04,2024-01-04,High Income Segment,Poor,6k-10k,547.0,9856.69,5446.23,53.3,0,1,1,1,False
8114,2,2023-08-29,2025-01-09,Low Income Segment,Poor,3k-6k,457.5,4418.535,15332.21,0.0,0,2,2,2,True
8115,3,2023-03-20,2023-04-14,Low Income Segment,Fair,Under 3k,614.6666666666666,4536.916666666667,15037.67,27.8,0,2,3,3,True
8116,4,2023-03-23,2024-04-29,Low Income Segment,Fair,Under 3k,603.75,4444.785,19149.27,400.94,2,3,4,4,True
8117,4,2024-05-21,2025-05-02,Low Income Segment,Fair,Under 3k,608.75,4461.585,20744.79,50.04,0,3,4,4,True
8118,1,2024-02-28,2024-02-28,Middle Income Segment,Poor,3k-6k,400.0,5579.08,599.53,0.0,0,1,1,1,False
8119,3,2023-06-13,2024-09-01,Middle Income Segment,Poor,3k-6k,575.6666666666666,4249.536666666667,17633.88,91.83000000000001,0,2,3,3,True
8120,3,2023-05-17,2024-06-30,Middle Income Segment,Fair,6k-10k,713.3333333333334,6433.033333333333,15996.279999999999,80.13,0,2,3,3,True
8121,4,2023-05-02,2024-06-12,High Income Segment,Fair,6k-10k,668.25,6961.17,33449.659999999996,281.13,1,2,4,4,True
8122,2,2023-12-25,2024-06-24,High Income Segment,Fair,3k-6k,598.5,6720.48,10345.3,8.7,0,2,2,2,True
8123,2,2024-12-06,2025-04-28,High Income Segment,Poor,6k-10k,478.0,4483.075,12531.57,223.35000000000002,1,2,2,2,True
8124,4,2023-03-22,2025-01-13,High Income Segment,Poor,3k-6k,560.75,6264.3625,11409.01,207.49,1,2,4,4,True
8125,2,2023-10-23,2025-04-13,High Income Segment,Fair,6k-10k,509.5,5899.4349999999995,6147.43,50.11,0,2,2,2,True
8126,4,2023-01-16,2024-01-19,Middle Income Segment,Poor,3k-6k,416.75,4048.6075,9672.78,28.69,0,2,4,4,True
8127,4,2023-01-23,2025-03-19,High Income Segment,Exceptional,3k-6k,638.25,6773.897500000001,17744.260000000002,261.65,1,2,4,4,True
8128,2,2023-11-02,2025-05-11,High Income Segment,Fair,3k-6k,620.0,6102.36,9017.07,86.21,0,2,2,2,True
8129,3,2023-10-28,2024-09-19,High Income Segment,Good,6k-10k,734.0,7419.220000000001,15659.119999999999,31.82,0,2,3,3,True
8130,2,2024-06-23,2024-10-03,Middle Income Segment,Poor,3k-6k,567.0,4922.225,12852.52,0.0,0,1,2,2,True
8131,3,2023-04-25,2025-01-26,High Income Segment,Exceptional,3k-6k,774.6666666666666,4120.993333333333,5683.9,73.58,0,3,3,3,True
8133,1,2025-03-18,2025-03-18,Middle Income Segment,Good,6k-10k,736.0,6973.21,1123.2,38.23,0,1,1,1,False
8134,1,2023-11-04,2023-11-04,Middle Income Segment,Poor,3k-6k,322.0,5525.57,7574.38,0.0,0,1,1,1,False
8135,3,2024-02-12,2025-05-13,Middle Income Segment,Poor,6k-10k,579.6666666666666,6153.506666666667,15461.56,107.43,0,1,3,3,True
8137,2,2024-11-03,2025-04-01,High Income Segment,Poor,6k-10k,332.5,8752.935000000001,9807.5,0.0,0,1,2,2,True
8138,1,2023-05-21,2023-05-21,High Income Segment,Fair,6k-10k,641.0,7335.82,8406.43,0.0,0,1,1,1,False
8139,2,2024-05-08,2024-08-13,High Income Segment,Fair,6k-10k,600.0,4896.1900000000005,22268.46,23.25,0,2,2,2,True
8140,3,2024-05-13,2025-04-21,Middle Income Segment,Poor,6k-10k,538.3333333333334,4598.886666666666,17191.92,47.18,0,2,3,3,True
8141,4,2023-07-04,2024-07-21,Middle Income Segment,Fair,3k-6k,488.75,4691.2425,31215.44,106.22,0,3,4,4,True
8142,2,2023-08-24,2024-10-04,Low Income Segment,Exceptional,3k-6k,720.5,3264.7400000000002,8149.360000000001,0.0,0,2,2,2,True
8143,4,2023-09-12,2024-08-27,Middle Income Segment,Fair,3k-6k,646.75,4813.5025,41765.96,288.77,1,3,4,4,True
8144,1,2024-06-25,2024-06-25,High Income Segment,Fair,6k-10k,640.0,9840.24,2421.48,0.0,0,1,1,1,False
8145,3,2023-08-29,2025-04-26,High Income Segment,Good,6k-10k,578.6666666666666,6923.013333333333,12233.85,353.99,1,2,3,3,True
8146,2,2023-09-05,2024-12-15,Low Income Segment,Good,6k-10k,690.0,4474.95,13364.21,248.04000000000002,1,2,2,2,True
8147,5,2023-01-23,2025-03-06,Low Income Segment,Fair,3k-6k,606.4,4089.8020000000006,37610.76,182.4,0,3,5,5,True
8148,2,2023-07-07,2023-10-05,Middle Income Segment,Exceptional,3k-6k,762.0,3441.3100000000004,10363.73,0.0,0,1,2,2,True
8149,1,2023-12-03,2023-12-03,Middle Income Segment,Good,3k-6k,687.0,5261.64,1390.44,102.94,0,1,1,1,False
8150,2,2023-10-19,2023-11-06,High Income Segment,Poor,3k-6k,528.5,6852.695,10336.11,33.17,0,2,2,2,True
8151,3,2024-05-01,2024-11-02,High Income Segment,Good,6k-10k,588.3333333333334,7213.75,15997.279999999999,265.32,1,2,3,3,True
8152,1,2025-04-03,2025-04-03,Middle Income Segment,Poor,3k-6k,533.0,5485.83,13100.36,103.16,0,1,1,1,False
8153,2,2025-01-18,2025-01-21,Low Income Segment,Poor,3k-6k,640.5,3541.86,13664.01,86.73,0,2,2,2,True
8154,3,2023-08-27,2024-11-28,Middle Income Segment,Poor,6k-10k,515.6666666666666,5971.32,13546.5,171.85,0,1,3,3,True
8155,2,2023-08-10,2025-04-24,High Income Segment,Good,6k-10k,554.5,7171.82,4844.25,139.11,0,2,2,2,True
8156,2,2023-10-10,2024-08-10,High Income Segment,Poor,3k-6k,665.5,6896.2,9576.64,193.04,1,2,2,2,True
8157,3,2024-09-05,2025-05-15,Middle Income Segment,Fair,3k-6k,653.3333333333334,5935.169999999999,8787.99,3.9,0,2,3,3,True
8158,1,2024-04-12,2024-04-12,High Income Segment,Very Good,6k-10k,790.0,8279.88,5432.56,75.97,0,1,1,1,False
8159,2,2023-07-03,2023-12-23,Low Income Segment,Good,3k-6k,635.0,3989.5199999999995,5505.92,16.04,0,2,2,2,True
8160,3,2023-06-21,2025-04-21,High Income Segment,Poor,6k-10k,501.6666666666667,5639.356666666667,5354.72,6.9,0,3,3,3,True
8161,2,2023-10-14,2023-12-08,Middle Income Segment,Exceptional,3k-6k,821.0,5899.93,3911.24,66.11,0,1,2,2,True
8162,3,2024-03-30,2024-06-29,High Income Segment,Poor,6k-10k,545.0,7137.196666666667,9616.77,39.89,0,2,3,3,True
8163,4,2023-02-27,2024-11-20,High Income Segment,Poor,6k-10k,566.5,5620.0,22445.91,350.53,1,2,4,4,True
8164,3,2023-03-16,2025-03-31,Middle Income Segment,Poor,3k-6k,441.0,4549.993333333333,15484.04,42.59,0,2,3,3,True
8165,2,2023-11-07,2024-12-25,High Income Segment,Fair,6k-10k,520.0,7928.8150000000005,7616.679999999999,0.0,0,2,2,2,True
8166,4,2023-06-15,2025-04-07,Middle Income Segment,Poor,3k-6k,436.5,4876.13,28964.79,17.380000000000003,0,1,4,4,True
8167,4,2023-01-18,2025-01-21,High Income Segment,Poor,6k-10k,510.25,6741.79,21371.36,203.29000000000002,0,3,4,4,True
8168,1,2023-01-30,2023-01-30,High Income Segment,Poor,6k-10k,394.0,8425.67,772.6,0.0,0,1,1,1,False
8169,4,2024-05-24,2024-09-17,Middle Income Segment,Poor,6k-10k,596.75,6163.455,17728.620000000003,122.09,0,3,4,4,True
8170,4,2023-06-24,2024-01-21,Low Income Segment,Good,6k-10k,634.5,4839.2474999999995,22859.77,105.07,0,3,4,4,True
8171,2,2023-11-23,2024-10-03,Low Income Segment,Fair,3k-6k,628.0,2831.06,7038.69,100.49,0,2,2,2,True
8172,1,2025-02-09,2025-02-09,Low Income Segment,Good,Under 3k,711.0,2206.82,3581.33,5.81,0,1,1,1,False
8173,4,2023-03-11,2025-03-26,Middle Income Segment,Poor,6k-10k,529.5,5093.0675,19803.28,122.08000000000001,0,2,4,4,True
8174,1,2025-04-18,2025-04-18,High Income Segment,Very Good,6k-10k,778.0,8832.56,5656.82,0.0,0,1,1,1,False
8175,2,2023-06-24,2024-07-26,Low Income Segment,Poor,6k-10k,379.0,4140.235000000001,10154.27,97.35,0,2,2,2,True
8176,3,2023-06-09,2025-05-05,Middle Income Segment,Exceptional,3k-6k,716.6666666666666,6100.55,14844.54,0.0,0,2,3,3,True
8177,4,2023-01-16,2024-04-01,High Income Segment,Poor,6k-10k,565.25,6429.407499999999,16894.789999999997,168.65,0,3,4,4,True
8178,1,2023-05-26,2023-05-26,High Income Segment,Poor,6k-10k,308.0,7458.83,4064.04,0.0,0,1,1,1,False
8179,4,2023-01-09,2025-04-09,High Income Segment,Fair,6k-10k,553.75,6263.15,28114.22,0.0,0,3,4,4,True
8180,3,2024-04-07,2024-07-06,High Income Segment,Fair,3k-6k,592.0,4913.0233333333335,15259.63,394.67,2,3,3,3,True
8181,3,2023-04-21,2024-05-07,Middle Income Segment,Poor,3k-6k,473.0,5931.25,18483.91,232.34,1,2,3,3,True
8182,2,2024-10-25,2025-04-18,High Income Segment,Poor,6k-10k,464.0,8732.48,4518.22,0.0,0,1,2,2,True
8183,2,2024-08-27,2025-01-10,High Income Segment,Exceptional,3k-6k,803.5,5280.719999999999,17510.79,50.66,0,2,2,2,True
8184,2,2024-05-02,2024-08-28,Middle Income Segment,Exceptional,3k-6k,769.0,4280.365,6251.19,0.0,0,1,2,2,True
8185,2,2024-04-21,2024-09-11,High Income Segment,Fair,6k-10k,587.0,4921.674999999999,6951.62,100.75,0,2,2,2,True
8186,4,2023-05-24,2025-01-20,High Income Segment,Poor,6k-10k,467.75,6087.085,23977.17,388.64,2,3,4,4,True
8187,2,2023-02-23,2025-01-01,High Income Segment,Poor,6k-10k,387.5,8514.58,8668.46,0.0,0,1,2,2,True
8188,3,2023-03-10,2024-04-06,Middle Income Segment,Fair,3k-6k,591.6666666666666,6656.623333333333,22727.56,68.83,0,2,3,3,True
8189,2,2024-08-15,2025-03-28,High Income Segment,Fair,3k-6k,476.0,6886.055,9239.33,23.34,0,2,2,2,True
8190,6,2023-05-04,2025-03-11,High Income Segment,Poor,6k-10k,560.6666666666666,4688.906666666667,9645.16,192.29000000000002,1,2,6,6,True
8192,6,2023-03-23,2025-02-17,Middle Income Segment,Poor,6k-10k,573.8333333333334,5915.701666666667,21479.739999999998,453.17,1,3,6,6,True
8193,1,2025-04-06,2025-04-06,Middle Income Segment,Poor,3k-6k,445.0,4268.47,1572.34,0.0,0,1,1,1,False
8194,1,2024-12-14,2024-12-14,High Income Segment,Poor,6k-10k,391.0,7691.89,3596.91,0.0,0,1,1,1,False
8195,2,2023-08-14,2023-11-03,Middle Income Segment,Exceptional,3k-6k,627.0,5444.615,8954.939999999999,95.29,0,1,2,2,True
8196,4,2023-05-04,2024-01-03,High Income Segment,Poor,6k-10k,539.0,7448.7975,18746.42,110.54,0,2,4,4,True
8197,3,2023-05-22,2023-07-21,High Income Segment,Fair,6k-10k,635.0,7879.75,10022.35,0.0,0,2,3,3,True
8198,1,2024-11-11,2024-11-11,Middle Income Segment,Fair,3k-6k,598.0,5324.51,9160.91,0.0,0,1,1,1,False
8199,1,2024-03-17,2024-03-17,High Income Segment,Poor,6k-10k,424.0,9273.89,2001.39,0.0,0,1,1,1,False
8200,1,2023-06-26,2023-06-26,High Income Segment,Very Good,6k-10k,792.0,8725.89,12870.8,130.22,0,1,1,1,False
8201,1,2025-03-30,2025-03-30,Middle Income Segment,Poor,3k-6k,302.0,4444.17,12336.01,194.16,1,1,1,1,False
8202,2,2023-01-12,2024-10-17,High Income Segment,Fair,6k-10k,558.0,5168.89,9619.72,63.68,0,2,2,2,True
8203,2,2023-01-07,2023-12-02,Low Income Segment,Poor,3k-6k,615.5,3640.01,13069.710000000001,16.17,0,2,2,2,True
8204,1,2025-05-02,2025-05-02,Middle Income Segment,Poor,3k-6k,322.0,3657.04,12480.09,179.08,1,1,1,1,False
8205,2,2023-10-14,2024-08-10,Low Income Segment,Poor,3k-6k,636.0,2504.91,14100.47,82.27,0,2,2,2,True
8206,5,2023-01-24,2025-02-13,High Income Segment,Poor,3k-6k,568.8,6293.82,19458.52,125.93,0,3,5,5,True
8207,2,2023-11-13,2024-01-25,Middle Income Segment,Fair,3k-6k,645.5,3923.305,12443.480000000001,190.36,1,1,2,2,True
8208,3,2023-01-25,2024-04-24,Middle Income Segment,Poor,3k-6k,522.0,4269.7266666666665,14024.97,186.33,1,1,3,3,True
8209,2,2024-08-31,2024-09-06,High Income Segment,Poor,3k-6k,358.5,5961.5650000000005,17440.03,67.74,0,2,2,2,True
8210,4,2023-11-12,2025-03-14,High Income Segment,Poor,6k-10k,491.5,5547.685,28896.81,139.19,0,3,4,4,True
8211,4,2023-04-11,2025-05-17,High Income Segment,Exceptional,6k-10k,652.5,6385.6825,28480.92,199.64,0,3,4,4,True
8212,1,2025-02-24,2025-02-24,High Income Segment,Poor,6k-10k,506.0,9197.44,1655.29,51.71,0,1,1,1,False
8213,2,2023-11-18,2024-10-27,High Income Segment,Poor,3k-6k,613.0,6097.82,25112.64,126.99,0,2,2,2,True
8214,2,2024-03-30,2024-10-30,High Income Segment,Good,6k-10k,562.0,9093.93,9978.13,52.2,0,1,2,2,True
8215,2,2024-01-03,2024-07-23,Middle Income Segment,Poor,3k-6k,555.0,5544.695,9800.380000000001,151.15,0,1,2,2,True
8216,3,2023-01-28,2023-07-05,High Income Segment,Poor,6k-10k,650.0,6517.97,15018.51,0.0,0,2,3,3,True
8218,3,2023-11-28,2025-05-04,High Income Segment,Exceptional,6k-10k,689.3333333333334,6496.893333333333,24001.879999999997,233.7,1,2,3,3,True
8219,2,2024-01-03,2024-09-30,Middle Income Segment,Good,3k-6k,504.0,4148.01,9690.849999999999,63.9,0,1,2,2,True
8221,1,2023-08-31,2023-08-31,Middle Income Segment,Poor,3k-6k,537.0,5574.7,602.99,0.0,0,1,1,1,False
8222,3,2024-01-02,2025-04-11,High Income Segment,Poor,6k-10k,556.6666666666666,7081.706666666668,23297.6,45.85,0,2,3,3,True
8224,3,2023-12-29,2025-03-28,Middle Income Segment,Fair,3k-6k,608.3333333333334,4437.253333333333,7459.030000000001,0.0,0,2,3,3,True
8225,2,2024-10-11,2025-01-18,Middle Income Segment,Exceptional,3k-6k,693.0,4379.8150000000005,20019.690000000002,40.21,0,1,2,2,True
8226,6,2023-02-23,2025-02-13,High Income Segment,Poor,6k-10k,558.5,7931.088333333333,17693.67,440.11,2,2,6,6,True
8227,3,2023-12-13,2024-06-04,Low Income Segment,Exceptional,Under 3k,619.6666666666666,4630.79,11779.630000000001,194.44,0,2,3,3,True
8228,1,2025-01-13,2025-01-13,Middle Income Segment,Poor,3k-6k,337.0,5038.8,731.18,27.72,0,1,1,1,False
8229,2,2023-11-27,2024-03-08,High Income Segment,Exceptional,6k-10k,741.0,4200.75,7455.68,156.72,1,2,2,2,True
8230,3,2024-01-02,2025-05-04,Low Income Segment,Fair,Under 3k,631.6666666666666,3107.85,22601.050000000003,61.57,0,2,3,3,True
8232,4,2023-02-15,2024-04-22,Middle Income Segment,Poor,6k-10k,615.0,5442.205,27454.36,129.2,0,3,4,4,True
8233,2,2024-10-22,2025-04-01,Low Income Segment,Poor,3k-6k,423.0,2808.23,12396.84,138.21,0,2,2,2,True
8234,3,2023-02-11,2024-08-24,Middle Income Segment,Very Good,3k-6k,793.3333333333334,4118.36,21584.050000000003,188.56,0,2,3,3,True
8235,3,2023-01-25,2025-05-10,Middle Income Segment,Exceptional,3k-6k,777.6666666666666,6255.170000000001,8908.46,0.0,0,2,3,3,True
8236,4,2023-02-07,2025-05-18,High Income Segment,Poor,6k-10k,575.25,5906.995,25801.17,136.87,0,3,4,4,True
8237,3,2023-06-08,2025-04-30,High Income Segment,Poor,6k-10k,441.6666666666667,5014.366666666667,20587.04,79.28,0,3,3,3,True
8238,1,2025-01-06,2025-01-06,Low Income Segment,Very Good,Under 3k,742.0,2752.59,3783.92,0.0,0,1,1,1,False
8239,2,2024-10-24,2024-11-12,High Income Segment,Fair,6k-10k,586.0,4494.115,5877.240000000001,0.0,0,2,2,2,True
8240,5,2023-01-08,2024-04-12,Low Income Segment,Poor,Under 3k,574.2,4146.98,28431.609999999997,155.74,0,3,5,5,True
8241,2,2023-12-01,2023-12-30,Middle Income Segment,Poor,3k-6k,546.0,5956.555,5216.37,88.35,0,1,2,2,True
8242,1,2024-06-25,2024-06-25,Middle Income Segment,Poor,3k-6k,386.0,5201.74,9541.62,0.0,0,1,1,1,False
8243,3,2024-05-06,2024-12-03,High Income Segment,Fair,6k-10k,565.3333333333334,6468.316666666666,28107.5,29.0,0,2,3,3,True
8244,3,2023-07-31,2024-01-14,Middle Income Segment,Exceptional,3k-6k,704.0,4328.423333333333,22390.47,251.20000000000002,1,2,3,3,True
8245,2,2023-05-07,2024-07-08,High Income Segment,Poor,3k-6k,680.0,6827.7,14016.329999999998,69.27,0,2,2,2,True
8246,2,2023-12-22,2024-08-23,Middle Income Segment,Exceptional,3k-6k,769.0,4573.17,10429.99,189.71,1,1,2,2,True
8247,2,2023-07-12,2025-03-27,High Income Segment,Poor,6k-10k,523.0,6025.215,23637.41,103.68,0,2,2,2,True
8248,3,2023-09-01,2024-08-07,High Income Segment,Very Good,6k-10k,770.0,7995.626666666667,8770.54,0.0,0,2,3,3,True
8249,1,2023-09-15,2023-09-15,Low Income Segment,Good,Under 3k,716.0,1998.29,4483.81,102.15,0,1,1,1,False
8250,2,2023-01-28,2023-05-16,High Income Segment,Good,3k-6k,554.0,7834.215,16097.31,93.08,0,2,2,2,True
8251,1,2023-09-27,2023-09-27,High Income Segment,Poor,6k-10k,471.0,7734.52,1415.24,93.09,0,1,1,1,False
8252,2,2024-02-18,2025-03-16,Middle Income Segment,Good,3k-6k,566.0,4492.055,17424.46,7.18,0,1,2,2,True
8253,2,2023-07-09,2024-03-20,High Income Segment,Exceptional,6k-10k,603.5,5826.09,14745.640000000001,79.42,0,2,2,2,True
8254,2,2023-09-20,2024-10-27,Middle Income Segment,Fair,3k-6k,545.5,3640.91,14271.57,0.0,0,1,2,2,True
8255,1,2025-04-07,2025-04-07,Low Income Segment,Exceptional,Under 3k,821.0,2369.58,2378.51,0.0,0,1,1,1,False
8256,4,2023-01-29,2024-08-16,High Income Segment,Good,6k-10k,593.0,6244.3575,34132.91,488.32,2,3,4,4,True
8257,5,2023-09-19,2025-04-01,Middle Income Segment,Poor,6k-10k,577.2,6727.438,35565.7,81.69999999999999,0,2,5,5,True
8258,2,2024-03-22,2025-01-06,Middle Income Segment,Fair,3k-6k,548.5,5323.3150000000005,25262.64,0.0,0,1,2,2,True
8259,2,2024-07-02,2025-02-07,High Income Segment,Exceptional,6k-10k,623.0,8122.495,3692.41,164.1,0,1,2,2,True
8260,3,2024-05-17,2025-02-02,Middle Income Segment,Good,6k-10k,638.6666666666666,6349.286666666667,3894.57,15.86,0,2,3,3,True
8261,1,2025-05-12,2025-05-12,High Income Segment,Good,6k-10k,670.0,9823.07,7366.44,0.0,0,1,1,1,False
8262,3,2023-01-23,2025-02-22,High Income Segment,Poor,3k-6k,489.0,5925.623333333333,6748.83,0.0,0,3,3,3,True
8263,4,2023-10-07,2025-02-14,Middle Income Segment,Fair,3k-6k,653.0,6822.700000000001,16445.870000000003,0.0,0,2,4,4,True
8264,4,2023-04-01,2024-10-24,High Income Segment,Poor,6k-10k,500.0,6659.08,13567.45,120.25,0,2,4,4,True
8265,3,2023-07-23,2025-03-12,Middle Income Segment,Poor,3k-6k,551.6666666666666,3189.9966666666664,16325.93,85.30000000000001,0,2,3,3,True
8266,3,2023-07-19,2023-11-13,High Income Segment,Poor,6k-10k,500.6666666666667,9247.61,11931.09,58.260000000000005,0,1,3,3,True
8268,1,2025-04-12,2025-04-12,High Income Segment,Fair,6k-10k,649.0,7111.4,432.1,0.0,0,1,1,1,False
8269,4,2023-11-30,2024-11-14,Middle Income Segment,Poor,6k-10k,395.75,5682.5525,21875.38,14.9,0,3,4,4,True
8270,2,2024-05-31,2025-01-29,Low Income Segment,Exceptional,3k-6k,759.0,3615.11,9339.2,0.0,0,2,2,2,True
8271,2,2023-07-29,2023-08-22,Low Income Segment,Fair,3k-6k,503.5,3078.63,23321.88,0.0,0,2,2,2,True
8272,1,2023-12-25,2023-12-25,High Income Segment,Fair,6k-10k,612.0,7267.7,6535.55,16.5,0,1,1,1,False
8273,1,2025-02-24,2025-02-24,Low Income Segment,Very Good,Under 3k,783.0,1050.41,2010.48,0.0,0,1,1,1,False
8274,3,2023-07-30,2024-11-01,High Income Segment,Poor,6k-10k,462.3333333333333,8284.646666666667,9483.77,9.59,0,2,3,3,True
8275,1,2025-05-09,2025-05-09,High Income Segment,Poor,6k-10k,501.0,8479.47,6033.67,0.0,0,1,1,1,False
8276,2,2023-05-10,2024-12-03,Middle Income Segment,Poor,3k-6k,595.5,5931.35,11841.5,6.3,0,1,2,2,True
8279,3,2023-12-27,2024-04-08,High Income Segment,Fair,3k-6k,518.3333333333334,5121.386666666666,11705.130000000001,194.71,1,3,3,3,True
8280,5,2023-02-03,2025-04-23,Middle Income Segment,Poor,3k-6k,625.0,3984.554,17872.88,31.93,0,2,5,5,True
8281,1,2023-04-02,2023-04-02,Middle Income Segment,Poor,6k-10k,557.0,6203.88,10143.42,0.0,0,1,1,1,False
8282,4,2023-01-01,2025-02-14,Low Income Segment,Poor,Under 3k,564.25,2952.5225,31460.72,155.83,1,2,4,4,True
8283,2,2024-02-01,2024-07-15,Low Income Segment,Good,Under 3k,557.5,2263.47,8642.75,28.51,0,1,2,2,True
8284,1,2024-10-28,2024-10-28,High Income Segment,Exceptional,6k-10k,835.0,8345.66,4731.54,35.33,0,1,1,1,False
8285,2,2024-09-04,2025-02-08,High Income Segment,Fair,3k-6k,705.0,7301.455,15436.54,0.0,0,2,2,2,True
8287,2,2024-08-09,2025-01-12,Middle Income Segment,Fair,3k-6k,520.5,5198.04,9073.78,75.77,0,1,2,2,True
8288,4,2023-08-05,2025-04-19,Low Income Segment,Poor,Under 3k,590.75,3819.62,16362.93,59.11,0,3,4,4,True
8289,1,2024-01-03,2024-01-03,High Income Segment,Good,6k-10k,731.0,7408.38,1889.5,0.0,0,1,1,1,False
8290,2,2024-02-18,2024-04-08,High Income Segment,Poor,6k-10k,588.5,7855.870000000001,8816.17,0.0,0,2,2,2,True
8291,3,2023-05-15,2024-11-29,High Income Segment,Poor,6k-10k,382.0,8243.269999999999,14351.509999999998,40.28,0,2,3,3,True
8292,2,2023-11-21,2025-04-30,High Income Segment,Poor,6k-10k,438.0,6933.885,11871.16,69.94,0,2,2,2,True
8294,2,2023-04-26,2023-08-30,High Income Segment,Exceptional,6k-10k,590.0,8080.9400000000005,5506.49,3.37,0,2,2,2,True
8295,2,2024-01-09,2025-04-04,Low Income Segment,Very Good,3k-6k,760.0,2500.61,13352.57,14.41,0,2,2,2,True
8296,2,2024-07-19,2025-04-21,High Income Segment,Exceptional,6k-10k,588.0,7914.285,6118.27,46.79,0,1,2,2,True
8297,2,2023-05-16,2023-11-20,Middle Income Segment,Good,3k-6k,540.5,3476.285,17216.78,180.45999999999998,0,1,2,2,True
8298,2,2023-07-25,2024-12-05,High Income Segment,Poor,6k-10k,343.0,5404.895,8485.95,0.0,0,2,2,2,True
8299,3,2024-04-27,2024-12-01,Middle Income Segment,Poor,3k-6k,545.3333333333334,4512.966666666666,18793.61,62.419999999999995,0,1,3,3,True
8300,3,2023-10-11,2025-02-26,High Income Segment,Poor,6k-10k,582.0,8994.94,15138.109999999999,94.18,0,1,3,3,True
8304,3,2023-01-08,2025-03-18,High Income Segment,Poor,6k-10k,465.3333333333333,6018.526666666668,13103.74,17.72,0,2,3,3,True
8307,2,2025-03-30,2025-04-22,Middle Income Segment,Poor,3k-6k,360.0,4636.38,10692.47,0.0,0,1,2,2,True
8308,1,2024-01-09,2024-01-09,Low Income Segment,Good,Under 3k,731.0,1656.74,1891.03,0.0,0,1,1,1,False
8309,2,2023-01-31,2025-02-16,Low Income Segment,Poor,3k-6k,620.0,2539.96,5745.509999999999,0.0,0,2,2,2,True
8310,5,2023-02-07,2025-05-04,Middle Income Segment,Poor,3k-6k,612.0,4069.8399999999992,39178.22,276.47,1,2,5,5,True
8311,5,2023-06-19,2025-02-09,Middle Income Segment,Poor,3k-6k,585.0,5529.683999999999,28547.87,243.86,1,3,5,5,True
8312,5,2023-02-25,2025-02-14,High Income Segment,Exceptional,6k-10k,670.6,5945.686,25300.98,103.21000000000001,0,3,5,5,True
8313,3,2023-04-11,2025-02-04,High Income Segment,Poor,3k-6k,505.0,5912.389999999999,5113.63,163.63,1,3,3,3,True
8314,3,2023-08-21,2025-01-24,High Income Segment,Poor,6k-10k,531.3333333333334,6963.02,9345.59,184.45000000000002,0,2,3,3,True
8315,1,2024-02-02,2024-02-02,Low Income Segment,Poor,Under 3k,460.0,1325.63,9542.77,20.89,0,1,1,1,False
8316,1,2023-02-14,2023-02-14,Low Income Segment,Exceptional,Under 3k,831.0,2411.43,1893.79,0.0,0,1,1,1,False
8318,2,2024-08-14,2024-10-04,High Income Segment,Fair,6k-10k,513.5,5556.205,12953.61,220.13,1,2,2,2,True
8319,3,2024-01-11,2025-04-03,High Income Segment,Poor,3k-6k,502.6666666666667,5114.576666666667,14701.210000000001,0.0,0,3,3,3,True
8320,2,2023-09-17,2023-10-05,Low Income Segment,Exceptional,6k-10k,832.5,4445.215,9865.59,42.07,0,2,2,2,True
8321,3,2023-02-27,2024-11-19,High Income Segment,Fair,6k-10k,643.0,6203.080000000001,15623.27,128.67,0,2,3,3,True
8322,2,2023-02-02,2023-09-10,High Income Segment,Fair,6k-10k,472.5,6678.49,10410.16,31.23,0,2,2,2,True
8323,2,2023-09-04,2025-02-14,High Income Segment,Poor,6k-10k,610.0,4629.99,10106.869999999999,4.05,0,2,2,2,True
8324,1,2024-03-15,2024-03-15,High Income Segment,Fair,6k-10k,652.0,8305.02,12316.14,9.12,0,1,1,1,False
8325,2,2023-02-16,2025-01-11,Middle Income Segment,Poor,3k-6k,537.5,4500.285,12538.95,99.39,0,1,2,2,True
8326,2,2024-07-14,2024-08-17,Middle Income Segment,Fair,3k-6k,644.0,4258.71,17979.97,32.62,0,1,2,2,True
8327,2,2023-01-21,2023-06-18,High Income Segment,Poor,6k-10k,441.5,6954.780000000001,15987.460000000001,47.43,0,2,2,2,True
8328,1,2024-01-31,2024-01-31,Middle Income Segment,Good,3k-6k,687.0,5662.74,5536.13,23.3,0,1,1,1,False
8329,4,2023-09-14,2024-12-13,Low Income Segment,Poor,Under 3k,619.5,3541.9475,37186.14,0.0,0,2,4,4,True
8330,1,2023-06-19,2023-06-19,Middle Income Segment,Good,3k-6k,736.0,4328.02,1421.39,0.0,0,1,1,1,False
8331,3,2023-07-30,2024-04-05,High Income Segment,Poor,6k-10k,627.0,5190.563333333333,9788.17,0.0,0,3,3,3,True
8332,3,2023-07-26,2025-03-22,Middle Income Segment,Fair,3k-6k,602.3333333333334,4028.726666666667,19463.11,49.92,0,2,3,3,True
8333,2,2024-03-11,2024-05-06,High Income Segment,Poor,3k-6k,582.0,7101.73,5680.969999999999,119.18,0,2,2,2,True
8334,2,2024-02-23,2024-07-05,High Income Segment,Exceptional,6k-10k,764.0,6961.09,4629.57,229.29,1,2,2,2,True
8336,2,2023-12-11,2024-11-10,High Income Segment,Good,6k-10k,735.0,5440.315,8432.86,215.52,1,2,2,2,True
8337,1,2024-08-03,2024-08-03,Middle Income Segment,Poor,3k-6k,430.0,5692.21,6783.05,0.0,0,1,1,1,False
8338,2,2023-09-07,2023-12-12,High Income Segment,Fair,3k-6k,697.5,6869.75,11231.93,93.6,0,2,2,2,True
8339,2,2023-11-03,2025-03-16,Middle Income Segment,Poor,3k-6k,403.5,5243.885,12917.98,82.55,0,1,2,2,True
8340,3,2023-03-03,2025-05-01,High Income Segment,Good,3k-6k,653.6666666666666,4324.31,13102.32,0.0,0,3,3,3,True
8342,3,2023-03-26,2023-11-23,Middle Income Segment,Fair,3k-6k,599.3333333333334,4702.91,17628.469999999998,1.31,0,1,3,3,True
8343,3,2023-04-15,2024-09-07,High Income Segment,Poor,6k-10k,463.3333333333333,7547.096666666667,14630.79,21.35,0,2,3,3,True
8344,2,2025-02-11,2025-04-26,High Income Segment,Poor,3k-6k,318.5,7022.539999999999,19621.789999999997,136.41,0,2,2,2,True
8345,5,2023-07-06,2025-02-03,Middle Income Segment,Fair,6k-10k,577.0,6268.072,23194.010000000002,75.33,0,2,5,5,True
8347,6,2023-06-13,2025-03-14,Middle Income Segment,Fair,6k-10k,635.1666666666666,5260.073333333333,40337.97,102.58000000000001,0,3,6,6,True
8349,3,2023-01-27,2024-09-28,High Income Segment,Poor,6k-10k,510.3333333333333,8315.416666666666,13055.25,66.78,0,1,3,3,True
8350,2,2023-07-28,2024-11-11,High Income Segment,Fair,6k-10k,558.5,4794.495,6234.889999999999,0.0,0,2,2,2,True
8351,4,2023-02-15,2025-02-02,High Income Segment,Poor,3k-6k,430.25,7136.3925,29274.42,141.99,0,2,3,4,True
8352,2,2023-02-10,2024-04-27,High Income Segment,Good,6k-10k,608.0,5070.355,5304.74,149.03,0,2,2,2,True
8353,2,2023-03-22,2023-10-19,Middle Income Segment,Fair,3k-6k,667.5,5919.135,11455.34,23.88,0,1,2,2,True
8354,3,2024-04-19,2024-12-06,Middle Income Segment,Good,3k-6k,610.0,3919.0800000000004,8061.77,0.0,0,2,3,3,True
8355,1,2024-12-20,2024-12-20,High Income Segment,Poor,6k-10k,343.0,8948.61,8026.58,32.23,0,1,1,1,False
8356,1,2024-11-25,2024-11-25,Middle Income Segment,Poor,3k-6k,403.0,5022.2,4691.53,0.0,0,1,1,1,False
8357,2,2023-10-10,2024-12-05,Middle Income Segment,Poor,3k-6k,447.5,3218.505,12404.36,5.64,0,1,2,2,True
8358,3,2024-01-28,2025-04-26,High Income Segment,Poor,3k-6k,551.6666666666666,5459.5233333333335,14286.45,0.0,0,3,3,3,True
8359,1,2023-11-06,2023-11-06,High Income Segment,Poor,6k-10k,532.0,7412.81,6277.93,0.0,0,1,1,1,False
8360,1,2024-03-17,2024-03-17,Low Income Segment,Poor,Under 3k,318.0,1132.97,4978.13,0.0,0,1,1,1,False
8361,2,2023-11-07,2024-09-21,High Income Segment,Poor,3k-6k,431.5,6100.585,20561.14,59.39,0,2,2,2,True
8362,1,2024-05-02,2024-05-02,Middle Income Segment,Poor,3k-6k,419.0,4277.75,6680.15,11.5,0,1,1,1,False
8363,1,2025-01-22,2025-01-22,High Income Segment,Poor,6k-10k,485.0,8159.53,413.25,0.0,0,1,1,1,False
8364,1,2023-09-08,2023-09-08,Middle Income Segment,Poor,3k-6k,502.0,3731.72,636.59,0.0,0,1,1,1,False
8365,2,2023-03-12,2025-03-07,High Income Segment,Good,6k-10k,629.5,8364.869999999999,28300.73,66.17,0,1,2,2,True
8366,4,2023-01-13,2024-02-20,Low Income Segment,Poor,6k-10k,586.25,4643.0175,16433.940000000002,261.19,1,2,4,4,True
8367,2,2024-09-23,2025-04-06,Middle Income Segment,Fair,3k-6k,564.0,4996.84,16512.27,194.57,1,1,2,2,True
8368,5,2023-06-29,2025-05-03,High Income Segment,Poor,6k-10k,622.8,5957.201999999999,24139.18,255.75,1,3,5,5,True
8369,2,2023-07-10,2023-07-20,High Income Segment,Poor,6k-10k,574.5,8244.44,14654.869999999999,0.0,0,1,2,2,True
8370,5,2023-10-24,2025-05-06,Low Income Segment,Poor,3k-6k,434.4,4659.376,36455.14,345.59000000000003,2,3,5,5,True
8371,3,2023-08-07,2024-10-24,High Income Segment,Very Good,3k-6k,783.6666666666666,4874.223333333333,19908.3,3.3,0,3,3,3,True
8372,3,2023-01-17,2023-11-02,Low Income Segment,Poor,Under 3k,622.0,3142.273333333333,26485.2,96.95,0,2,3,3,True
8373,2,2023-02-06,2023-10-09,High Income Segment,Poor,6k-10k,434.0,8408.75,9994.72,0.0,0,1,2,2,True
8374,4,2023-04-13,2025-04-10,Middle Income Segment,Poor,3k-6k,558.5,5270.8825,19850.62,214.41000000000003,0,3,4,4,True
8376,2,2023-08-03,2024-11-04,Low Income Segment,Poor,6k-10k,647.0,4337.065,12699.59,170.76,1,2,2,2,True
8377,3,2023-01-22,2024-12-07,Middle Income Segment,Poor,3k-6k,565.3333333333334,5105.946666666667,17920.92,147.44,1,2,3,3,True
8378,7,2023-02-06,2024-12-11,Low Income Segment,Poor,Under 3k,523.5714285714286,3969.0485714285714,38343.52,109.98,0,3,7,7,True
8379,4,2023-10-22,2025-05-18,High Income Segment,Poor,6k-10k,651.0,7902.7625,9049.8,0.0,0,2,4,4,True
8380,3,2023-08-09,2024-07-06,High Income Segment,Poor,6k-10k,507.6666666666667,7825.713333333333,19907.91,149.66,0,1,3,3,True
8381,5,2023-08-16,2024-11-29,Middle Income Segment,Poor,3k-6k,619.0,5798.716,43040.55,420.90999999999997,2,2,5,5,True
8382,4,2023-02-14,2025-01-01,High Income Segment,Poor,6k-10k,466.5,7595.1224999999995,15361.87,202.1,1,2,4,4,True
8383,2,2024-07-25,2024-12-31,High Income Segment,Good,3k-6k,579.5,5750.155,10612.89,59.67,0,2,2,2,True
8384,2,2024-02-17,2024-08-10,Middle Income Segment,Poor,3k-6k,676.0,3641.13,7620.75,171.86,1,1,2,2,True
8385,4,2023-06-05,2025-02-06,High Income Segment,Poor,3k-6k,533.0,6666.085,23191.92,97.15,0,2,4,4,True
8386,2,2025-02-03,2025-03-16,High Income Segment,Fair,6k-10k,472.5,8098.985000000001,3222.7200000000003,269.31,1,2,2,2,True
8387,1,2024-11-08,2024-11-08,High Income Segment,Poor,6k-10k,508.0,7946.51,6968.07,0.0,0,1,1,1,False
8388,1,2023-11-22,2023-11-22,Middle Income Segment,Fair,3k-6k,629.0,5496.08,81.96,0.0,0,1,1,1,False
8389,3,2023-01-25,2024-09-16,Middle Income Segment,Fair,3k-6k,598.0,4941.306666666666,17925.24,31.69,0,2,3,3,True
8390,1,2023-02-16,2023-02-16,High Income Segment,Poor,6k-10k,377.0,9931.99,6629.88,32.08,0,1,1,1,False
8391,2,2023-07-02,2024-06-25,Middle Income Segment,Exceptional,3k-6k,572.5,5281.625,5016.43,65.57,0,1,2,2,True
8392,6,2023-09-03,2025-03-10,High Income Segment,Poor,6k-10k,608.1666666666666,7782.341666666667,31889.25,192.48000000000002,0,2,6,6,True
8393,2,2024-01-04,2024-04-17,Low Income Segment,Fair,Under 3k,578.0,2102.87,7009.459999999999,57.48,0,1,2,2,True
8394,5,2023-06-07,2025-05-09,High Income Segment,Very Good,6k-10k,722.4,4787.018,30759.579999999998,304.05,1,3,5,5,True
8395,1,2025-04-05,2025-04-05,High Income Segment,Good,6k-10k,694.0,8356.75,702.86,0.0,0,1,1,1,False
8396,3,2023-03-09,2025-01-02,Low Income Segment,Good,Under 3k,624.0,2136.7966666666666,10864.95,0.0,0,2,3,3,True
8397,2,2023-01-31,2024-12-29,Low Income Segment,Poor,6k-10k,552.5,4267.88,22390.45,0.0,0,2,2,2,True
8398,5,2023-05-01,2025-05-15,Middle Income Segment,Poor,3k-6k,691.0,5564.054,16439.86,0.0,0,3,5,5,True
8399,5,2023-03-16,2024-10-08,Middle Income Segment,Poor,6k-10k,429.6,4616.154,43533.28,43.49,0,2,5,5,True
8400,4,2023-02-08,2024-08-10,Low Income Segment,Poor,Under 3k,514.25,3583.0575,12340.859999999999,203.62,1,2,4,4,True
8401,2,2023-08-15,2023-10-10,High Income Segment,Fair,3k-6k,484.5,6904.12,14098.649999999998,34.14,0,2,2,2,True
8402,1,2023-11-06,2023-11-06,Middle Income Segment,Poor,6k-10k,428.0,6214.82,8935.53,28.61,0,1,1,1,False
8404,3,2023-08-10,2024-07-28,High Income Segment,Poor,3k-6k,476.3333333333333,4782.330000000001,20729.33,82.7,0,3,3,3,True
8405,1,2024-09-25,2024-09-25,Middle Income Segment,Poor,3k-6k,454.0,4665.87,4019.05,13.57,0,1,1,1,False
8406,1,2023-08-02,2023-08-02,Middle Income Segment,Poor,3k-6k,565.0,4742.6,2152.03,0.0,0,1,1,1,False
8407,4,2023-01-23,2024-09-23,Middle Income Segment,Fair,3k-6k,605.0,4431.264999999999,21936.66,450.38,2,3,4,4,True
8408,3,2024-05-17,2025-05-03,Middle Income Segment,Poor,3k-6k,539.6666666666666,3852.3866666666668,28375.519999999997,0.0,0,2,3,3,True
8409,3,2024-01-22,2025-02-06,Low Income Segment,Good,Under 3k,647.3333333333334,3908.8866666666668,13451.76,28.05,0,2,3,3,True
8410,2,2023-12-22,2025-05-02,High Income Segment,Poor,3k-6k,460.0,6770.950000000001,15279.54,163.32999999999998,0,2,2,2,True
8411,2,2024-10-17,2025-04-19,Middle Income Segment,Poor,3k-6k,458.0,5650.22,3700.16,321.15,2,1,2,2,True
8412,1,2024-03-31,2024-03-31,Low Income Segment,Exceptional,Under 3k,829.0,1193.82,4202.31,0.0,0,1,1,1,False
8413,3,2023-03-24,2023-05-04,Middle Income Segment,Exceptional,3k-6k,674.6666666666666,3947.5466666666666,21004.88,25.86,0,2,3,3,True
8414,1,2025-04-05,2025-04-05,High Income Segment,Good,6k-10k,706.0,9157.26,4810.42,0.0,0,1,1,1,False
8415,2,2024-03-17,2025-02-12,High Income Segment,Fair,6k-10k,704.0,9061.125,4079.62,0.0,0,1,2,2,True
8416,2,2023-01-16,2023-09-10,High Income Segment,Good,6k-10k,736.0,5463.205,11156.369999999999,222.18,1,2,2,2,True
8418,3,2023-03-22,2023-11-25,Middle Income Segment,Poor,3k-6k,560.6666666666666,4432.66,14367.939999999999,189.79000000000002,0,1,3,3,True
8419,2,2024-12-19,2025-03-19,High Income Segment,Good,6k-10k,602.5,9914.455000000002,2799.0299999999997,144.49,0,1,2,2,True
8420,3,2023-01-12,2025-01-30,Middle Income Segment,Poor,3k-6k,502.0,5917.993333333335,7927.55,156.25,1,2,3,3,True
8421,2,2024-07-15,2024-08-03,High Income Segment,Good,6k-10k,733.5,9414.555,10915.18,35.6,0,1,2,2,True
8422,3,2024-04-30,2024-07-17,Middle Income Segment,Poor,3k-6k,448.3333333333333,5049.153333333334,26122.190000000002,60.47,0,1,3,3,True
8423,3,2024-02-23,2024-09-28,High Income Segment,Poor,6k-10k,485.6666666666667,6368.860000000001,14558.07,86.26,0,2,3,3,True
8424,2,2024-06-18,2024-11-15,Middle Income Segment,Exceptional,3k-6k,733.5,3721.23,18251.87,0.0,0,1,2,2,True
8425,2,2024-04-15,2024-06-23,Middle Income Segment,Poor,3k-6k,422.5,5135.1900000000005,12842.970000000001,29.18,0,1,2,2,True
8426,4,2023-06-30,2024-10-11,High Income Segment,Exceptional,6k-10k,625.5,5625.235,24328.989999999998,218.71999999999997,1,3,4,4,True
8427,2,2023-01-08,2023-08-24,High Income Segment,Exceptional,6k-10k,639.5,8936.89,21111.14,91.05,0,1,2,2,True
8428,2,2023-05-04,2024-05-21,Low Income Segment,Exceptional,6k-10k,709.0,4340.74,25343.85,82.53,0,2,2,2,True
8429,3,2023-04-22,2025-05-12,Middle Income Segment,Poor,3k-6k,577.3333333333334,4674.54,5854.3,25.0,0,1,3,3,True
8430,3,2024-02-08,2025-04-30,Low Income Segment,Fair,Under 3k,577.0,3304.7533333333336,12267.789999999999,2.15,0,2,3,3,True
8431,1,2024-01-30,2024-01-30,Middle Income Segment,Fair,3k-6k,669.0,3465.53,4165.19,17.8,0,1,1,1,False
8432,5,2023-01-06,2025-01-20,Middle Income Segment,Poor,3k-6k,609.6,5399.0,17877.82,216.58,1,2,5,5,True
8433,5,2023-04-19,2024-12-03,Middle Income Segment,Poor,6k-10k,486.0,6705.3279999999995,22997.91,212.89000000000001,0,2,5,5,True
8434,2,2024-04-05,2025-05-14,High Income Segment,Fair,3k-6k,705.0,6299.8,9308.34,92.52,0,2,2,2,True
8435,1,2023-03-18,2023-03-18,High Income Segment,Fair,6k-10k,582.0,7298.7,6465.94,0.0,0,1,1,1,False
8436,5,2023-03-30,2024-10-19,High Income Segment,Poor,6k-10k,541.2,6158.388000000001,21486.550000000003,32.06,0,3,5,5,True
8437,4,2023-05-06,2024-08-23,High Income Segment,Poor,6k-10k,554.75,5997.110000000001,11427.52,52.67,0,3,4,4,True
8440,3,2023-01-14,2023-11-01,High Income Segment,Poor,3k-6k,522.6666666666666,4186.666666666667,20698.420000000002,49.03,0,3,3,3,True
8441,1,2024-10-20,2024-10-20,Low Income Segment,Exceptional,Under 3k,829.0,1833.25,9207.37,43.38,0,1,1,1,False
8442,1,2025-02-07,2025-02-07,High Income Segment,Good,6k-10k,702.0,9100.89,6633.1,0.0,0,1,1,1,False
8443,2,2023-04-11,2023-10-20,Low Income Segment,Good,3k-6k,570.0,3051.12,10325.74,122.96000000000001,0,2,2,2,True
8444,2,2024-08-12,2025-04-20,High Income Segment,Exceptional,3k-6k,660.0,6929.1900000000005,10438.5,35.82,0,2,2,2,True
8445,3,2023-01-30,2023-06-26,Middle Income Segment,Poor,3k-6k,462.3333333333333,4078.7333333333336,11653.43,110.26,0,2,2,3,True
8446,6,2023-01-01,2024-06-14,Middle Income Segment,Poor,3k-6k,578.6666666666666,4846.0233333333335,30166.02,230.78,1,3,6,6,True
8447,2,2023-11-20,2025-04-15,High Income Segment,Poor,6k-10k,546.0,5585.424999999999,15364.11,0.0,0,2,2,2,True
8448,1,2023-07-13,2023-07-13,Low Income Segment,Good,Under 3k,680.0,1857.57,3536.6,0.0,0,1,1,1,False
8449,1,2024-03-11,2024-03-11,Low Income Segment,Fair,Under 3k,668.0,2632.18,6431.94,0.0,0,1,1,1,False
8450,5,2023-06-21,2024-07-18,Middle Income Segment,Good,3k-6k,579.4,5193.522,37137.5,138.04,0,2,5,5,True
8451,1,2024-05-21,2024-05-21,High Income Segment,Poor,6k-10k,346.0,7239.65,2543.24,0.0,0,1,1,1,False
8452,1,2024-05-06,2024-05-06,Low Income Segment,Poor,Under 3k,306.0,2962.41,4866.85,60.34,0,1,1,1,False
8453,2,2023-04-14,2024-02-27,High Income Segment,Good,6k-10k,623.0,8959.880000000001,9458.6,206.35999999999999,1,1,2,2,True
8454,2,2023-01-12,2024-03-13,High Income Segment,Poor,3k-6k,447.5,6858.305,23869.49,50.47,0,2,2,2,True
8455,2,2023-05-21,2024-05-15,High Income Segment,Exceptional,6k-10k,717.0,4905.11,15601.36,188.27,1,2,2,2,True
8456,1,2025-01-06,2025-01-06,Low Income Segment,Poor,Under 3k,462.0,1258.72,1151.24,0.0,0,1,1,1,False
8457,1,2024-08-09,2024-08-09,Middle Income Segment,Poor,3k-6k,437.0,4990.0,9751.68,38.17,0,1,1,1,False
8458,1,2023-05-29,2023-05-29,Middle Income Segment,Good,3k-6k,704.0,3480.36,5194.61,197.55,1,1,1,1,False
8459,1,2023-02-11,2023-02-11,Middle Income Segment,Exceptional,3k-6k,812.0,5595.87,1493.01,0.0,0,1,1,1,False
8460,1,2024-01-07,2024-01-07,High Income Segment,Poor,6k-10k,427.0,9747.48,1615.62,0.0,0,1,1,1,False
8461,1,2023-11-01,2023-11-01,High Income Segment,Fair,6k-10k,580.0,8610.04,3842.22,125.21,0,1,1,1,False
8462,2,2024-01-25,2025-02-07,Low Income Segment,Good,3k-6k,630.5,3850.43,12318.41,0.0,0,2,2,2,True
8463,1,2024-05-01,2024-05-01,Low Income Segment,Poor,Under 3k,393.0,1434.02,5740.31,37.12,0,1,1,1,False
8464,2,2024-01-03,2024-06-05,Middle Income Segment,Exceptional,3k-6k,621.5,5164.93,21792.86,22.59,0,1,2,2,True
8465,3,2023-05-24,2024-07-21,Middle Income Segment,Poor,6k-10k,577.3333333333334,5996.133333333334,11540.33,86.96,0,2,3,3,True
8466,3,2023-11-29,2024-06-30,High Income Segment,Poor,6k-10k,474.0,8189.533333333333,10127.25,182.36,1,1,3,3,True
8467,1,2024-08-14,2024-08-14,Middle Income Segment,Poor,3k-6k,463.0,4469.28,5188.67,0.0,0,1,1,1,False
8468,2,2024-02-18,2024-05-25,Middle Income Segment,Fair,3k-6k,544.0,5547.889999999999,12816.58,40.84,0,1,2,2,True
8469,1,2024-12-04,2024-12-04,Middle Income Segment,Fair,3k-6k,658.0,4119.53,4259.77,0.0,0,1,1,1,False
8470,3,2023-05-22,2023-09-28,Middle Income Segment,Poor,3k-6k,545.3333333333334,5725.599999999999,16021.77,217.19,1,2,3,3,True
8471,2,2024-05-29,2024-10-13,Middle Income Segment,Exceptional,3k-6k,669.0,5277.0650000000005,9186.52,181.06,0,1,2,2,True
8472,1,2023-07-16,2023-07-16,Middle Income Segment,Poor,3k-6k,348.0,3489.92,988.73,47.61,0,1,1,1,False
8473,2,2023-07-26,2023-10-11,High Income Segment,Poor,6k-10k,615.5,6420.22,7197.76,0.0,0,2,2,2,True
8475,1,2024-02-16,2024-02-16,High Income Segment,Fair,6k-10k,584.0,9814.62,2008.29,0.0,0,1,1,1,False
8476,2,2023-10-27,2024-03-06,Low Income Segment,Poor,3k-6k,505.5,3220.1800000000003,4098.37,0.0,0,2,2,2,True
8477,1,2024-12-19,2024-12-19,Middle Income Segment,Very Good,3k-6k,761.0,4420.45,4793.38,0.0,0,1,1,1,False
8478,4,2023-10-04,2025-01-22,Middle Income Segment,Poor,3k-6k,580.75,5914.3,15839.97,200.93,1,2,4,4,True
8479,2,2023-09-14,2024-11-25,Middle Income Segment,Poor,3k-6k,370.5,6112.84,8105.73,96.73,0,1,2,2,True
8480,3,2023-08-08,2024-06-08,Middle Income Segment,Poor,3k-6k,527.0,5814.170000000001,18540.71,80.19,0,2,3,3,True
8481,1,2023-04-22,2023-04-22,Middle Income Segment,Fair,3k-6k,618.0,5706.81,11255.04,88.0,0,1,1,1,False
8482,2,2023-12-05,2024-12-09,Low Income Segment,Good,3k-6k,576.5,3550.54,16280.38,106.33,0,2,2,2,True
8483,4,2023-09-22,2024-11-02,Low Income Segment,Poor,Under 3k,547.75,4458.43,27364.33,178.24,0,3,4,4,True
8485,5,2023-02-03,2025-05-14,Middle Income Segment,Poor,3k-6k,589.8,5124.325999999999,33804.64,291.51,1,3,5,5,True
8486,1,2023-02-13,2023-02-13,Middle Income Segment,Poor,6k-10k,455.0,6411.09,4963.09,52.92,0,1,1,1,False
8487,1,2023-03-11,2023-03-11,Middle Income Segment,Poor,3k-6k,443.0,5027.25,2631.63,40.24,0,1,1,1,False
8489,2,2023-01-25,2024-05-11,High Income Segment,Exceptional,6k-10k,634.0,5680.099999999999,8553.21,18.55,0,2,2,2,True
8490,4,2023-04-29,2024-08-24,High Income Segment,Poor,6k-10k,615.75,5919.705,22247.260000000002,44.65,0,3,4,4,True
8491,1,2024-06-05,2024-06-05,High Income Segment,Poor,6k-10k,520.0,7616.65,3760.95,0.0,0,1,1,1,False
8492,1,2023-11-03,2023-11-03,Low Income Segment,Poor,Under 3k,482.0,2515.64,7495.67,0.0,0,1,1,1,False
8493,3,2023-03-17,2024-06-09,High Income Segment,Very Good,3k-6k,684.3333333333334,4842.2733333333335,12417.08,0.0,0,3,3,3,True
8494,3,2023-06-21,2024-09-12,Middle Income Segment,Fair,3k-6k,702.6666666666666,4226.2,22284.42,2.34,0,2,3,3,True
8496,2,2023-06-10,2025-02-16,Middle Income Segment,Poor,3k-6k,525.0,5632.58,15622.03,85.3,0,1,2,2,True
8498,2,2024-09-01,2025-04-01,Low Income Segment,Exceptional,3k-6k,609.0,3995.97,3595.95,46.72,0,2,2,2,True
8500,2,2024-02-03,2024-08-01,High Income Segment,Fair,6k-10k,671.5,7761.130000000001,10531.83,0.0,0,1,2,2,True
8501,2,2023-03-03,2024-04-29,Middle Income Segment,Fair,3k-6k,635.0,5398.225,10086.97,0.76,0,1,2,2,True
8502,2,2023-07-09,2025-01-08,High Income Segment,Good,3k-6k,745.0,6173.9400000000005,6603.410000000001,55.34,0,2,2,2,True
8503,2,2023-12-09,2025-04-02,Low Income Segment,Fair,Under 3k,553.0,1800.73,7101.24,0.0,0,1,2,2,True
8504,5,2023-03-16,2025-04-10,Middle Income Segment,Poor,3k-6k,595.4,3193.236,22341.2,82.91,0,2,5,5,True
8505,1,2024-02-14,2024-02-14,Low Income Segment,Fair,Under 3k,667.0,1937.05,8590.45,0.0,0,1,1,1,False
8506,2,2024-09-06,2025-01-04,High Income Segment,Fair,6k-10k,578.5,5268.715,13792.25,110.18,0,2,2,2,True
8507,3,2023-11-09,2024-05-29,High Income Segment,Exceptional,6k-10k,745.6666666666666,6120.056666666666,21687.11,158.09,0,3,3,3,True
8508,2,2024-02-20,2024-03-15,High Income Segment,Poor,6k-10k,609.5,4792.105,12119.87,188.97,1,2,2,2,True
8509,3,2023-01-12,2025-05-13,Middle Income Segment,Fair,3k-6k,590.0,6080.256666666667,12180.55,236.85999999999999,1,2,3,3,True
8511,2,2023-06-23,2024-05-25,High Income Segment,Fair,3k-6k,660.5,6190.235,7743.1,0.0,0,2,2,2,True
8512,3,2023-03-20,2025-03-10,High Income Segment,Poor,6k-10k,430.0,6746.44,29822.0,47.12,0,2,3,3,True
8513,3,2023-12-24,2024-02-24,Middle Income Segment,Poor,3k-6k,466.0,4634.400000000001,17705.29,183.67,0,2,3,3,True
8514,1,2024-07-30,2024-07-30,Middle Income Segment,Exceptional,3k-6k,805.0,3486.44,14860.99,0.0,0,1,1,1,False
8517,2,2023-09-05,2025-02-12,Low Income Segment,Poor,Under 3k,489.5,1992.53,2437.34,0.0,0,1,2,2,True
8518,2,2024-04-26,2025-05-06,High Income Segment,Poor,3k-6k,558.5,6555.335,4996.99,0.19,0,2,2,2,True
8519,4,2023-01-11,2025-05-06,Middle Income Segment,Poor,3k-6k,558.75,4044.605,15486.93,48.49,0,1,4,4,True
8520,1,2025-02-10,2025-02-10,Low Income Segment,Poor,Under 3k,497.0,1717.16,1658.17,0.0,0,1,1,1,False
8521,2,2023-07-13,2024-05-08,High Income Segment,Poor,3k-6k,395.5,6652.844999999999,16530.81,152.54000000000002,0,2,2,2,True
8522,2,2024-06-04,2025-04-27,High Income Segment,Exceptional,6k-10k,648.5,8261.725,2880.8,8.96,0,1,2,2,True
8523,2,2023-02-19,2023-08-09,Middle Income Segment,Poor,3k-6k,626.0,5498.87,15540.5,49.660000000000004,0,1,2,2,True
8524,1,2023-12-05,2023-12-05,Low Income Segment,Poor,Under 3k,542.0,1182.6,402.27,0.0,0,1,1,1,False
8525,1,2025-01-13,2025-01-13,Low Income Segment,Poor,Under 3k,383.0,2816.22,4911.2,146.55,1,1,1,1,False
8526,4,2023-07-27,2024-05-29,Middle Income Segment,Poor,3k-6k,515.25,3968.3974999999996,9710.26,216.55,0,3,4,4,True
8527,4,2023-06-19,2025-01-29,Low Income Segment,Fair,Under 3k,577.25,4521.202499999999,12639.960000000001,15.75,0,3,4,4,True
8528,1,2024-10-18,2024-10-18,High Income Segment,Poor,6k-10k,489.0,9189.59,32.58,0.0,0,1,1,1,False
8529,4,2023-03-07,2025-03-30,Middle Income Segment,Poor,6k-10k,476.75,5154.4875,19683.420000000002,575.45,3,3,4,4,True
8530,1,2023-09-13,2023-09-13,High Income Segment,Fair,6k-10k,584.0,7479.4,40.92,0.0,0,1,1,1,False
8531,4,2024-01-03,2025-03-10,Low Income Segment,Poor,Under 3k,539.25,4573.855,18494.47,25.57,0,3,4,4,True
8532,2,2023-03-23,2023-11-11,Low Income Segment,Fair,3k-6k,585.0,3196.125,13000.92,247.31,1,2,2,2,True
8533,2,2025-01-18,2025-01-19,Middle Income Segment,Good,6k-10k,510.0,6758.92,8168.21,181.85,1,1,2,2,True
8535,1,2025-05-12,2025-05-12,High Income Segment,Poor,6k-10k,320.0,8044.03,8294.09,0.0,0,1,1,1,False
8536,1,2024-06-28,2024-06-28,Low Income Segment,Fair,Under 3k,609.0,1136.26,7866.63,176.33,1,1,1,1,False
8537,2,2023-03-06,2024-06-24,High Income Segment,Poor,3k-6k,432.5,6216.74,9790.39,38.62,0,2,2,2,True
8538,3,2023-03-19,2025-02-11,Middle Income Segment,Poor,6k-10k,541.6666666666666,6472.63,7399.95,0.0,0,2,3,3,True
8540,2,2023-07-22,2024-02-18,Middle Income Segment,Good,6k-10k,587.0,6510.665,13608.13,27.41,0,1,2,2,True
8541,4,2023-06-22,2024-12-09,Middle Income Segment,Exceptional,3k-6k,644.25,4691.955,25830.94,59.03999999999999,0,3,4,4,True
8542,1,2023-10-23,2023-10-23,Middle Income Segment,Good,3k-6k,707.0,3398.39,4863.79,0.0,0,1,1,1,False
8543,4,2023-07-15,2024-06-20,Low Income Segment,Poor,3k-6k,587.0,3916.72,15529.93,37.14,0,2,4,4,True
8544,3,2024-01-11,2024-06-26,High Income Segment,Poor,6k-10k,535.3333333333334,6257.776666666668,14060.2,236.33999999999997,1,2,3,3,True
8545,2,2023-03-13,2024-08-03,Middle Income Segment,Poor,3k-6k,606.5,3754.3999999999996,12799.09,76.25,0,1,2,2,True
8546,4,2023-05-28,2025-01-18,Middle Income Segment,Poor,3k-6k,502.25,4259.465,24173.670000000002,175.36,0,2,4,4,True
8547,2,2023-08-27,2024-10-27,High Income Segment,Poor,6k-10k,494.5,5150.685,8856.84,44.21,0,2,2,2,True
8548,5,2023-01-15,2025-01-09,Low Income Segment,Poor,Under 3k,578.8,4157.794,40840.5,31.79,0,3,5,5,True
8549,3,2023-06-04,2025-03-27,Low Income Segment,Poor,Under 3k,520.6666666666666,2748.066666666667,11940.8,183.96,0,2,3,3,True
8550,3,2023-11-23,2024-08-24,Middle Income Segment,Poor,3k-6k,594.6666666666666,3572.33,13605.09,170.29000000000002,0,2,3,3,True
8551,1,2023-05-05,2023-05-05,Middle Income Segment,Poor,3k-6k,351.0,5160.6,2591.79,0.0,0,1,1,1,False
8552,2,2025-04-14,2025-05-13,Low Income Segment,Poor,3k-6k,454.5,3781.88,5258.67,0.0,0,2,2,2,True
8554,1,2024-04-21,2024-04-21,Middle Income Segment,Exceptional,3k-6k,815.0,3304.05,11368.72,0.0,0,1,1,1,False
8555,1,2024-10-17,2024-10-17,High Income Segment,Fair,6k-10k,642.0,9171.04,4471.99,8.84,0,1,1,1,False
8556,2,2023-11-18,2024-06-30,High Income Segment,Poor,6k-10k,542.0,7694.025,5984.03,37.17,0,2,2,2,True
8557,3,2024-08-13,2025-02-23,High Income Segment,Poor,6k-10k,514.0,6149.77,21409.18,29.16,0,3,3,3,True
8559,1,2025-03-09,2025-03-09,High Income Segment,Fair,6k-10k,630.0,7086.77,14008.1,0.0,0,1,1,1,False
8560,2,2023-12-17,2024-11-16,High Income Segment,Exceptional,3k-6k,784.5,5731.415,11102.54,41.79,0,2,2,2,True
8561,2,2023-01-31,2023-05-24,Middle Income Segment,Poor,3k-6k,449.5,3430.3199999999997,7148.31,0.0,0,1,2,2,True
8562,3,2023-01-14,2023-04-02,High Income Segment,Poor,3k-6k,545.0,4845.68,12668.09,64.45,0,3,3,3,True
8564,3,2023-05-21,2025-03-12,Middle Income Segment,Poor,3k-6k,500.3333333333333,4700.43,19897.28,70.52,0,2,3,3,True
8565,1,2024-11-29,2024-11-29,Middle Income Segment,Exceptional,3k-6k,829.0,4224.91,9586.18,0.0,0,1,1,1,False
8566,2,2023-01-07,2025-04-02,Low Income Segment,Fair,3k-6k,665.5,3037.7200000000003,8430.5,230.08,1,2,2,2,True
8568,2,2023-01-05,2024-11-15,High Income Segment,Fair,3k-6k,464.0,7056.37,12890.97,0.0,0,2,2,2,True
8569,1,2024-12-13,2024-12-13,Middle Income Segment,Exceptional,3k-6k,806.0,5106.58,6181.33,200.79,1,1,1,1,False
8570,3,2023-03-04,2025-04-18,Low Income Segment,Poor,Under 3k,583.0,3687.7233333333334,27185.66,74.37,0,2,3,3,True
8572,3,2023-05-28,2024-12-07,High Income Segment,Good,6k-10k,659.0,6526.556666666667,27825.89,134.09,0,2,3,3,True
8573,1,2024-07-16,2024-07-16,Middle Income Segment,Poor,3k-6k,359.0,4475.12,5116.15,103.48,0,1,1,1,False
8574,4,2023-04-13,2025-05-11,Middle Income Segment,Fair,3k-6k,557.0,4144.21,17167.51,53.3,0,1,4,4,True
8575,2,2023-07-26,2024-08-22,High Income Segment,Good,3k-6k,528.5,6667.145,7324.24,42.03,0,2,2,2,True
8576,1,2023-12-22,2023-12-22,Middle Income Segment,Very Good,6k-10k,767.0,6742.96,3096.16,73.38,0,1,1,1,False
8577,1,2024-02-12,2024-02-12,Middle Income Segment,Poor,3k-6k,460.0,3607.41,3010.8,4.31,0,1,1,1,False
8579,2,2023-11-06,2024-04-18,Low Income Segment,Good,3k-6k,602.0,2706.7200000000003,11611.77,93.47,0,2,2,2,True
8580,1,2023-11-15,2023-11-15,Low Income Segment,Fair,Under 3k,632.0,1643.15,12525.75,78.08,0,1,1,1,False
8581,1,2024-08-16,2024-08-16,Low Income Segment,Poor,Under 3k,337.0,1040.74,3861.13,38.44,0,1,1,1,False
8582,1,2025-03-15,2025-03-15,High Income Segment,Fair,6k-10k,582.0,9787.61,6771.92,45.72,0,1,1,1,False
8583,2,2024-03-22,2025-02-09,High Income Segment,Fair,6k-10k,546.5,7165.495,15223.57,0.0,0,2,2,2,True
8584,1,2024-07-26,2024-07-26,Middle Income Segment,Good,3k-6k,673.0,4132.26,9687.0,35.6,0,1,1,1,False
8585,1,2023-09-20,2023-09-20,High Income Segment,Very Good,6k-10k,744.0,9621.98,11850.17,0.0,0,1,1,1,False
8586,2,2024-02-01,2024-10-06,Middle Income Segment,Poor,3k-6k,416.0,5614.25,6480.92,34.5,0,1,2,2,True
8587,3,2023-02-06,2024-10-17,Middle Income Segment,Fair,6k-10k,614.3333333333334,7047.756666666665,15328.710000000001,173.03,0,2,3,3,True
8588,1,2024-05-28,2024-05-28,Middle Income Segment,Poor,6k-10k,572.0,6053.54,3079.08,0.0,0,1,1,1,False
8589,1,2023-07-02,2023-07-02,High Income Segment,Fair,6k-10k,595.0,7412.04,491.75,0.0,0,1,1,1,False
8590,2,2023-11-14,2024-02-02,High Income Segment,Fair,6k-10k,493.5,5140.0650000000005,11336.64,0.0,0,2,2,2,True
8591,1,2024-04-19,2024-04-19,High Income Segment,Fair,6k-10k,623.0,9547.03,5348.87,23.26,0,1,1,1,False
8592,1,2025-04-25,2025-04-25,High Income Segment,Poor,6k-10k,514.0,8282.22,7173.31,0.0,0,1,1,1,False
8593,2,2023-08-19,2024-09-05,High Income Segment,Exceptional,3k-6k,597.5,7258.59,3254.16,16.05,0,2,2,2,True
8594,2,2024-02-16,2024-04-16,High Income Segment,Poor,3k-6k,516.5,7417.72,10419.720000000001,84.25,0,2,2,2,True
8595,6,2023-06-06,2025-02-24,Middle Income Segment,Poor,3k-6k,532.8333333333334,4217.8550000000005,33111.04,311.23,1,2,6,6,True
8596,2,2023-04-05,2023-12-01,Low Income Segment,Fair,3k-6k,567.5,3004.77,1922.23,0.0,0,2,2,2,True
8597,2,2023-10-18,2025-03-25,Low Income Segment,Fair,3k-6k,609.0,3303.1400000000003,5504.63,7.13,0,2,2,2,True
8598,1,2024-06-14,2024-06-14,Low Income Segment,Poor,Under 3k,417.0,2098.53,5803.76,26.8,0,1,1,1,False
8599,1,2024-10-20,2024-10-20,High Income Segment,Fair,6k-10k,631.0,9752.52,5597.09,0.0,0,1,1,1,False
8600,1,2023-07-20,2023-07-20,Low Income Segment,Exceptional,Under 3k,806.0,1983.58,10156.83,11.5,0,1,1,1,False
8601,2,2023-04-26,2023-10-03,Middle Income Segment,Fair,3k-6k,470.0,5043.105,10026.42,42.24,0,1,2,2,True
8602,1,2025-02-12,2025-02-12,Middle Income Segment,Poor,3k-6k,555.0,3569.32,9144.44,40.74,0,1,1,1,False
8603,1,2024-12-27,2024-12-27,High Income Segment,Good,6k-10k,711.0,9556.85,12538.2,0.0,0,1,1,1,False
8604,3,2023-08-31,2024-05-07,Middle Income Segment,Poor,6k-10k,574.3333333333334,6597.94,8705.36,0.0,0,2,3,3,True
8605,3,2023-03-04,2024-09-29,High Income Segment,Poor,3k-6k,556.3333333333334,5339.54,19118.23,1.19,0,3,3,3,True
8607,5,2023-03-21,2024-12-24,High Income Segment,Poor,6k-10k,536.6,7517.075999999999,39924.19,189.48999999999998,1,2,5,5,True
8608,3,2024-08-10,2025-01-06,High Income Segment,Fair,3k-6k,561.6666666666666,5025.473333333333,22181.77,131.43,0,3,3,3,True
8609,1,2023-07-20,2023-07-20,Middle Income Segment,Poor,3k-6k,336.0,5505.89,7109.25,0.0,0,1,1,1,False
8610,2,2023-09-27,2025-02-22,Low Income Segment,Good,Under 3k,624.0,1712.845,16804.57,77.2,0,1,2,2,True
8611,2,2023-05-22,2023-06-24,High Income Segment,Good,3k-6k,522.0,5781.05,19505.11,173.96,0,2,2,2,True
8612,3,2023-09-13,2025-04-26,Middle Income Segment,Fair,3k-6k,565.0,4432.38,7543.8,44.58,0,2,3,3,True
8613,1,2023-10-03,2023-10-03,Low Income Segment,Poor,Under 3k,499.0,1554.79,772.11,0.0,0,1,1,1,False
8614,4,2023-02-13,2024-12-21,High Income Segment,Poor,6k-10k,513.5,6447.3475,23517.559999999998,249.51,1,3,4,4,True
8615,1,2023-09-15,2023-09-15,Low Income Segment,Poor,Under 3k,324.0,1592.86,7200.53,14.49,0,1,1,1,False
8616,4,2023-09-20,2024-06-04,High Income Segment,Poor,6k-10k,544.75,6877.137500000001,16083.56,229.59,0,2,4,4,True
8617,3,2023-05-17,2023-11-22,High Income Segment,Fair,6k-10k,572.3333333333334,6516.193333333334,27892.13,0.0,0,2,3,3,True
8618,3,2023-02-17,2024-03-26,Low Income Segment,Poor,Under 3k,541.0,2888.536666666667,14334.42,48.95,0,2,3,3,True
8619,6,2023-04-02,2025-05-04,Middle Income Segment,Poor,3k-6k,535.8333333333334,5605.235000000001,38550.97,104.9,0,2,6,6,True
8620,1,2024-07-19,2024-07-19,High Income Segment,Fair,6k-10k,591.0,7288.06,13265.22,53.31,0,1,1,1,False
8621,2,2024-01-24,2025-04-03,Low Income Segment,Poor,Under 3k,370.5,2059.815,6985.48,13.58,0,1,2,2,True
8622,2,2023-06-30,2024-12-23,High Income Segment,Fair,3k-6k,597.0,5847.014999999999,13518.16,24.08,0,2,2,2,True
8623,1,2024-03-11,2024-03-11,Middle Income Segment,Poor,3k-6k,458.0,5685.14,5421.57,111.23,0,1,1,1,False
8624,2,2023-05-23,2024-11-10,High Income Segment,Poor,6k-10k,514.5,5784.53,19823.989999999998,113.44,0,2,2,2,True
8625,1,2023-03-29,2023-03-29,High Income Segment,Fair,6k-10k,654.0,8959.77,11580.74,285.35,1,1,1,1,False
8626,1,2024-12-09,2024-12-09,Middle Income Segment,Poor,6k-10k,467.0,6717.12,2882.74,0.0,0,1,1,1,False
8629,3,2024-08-02,2025-05-19,Low Income Segment,Fair,Under 3k,573.0,3576.5966666666664,15100.779999999999,302.13,1,2,3,3,True
8630,7,2023-03-15,2025-01-26,Middle Income Segment,Poor,3k-6k,521.0,4942.902857142857,36444.47,122.59,0,3,7,7,True
8631,3,2023-11-18,2024-04-08,High Income Segment,Fair,3k-6k,541.3333333333334,5097.22,21314.02,120.07,0,3,3,3,True
8632,3,2023-03-18,2024-08-18,Middle Income Segment,Poor,3k-6k,580.3333333333334,5506.593333333333,19645.420000000002,100.71,0,2,3,3,True
8633,1,2023-01-07,2023-01-07,High Income Segment,Fair,6k-10k,624.0,7139.51,4719.7,30.07,0,1,1,1,False
8634,2,2023-03-18,2024-09-17,High Income Segment,Poor,6k-10k,411.0,8248.555,15535.580000000002,84.18,0,1,2,2,True
8635,3,2023-11-06,2024-07-29,Middle Income Segment,Poor,3k-6k,519.3333333333334,4459.37,16454.68,202.45999999999998,0,2,3,3,True
8636,3,2023-09-30,2024-01-25,High Income Segment,Fair,6k-10k,712.6666666666666,7949.123333333333,21885.62,76.72999999999999,0,1,3,3,True
8637,3,2023-03-22,2024-09-13,Low Income Segment,Poor,Under 3k,559.3333333333334,2582.58,14527.51,55.07,0,2,3,3,True
8638,3,2023-06-30,2025-01-08,Middle Income Segment,Poor,6k-10k,452.0,5899.139999999999,16633.899999999998,10.47,0,2,3,3,True
8639,1,2025-01-05,2025-01-05,High Income Segment,Poor,6k-10k,497.0,7781.47,7464.36,91.1,0,1,1,1,False
8640,1,2023-03-09,2023-03-09,Middle Income Segment,Poor,3k-6k,460.0,4912.31,2509.7,144.15,1,1,1,1,False
8641,6,2023-02-21,2025-05-16,High Income Segment,Poor,6k-10k,557.6666666666666,6015.931666666666,17211.28,305.12,1,3,6,6,True
8642,2,2023-04-29,2024-04-28,High Income Segment,Fair,3k-6k,536.0,6281.68,17038.57,0.0,0,2,2,2,True
8643,4,2024-03-05,2025-05-09,Middle Income Segment,Good,3k-6k,553.25,3844.71,27647.1,0.0,0,1,4,4,True
8644,3,2023-10-23,2025-02-12,Middle Income Segment,Poor,3k-6k,522.3333333333334,4879.2699999999995,27605.940000000002,12.05,0,2,3,3,True
8645,2,2024-10-30,2024-12-09,High Income Segment,Fair,6k-10k,492.0,7646.715,7690.459999999999,18.86,0,2,2,2,True
8646,1,2024-10-11,2024-10-11,Middle Income Segment,Poor,3k-6k,376.0,4873.3,5238.9,150.7,1,1,1,1,False
8647,2,2024-12-02,2025-02-08,Middle Income Segment,Good,3k-6k,643.0,5419.635,13622.63,51.47,0,1,2,2,True
8648,2,2023-08-12,2024-08-01,High Income Segment,Fair,6k-10k,588.0,5382.0599999999995,3129.35,0.0,0,2,2,2,True
8649,4,2023-03-09,2024-10-10,High Income Segment,Poor,6k-10k,582.0,7709.35,11233.970000000001,322.25,1,2,4,4,True
8650,1,2024-11-23,2024-11-23,High Income Segment,Exceptional,6k-10k,829.0,9965.35,2681.45,0.0,0,1,1,1,False
8651,2,2023-08-04,2024-02-01,High Income Segment,Fair,3k-6k,571.0,5291.925,24035.989999999998,53.08,0,2,2,2,True
8652,1,2023-12-30,2023-12-30,Middle Income Segment,Poor,3k-6k,559.0,3617.58,1596.78,0.0,0,1,1,1,False
8653,1,2023-12-20,2023-12-20,High Income Segment,Poor,6k-10k,557.0,7602.73,2463.04,0.0,0,1,1,1,False
8654,2,2023-05-20,2025-05-10,High Income Segment,Good,6k-10k,699.0,7687.639999999999,14052.05,27.66,0,2,2,2,True
8655,2,2023-02-24,2024-10-24,Low Income Segment,Fair,Under 3k,529.0,1728.105,7675.92,131.47,0,1,2,2,True
8656,1,2024-12-20,2024-12-20,Middle Income Segment,Poor,3k-6k,516.0,3161.49,8017.36,27.98,0,1,1,1,False
8657,4,2023-06-09,2024-06-30,Middle Income Segment,Fair,3k-6k,487.75,4351.2175,27047.18,212.72,0,1,4,4,True
8658,2,2023-08-30,2024-12-23,Low Income Segment,Fair,3k-6k,551.0,3040.965,8430.07,15.74,0,2,2,2,True
8659,1,2024-11-10,2024-11-10,Middle Income Segment,Poor,3k-6k,518.0,3578.67,668.31,38.46,0,1,1,1,False
8660,5,2023-06-29,2024-09-04,Middle Income Segment,Exceptional,3k-6k,650.6,5747.278,29419.7,173.58,0,2,5,5,True
8661,2,2024-06-10,2024-09-15,Middle Income Segment,Fair,3k-6k,502.5,4391.415000000001,9701.439999999999,43.28,0,1,2,2,True
8662,1,2023-06-17,2023-06-17,Low Income Segment,Poor,Under 3k,312.0,1088.34,5652.65,0.0,0,1,1,1,False
8663,3,2024-01-23,2024-10-11,Middle Income Segment,Poor,3k-6k,406.0,4625.306666666667,18693.29,78.67,0,1,3,3,True
8664,1,2023-07-03,2023-07-03,Middle Income Segment,Good,3k-6k,704.0,3553.01,8633.42,182.51,1,1,1,1,False
8666,1,2024-11-30,2024-11-30,High Income Segment,Poor,6k-10k,338.0,7062.25,1643.42,150.38,1,1,1,1,False
8667,1,2023-02-10,2023-02-10,High Income Segment,Poor,6k-10k,382.0,7021.97,2981.47,276.68,1,1,1,1,False
8668,1,2023-10-16,2023-10-16,Middle Income Segment,Poor,3k-6k,526.0,5491.16,2178.59,0.0,0,1,1,1,False
8669,3,2023-10-16,2024-09-27,Middle Income Segment,Poor,3k-6k,415.6666666666667,4420.093333333333,11099.15,346.52,1,2,3,3,True
8670,5,2023-02-25,2025-05-16,High Income Segment,Very Good,6k-10k,642.4,6390.33,32324.07,225.43,0,2,5,5,True
8673,2,2023-06-25,2024-02-20,High Income Segment,Poor,6k-10k,635.5,5237.225,8826.83,75.89,0,2,2,2,True
8674,3,2023-05-08,2023-11-21,High Income Segment,Poor,6k-10k,479.3333333333333,5989.343333333333,15676.28,109.5,0,2,3,3,True
8675,4,2023-01-20,2023-11-11,High Income Segment,Poor,6k-10k,651.5,5986.2675,22234.379999999997,242.91,1,3,4,4,True
8676,1,2025-04-15,2025-04-15,Middle Income Segment,Very Good,3k-6k,771.0,4738.65,2499.02,0.0,0,1,1,1,False
8677,2,2023-10-04,2024-07-28,Middle Income Segment,Exceptional,3k-6k,706.0,4921.38,9694.28,187.74,1,1,2,2,True
8678,3,2023-02-05,2023-12-06,High Income Segment,Poor,6k-10k,471.3333333333333,6959.233333333334,12618.57,263.45,1,2,3,3,True
8679,4,2023-01-18,2025-05-05,High Income Segment,Poor,6k-10k,462.75,5908.205,22367.93,247.0,1,3,4,4,True
8680,2,2023-02-15,2024-08-17,High Income Segment,Poor,3k-6k,549.5,5753.465,7689.74,18.87,0,2,2,2,True
8681,2,2024-04-05,2024-11-15,Low Income Segment,Exceptional,3k-6k,800.5,3255.7250000000004,18661.760000000002,172.47,0,2,2,2,True
8683,3,2023-07-11,2025-02-15,High Income Segment,Poor,6k-10k,492.0,6332.586666666666,17502.85,65.34,0,2,3,3,True
8684,1,2023-11-25,2023-11-25,High Income Segment,Fair,6k-10k,624.0,8263.96,6944.06,14.41,0,1,1,1,False
8686,4,2023-09-22,2025-02-07,High Income Segment,Fair,3k-6k,629.25,5834.1449999999995,28435.45,92.94,0,2,4,4,True
8687,2,2024-03-14,2025-01-28,Middle Income Segment,Exceptional,3k-6k,723.5,4029.8949999999995,5104.54,0.0,0,1,2,2,True
8688,1,2024-09-18,2024-09-18,Middle Income Segment,Very Good,3k-6k,750.0,5049.43,9870.71,0.0,0,1,1,1,False
8689,4,2023-04-07,2023-12-02,High Income Segment,Poor,6k-10k,545.0,6427.9,26282.86,124.86999999999999,0,3,4,4,True
8690,2,2023-03-03,2023-06-20,High Income Segment,Fair,3k-6k,671.0,6517.215,10473.99,80.69,0,2,2,2,True
8691,3,2024-05-20,2025-03-30,Low Income Segment,Exceptional,Under 3k,630.0,2673.9533333333334,19716.059999999998,178.64999999999998,0,2,3,3,True
8692,2,2023-01-21,2024-07-07,High Income Segment,Poor,6k-10k,439.5,7347.05,20223.68,34.89,0,2,2,2,True
8693,4,2023-11-20,2024-06-11,Middle Income Segment,Poor,3k-6k,582.75,5268.91,13663.43,70.28,0,3,4,4,True
8694,4,2023-10-13,2024-07-20,Middle Income Segment,Fair,3k-6k,703.0,4716.047500000001,27661.46,6.82,0,1,4,4,True
8695,1,2023-03-29,2023-03-29,Middle Income Segment,Very Good,3k-6k,747.0,3752.51,3794.0,159.06,1,1,1,1,False
8696,1,2023-05-24,2023-05-24,Middle Income Segment,Poor,3k-6k,495.0,4504.93,5691.59,0.0,0,1,1,1,False
8697,3,2023-09-25,2024-08-17,High Income Segment,Exceptional,3k-6k,726.3333333333334,5927.233333333334,12516.349999999999,20.26,0,3,3,3,True
8698,1,2025-03-14,2025-03-14,Low Income Segment,Very Good,Under 3k,749.0,1034.61,9089.58,46.71,0,1,1,1,False
8699,5,2024-03-12,2025-02-17,High Income Segment,Exceptional,6k-10k,660.6,5164.482000000001,16829.989999999998,0.0,0,3,5,5,True
8700,1,2024-02-24,2024-02-24,Low Income Segment,Fair,Under 3k,601.0,2977.5,7919.77,44.03,0,1,1,1,False
8701,4,2023-06-10,2025-02-10,High Income Segment,Poor,6k-10k,501.25,7270.014999999999,16602.53,136.46,0,2,4,4,True
8702,2,2024-06-05,2024-06-06,Low Income Segment,Exceptional,3k-6k,789.0,2356.22,9860.64,92.75,0,2,2,2,True
8703,2,2023-04-19,2024-08-08,High Income Segment,Poor,6k-10k,538.0,5755.9349999999995,15603.630000000001,141.82,0,2,2,2,True
8704,3,2023-03-29,2024-12-24,High Income Segment,Poor,6k-10k,551.6666666666666,7112.786666666667,3002.3199999999997,15.7,0,2,3,3,True
8705,4,2023-08-04,2024-12-18,Middle Income Segment,Poor,3k-6k,480.75,4758.297500000001,18777.17,41.61,0,2,4,4,True
8706,2,2024-08-15,2025-02-15,Middle Income Segment,Fair,3k-6k,674.0,4469.72,11149.87,112.57,0,1,2,2,True
8707,3,2023-01-21,2025-01-07,High Income Segment,Poor,3k-6k,478.6666666666667,5022.72,17499.100000000002,55.16,0,3,3,3,True
8709,2,2023-10-09,2024-12-02,High Income Segment,Poor,3k-6k,387.5,6878.795,3230.84,31.99,0,2,2,2,True
8710,5,2023-01-26,2024-12-18,Low Income Segment,Exceptional,Under 3k,596.0,3944.7419999999997,19580.63,13.95,0,2,5,5,True
8711,2,2024-04-03,2025-04-01,High Income Segment,Fair,3k-6k,572.5,6959.99,18251.97,0.0,0,2,2,2,True
8712,1,2024-03-09,2024-03-09,Middle Income Segment,Poor,3k-6k,495.0,4111.66,4086.53,0.0,0,1,1,1,False
8713,1,2025-03-08,2025-03-08,Low Income Segment,Fair,Under 3k,590.0,2763.77,4075.01,0.0,0,1,1,1,False
8714,4,2023-03-21,2024-11-09,Middle Income Segment,Exceptional,3k-6k,637.75,3554.8725,26180.2,238.27,0,1,4,4,True
8715,5,2024-03-03,2024-12-19,High Income Segment,Good,3k-6k,614.4,5518.104,15620.82,56.51,0,3,5,5,True
8716,2,2023-04-19,2023-10-08,High Income Segment,Good,3k-6k,694.0,7661.805,8361.15,173.45,1,2,2,2,True
8717,3,2023-06-15,2024-04-06,Low Income Segment,Poor,Under 3k,582.6666666666666,2477.1066666666666,19338.65,11.45,0,2,3,3,True
8718,3,2023-11-11,2025-04-10,Low Income Segment,Exceptional,Under 3k,636.6666666666666,4429.259999999999,15919.33,210.66000000000003,1,2,3,3,True
8719,1,2024-04-04,2024-04-04,Middle Income Segment,Fair,3k-6k,580.0,5913.63,1306.03,17.24,0,1,1,1,False
8720,2,2024-01-26,2024-09-21,High Income Segment,Poor,6k-10k,574.5,5720.905000000001,5707.14,0.0,0,2,2,2,True
8721,1,2024-08-18,2024-08-18,Middle Income Segment,Poor,6k-10k,450.0,6983.29,799.54,0.0,0,1,1,1,False
8723,2,2024-02-09,2025-05-16,Low Income Segment,Poor,Under 3k,466.0,1748.085,8115.7,66.62,0,1,2,2,True
8725,1,2025-04-01,2025-04-01,Middle Income Segment,Poor,3k-6k,515.0,3295.91,15570.73,0.0,0,1,1,1,False
8726,1,2023-02-16,2023-02-16,High Income Segment,Poor,6k-10k,478.0,7517.99,1203.61,0.0,0,1,1,1,False
8727,6,2023-01-14,2025-04-02,High Income Segment,Fair,6k-10k,685.1666666666666,7300.871666666667,25033.07,228.55,0,2,6,6,True
8728,3,2023-07-02,2025-01-21,Low Income Segment,Exceptional,Under 3k,708.3333333333334,3279.3466666666664,7969.53,43.96,0,2,3,3,True
8730,4,2023-02-11,2025-04-14,High Income Segment,Poor,6k-10k,601.25,5107.885,11538.14,146.1,1,3,4,4,True
8731,1,2024-02-01,2024-02-01,High Income Segment,Poor,6k-10k,363.0,9424.13,8933.85,9.58,0,1,1,1,False
8732,2,2023-02-03,2024-04-06,High Income Segment,Fair,3k-6k,685.0,6223.11,11204.949999999999,35.71,0,2,2,2,True
8733,2,2024-09-12,2025-01-30,Middle Income Segment,Fair,3k-6k,523.5,4063.015,20287.379999999997,18.63,0,1,2,2,True
8734,5,2023-01-17,2025-03-26,Middle Income Segment,Exceptional,6k-10k,731.8,6880.186,44308.46,101.14,0,2,5,5,True
8735,3,2023-05-11,2025-04-06,High Income Segment,Poor,6k-10k,537.3333333333334,5712.123333333333,19486.16,214.98000000000002,0,2,3,3,True
8736,2,2024-01-11,2024-04-19,Low Income Segment,Poor,3k-6k,637.5,3726.71,9499.82,43.05,0,2,2,2,True
8737,3,2023-01-27,2024-11-02,High Income Segment,Exceptional,6k-10k,789.0,7163.643333333333,17984.35,54.84,0,2,3,3,True
8738,1,2023-12-06,2023-12-06,Middle Income Segment,Exceptional,3k-6k,844.0,5265.57,1629.28,0.0,0,1,1,1,False
8739,3,2023-10-06,2024-10-11,Low Income Segment,Poor,Under 3k,354.0,2502.346666666667,12846.62,76.25,0,2,3,3,True
8740,3,2023-01-14,2024-11-27,High Income Segment,Poor,3k-6k,505.0,4615.803333333333,18872.94,114.62,0,3,3,3,True
8741,4,2024-02-23,2025-02-18,High Income Segment,Exceptional,6k-10k,620.5,4923.02,19221.35,186.34,1,2,4,4,True
8742,2,2023-03-31,2023-05-06,Low Income Segment,Fair,Under 3k,701.5,2169.83,1578.6399999999999,123.47,0,1,2,2,True
8743,2,2025-01-23,2025-03-25,High Income Segment,Fair,6k-10k,568.0,7515.99,13642.16,56.76,0,2,2,2,True
8744,1,2023-07-12,2023-07-12,High Income Segment,Poor,6k-10k,302.0,9080.06,8947.11,0.0,0,1,1,1,False
8746,3,2023-01-05,2024-09-17,Middle Income Segment,Poor,6k-10k,503.3333333333333,7058.06,12356.980000000001,67.77000000000001,0,2,3,3,True
8749,6,2023-01-31,2025-04-20,Low Income Segment,Poor,Under 3k,513.5,3875.235,58980.020000000004,47.129999999999995,0,3,6,6,True
8750,4,2023-03-22,2024-10-09,High Income Segment,Poor,6k-10k,545.75,5764.83,31399.18,272.19,1,3,4,4,True
8751,1,2024-09-18,2024-09-18,High Income Segment,Poor,6k-10k,365.0,7629.8,11291.02,0.0,0,1,1,1,False
8752,1,2023-03-27,2023-03-27,Middle Income Segment,Exceptional,6k-10k,800.0,6269.32,1197.13,0.0,0,1,1,1,False
8754,2,2024-04-24,2024-11-10,Low Income Segment,Exceptional,Under 3k,805.5,2109.665,3739.13,0.0,0,1,2,2,True
8755,1,2024-03-24,2024-03-24,Middle Income Segment,Fair,3k-6k,603.0,5194.32,5745.46,0.0,0,1,1,1,False
8756,4,2023-08-10,2025-01-03,High Income Segment,Poor,6k-10k,562.5,5716.1075,39496.99,35.59,0,3,4,4,True
8758,4,2023-02-08,2024-04-15,Middle Income Segment,Poor,3k-6k,549.25,4187.03,19529.14,132.96,0,2,4,4,True
8759,2,2023-03-23,2023-05-17,High Income Segment,Good,6k-10k,736.5,5677.445,17448.65,203.11,1,2,2,2,True
8760,2,2024-02-10,2024-10-16,Middle Income Segment,Fair,3k-6k,545.5,5657.8150000000005,20544.11,184.07,1,1,2,2,True
8761,1,2024-07-07,2024-07-07,Middle Income Segment,Exceptional,3k-6k,829.0,5122.74,3863.67,49.83,0,1,1,1,False
8762,2,2023-09-11,2024-09-07,Low Income Segment,Fair,3k-6k,521.0,3582.3450000000003,13855.29,29.91,0,2,2,2,True
8763,3,2023-10-05,2025-05-19,High Income Segment,Poor,3k-6k,607.0,4867.2733333333335,21047.06,185.32,0,3,3,3,True
8764,1,2024-08-31,2024-08-31,Low Income Segment,Very Good,Under 3k,765.0,1903.68,1312.66,31.14,0,1,1,1,False
8765,4,2023-05-21,2025-04-25,High Income Segment,Poor,6k-10k,513.5,7387.1325,19506.36,337.48,1,2,4,4,True
8766,2,2023-03-06,2024-05-16,Middle Income Segment,Good,3k-6k,598.5,5306.39,17202.1,0.0,0,1,2,2,True
8767,2,2023-05-16,2023-06-27,Middle Income Segment,Fair,3k-6k,563.5,3693.9300000000003,14480.82,26.17,0,1,2,2,True
8768,2,2024-01-19,2024-12-04,Middle Income Segment,Poor,3k-6k,423.0,4627.755,17719.42,52.82,0,1,2,2,True
8769,5,2023-02-18,2025-04-04,Middle Income Segment,Poor,3k-6k,576.0,5267.442,23531.65,62.17,0,3,5,5,True
8770,5,2023-02-22,2025-03-25,Low Income Segment,Poor,6k-10k,556.2,4939.536,24145.28,91.33,0,3,5,5,True
8771,3,2023-01-11,2025-03-17,Middle Income Segment,Fair,3k-6k,598.0,4937.016666666666,9665.72,168.31,1,1,3,3,True
8772,1,2025-02-01,2025-02-01,Middle Income Segment,Poor,3k-6k,526.0,5659.33,4804.19,27.15,0,1,1,1,False
8773,2,2023-10-13,2024-09-10,High Income Segment,Fair,6k-10k,480.5,5564.305,6967.87,184.66,1,2,2,2,True
8774,1,2024-07-15,2024-07-15,Middle Income Segment,Poor,3k-6k,490.0,4202.74,4156.04,0.0,0,1,1,1,False
8775,1,2025-03-08,2025-03-08,Middle Income Segment,Good,3k-6k,681.0,4670.39,2740.57,45.24,0,1,1,1,False
8776,4,2023-06-15,2025-02-07,High Income Segment,Poor,6k-10k,512.0,5533.59,30386.14,83.51,0,2,4,4,True
8777,5,2023-09-12,2025-05-09,Middle Income Segment,Poor,6k-10k,648.2,6542.82,32005.77,368.44,2,2,5,5,True
8778,4,2023-09-07,2024-04-21,Middle Income Segment,Poor,3k-6k,449.0,4381.924999999999,13143.56,42.5,0,3,4,4,True
8782,4,2023-06-02,2025-01-07,Middle Income Segment,Exceptional,3k-6k,718.5,4857.455,24630.88,95.59,0,3,4,4,True
8783,2,2023-02-26,2024-12-29,Middle Income Segment,Good,3k-6k,735.0,4040.7250000000004,7066.03,20.14,0,1,2,2,True
8784,1,2023-09-18,2023-09-18,High Income Segment,Poor,6k-10k,504.0,8421.55,3772.61,23.66,0,1,1,1,False
8785,1,2025-03-16,2025-03-16,Low Income Segment,Poor,Under 3k,384.0,2401.13,1626.26,0.0,0,1,1,1,False
8786,2,2024-06-23,2024-11-22,High Income Segment,Poor,6k-10k,639.5,8829.855,2418.35,50.01,0,1,2,2,True
8787,2,2023-09-29,2024-05-01,High Income Segment,Fair,6k-10k,583.5,8714.605,7246.57,19.79,0,1,2,2,True
8788,2,2024-01-10,2025-03-01,Middle Income Segment,Poor,3k-6k,385.5,3689.8,17156.51,0.0,0,1,2,2,True
8789,3,2023-05-12,2025-02-06,Middle Income Segment,Exceptional,3k-6k,744.6666666666666,5492.113333333334,8788.41,26.52,0,2,3,3,True
8790,2,2024-05-07,2025-03-23,Middle Income Segment,Fair,3k-6k,656.0,5674.639999999999,8340.210000000001,86.61,0,1,2,2,True
8791,2,2023-03-16,2024-01-29,High Income Segment,Good,3k-6k,549.5,6010.425,4828.16,21.68,0,2,2,2,True
8795,5,2023-02-28,2025-02-20,Middle Income Segment,Exceptional,3k-6k,654.0,4776.464,19603.87,97.09,0,3,5,5,True
8796,3,2023-01-12,2023-07-09,Middle Income Segment,Fair,3k-6k,617.6666666666666,5547.496666666666,15330.19,244.77999999999997,1,2,3,3,True
8797,2,2023-10-25,2024-10-02,Low Income Segment,Fair,6k-10k,563.0,3980.695,5784.07,0.03,0,2,2,2,True
8798,4,2023-02-14,2025-04-17,Middle Income Segment,Fair,3k-6k,637.75,4197.1825,19266.64,401.09,1,2,4,4,True
8799,2,2023-07-14,2024-09-27,High Income Segment,Exceptional,6k-10k,660.0,7318.219999999999,4073.25,0.0,0,1,2,2,True
8802,3,2024-03-10,2024-05-23,Middle Income Segment,Fair,6k-10k,675.3333333333334,6470.193333333334,15018.14,0.0,0,2,3,3,True
8803,3,2023-07-22,2025-03-12,High Income Segment,Good,6k-10k,566.0,5701.403333333333,19637.059999999998,54.18,0,2,3,3,True
8804,6,2023-09-08,2024-04-07,Middle Income Segment,Good,3k-6k,705.3333333333334,4686.658333333334,24241.28,132.82,0,3,5,6,True
8805,1,2024-04-11,2024-04-11,High Income Segment,Poor,6k-10k,334.0,7202.99,14116.1,0.0,0,1,1,1,False
8806,2,2023-07-06,2025-05-16,High Income Segment,Good,3k-6k,526.5,6052.995,16550.65,9.51,0,2,2,2,True
8807,3,2023-04-12,2024-12-05,Low Income Segment,Poor,Under 3k,392.6666666666667,3890.2966666666666,8214.72,62.17,0,2,3,3,True
8808,1,2023-04-04,2023-04-04,High Income Segment,Poor,6k-10k,497.0,9417.55,6463.74,0.0,0,1,1,1,False
8809,1,2025-02-09,2025-02-09,Middle Income Segment,Fair,3k-6k,605.0,4526.55,2469.5,280.56,1,1,1,1,False
8810,2,2023-02-03,2023-10-22,Middle Income Segment,Exceptional,3k-6k,716.0,4064.32,6736.84,187.02,1,1,2,2,True
8811,1,2024-12-10,2024-12-10,Middle Income Segment,Poor,6k-10k,395.0,6176.44,7157.38,0.0,0,1,1,1,False
8812,2,2024-08-04,2024-11-05,Low Income Segment,Poor,Under 3k,405.0,2411.475,14496.720000000001,21.529999999999998,0,1,2,2,True
8813,5,2023-05-10,2024-04-20,High Income Segment,Fair,6k-10k,586.6,6013.0199999999995,28451.02,442.56,2,2,5,5,True
8814,2,2024-03-20,2025-04-11,High Income Segment,Exceptional,6k-10k,714.5,4913.28,2562.8399999999997,76.7,0,2,2,2,True
8815,2,2024-09-03,2025-01-16,Low Income Segment,Good,6k-10k,504.0,4102.055,8582.369999999999,0.0,0,2,2,2,True
8816,2,2024-02-05,2024-02-26,Middle Income Segment,Exceptional,3k-6k,833.5,5446.15,5505.05,294.73,1,1,2,2,True
8817,1,2023-08-02,2023-08-02,Middle Income Segment,Fair,3k-6k,610.0,3095.16,3645.94,10.94,0,1,1,1,False
8818,2,2023-12-21,2025-02-01,High Income Segment,Fair,3k-6k,560.5,5676.24,12770.44,85.22,0,2,2,2,True
8819,2,2023-07-31,2024-12-18,High Income Segment,Fair,3k-6k,602.0,6855.790000000001,4931.43,0.0,0,2,2,2,True
8820,3,2023-05-06,2025-03-18,High Income Segment,Poor,6k-10k,380.3333333333333,5813.139999999999,17380.579999999998,249.79,0,3,3,3,True
8821,1,2025-03-17,2025-03-17,High Income Segment,Very Good,6k-10k,742.0,8751.77,3746.63,0.0,0,1,1,1,False
8822,1,2023-04-18,2023-04-18,Low Income Segment,Poor,Under 3k,577.0,2857.22,8173.76,19.32,0,1,1,1,False
8823,2,2025-04-27,2025-05-02,High Income Segment,Fair,6k-10k,516.0,5231.799999999999,8617.57,0.0,0,2,2,2,True
8824,4,2023-03-03,2024-10-06,Middle Income Segment,Poor,3k-6k,584.5,5176.8725,18366.31,292.96,1,2,4,4,True
8825,3,2023-10-23,2025-03-18,High Income Segment,Poor,3k-6k,492.3333333333333,5484.756666666667,22292.92,280.44,1,3,3,3,True
8826,2,2023-11-07,2025-03-08,Low Income Segment,Good,3k-6k,611.5,2376.56,6577.5599999999995,0.0,0,2,2,2,True
8827,1,2025-01-25,2025-01-25,High Income Segment,Exceptional,6k-10k,809.0,7786.64,3403.09,0.0,0,1,1,1,False
8829,3,2025-01-07,2025-05-09,Middle Income Segment,Fair,3k-6k,587.3333333333334,5091.043333333334,1757.28,85.37,0,2,3,3,True
8830,5,2023-06-18,2025-01-04,Middle Income Segment,Fair,3k-6k,544.6,4880.492,37745.7,162.36,0,3,5,5,True
8831,1,2025-03-17,2025-03-17,High Income Segment,Poor,6k-10k,443.0,8160.44,6845.81,0.0,0,1,1,1,False
8832,3,2023-01-21,2024-06-07,Middle Income Segment,Poor,6k-10k,568.3333333333334,4943.08,9281.15,62.83,0,2,3,3,True
8833,7,2023-02-03,2025-02-18,Middle Income Segment,Poor,3k-6k,608.0,4767.891428571429,41967.42,153.60000000000002,0,3,7,7,True
8834,1,2023-09-13,2023-09-13,High Income Segment,Poor,6k-10k,330.0,8936.94,5030.4,0.0,0,1,1,1,False
8835,3,2023-10-19,2024-12-18,Middle Income Segment,Fair,3k-6k,658.6666666666666,5499.69,17747.5,58.900000000000006,0,1,3,3,True
8836,3,2024-02-05,2024-06-23,Low Income Segment,Poor,Under 3k,551.3333333333334,2591.1066666666666,4822.73,0.0,0,2,3,3,True
8837,4,2023-01-06,2024-02-16,High Income Segment,Fair,6k-10k,551.5,8238.7975,35322.37,408.41999999999996,1,1,4,4,True
8838,3,2023-09-24,2025-01-25,Middle Income Segment,Poor,6k-10k,501.3333333333333,6086.45,6924.26,45.1,0,2,3,3,True
8841,1,2024-02-14,2024-02-14,High Income Segment,Poor,6k-10k,336.0,7057.56,5666.94,86.07,0,1,1,1,False
8842,2,2023-08-20,2024-02-14,High Income Segment,Exceptional,3k-6k,774.5,6908.575,6455.66,0.0,0,2,2,2,True
8843,3,2023-05-02,2024-11-25,High Income Segment,Poor,6k-10k,525.6666666666666,9463.083333333334,27827.25,346.15,1,1,3,3,True
8844,1,2025-03-28,2025-03-28,High Income Segment,Poor,6k-10k,425.0,7395.6,418.46,0.0,0,1,1,1,False
8845,3,2023-10-26,2025-02-11,Low Income Segment,Fair,Under 3k,584.0,4343.63,10874.2,319.28,1,2,3,3,True
8846,4,2023-02-25,2024-03-19,High Income Segment,Poor,6k-10k,628.0,5482.049999999999,27337.980000000003,1.62,0,2,4,4,True
8847,3,2023-07-09,2024-01-13,Middle Income Segment,Poor,3k-6k,529.0,6574.169999999999,14322.69,49.91,0,2,3,3,True
8848,4,2023-04-27,2024-09-06,High Income Segment,Poor,3k-6k,397.75,6700.4025,11868.02,51.78,0,2,4,4,True
8849,5,2023-02-03,2024-10-04,High Income Segment,Good,6k-10k,595.2,7797.33,28074.07,177.82999999999998,1,2,5,5,True
8850,1,2023-04-25,2023-04-25,Middle Income Segment,Poor,3k-6k,427.0,5222.32,1326.75,0.0,0,1,1,1,False
8851,3,2024-08-30,2024-11-07,Middle Income Segment,Poor,6k-10k,597.6666666666666,4916.6033333333335,19398.04,36.83,0,2,3,3,True
8852,3,2023-05-18,2024-06-24,Middle Income Segment,Fair,3k-6k,701.6666666666666,4838.77,9944.84,16.18,0,2,3,3,True
8853,1,2024-12-11,2024-12-11,Middle Income Segment,Poor,3k-6k,368.0,3983.42,2430.24,0.0,0,1,1,1,False
8854,2,2024-05-21,2024-10-08,Low Income Segment,Fair,Under 3k,612.5,1994.165,12456.97,0.0,0,1,2,2,True
8855,3,2023-08-01,2024-06-11,High Income Segment,Fair,3k-6k,641.6666666666666,5883.923333333333,7955.2,92.69,0,3,3,3,True
8856,3,2023-06-10,2025-01-17,Middle Income Segment,Good,3k-6k,693.3333333333334,5664.080000000001,18874.199999999997,159.76000000000002,0,2,3,3,True
8857,3,2023-06-13,2025-01-12,Middle Income Segment,Poor,3k-6k,574.3333333333334,4032.9466666666667,16201.990000000002,24.9,0,2,3,3,True
8858,2,2024-08-11,2024-12-01,High Income Segment,Exceptional,6k-10k,684.0,8261.67,13239.599999999999,0.0,0,1,2,2,True
8859,3,2024-03-14,2024-09-16,Middle Income Segment,Fair,3k-6k,594.6666666666666,3573.226666666667,39439.53,62.12,0,2,3,3,True
8860,4,2023-08-19,2024-11-08,Middle Income Segment,Poor,3k-6k,421.25,5297.389999999999,18360.010000000002,31.49,0,1,4,4,True
8861,1,2024-11-05,2024-11-05,Middle Income Segment,Fair,6k-10k,601.0,6227.19,7964.24,10.95,0,1,1,1,False
8862,2,2023-11-29,2025-05-09,High Income Segment,Fair,3k-6k,492.5,6480.63,14604.640000000001,102.0,0,2,2,2,True
8863,2,2024-05-06,2024-10-20,Middle Income Segment,Poor,3k-6k,400.0,3677.5150000000003,8904.89,4.69,0,1,2,2,True
8864,2,2023-04-30,2024-05-24,High Income Segment,Poor,6k-10k,414.5,6912.610000000001,7845.490000000001,121.89,0,2,2,2,True
8865,2,2023-07-25,2024-10-01,High Income Segment,Fair,6k-10k,619.0,8965.665,6885.32,0.0,0,1,2,2,True
8866,2,2023-08-02,2025-01-22,High Income Segment,Good,6k-10k,599.5,8279.27,15994.93,93.37,0,1,2,2,True
8867,5,2023-10-31,2025-05-03,Middle Income Segment,Poor,6k-10k,442.4,6134.094,19473.64,54.59,0,2,5,5,True
8868,3,2023-03-30,2025-02-24,High Income Segment,Exceptional,3k-6k,657.0,5550.173333333333,21861.39,53.56,0,3,3,3,True
8869,3,2024-06-01,2025-02-26,Low Income Segment,Poor,Under 3k,400.3333333333333,3125.873333333333,10403.699999999999,0.0,0,2,3,3,True
8870,2,2023-01-25,2023-07-15,High Income Segment,Exceptional,3k-6k,579.0,5609.255,15761.470000000001,125.21000000000001,0,2,2,2,True
8871,3,2024-01-04,2024-05-07,Low Income Segment,Exceptional,Under 3k,719.0,2410.3166666666666,18229.42,215.04,1,2,3,3,True
8872,3,2023-09-05,2024-06-11,Middle Income Segment,Exceptional,6k-10k,657.6666666666666,5828.3533333333335,6118.5,126.78999999999999,0,1,3,3,True
8873,2,2023-02-10,2023-07-16,High Income Segment,Exceptional,6k-10k,630.5,5806.605,17607.809999999998,0.0,0,2,2,2,True
8874,3,2023-07-26,2024-09-13,Middle Income Segment,Poor,3k-6k,422.0,4475.183333333333,16600.88,465.82,2,1,3,3,True
8875,4,2023-05-17,2025-04-22,High Income Segment,Poor,6k-10k,603.5,7631.5599999999995,9014.0,47.09,0,2,4,4,True
8876,5,2023-05-19,2025-01-26,Low Income Segment,Poor,3k-6k,540.4,4578.378,31307.449999999997,110.0,0,3,5,5,True
8877,1,2024-08-20,2024-08-20,Middle Income Segment,Fair,3k-6k,627.0,5509.17,7827.35,99.53,0,1,1,1,False
8878,2,2023-10-22,2024-01-05,High Income Segment,Poor,6k-10k,428.0,8992.365,9568.27,118.81,0,1,2,2,True
8879,1,2023-05-07,2023-05-07,Middle Income Segment,Good,6k-10k,714.0,6538.96,2183.22,24.27,0,1,1,1,False
8880,2,2023-05-20,2024-05-30,High Income Segment,Exceptional,3k-6k,795.5,7063.985000000001,4788.71,136.15,0,2,2,2,True
8881,2,2024-04-08,2024-12-20,High Income Segment,Poor,3k-6k,455.5,6733.805,7303.07,93.85,0,2,2,2,True
8882,1,2024-04-15,2024-04-15,High Income Segment,Good,6k-10k,721.0,9273.74,2381.33,27.85,0,1,1,1,False
8883,1,2023-04-07,2023-04-07,Middle Income Segment,Poor,3k-6k,408.0,5495.44,5140.47,0.0,0,1,1,1,False
8884,1,2023-01-16,2023-01-16,Middle Income Segment,Poor,3k-6k,338.0,3096.68,4829.31,0.0,0,1,1,1,False
8887,3,2023-06-30,2024-06-25,Middle Income Segment,Poor,6k-10k,455.0,6397.403333333333,12547.029999999999,253.14000000000001,1,2,3,3,True
8888,2,2024-06-22,2024-06-22,High Income Segment,Good,6k-10k,529.5,4938.514999999999,10253.699999999999,67.09,0,2,2,2,True
8890,4,2023-04-26,2024-12-08,Middle Income Segment,Poor,3k-6k,473.75,4404.35,10568.210000000001,204.81,1,2,3,4,True
8891,3,2024-06-11,2025-02-16,High Income Segment,Poor,6k-10k,499.6666666666667,6628.759999999999,14857.18,217.17,0,2,3,3,True
8892,5,2023-04-12,2024-12-16,Middle Income Segment,Poor,6k-10k,605.8,6896.51,27520.47,237.62,0,2,5,5,True
8893,1,2023-03-09,2023-03-09,High Income Segment,Good,6k-10k,715.0,9408.72,1526.37,95.21,0,1,1,1,False
8894,2,2023-08-23,2023-10-28,High Income Segment,Fair,3k-6k,653.5,6336.370000000001,17662.66,68.3,0,2,2,2,True
8895,1,2023-08-19,2023-08-19,Middle Income Segment,Poor,3k-6k,377.0,3509.72,12970.3,64.51,0,1,1,1,False
8896,2,2024-01-29,2024-10-29,High Income Segment,Exceptional,3k-6k,771.0,6506.37,6596.39,101.09,0,2,2,2,True
8897,2,2023-12-27,2024-11-02,High Income Segment,Poor,3k-6k,668.0,7298.0,10093.970000000001,0.0,0,2,2,2,True
8898,1,2024-11-27,2024-11-27,Middle Income Segment,Fair,3k-6k,636.0,5010.15,1123.52,0.0,0,1,1,1,False
8899,4,2023-01-22,2024-01-18,High Income Segment,Poor,6k-10k,411.75,7215.66,14702.800000000001,76.11,0,2,4,4,True
8900,1,2025-04-12,2025-04-12,High Income Segment,Poor,6k-10k,436.0,9250.09,4951.66,0.01,0,1,1,1,False
8901,2,2023-04-21,2025-01-03,Middle Income Segment,Exceptional,6k-10k,808.0,6571.245,13242.93,214.77,1,1,2,2,True
8902,4,2023-05-30,2025-04-15,High Income Segment,Good,6k-10k,651.5,5426.195,26932.57,278.85,1,3,4,4,True
8903,3,2024-09-16,2024-12-06,Middle Income Segment,Poor,6k-10k,561.0,6903.696666666667,13759.74,384.76,1,2,3,3,True
8904,3,2023-07-21,2024-10-13,High Income Segment,Poor,6k-10k,436.6666666666667,7889.376666666666,15599.330000000002,68.09,0,2,3,3,True
8905,2,2023-01-21,2023-11-08,High Income Segment,Fair,3k-6k,469.5,6465.85,9167.93,0.0,0,2,2,2,True
8906,3,2024-04-19,2025-04-18,High Income Segment,Poor,6k-10k,477.6666666666667,7679.27,9483.7,94.39,0,2,3,3,True
8908,1,2025-04-11,2025-04-11,Middle Income Segment,Poor,3k-6k,360.0,4404.58,16075.48,0.0,0,1,1,1,False
8909,3,2023-08-08,2024-05-17,High Income Segment,Poor,6k-10k,483.0,6470.860000000001,7675.11,104.69,0,2,3,3,True
8910,3,2023-09-17,2024-05-09,Middle Income Segment,Fair,3k-6k,544.3333333333334,5674.106666666667,6622.35,88.46,0,1,3,3,True
8911,1,2023-05-24,2023-05-24,High Income Segment,Poor,6k-10k,379.0,9015.98,5134.97,33.67,0,1,1,1,False
8913,3,2023-02-25,2024-10-16,Low Income Segment,Exceptional,Under 3k,678.0,2825.403333333333,4129.12,161.86,0,2,3,3,True
8914,2,2024-02-06,2024-09-24,Low Income Segment,Fair,3k-6k,511.0,2792.12,11911.25,0.0,0,2,2,2,True
8915,2,2023-11-05,2024-12-30,High Income Segment,Exceptional,3k-6k,661.0,7191.0599999999995,19697.86,0.0,0,2,2,2,True
8916,1,2023-11-23,2023-11-23,Middle Income Segment,Poor,3k-6k,510.0,5617.08,5336.76,0.0,0,1,1,1,False
8919,1,2025-05-11,2025-05-11,High Income Segment,Poor,6k-10k,549.0,7103.08,2427.11,0.0,0,1,1,1,False
8920,1,2024-04-01,2024-04-01,Middle Income Segment,Very Good,6k-10k,755.0,6956.53,442.37,0.0,0,1,1,1,False
8921,1,2023-04-20,2023-04-20,Low Income Segment,Good,Under 3k,673.0,2345.52,4711.17,0.0,0,1,1,1,False
8922,1,2023-06-01,2023-06-01,High Income Segment,Fair,6k-10k,643.0,8691.9,7107.13,73.61,0,1,1,1,False
8923,2,2024-06-22,2024-10-27,High Income Segment,Fair,6k-10k,485.5,5741.445000000001,18594.04,171.99,0,2,2,2,True
8925,3,2023-11-18,2025-05-11,Low Income Segment,Poor,Under 3k,594.6666666666666,4212.3966666666665,14113.53,0.0,0,2,3,3,True
8926,3,2023-04-07,2024-11-24,High Income Segment,Exceptional,6k-10k,703.6666666666666,5398.1466666666665,12063.4,74.36,0,3,3,3,True
8927,3,2023-02-09,2024-08-11,Middle Income Segment,Exceptional,3k-6k,632.6666666666666,3808.0,21164.72,114.43,0,2,3,3,True
8928,6,2023-03-25,2025-01-27,Middle Income Segment,Poor,3k-6k,561.3333333333334,4494.045,19813.88,16.04,0,2,6,6,True
8929,2,2023-09-12,2024-09-04,Low Income Segment,Poor,Under 3k,412.5,2082.7200000000003,6499.530000000001,114.53999999999999,0,1,2,2,True
8930,1,2023-03-26,2023-03-26,Middle Income Segment,Very Good,6k-10k,793.0,6272.81,2190.17,0.0,0,1,1,1,False
8931,2,2023-02-01,2024-09-01,High Income Segment,Exceptional,6k-10k,566.0,9899.904999999999,9059.95,0.0,0,1,2,2,True
8933,5,2023-05-07,2025-04-27,Middle Income Segment,Poor,3k-6k,526.0,6058.704,21990.65,67.27000000000001,0,2,5,5,True
8934,2,2023-11-05,2025-04-24,High Income Segment,Good,6k-10k,583.0,5628.445000000001,18584.05,73.0,0,2,2,2,True
8935,2,2024-03-09,2024-03-21,High Income Segment,Fair,6k-10k,640.5,7560.549999999999,3731.99,12.38,0,1,2,2,True
8936,1,2024-03-28,2024-03-28,High Income Segment,Fair,6k-10k,658.0,7558.25,8476.9,51.19,0,1,1,1,False
8937,1,2024-06-06,2024-06-06,Low Income Segment,Fair,Under 3k,634.0,2007.04,3239.99,48.88,0,1,1,1,False
8938,3,2023-02-16,2024-02-23,High Income Segment,Poor,6k-10k,482.3333333333333,8366.243333333334,18669.559999999998,304.79,1,2,3,3,True
8939,4,2023-04-25,2025-04-07,Middle Income Segment,Poor,3k-6k,527.0,3805.975,33949.78,68.95,0,2,4,4,True
8940,1,2024-08-19,2024-08-19,Middle Income Segment,Poor,6k-10k,481.0,6482.46,4337.58,0.0,0,1,1,1,False
8941,2,2023-02-11,2024-11-07,Low Income Segment,Fair,3k-6k,618.0,3639.9700000000003,14528.31,37.95,0,2,2,2,True
8942,2,2024-12-20,2025-03-01,Middle Income Segment,Exceptional,3k-6k,836.0,4927.795,9662.2,0.0,0,1,2,2,True
8943,3,2024-02-15,2025-03-21,High Income Segment,Poor,6k-10k,655.3333333333334,5660.389999999999,17334.86,0.0,0,3,3,3,True
8944,1,2024-04-12,2024-04-12,Low Income Segment,Good,Under 3k,737.0,2783.17,4063.26,0.0,0,1,1,1,False
8945,1,2024-06-16,2024-06-16,Middle Income Segment,Poor,3k-6k,501.0,5586.53,2227.33,52.79,0,1,1,1,False
8946,1,2023-07-06,2023-07-06,Low Income Segment,Good,Under 3k,675.0,2133.16,5485.53,0.0,0,1,1,1,False
8947,1,2023-05-31,2023-05-31,Middle Income Segment,Fair,6k-10k,642.0,6681.59,2280.64,85.11,0,1,1,1,False
8948,1,2023-11-12,2023-11-12,Middle Income Segment,Fair,6k-10k,664.0,6981.31,6798.94,6.35,0,1,1,1,False
8950,2,2023-06-19,2024-06-26,High Income Segment,Good,6k-10k,639.5,8629.914999999999,5707.5599999999995,150.74,1,1,2,2,True
8951,5,2023-06-27,2025-05-15,High Income Segment,Poor,6k-10k,489.2,5022.88,18580.0,263.98,1,3,5,5,True
8952,4,2023-06-14,2024-08-09,Low Income Segment,Exceptional,Under 3k,668.75,4091.31,27147.34,222.54,1,3,4,4,True
8953,4,2023-01-10,2025-03-23,Low Income Segment,Poor,6k-10k,570.75,4622.5025000000005,17240.58,171.76,0,3,4,4,True
8954,2,2024-08-15,2024-09-06,High Income Segment,Good,6k-10k,549.5,8976.47,11231.33,102.56,0,1,2,2,True
8956,3,2023-05-14,2023-11-05,High Income Segment,Good,6k-10k,733.0,6434.266666666666,13215.09,99.66,0,3,3,3,True
8957,4,2023-01-14,2024-09-25,Low Income Segment,Poor,Under 3k,471.0,3662.7299999999996,21287.39,36.980000000000004,0,2,4,4,True
8958,1,2025-02-07,2025-02-07,High Income Segment,Fair,6k-10k,634.0,8014.95,2460.82,0.0,0,1,1,1,False
8959,4,2023-02-04,2024-09-18,High Income Segment,Poor,6k-10k,509.75,5944.9025,25694.12,53.47,0,3,4,4,True
8960,3,2023-02-04,2024-07-03,Middle Income Segment,Fair,3k-6k,653.6666666666666,4823.87,9415.68,53.35,0,2,3,3,True
8961,3,2023-02-24,2024-08-18,Middle Income Segment,Poor,3k-6k,530.3333333333334,4405.623333333333,9255.220000000001,68.8,0,1,3,3,True
8962,5,2023-02-05,2025-02-05,Middle Income Segment,Good,3k-6k,585.4,5204.7339999999995,26373.61,250.79,1,3,5,5,True
8963,1,2023-07-24,2023-07-24,Middle Income Segment,Poor,3k-6k,312.0,5754.49,799.35,15.68,0,1,1,1,False
8964,1,2023-11-10,2023-11-10,Middle Income Segment,Poor,3k-6k,466.0,4459.03,5950.01,15.92,0,1,1,1,False
8965,3,2023-01-04,2023-06-10,Low Income Segment,Good,Under 3k,690.3333333333334,2026.6599999999999,29106.050000000003,0.0,0,1,3,3,True
8966,2,2023-08-24,2024-10-03,High Income Segment,Exceptional,6k-10k,745.5,6030.004999999999,19276.239999999998,26.53,0,2,2,2,True
8967,2,2023-01-06,2023-03-11,High Income Segment,Exceptional,3k-6k,598.5,5338.13,2864.63,35.05,0,2,2,2,True
8968,2,2023-02-10,2023-06-17,High Income Segment,Fair,6k-10k,687.5,7668.855,12068.32,24.97,0,1,2,2,True
8970,6,2023-04-13,2024-02-03,High Income Segment,Poor,6k-10k,563.0,5641.856666666667,34161.270000000004,178.98,0,3,6,6,True
8971,5,2023-02-28,2025-04-30,Low Income Segment,Good,3k-6k,628.0,4545.218,27563.78,60.64,0,3,5,5,True
8972,5,2023-03-06,2024-05-29,Middle Income Segment,Poor,3k-6k,542.8,5350.2339999999995,27356.84,216.46,0,3,5,5,True
8973,6,2023-02-22,2025-05-03,High Income Segment,Good,6k-10k,572.1666666666666,6993.418333333332,14601.11,152.16000000000003,0,2,6,6,True
8975,5,2024-03-04,2025-03-15,High Income Segment,Poor,6k-10k,603.8,7864.923999999999,22479.87,0.0,0,2,5,5,True
8977,3,2023-09-19,2024-11-10,High Income Segment,Exceptional,6k-10k,638.3333333333334,6889.716666666667,16793.920000000002,124.67,0,2,3,3,True
8978,1,2023-10-11,2023-10-11,Low Income Segment,Fair,Under 3k,614.0,1260.26,1290.04,0.0,0,1,1,1,False
8979,5,2023-01-30,2024-09-23,High Income Segment,Poor,3k-6k,429.6,5778.2080000000005,11856.35,154.31,1,3,5,5,True
8980,4,2023-04-01,2024-11-15,Middle Income Segment,Exceptional,3k-6k,684.0,4816.6075,34534.52,271.57,1,1,4,4,True
8981,1,2023-01-31,2023-01-31,Middle Income Segment,Fair,3k-6k,647.0,3315.5,4700.6,0.0,0,1,1,1,False
8982,5,2024-05-26,2025-04-07,High Income Segment,Fair,6k-10k,636.8,7571.7300000000005,28504.6,176.95,1,3,5,5,True
8983,3,2023-09-27,2024-07-02,Middle Income Segment,Poor,6k-10k,400.3333333333333,7433.723333333332,19051.83,88.06,0,2,3,3,True
8984,3,2023-08-26,2025-03-31,Middle Income Segment,Fair,3k-6k,644.3333333333334,6506.91,23802.12,0.0,0,2,3,3,True
8985,1,2024-11-23,2024-11-23,High Income Segment,Fair,6k-10k,621.0,8430.59,808.16,0.0,0,1,1,1,False
8986,2,2025-01-05,2025-02-14,Middle Income Segment,Exceptional,3k-6k,678.0,4773.025,7267.84,13.84,0,1,2,2,True
8987,3,2023-03-05,2025-01-11,High Income Segment,Very Good,6k-10k,638.6666666666666,6973.636666666665,24901.2,62.43,0,2,3,3,True
8988,1,2023-02-23,2023-02-23,Low Income Segment,Poor,Under 3k,394.0,1145.1,7867.43,41.98,0,1,1,1,False
8989,3,2023-09-25,2025-02-21,Middle Income Segment,Poor,3k-6k,618.3333333333334,3636.4733333333334,20625.78,0.0,0,2,3,3,True
8990,3,2023-04-18,2025-05-14,High Income Segment,Very Good,6k-10k,677.6666666666666,6046.78,11311.27,82.2,0,2,3,3,True
8991,1,2023-06-26,2023-06-26,High Income Segment,Fair,6k-10k,590.0,9016.46,9632.91,40.18,0,1,1,1,False
8992,2,2023-02-21,2025-01-05,High Income Segment,Exceptional,6k-10k,621.0,5676.365,4558.0,56.73,0,2,2,2,True
8993,2,2023-05-11,2023-12-02,High Income Segment,Good,6k-10k,502.5,4851.605,6139.32,42.25,0,2,2,2,True
8994,3,2023-02-24,2024-09-28,High Income Segment,Good,6k-10k,655.6666666666666,6248.56,23989.72,180.28,0,2,3,3,True
8995,1,2025-01-18,2025-01-18,Middle Income Segment,Fair,3k-6k,640.0,5361.42,2231.74,0.0,0,1,1,1,False
8996,3,2024-07-03,2024-11-25,High Income Segment,Fair,3k-6k,604.6666666666666,5635.540000000001,18413.36,165.49,0,3,3,3,True
8997,1,2024-03-31,2024-03-31,Middle Income Segment,Poor,6k-10k,471.0,6329.74,2012.69,0.0,0,1,1,1,False
8999,2,2023-01-12,2023-11-05,High Income Segment,Very Good,3k-6k,777.0,7560.43,5132.16,34.82,0,2,2,2,True
9000,4,2023-04-08,2024-01-28,Middle Income Segment,Fair,3k-6k,605.5,6318.605,16286.23,26.43,0,2,4,4,True
9001,4,2023-10-26,2024-08-12,High Income Segment,Poor,6k-10k,592.0,5096.8225,19159.51,0.0,0,3,4,4,True
9002,5,2023-06-06,2025-03-30,High Income Segment,Exceptional,3k-6k,624.0,5659.302000000001,47226.75,212.23,0,3,5,5,True
9003,3,2023-07-30,2025-02-12,Middle Income Segment,Fair,3k-6k,588.0,4909.17,21195.34,48.65,0,2,3,3,True
9004,2,2023-03-02,2024-11-17,High Income Segment,Fair,6k-10k,610.5,5268.085,11492.150000000001,0.0,0,2,2,2,True
9005,2,2023-05-04,2024-11-23,Low Income Segment,Good,Under 3k,601.0,2039.83,3611.0599999999995,199.24,1,1,2,2,True
9006,2,2023-03-16,2024-12-23,Low Income Segment,Poor,6k-10k,533.5,4273.76,18427.45,117.33000000000001,0,2,2,2,True
9007,5,2023-03-06,2024-08-18,High Income Segment,Good,6k-10k,583.8,7595.296,32056.51,363.68,1,2,5,5,True
9008,1,2023-02-02,2023-02-02,Middle Income Segment,Poor,3k-6k,557.0,4166.14,2577.91,87.98,0,1,1,1,False
9009,2,2024-07-13,2025-01-06,Low Income Segment,Good,3k-6k,641.0,2351.45,18576.84,0.0,0,2,2,2,True
9010,2,2023-06-28,2024-07-18,Middle Income Segment,Poor,3k-6k,514.0,4472.785,5011.66,325.95000000000005,1,1,1,2,True
9011,2,2023-07-01,2024-11-08,High Income Segment,Exceptional,6k-10k,732.0,6876.4,10351.92,70.61,0,2,2,2,True
9012,2,2023-04-01,2024-04-02,High Income Segment,Fair,6k-10k,541.0,6516.715,8265.18,22.62,0,2,2,2,True
9014,4,2023-04-03,2024-09-19,Low Income Segment,Poor,Under 3k,520.5,3984.8675000000003,29369.64,96.62,0,2,4,4,True
9015,3,2023-04-06,2024-01-07,High Income Segment,Poor,3k-6k,461.0,4908.99,9796.8,168.62,0,3,3,3,True
9016,3,2023-08-25,2024-06-14,High Income Segment,Fair,3k-6k,648.6666666666666,4656.25,18872.79,227.53,1,3,3,3,True
9017,4,2023-04-14,2025-03-30,Middle Income Segment,Fair,3k-6k,473.25,4108.7775,28057.25,240.52,1,2,4,4,True
9018,2,2024-05-02,2025-04-08,High Income Segment,Exceptional,6k-10k,622.5,4760.385,11645.960000000001,241.12,1,2,2,2,True
9019,1,2023-07-17,2023-07-17,Middle Income Segment,Poor,6k-10k,367.0,6575.23,14776.39,0.0,0,1,1,1,False
9020,1,2023-05-01,2023-05-01,High Income Segment,Fair,6k-10k,644.0,7048.05,5032.5,0.0,0,1,1,1,False
9021,2,2023-04-22,2023-09-08,High Income Segment,Fair,6k-10k,562.0,6706.975,11910.939999999999,5.01,0,2,2,2,True
9022,3,2023-03-18,2025-01-21,High Income Segment,Fair,3k-6k,591.6666666666666,5335.076666666667,22231.63,52.23,0,3,3,3,True
9023,1,2023-09-10,2023-09-10,High Income Segment,Poor,6k-10k,423.0,9469.12,8051.99,0.0,0,1,1,1,False
9024,3,2024-06-11,2024-11-15,High Income Segment,Poor,6k-10k,488.0,7365.366666666666,24883.010000000002,95.09,0,2,3,3,True
9026,4,2023-04-30,2025-02-06,Low Income Segment,Good,3k-6k,562.75,3550.3175,31526.0,152.75,0,2,4,4,True
9027,3,2023-06-13,2024-08-12,Middle Income Segment,Exceptional,3k-6k,700.3333333333334,3320.72,19641.29,113.27000000000001,0,2,3,3,True
9029,1,2023-02-25,2023-02-25,Middle Income Segment,Very Good,3k-6k,768.0,5374.14,1066.5,0.0,0,1,1,1,False
9031,4,2023-09-11,2025-02-16,Middle Income Segment,Poor,3k-6k,467.0,5592.5075,23214.46,245.51,1,2,4,4,True
9032,5,2023-01-26,2025-02-20,High Income Segment,Poor,6k-10k,522.4,5235.032,31969.079999999998,29.91,0,3,5,5,True
9033,3,2023-11-09,2024-10-22,Middle Income Segment,Exceptional,3k-6k,649.0,5012.12,20275.53,40.75,0,1,3,3,True
9034,1,2023-01-12,2023-01-12,Middle Income Segment,Very Good,3k-6k,764.0,3325.59,3194.98,61.08,0,1,1,1,False
9035,2,2023-11-10,2024-04-08,Middle Income Segment,Fair,3k-6k,684.5,5826.139999999999,8682.6,105.30000000000001,0,1,2,2,True
9036,2,2024-05-01,2024-12-14,Middle Income Segment,Exceptional,3k-6k,589.5,5030.625,12981.849999999999,74.37,0,1,2,2,True
9038,2,2023-07-09,2025-01-25,High Income Segment,Exceptional,3k-6k,697.5,6244.755,9031.880000000001,10.27,0,2,2,2,True
9039,3,2023-05-13,2024-07-06,High Income Segment,Good,3k-6k,741.3333333333334,4734.37,29362.77,0.0,0,3,3,3,True
9040,1,2024-09-15,2024-09-15,Middle Income Segment,Poor,3k-6k,516.0,3642.15,6086.85,0.0,0,1,1,1,False
9041,4,2023-04-13,2025-01-31,Middle Income Segment,Exceptional,6k-10k,722.25,4937.615,17064.13,122.92,0,3,4,4,True
9042,2,2024-05-21,2025-03-20,Middle Income Segment,Exceptional,3k-6k,573.0,5290.545,4687.0,73.08,0,1,2,2,True
9043,2,2023-07-16,2024-08-24,Low Income Segment,Exceptional,3k-6k,830.0,2838.2200000000003,1867.98,54.57,0,2,2,2,True
9044,4,2023-01-14,2023-09-18,High Income Segment,Poor,3k-6k,524.75,6637.8949999999995,12693.82,342.03,1,2,4,4,True
9045,1,2024-03-09,2024-03-09,Middle Income Segment,Poor,6k-10k,351.0,6324.53,5000.68,0.0,0,1,1,1,False
9046,4,2024-06-06,2025-05-18,Middle Income Segment,Poor,3k-6k,512.5,4420.5125,9581.82,81.67,0,3,4,4,True
9047,2,2023-08-03,2023-12-11,Middle Income Segment,Good,3k-6k,549.5,4457.045,16366.02,58.95,0,1,2,2,True
9048,1,2023-07-11,2023-07-11,High Income Segment,Poor,6k-10k,394.0,7440.87,3119.71,87.49,0,1,1,1,False
9050,5,2023-02-27,2025-05-16,Middle Income Segment,Poor,3k-6k,574.0,5313.114,40873.08,274.47,1,2,5,5,True
9051,2,2023-08-01,2025-02-15,High Income Segment,Poor,3k-6k,402.0,7502.620000000001,14645.88,57.07,0,2,2,2,True
9052,3,2023-09-02,2024-02-16,High Income Segment,Very Good,3k-6k,667.6666666666666,4133.2300000000005,12354.48,79.44,0,3,3,3,True
9053,5,2023-01-28,2024-04-14,Middle Income Segment,Fair,3k-6k,556.4,4100.748,20354.489999999998,199.05,0,2,5,5,True
9055,4,2023-10-25,2024-12-05,Low Income Segment,Poor,Under 3k,453.5,4014.8050000000003,17429.42,188.97,1,3,4,4,True
9056,5,2023-08-07,2025-02-19,High Income Segment,Poor,6k-10k,590.4,6699.814,32574.71,0.0,0,2,5,5,True
9058,3,2023-06-12,2024-12-20,High Income Segment,Fair,6k-10k,601.6666666666666,5760.533333333333,13619.77,0.0,0,3,3,3,True
9059,1,2025-03-24,2025-03-24,High Income Segment,Very Good,6k-10k,748.0,8743.71,9221.83,53.15,0,1,1,1,False
9060,2,2024-03-04,2024-04-29,Low Income Segment,Poor,3k-6k,553.0,2445.455,13475.8,207.15,1,2,2,2,True
9061,1,2024-03-09,2024-03-09,Middle Income Segment,Exceptional,6k-10k,826.0,6671.9,716.11,0.0,0,1,1,1,False
9062,2,2024-06-26,2025-05-07,Middle Income Segment,Good,3k-6k,592.0,5392.52,10831.89,10.26,0,1,2,2,True
9063,1,2024-05-06,2024-05-06,Middle Income Segment,Fair,3k-6k,622.0,5062.86,6427.43,0.0,0,1,1,1,False
9064,2,2023-05-08,2024-02-02,Low Income Segment,Exceptional,3k-6k,603.0,2597.885,5976.34,0.0,0,2,2,2,True
9065,2,2024-03-20,2024-09-14,High Income Segment,Poor,6k-10k,463.0,8170.24,15456.76,0.0,0,2,2,2,True
9066,4,2023-12-30,2024-09-01,Middle Income Segment,Very Good,3k-6k,625.75,4462.755,26797.37,125.96000000000001,0,2,4,4,True
9067,3,2023-04-03,2024-12-09,Middle Income Segment,Exceptional,6k-10k,636.3333333333334,6713.62,13489.15,66.21000000000001,0,2,3,3,True
9068,1,2023-08-08,2023-08-08,Middle Income Segment,Fair,3k-6k,636.0,5822.81,2107.35,0.0,0,1,1,1,False
9069,3,2023-10-16,2024-08-15,Middle Income Segment,Poor,6k-10k,529.0,5758.509999999999,4959.68,493.52,2,1,3,3,True
9070,4,2023-10-26,2025-01-23,Low Income Segment,Poor,Under 3k,407.5,3319.245,14586.82,96.3,0,2,4,4,True
9071,3,2023-04-21,2023-10-20,Middle Income Segment,Poor,6k-10k,422.6666666666667,5072.923333333333,14343.869999999999,15.79,0,2,3,3,True
9073,5,2023-01-07,2025-03-27,High Income Segment,Poor,6k-10k,645.8,7087.744000000001,36994.82,235.92000000000002,1,3,5,5,True
9074,2,2023-09-04,2024-01-13,High Income Segment,Poor,6k-10k,612.5,4899.16,18750.440000000002,57.769999999999996,0,2,2,2,True
9075,4,2023-11-26,2024-08-27,Low Income Segment,Poor,3k-6k,550.25,3177.5875,14341.78,168.95,0,2,4,4,True
9076,2,2024-02-06,2024-07-17,High Income Segment,Fair,6k-10k,685.5,5676.5,7231.82,8.06,0,2,2,2,True
9077,2,2023-02-26,2025-03-12,High Income Segment,Fair,3k-6k,679.5,6825.195000000001,5988.81,31.66,0,2,2,2,True
9078,4,2023-01-03,2025-03-15,High Income Segment,Poor,6k-10k,509.5,5938.195,24085.8,195.87,1,2,4,4,True
9079,1,2025-02-09,2025-02-09,High Income Segment,Poor,6k-10k,433.0,7598.95,267.55,10.8,0,1,1,1,False
9080,6,2024-08-05,2025-04-07,Middle Income Segment,Poor,3k-6k,540.6666666666666,5869.055,23124.43,298.63,1,3,6,6,True
9081,3,2023-07-04,2025-04-15,High Income Segment,Poor,3k-6k,430.6666666666667,4806.67,26068.35,193.07,1,3,3,3,True
9082,2,2023-10-12,2024-07-28,High Income Segment,Exceptional,3k-6k,566.0,6485.475,7084.450000000001,65.99,0,2,2,2,True
9083,2,2023-03-15,2023-12-21,High Income Segment,Good,6k-10k,583.5,5995.5,6923.77,34.52,0,2,2,2,True
9084,2,2023-12-09,2024-10-29,Middle Income Segment,Poor,3k-6k,396.0,5065.195,3422.73,203.54,1,1,2,2,True
9085,1,2024-07-01,2024-07-01,Middle Income Segment,Poor,3k-6k,388.0,3500.94,11813.09,31.63,0,1,1,1,False
9086,1,2024-12-27,2024-12-27,High Income Segment,Good,6k-10k,711.0,9162.68,3331.64,0.0,0,1,1,1,False
9087,1,2023-08-28,2023-08-28,High Income Segment,Good,6k-10k,673.0,7650.18,2163.45,113.3,0,1,1,1,False
9088,2,2023-03-26,2023-06-07,Middle Income Segment,Fair,6k-10k,708.0,6297.225,6006.89,0.0,0,1,2,2,True
9089,6,2023-02-02,2024-12-29,Middle Income Segment,Poor,3k-6k,535.1666666666666,5881.978333333333,33300.51,225.13000000000002,1,2,6,6,True
9090,3,2024-08-08,2025-01-22,High Income Segment,Exceptional,3k-6k,722.6666666666666,5293.096666666666,19172.5,297.08000000000004,1,3,3,3,True
9091,1,2023-04-10,2023-04-10,Middle Income Segment,Poor,6k-10k,464.0,6155.42,2356.0,20.55,0,1,1,1,False
9092,3,2023-10-15,2025-03-24,High Income Segment,Poor,3k-6k,465.3333333333333,5429.900000000001,17833.45,69.42,0,3,3,3,True
9093,1,2024-09-22,2024-09-22,Low Income Segment,Poor,Under 3k,392.0,1560.85,10787.97,0.0,0,1,1,1,False
9095,3,2023-12-01,2024-11-08,High Income Segment,Poor,6k-10k,430.0,6224.383333333334,14476.72,1.62,0,2,3,3,True
9096,3,2023-12-30,2024-12-09,Middle Income Segment,Poor,3k-6k,523.3333333333334,5676.306666666666,20606.04,153.85,0,2,3,3,True
9097,1,2023-10-08,2023-10-08,Middle Income Segment,Poor,3k-6k,359.0,3136.46,475.41,71.88,0,1,1,1,False
9098,2,2024-04-29,2024-07-29,High Income Segment,Good,6k-10k,637.0,8203.015,19946.83,48.13,0,1,2,2,True
9099,1,2024-04-11,2024-04-11,High Income Segment,Poor,6k-10k,360.0,8437.58,1417.79,42.22,0,1,1,1,False
9100,4,2023-09-01,2025-02-19,Middle Income Segment,Fair,3k-6k,521.75,5688.885,14648.229999999998,40.39,0,2,4,4,True
9101,1,2025-03-03,2025-03-03,Low Income Segment,Very Good,Under 3k,799.0,1742.71,3779.44,14.28,0,1,1,1,False
9102,7,2023-04-06,2025-04-10,Middle Income Segment,Poor,3k-6k,574.0,5150.662857142857,29864.870000000003,337.51,1,3,7,7,True
9103,4,2023-03-24,2025-03-29,Middle Income Segment,Exceptional,3k-6k,685.5,6322.995,24916.78,91.59,0,2,4,4,True
9104,2,2024-03-25,2024-05-22,High Income Segment,Poor,6k-10k,395.0,7237.98,9854.34,49.55,0,1,2,2,True
9105,2,2023-05-30,2025-04-21,Low Income Segment,Exceptional,3k-6k,735.5,3455.625,4319.42,0.0,0,2,2,2,True
9106,4,2023-05-31,2024-11-19,High Income Segment,Exceptional,6k-10k,631.25,6159.719999999999,28558.94,70.28,0,2,4,4,True
9107,6,2023-02-26,2025-04-13,High Income Segment,Exceptional,3k-6k,649.3333333333334,5098.935,36225.3,288.28,1,3,6,6,True
9108,2,2024-06-14,2024-08-18,Middle Income Segment,Fair,3k-6k,561.5,4527.235000000001,6889.3099999999995,49.24,0,1,2,2,True
9109,1,2025-04-17,2025-04-17,High Income Segment,Poor,6k-10k,444.0,8814.6,14002.99,75.19,0,1,1,1,False
9110,2,2023-04-01,2023-04-25,High Income Segment,Fair,3k-6k,481.5,7261.09,3994.74,257.18,1,2,2,2,True
9111,3,2023-06-06,2025-01-10,High Income Segment,Good,3k-6k,576.0,4691.94,7147.709999999999,31.62,0,3,2,3,True
9112,5,2023-03-26,2025-04-26,High Income Segment,Good,6k-10k,690.4,6255.244000000001,29627.03,51.93,0,3,5,5,True
9113,2,2023-04-05,2024-06-20,High Income Segment,Fair,6k-10k,592.5,7490.344999999999,14299.900000000001,58.46,0,2,2,2,True
9114,1,2023-11-23,2023-11-23,High Income Segment,Good,6k-10k,691.0,7722.26,2839.36,0.0,0,1,1,1,False
9115,2,2024-05-12,2024-08-26,High Income Segment,Poor,3k-6k,463.0,7225.5199999999995,21107.97,222.48000000000002,1,2,2,2,True
9116,2,2023-10-24,2024-01-08,Low Income Segment,Poor,3k-6k,500.0,2932.975,10902.33,167.74,0,2,2,2,True
9117,2,2024-03-05,2024-10-22,Low Income Segment,Poor,Under 3k,472.0,2721.135,13517.529999999999,0.0,0,1,2,2,True
9118,3,2024-03-03,2025-04-15,Middle Income Segment,Poor,3k-6k,512.3333333333334,5195.083333333333,14297.189999999999,2.15,0,1,3,3,True
9119,1,2025-01-23,2025-01-23,Middle Income Segment,Exceptional,6k-10k,833.0,6041.47,6546.65,0.0,0,1,1,1,False
9120,7,2023-02-21,2025-02-06,Middle Income Segment,Poor,3k-6k,546.0,5430.864285714286,53136.84,344.07,1,3,7,7,True
9122,1,2023-10-20,2023-10-20,High Income Segment,Poor,6k-10k,461.0,7640.16,1771.14,106.32,0,1,1,1,False
9123,6,2023-02-26,2025-04-19,Middle Income Segment,Poor,6k-10k,504.1666666666667,6216.708333333333,27878.059999999998,131.35999999999999,0,3,6,6,True
9125,8,2023-04-21,2025-04-23,Middle Income Segment,Poor,3k-6k,587.75,5395.3675,52039.869999999995,352.84000000000003,1,3,8,8,True
9126,3,2023-06-18,2025-04-04,Middle Income Segment,Poor,6k-10k,510.3333333333333,6495.736666666667,13303.86,0.0,0,2,3,3,True
9127,2,2023-02-25,2024-10-24,Middle Income Segment,Good,3k-6k,630.5,6106.895,8685.52,91.89,0,1,2,2,True
9128,3,2023-04-18,2024-02-15,Middle Income Segment,Poor,3k-6k,455.3333333333333,4244.7266666666665,22135.0,96.43,0,2,3,3,True
9129,1,2024-03-11,2024-03-11,Middle Income Segment,Poor,6k-10k,336.0,6887.14,5658.04,0.0,0,1,1,1,False
9130,3,2023-08-02,2025-05-18,High Income Segment,Poor,6k-10k,498.0,6111.0199999999995,11405.16,77.05,0,2,3,3,True
9131,4,2023-02-20,2024-03-07,High Income Segment,Good,6k-10k,553.0,7522.08,23735.68,135.88,0,2,4,4,True
9133,1,2023-08-15,2023-08-15,Middle Income Segment,Very Good,3k-6k,756.0,3197.59,2422.15,24.65,0,1,1,1,False
9134,2,2023-09-18,2024-05-26,Middle Income Segment,Good,3k-6k,498.5,5190.205,14766.970000000001,119.62,0,1,2,2,True
9135,3,2023-02-15,2024-08-20,Middle Income Segment,Poor,3k-6k,512.6666666666666,6691.393333333333,19178.95,93.65,0,2,3,3,True
9136,1,2023-09-30,2023-09-30,Middle Income Segment,Poor,3k-6k,395.0,5223.76,6458.98,41.6,0,1,1,1,False
9138,2,2024-02-06,2025-04-16,High Income Segment,Good,6k-10k,738.5,8366.615,5691.530000000001,0.0,0,1,2,2,True
9140,2,2023-01-04,2024-05-24,High Income Segment,Good,6k-10k,646.5,8864.064999999999,11373.55,0.0,0,1,2,2,True
9142,3,2024-04-24,2025-03-31,Middle Income Segment,Poor,6k-10k,622.6666666666666,6929.176666666666,7738.709999999999,14.26,0,2,3,3,True
9143,3,2023-03-03,2024-08-14,Middle Income Segment,Fair,6k-10k,633.6666666666666,6581.306666666667,13112.16,398.93,1,2,3,3,True
9144,1,2025-01-08,2025-01-08,High Income Segment,Poor,6k-10k,489.0,7877.03,3619.86,132.45,0,1,1,1,False
9145,1,2023-12-04,2023-12-04,Middle Income Segment,Poor,3k-6k,484.0,3544.68,4147.37,0.0,0,1,1,1,False
9146,3,2023-04-14,2025-02-12,Middle Income Segment,Fair,3k-6k,676.3333333333334,4286.556666666666,20179.66,163.51,0,2,3,3,True
9148,6,2023-02-09,2024-09-23,Middle Income Segment,Poor,6k-10k,584.8333333333334,5914.735000000001,19108.44,229.18,1,3,6,6,True
9149,2,2023-06-01,2023-06-12,High Income Segment,Good,6k-10k,753.5,5544.605,19003.94,0.0,0,2,2,2,True
9150,2,2023-04-18,2023-07-21,High Income Segment,Good,6k-10k,508.5,4761.68,11994.41,39.73,0,2,2,2,True
9151,1,2023-09-24,2023-09-24,High Income Segment,Good,6k-10k,699.0,9188.04,2563.5,17.74,0,1,1,1,False
9152,4,2023-11-18,2024-07-01,High Income Segment,Poor,3k-6k,555.0,7267.1975,29558.410000000003,339.9,1,2,4,4,True
9153,1,2023-12-20,2023-12-20,Middle Income Segment,Fair,3k-6k,584.0,5886.94,282.61,21.2,0,1,1,1,False
9154,3,2023-09-12,2024-12-17,Low Income Segment,Good,Under 3k,598.6666666666666,3767.3799999999997,14644.25,23.03,0,2,3,3,True
9155,3,2023-10-23,2025-02-03,High Income Segment,Fair,3k-6k,518.6666666666666,4091.5766666666664,21706.629999999997,93.06,0,3,3,3,True
9158,1,2023-12-22,2023-12-22,Low Income Segment,Fair,Under 3k,621.0,1581.22,4311.13,41.87,0,1,1,1,False
9159,2,2023-03-14,2025-04-20,Low Income Segment,Poor,3k-6k,526.0,3464.625,5019.43,133.67,0,2,2,2,True
9160,5,2023-04-08,2025-04-05,Middle Income Segment,Good,6k-10k,567.8,7116.628,24269.31,109.50999999999999,0,2,5,5,True
9162,3,2023-11-03,2023-12-13,High Income Segment,Poor,6k-10k,514.6666666666666,5431.75,30257.08,18.75,0,3,3,3,True
9163,2,2024-11-25,2024-12-24,Low Income Segment,Good,6k-10k,515.5,3900.415,9087.63,0.0,0,2,2,2,True
9164,2,2023-12-14,2025-04-09,Low Income Segment,Exceptional,3k-6k,727.5,3493.315,18747.85,80.6,0,2,2,2,True
9165,1,2025-04-13,2025-04-13,Middle Income Segment,Fair,6k-10k,643.0,6451.91,10098.82,56.31,0,1,1,1,False
9166,2,2023-05-06,2024-01-04,High Income Segment,Fair,6k-10k,501.5,5872.39,5890.01,143.53,1,2,2,2,True
9167,7,2023-02-25,2025-04-26,Middle Income Segment,Poor,3k-6k,533.2857142857143,5535.2585714285715,32627.670000000002,400.84000000000003,1,3,7,7,True
9168,5,2023-02-25,2025-04-09,High Income Segment,Poor,3k-6k,571.6,5454.224,18091.66,27.65,0,3,5,5,True
9169,1,2025-04-29,2025-04-29,Middle Income Segment,Poor,3k-6k,486.0,4087.81,2054.77,0.0,0,1,1,1,False
9171,1,2023-06-10,2023-06-10,Low Income Segment,Poor,Under 3k,309.0,1783.25,3465.33,4.77,0,1,1,1,False
9172,3,2023-02-07,2024-07-04,Middle Income Segment,Very Good,3k-6k,614.3333333333334,3490.433333333333,14664.119999999999,84.47,0,2,3,3,True
9173,4,2023-01-06,2024-12-13,Middle Income Segment,Good,3k-6k,621.5,5020.83,16883.59,64.95,0,3,4,4,True
9174,3,2023-09-18,2025-01-25,High Income Segment,Poor,3k-6k,544.3333333333334,4466.366666666667,21363.29,123.59,0,3,3,3,True
9175,2,2023-02-11,2024-12-26,Low Income Segment,Poor,Under 3k,643.5,1498.6750000000002,10867.5,312.95,1,1,2,2,True
9176,1,2024-04-16,2024-04-16,High Income Segment,Poor,6k-10k,521.0,9911.94,4816.69,16.44,0,1,1,1,False
9177,4,2023-09-06,2025-04-16,Low Income Segment,Poor,Under 3k,622.75,4497.725,23243.16,0.0,0,3,4,4,True
9179,3,2024-06-28,2024-10-25,Middle Income Segment,Fair,3k-6k,520.0,4452.743333333333,16449.83,0.0,0,2,3,3,True
9181,3,2023-03-29,2023-12-04,Middle Income Segment,Exceptional,3k-6k,694.3333333333334,5497.586666666666,15022.68,143.37,1,2,3,3,True
9182,3,2023-07-24,2024-10-07,High Income Segment,Poor,6k-10k,437.3333333333333,6307.053333333333,20884.239999999998,104.68,0,3,3,3,True
9183,2,2023-01-26,2024-11-16,High Income Segment,Fair,6k-10k,617.5,4484.265,8531.650000000001,26.58,0,2,2,2,True
9184,1,2023-08-23,2023-08-23,Middle Income Segment,Poor,6k-10k,349.0,6735.03,3134.59,0.0,0,1,1,1,False
9185,1,2024-03-20,2024-03-20,High Income Segment,Poor,6k-10k,358.0,9158.55,820.32,96.47,0,1,1,1,False
9186,3,2023-05-07,2024-02-25,Middle Income Segment,Fair,3k-6k,593.0,5794.1033333333335,18984.0,0.0,0,1,3,3,True
9187,2,2023-08-28,2024-01-14,High Income Segment,Poor,6k-10k,491.0,5155.27,14525.6,43.43,0,2,2,2,True
9189,1,2025-02-04,2025-02-04,Middle Income Segment,Exceptional,3k-6k,847.0,4527.65,3703.78,146.03,1,1,1,1,False
9190,2,2023-05-21,2024-08-15,High Income Segment,Poor,3k-6k,525.5,6239.065,8028.23,0.0,0,2,2,2,True
9191,2,2024-04-15,2024-10-14,High Income Segment,Fair,6k-10k,690.5,6091.5650000000005,8013.14,287.95,1,2,2,2,True
9192,1,2025-01-04,2025-01-04,Low Income Segment,Poor,Under 3k,350.0,1215.28,8678.43,12.47,0,1,1,1,False
9194,3,2024-02-10,2024-09-15,Middle Income Segment,Exceptional,3k-6k,606.6666666666666,3387.5333333333333,23571.96,312.58,1,2,3,3,True
9195,2,2023-02-02,2024-11-18,High Income Segment,Fair,6k-10k,501.0,8363.045,12466.45,133.72,0,2,2,2,True
9196,1,2024-02-14,2024-02-14,Middle Income Segment,Exceptional,3k-6k,818.0,3545.38,4473.39,37.33,0,1,1,1,False
9198,1,2024-10-08,2024-10-08,High Income Segment,Exceptional,6k-10k,842.0,9534.64,1059.26,3.69,0,1,1,1,False
9199,4,2023-11-22,2025-04-02,High Income Segment,Fair,6k-10k,528.0,7429.905000000001,18939.54,51.16,0,2,4,4,True
9200,1,2024-03-25,2024-03-25,Low Income Segment,Poor,Under 3k,509.0,1475.1,2500.57,0.0,0,1,1,1,False
9201,3,2023-02-09,2023-08-21,Low Income Segment,Poor,Under 3k,593.3333333333334,2631.6966666666667,28303.36,0.0,0,2,3,3,True
9202,2,2023-01-24,2023-12-17,Middle Income Segment,Exceptional,3k-6k,574.5,4705.85,10829.1,0.0,0,1,2,2,True
9203,1,2023-06-28,2023-06-28,Middle Income Segment,Poor,3k-6k,375.0,4799.52,6030.31,0.0,0,1,1,1,False
9204,2,2023-04-12,2024-01-13,High Income Segment,Good,6k-10k,527.0,5400.79,13754.900000000001,0.0,0,2,2,2,True
9205,3,2023-05-14,2024-01-10,High Income Segment,Exceptional,6k-10k,630.6666666666666,5994.393333333333,13181.4,352.81,1,3,3,3,True
9207,3,2023-02-16,2025-02-11,Middle Income Segment,Exceptional,3k-6k,610.0,4227.2,37087.28,12.98,0,2,3,3,True
9208,1,2024-09-09,2024-09-09,High Income Segment,Poor,6k-10k,462.0,9399.39,1426.46,121.13,0,1,1,1,False
9209,2,2024-10-19,2024-12-02,High Income Segment,Very Good,6k-10k,771.0,7592.43,2522.64,195.89999999999998,1,1,2,2,True
9210,7,2023-02-28,2025-02-23,High Income Segment,Poor,6k-10k,572.1428571428571,5743.278571428571,30164.47,310.21000000000004,1,3,7,7,True
9212,3,2023-01-24,2025-04-15,High Income Segment,Fair,6k-10k,552.6666666666666,8345.396666666667,13729.67,46.64,0,2,3,3,True
9213,1,2023-03-11,2023-03-11,Low Income Segment,Poor,Under 3k,421.0,1868.53,5579.29,0.0,0,1,1,1,False
9214,1,2024-03-31,2024-03-31,High Income Segment,Poor,6k-10k,563.0,8975.52,2498.36,0.0,0,1,1,1,False
9215,5,2024-02-13,2025-01-22,High Income Segment,Poor,6k-10k,598.4,6392.13,15966.640000000001,385.51,2,3,5,5,True
9216,3,2023-06-12,2025-02-24,Middle Income Segment,Very Good,6k-10k,644.3333333333334,7220.606666666667,9486.72,29.89,0,2,3,3,True
9217,1,2025-02-25,2025-02-25,Middle Income Segment,Poor,3k-6k,413.0,5489.9,746.89,0.0,0,1,1,1,False
9218,1,2024-12-22,2024-12-22,Middle Income Segment,Very Good,6k-10k,774.0,6302.74,2115.38,20.22,0,1,1,1,False
9219,5,2023-02-12,2025-03-12,High Income Segment,Poor,6k-10k,563.0,5349.048,27151.1,220.67000000000002,1,3,5,5,True
9220,3,2023-07-31,2024-12-26,High Income Segment,Exceptional,6k-10k,610.6666666666666,5521.349999999999,17105.050000000003,140.31,0,3,3,3,True
9221,3,2023-06-21,2024-10-10,Low Income Segment,Poor,Under 3k,617.3333333333334,3560.933333333334,18748.190000000002,167.75,0,2,3,3,True
9222,3,2023-09-20,2025-01-26,High Income Segment,Poor,6k-10k,608.6666666666666,6448.25,12509.18,0.0,0,2,3,3,True
9224,1,2024-11-03,2024-11-03,Low Income Segment,Exceptional,Under 3k,831.0,1928.68,1398.92,0.0,0,1,1,1,False
9226,3,2025-01-14,2025-04-09,Low Income Segment,Poor,Under 3k,407.0,1609.9733333333334,11330.92,92.96000000000001,0,1,3,3,True
9227,1,2024-10-20,2024-10-20,High Income Segment,Good,6k-10k,674.0,9018.94,4912.68,0.0,0,1,1,1,False
9228,1,2023-05-01,2023-05-01,High Income Segment,Fair,6k-10k,660.0,8338.32,5733.17,16.87,0,1,1,1,False
9229,1,2024-02-11,2024-02-11,Middle Income Segment,Fair,3k-6k,588.0,4996.89,7171.14,8.06,0,1,1,1,False
9230,1,2023-11-04,2023-11-04,High Income Segment,Very Good,6k-10k,784.0,8597.8,1483.81,0.0,0,1,1,1,False
9232,3,2024-02-17,2025-03-13,High Income Segment,Poor,6k-10k,489.3333333333333,6682.5233333333335,13941.919999999998,65.3,0,2,3,3,True
9233,1,2023-06-04,2023-06-04,High Income Segment,Fair,6k-10k,618.0,9979.17,3872.35,36.96,0,1,1,1,False
9234,4,2023-04-16,2024-10-08,High Income Segment,Poor,6k-10k,482.25,7683.4,23304.82,36.96,0,2,4,4,True
9235,4,2023-09-06,2025-02-25,High Income Segment,Poor,6k-10k,575.75,6041.78,12135.29,207.55,1,3,4,4,True
9236,2,2024-01-16,2024-06-15,High Income Segment,Fair,6k-10k,501.5,5457.639999999999,5692.27,0.0,0,2,2,2,True
9237,1,2023-04-27,2023-04-27,High Income Segment,Fair,6k-10k,635.0,7143.96,52.59,156.24,1,1,1,1,False
9238,1,2025-02-01,2025-02-01,Low Income Segment,Poor,Under 3k,577.0,1377.18,4205.85,162.57,1,1,1,1,False
9239,2,2023-07-15,2024-01-09,High Income Segment,Fair,3k-6k,556.5,5447.0650000000005,13666.52,295.18,1,2,2,2,True
9240,1,2025-05-15,2025-05-15,High Income Segment,Good,6k-10k,722.0,8040.74,4516.66,0.0,0,1,1,1,False
9242,1,2024-11-15,2024-11-15,Middle Income Segment,Poor,3k-6k,435.0,4160.13,10880.19,0.0,0,1,1,1,False
9243,4,2023-07-18,2024-11-11,High Income Segment,Poor,6k-10k,545.0,6617.3475,21772.739999999998,244.54999999999998,1,2,4,4,True
9244,2,2024-10-29,2025-03-28,Low Income Segment,Exceptional,6k-10k,766.5,4186.375,8336.5,117.88,0,2,2,2,True
9245,2,2023-03-12,2024-11-16,High Income Segment,Exceptional,6k-10k,755.5,7070.594999999999,10771.56,290.65999999999997,1,2,2,2,True
9246,1,2023-03-27,2023-03-27,Low Income Segment,Poor,Under 3k,467.0,2417.23,5029.76,176.36,1,1,1,1,False
9247,1,2024-01-10,2024-01-10,High Income Segment,Good,6k-10k,689.0,7601.2,3126.18,27.46,0,1,1,1,False
9249,1,2023-10-03,2023-10-03,Middle Income Segment,Poor,3k-6k,474.0,3317.97,1297.78,182.76,1,1,1,1,False
9250,4,2024-05-17,2024-08-26,High Income Segment,Poor,6k-10k,551.0,6301.9575,17271.7,140.95,0,3,4,4,True
9251,1,2025-01-01,2025-01-01,Middle Income Segment,Fair,6k-10k,627.0,6590.15,14302.55,0.0,0,1,1,1,False
9252,3,2023-03-26,2024-03-29,Low Income Segment,Good,Under 3k,645.3333333333334,2398.6066666666666,13561.56,25.91,0,2,3,3,True
9253,1,2024-07-29,2024-07-29,High Income Segment,Poor,6k-10k,365.0,9696.47,5191.74,104.5,0,1,1,1,False
9254,2,2023-03-30,2023-06-16,Low Income Segment,Exceptional,3k-6k,727.5,2948.49,8371.279999999999,74.23,0,2,2,2,True
9257,2,2024-03-14,2024-06-26,Low Income Segment,Poor,Under 3k,526.0,2121.775,6036.26,0.0,0,1,2,2,True
9258,4,2023-01-21,2024-07-06,High Income Segment,Poor,6k-10k,418.75,6494.25,28499.239999999998,386.15999999999997,1,2,4,4,True
9259,2,2023-02-24,2024-12-05,High Income Segment,Fair,6k-10k,498.0,9366.755000000001,3572.3900000000003,0.0,0,1,2,2,True
9260,2,2023-09-08,2024-03-26,Middle Income Segment,Poor,3k-6k,462.0,4073.06,2985.92,23.51,0,1,2,2,True
9261,2,2024-01-28,2024-08-18,High Income Segment,Fair,6k-10k,675.5,7848.974999999999,7112.549999999999,48.15,0,1,2,2,True
9262,3,2023-12-02,2024-08-28,Middle Income Segment,Exceptional,3k-6k,712.6666666666666,5459.58,4632.58,123.41000000000001,0,2,3,3,True
9263,4,2023-09-05,2024-11-04,High Income Segment,Fair,6k-10k,597.75,6044.825000000001,15321.43,0.0,0,3,4,4,True
9264,4,2023-04-04,2025-05-06,Low Income Segment,Fair,Under 3k,685.0,4274.245,5881.25,61.11,0,3,4,4,True
9265,3,2024-05-19,2025-03-09,Middle Income Segment,Poor,6k-10k,398.6666666666667,6339.066666666667,15516.619999999999,126.58000000000001,0,2,3,3,True
9266,3,2024-02-16,2024-12-08,High Income Segment,Fair,6k-10k,544.6666666666666,5214.0633333333335,15112.809999999998,0.0,0,3,3,3,True
9267,1,2023-09-07,2023-09-07,Low Income Segment,Exceptional,Under 3k,840.0,2297.37,1636.57,0.0,0,1,1,1,False
9268,1,2023-01-04,2023-01-04,Low Income Segment,Fair,Under 3k,599.0,1123.43,10424.06,40.68,0,1,1,1,False
9269,2,2024-09-07,2024-10-14,Low Income Segment,Exceptional,3k-6k,692.0,3898.175,13212.769999999999,15.72,0,2,2,2,True
9271,3,2023-03-15,2024-01-02,High Income Segment,Poor,6k-10k,362.0,7371.573333333334,8531.06,282.97,1,2,3,3,True
9272,2,2023-01-02,2024-06-05,Low Income Segment,Fair,3k-6k,700.5,4028.44,6922.139999999999,0.0,0,2,2,2,True
9273,4,2023-04-25,2024-01-06,High Income Segment,Poor,6k-10k,546.5,6140.557499999999,16637.510000000002,14.21,0,2,4,4,True
9274,1,2025-01-29,2025-01-29,High Income Segment,Poor,6k-10k,443.0,7257.49,6442.45,91.71,0,1,1,1,False
9275,4,2023-06-08,2024-08-05,Low Income Segment,Very Good,Under 3k,669.75,4177.9425,17757.329999999998,74.73,0,3,4,4,True
9276,4,2023-06-20,2025-03-21,High Income Segment,Poor,3k-6k,567.25,5912.1325,14568.4,142.15,0,2,4,4,True
9277,3,2023-05-02,2025-04-24,High Income Segment,Poor,6k-10k,563.3333333333334,6371.2733333333335,13768.96,98.02000000000001,0,2,3,3,True
9278,1,2024-02-17,2024-02-17,High Income Segment,Poor,6k-10k,397.0,7852.46,966.11,37.57,0,1,1,1,False
9280,1,2023-04-11,2023-04-11,High Income Segment,Poor,6k-10k,539.0,8462.63,961.52,98.5,0,1,1,1,False
9281,3,2023-07-05,2025-03-27,High Income Segment,Fair,3k-6k,678.6666666666666,5517.386666666666,10115.63,80.98,0,3,3,3,True
9282,1,2023-07-07,2023-07-07,Middle Income Segment,Poor,3k-6k,335.0,3267.2,4735.88,20.98,0,1,1,1,False
9283,6,2023-12-28,2024-12-23,High Income Segment,Fair,6k-10k,571.6666666666666,7210.579999999999,40020.76,235.12,1,2,6,6,True
9284,2,2023-04-11,2023-09-07,High Income Segment,Poor,3k-6k,490.0,6023.05,11030.279999999999,177.24,1,2,2,2,True
9286,1,2025-01-20,2025-01-20,Low Income Segment,Fair,Under 3k,634.0,1082.72,3710.09,40.03,0,1,1,1,False
9287,3,2023-02-14,2024-09-12,High Income Segment,Exceptional,6k-10k,743.3333333333334,5514.153333333333,9171.98,43.53,0,3,3,3,True
9289,2,2024-10-21,2025-04-17,Middle Income Segment,Exceptional,3k-6k,665.5,3635.31,13931.7,47.97,0,1,2,2,True
9290,2,2023-08-06,2024-01-03,High Income Segment,Exceptional,6k-10k,646.5,5216.575,22756.0,46.67,0,2,2,2,True
9291,2,2024-01-28,2025-01-20,Low Income Segment,Good,Under 3k,651.0,1997.87,15798.86,45.46,0,1,2,2,True
9294,6,2023-01-12,2024-10-27,Middle Income Segment,Poor,3k-6k,515.6666666666666,4477.966666666666,31482.269999999997,322.58000000000004,0,3,6,6,True
9295,1,2024-09-28,2024-09-28,Middle Income Segment,Poor,3k-6k,549.0,5786.28,3976.72,0.0,0,1,1,1,False
9296,3,2023-01-09,2023-10-18,Middle Income Segment,Poor,3k-6k,533.3333333333334,4290.426666666666,21763.78,17.35,0,2,3,3,True
9297,1,2024-03-19,2024-03-19,High Income Segment,Very Good,6k-10k,742.0,8403.99,9379.02,67.25,0,1,1,1,False
9298,4,2023-09-26,2024-07-27,High Income Segment,Poor,6k-10k,643.0,6704.7325,16161.56,68.65,0,2,4,4,True
9299,1,2024-05-30,2024-05-30,Low Income Segment,Good,Under 3k,673.0,1151.68,1422.45,74.42,0,1,1,1,False
9301,5,2023-03-31,2024-09-01,Middle Income Segment,Poor,3k-6k,540.4,5439.6720000000005,5635.7699999999995,140.61,0,3,5,5,True
9302,5,2023-07-13,2025-03-02,High Income Segment,Poor,6k-10k,507.6,7721.504000000001,34841.14,168.87000000000003,0,2,5,5,True
9303,3,2023-03-19,2024-02-21,Middle Income Segment,Exceptional,3k-6k,699.3333333333334,4630.74,8300.869999999999,188.27,1,1,3,3,True
9305,2,2023-11-07,2024-12-04,High Income Segment,Fair,3k-6k,681.5,7213.039999999999,6031.709999999999,0.0,0,2,2,2,True
9306,4,2023-07-09,2025-03-09,High Income Segment,Poor,6k-10k,571.5,6660.9375,12439.000000000002,0.0,0,2,4,4,True
9307,4,2023-04-09,2025-01-02,Middle Income Segment,Exceptional,6k-10k,670.5,5023.3825,19424.89,25.7,0,3,4,4,True
9308,5,2023-11-02,2025-05-05,High Income Segment,Fair,6k-10k,586.0,6138.35,28631.089999999997,328.19,1,2,5,5,True
9309,1,2025-02-24,2025-02-24,Low Income Segment,Good,Under 3k,697.0,1897.21,12153.16,0.0,0,1,1,1,False
9311,2,2024-07-12,2024-08-13,Low Income Segment,Good,3k-6k,710.5,2868.72,5757.34,0.0,0,2,2,2,True
9312,1,2025-01-22,2025-01-22,Middle Income Segment,Poor,3k-6k,473.0,5328.37,4749.98,0.0,0,1,1,1,False
9313,2,2024-07-17,2024-11-20,Low Income Segment,Exceptional,Under 3k,633.5,1322.5900000000001,16615.22,19.97,0,1,2,2,True
9314,2,2023-08-08,2024-05-03,High Income Segment,Poor,6k-10k,356.5,8317.689999999999,8112.6900000000005,75.49,0,1,2,2,True
9315,3,2024-02-07,2024-07-02,Low Income Segment,Exceptional,Under 3k,605.6666666666666,4343.493333333333,12778.25,0.0,0,2,3,3,True
9316,2,2023-03-12,2025-04-02,High Income Segment,Poor,3k-6k,518.0,7325.43,17574.62,96.51,0,2,2,2,True
9319,2,2023-09-17,2024-01-09,High Income Segment,Good,6k-10k,551.0,5787.110000000001,11249.76,90.36,0,2,2,2,True
9320,3,2023-09-04,2025-05-03,Middle Income Segment,Poor,3k-6k,462.6666666666667,3428.7566666666667,11881.56,85.50999999999999,0,2,3,3,True
9321,2,2023-09-05,2025-03-30,Low Income Segment,Exceptional,3k-6k,710.5,2394.76,10609.93,189.78,1,2,2,2,True
9322,1,2024-02-14,2024-02-14,High Income Segment,Fair,6k-10k,617.0,7940.49,3931.34,0.0,0,1,1,1,False
9323,2,2023-02-24,2024-04-14,Low Income Segment,Poor,3k-6k,332.5,3623.3199999999997,11703.86,65.86,0,2,2,2,True
9324,1,2024-02-20,2024-02-20,High Income Segment,Exceptional,6k-10k,806.0,9878.87,4388.92,0.0,0,1,1,1,False
9325,6,2023-07-02,2025-01-06,Middle Income Segment,Very Good,3k-6k,674.5,5494.2283333333335,39723.81,71.63,0,3,6,6,True
9326,2,2023-11-13,2024-09-18,High Income Segment,Poor,6k-10k,683.5,7268.91,6362.74,31.26,0,2,2,2,True
9327,1,2024-04-18,2024-04-18,High Income Segment,Exceptional,6k-10k,824.0,8870.89,4244.61,0.0,0,1,1,1,False
9328,3,2024-11-06,2025-02-23,Middle Income Segment,Poor,3k-6k,506.0,3431.31,19916.7,231.4,1,2,3,3,True
9329,1,2023-05-19,2023-05-19,High Income Segment,Fair,6k-10k,600.0,9462.92,7246.02,64.42,0,1,1,1,False
9330,5,2023-05-07,2024-07-29,High Income Segment,Poor,6k-10k,545.6,4977.316000000001,17528.35,36.83,0,3,5,5,True
9331,2,2023-05-20,2024-09-28,High Income Segment,Good,6k-10k,687.0,7404.42,21342.82,46.4,0,2,2,2,True
9333,3,2023-04-15,2024-12-24,High Income Segment,Fair,6k-10k,573.3333333333334,6663.743333333335,11531.24,24.99,0,2,3,3,True
9334,3,2023-01-06,2024-10-14,High Income Segment,Poor,6k-10k,535.0,8973.896666666667,21688.13,345.85,2,1,3,3,True
9335,3,2023-08-13,2024-12-14,Low Income Segment,Fair,Under 3k,669.6666666666666,2343.8033333333333,17903.47,201.76,0,2,3,3,True
9338,3,2023-02-22,2025-02-22,Middle Income Segment,Poor,3k-6k,482.3333333333333,4185.253333333333,9653.23,6.15,0,2,3,3,True
9339,3,2023-05-06,2025-05-07,High Income Segment,Fair,6k-10k,704.3333333333334,7266.860000000001,12627.6,0.0,0,2,3,3,True
9340,3,2023-06-07,2024-09-10,Middle Income Segment,Poor,3k-6k,548.6666666666666,4327.743333333333,9060.53,20.01,0,1,3,3,True
9342,2,2023-04-25,2024-11-12,High Income Segment,Good,3k-6k,620.0,6771.835,12824.79,90.91,0,2,2,2,True
9343,2,2023-01-25,2024-03-03,High Income Segment,Exceptional,3k-6k,811.5,6968.28,11759.82,207.79,1,2,2,2,True
9345,4,2023-06-03,2025-05-02,Middle Income Segment,Poor,3k-6k,580.0,4644.52,8666.93,190.77,1,3,4,4,True
9346,3,2023-06-20,2025-03-15,Middle Income Segment,Poor,3k-6k,456.3333333333333,4629.613333333334,16329.9,29.19,0,2,3,3,True
9347,3,2023-02-13,2024-09-12,Low Income Segment,Poor,Under 3k,467.6666666666667,2419.3133333333335,25194.21,30.14,0,2,3,3,True
9348,2,2023-08-18,2023-11-18,Low Income Segment,Good,6k-10k,523.5,4617.8949999999995,5595.280000000001,0.0,0,2,2,2,True
9349,1,2024-09-03,2024-09-03,Middle Income Segment,Poor,3k-6k,355.0,5269.9,2136.19,176.05,1,1,1,1,False
9350,2,2023-04-06,2024-06-29,Middle Income Segment,Exceptional,3k-6k,678.0,4946.245,26388.940000000002,78.47,0,1,2,2,True
9352,2,2023-06-16,2024-07-30,High Income Segment,Poor,3k-6k,596.5,6267.715,15112.740000000002,137.46,0,2,2,2,True
9353,7,2023-01-23,2025-04-29,Low Income Segment,Poor,Under 3k,451.85714285714283,4498.261428571429,39422.55,42.67,0,3,7,7,True
9356,2,2023-03-16,2024-02-02,High Income Segment,Exceptional,6k-10k,685.0,5584.17,4768.81,0.0,0,2,2,2,True
9357,2,2023-09-15,2024-10-15,High Income Segment,Poor,3k-6k,404.0,7440.065,17173.37,39.47,0,2,2,2,True
9359,1,2024-10-20,2024-10-20,Middle Income Segment,Poor,3k-6k,487.0,5587.81,6740.92,0.0,0,1,1,1,False
9360,2,2023-01-03,2024-05-24,High Income Segment,Fair,6k-10k,543.0,9507.6,14925.88,68.81,0,1,2,2,True
9361,1,2024-04-21,2024-04-21,Middle Income Segment,Poor,6k-10k,314.0,6920.69,5268.96,0.0,0,1,1,1,False
9362,2,2023-06-11,2025-04-18,High Income Segment,Fair,3k-6k,543.5,7476.030000000001,11019.61,19.25,0,2,2,2,True
9363,2,2024-01-13,2024-04-05,High Income Segment,Fair,6k-10k,587.0,6960.424999999999,15859.33,31.770000000000003,0,2,2,2,True
9365,2,2023-10-15,2024-11-07,High Income Segment,Poor,6k-10k,417.0,5606.3949999999995,9174.73,181.54,1,2,2,2,True
9366,2,2024-11-20,2025-02-12,Low Income Segment,Fair,6k-10k,684.5,4228.305,7289.799999999999,0.0,0,2,2,2,True
9367,3,2023-03-10,2024-10-27,Middle Income Segment,Fair,3k-6k,657.3333333333334,5526.55,14459.31,88.19,0,2,3,3,True
9368,4,2023-06-08,2024-10-04,Low Income Segment,Fair,Under 3k,674.5,3961.26,21749.24,40.4,0,2,4,4,True
9369,1,2024-09-13,2024-09-13,High Income Segment,Fair,6k-10k,629.0,8895.77,2844.33,0.0,0,1,1,1,False
9370,1,2024-12-13,2024-12-13,High Income Segment,Good,6k-10k,716.0,7278.92,249.47,0.0,0,1,1,1,False
9371,1,2025-04-13,2025-04-13,Low Income Segment,Poor,Under 3k,346.0,1190.55,5541.3,31.61,0,1,1,1,False
9372,1,2023-12-04,2023-12-04,Middle Income Segment,Poor,3k-6k,354.0,3222.33,13304.0,81.86,0,1,1,1,False
9373,1,2024-08-07,2024-08-07,Low Income Segment,Very Good,Under 3k,790.0,1555.88,1403.06,70.16,0,1,1,1,False
9376,4,2023-06-06,2024-12-05,Low Income Segment,Fair,Under 3k,530.0,3508.1775,7169.51,0.0,0,2,4,4,True
9378,7,2023-08-06,2025-01-15,High Income Segment,Poor,3k-6k,585.8571428571429,5948.21,44693.42,71.12,0,3,7,7,True
9379,2,2024-11-12,2025-03-19,High Income Segment,Fair,6k-10k,702.0,5629.47,13807.900000000001,47.7,0,2,2,2,True
9380,3,2023-04-10,2023-10-06,High Income Segment,Fair,6k-10k,629.3333333333334,7733.330000000001,26634.54,59.7,0,2,3,3,True
9381,2,2024-06-30,2024-07-03,Low Income Segment,Poor,3k-6k,642.5,3877.84,17184.7,0.0,0,2,2,2,True
9382,5,2023-07-03,2024-08-03,High Income Segment,Poor,6k-10k,548.0,4166.358,35597.43,157.18,0,3,5,5,True
9383,2,2024-04-17,2024-05-22,High Income Segment,Exceptional,3k-6k,685.0,6032.714999999999,12062.59,65.07,0,2,2,2,True
9384,2,2024-06-13,2025-01-05,Low Income Segment,Fair,6k-10k,464.0,4170.645,17262.59,0.0,0,2,2,2,True
9385,1,2023-11-25,2023-11-25,Middle Income Segment,Poor,3k-6k,346.0,5533.91,410.78,11.24,0,1,1,1,False
9386,2,2024-02-18,2024-03-30,Middle Income Segment,Poor,3k-6k,653.0,5782.67,20045.63,0.0,0,1,2,2,True
9387,1,2024-08-25,2024-08-25,High Income Segment,Good,6k-10k,697.0,9236.49,12732.1,0.0,0,1,1,1,False
9388,2,2023-03-22,2023-05-02,Low Income Segment,Poor,3k-6k,376.5,2723.655,15544.02,158.53,0,2,2,2,True
9389,4,2023-04-28,2024-06-05,Low Income Segment,Fair,Under 3k,632.25,4155.515,23643.3,328.34000000000003,1,3,4,4,True
9391,2,2024-06-03,2024-11-03,Middle Income Segment,Good,3k-6k,593.5,4313.1900000000005,20470.84,0.0,0,1,2,2,True
9392,4,2023-01-23,2024-06-14,High Income Segment,Poor,6k-10k,524.25,6026.505,26245.48,97.91,0,2,4,4,True
9393,1,2025-04-28,2025-04-28,Low Income Segment,Good,Under 3k,711.0,1153.39,5142.35,0.0,0,1,1,1,False
9395,1,2025-02-03,2025-02-03,Middle Income Segment,Fair,3k-6k,648.0,5340.59,1476.73,48.38,0,1,1,1,False
9396,2,2025-03-06,2025-05-12,High Income Segment,Poor,3k-6k,378.0,6531.46,14205.740000000002,52.1,0,2,2,2,True
9397,1,2023-02-01,2023-02-01,Low Income Segment,Very Good,Under 3k,786.0,1980.44,4969.98,103.1,0,1,1,1,False
9399,3,2023-01-02,2025-01-06,Middle Income Segment,Fair,3k-6k,544.0,5582.56,17465.86,0.0,0,2,3,3,True
9400,4,2024-02-04,2025-03-08,Low Income Segment,Fair,Under 3k,649.0,4277.554999999999,30193.35,104.13,0,3,4,4,True
9401,5,2023-09-19,2024-11-22,High Income Segment,Poor,6k-10k,516.8,6425.528,31825.53,267.04999999999995,1,3,5,5,True
9402,1,2025-04-22,2025-04-22,Middle Income Segment,Fair,3k-6k,586.0,4278.94,7990.61,0.0,0,1,1,1,False
9404,1,2023-07-17,2023-07-17,High Income Segment,Good,6k-10k,681.0,7191.52,3797.33,0.0,0,1,1,1,False
9405,3,2023-03-05,2024-12-17,High Income Segment,Poor,3k-6k,526.6666666666666,4384.496666666667,12407.44,10.63,0,3,3,3,True
9406,2,2023-04-14,2024-10-17,Low Income Segment,Poor,3k-6k,582.5,2929.515,12477.83,52.64,0,2,2,2,True
9407,2,2024-07-01,2025-04-26,Middle Income Segment,Good,3k-6k,634.0,3997.545,16076.740000000002,54.75,0,1,2,2,True
9408,2,2023-10-02,2024-04-04,High Income Segment,Exceptional,3k-6k,621.0,6221.2,3602.5299999999997,65.22,0,2,2,2,True
9410,1,2024-07-30,2024-07-30,Low Income Segment,Fair,Under 3k,647.0,1991.78,2209.52,0.0,0,1,1,1,False
9411,7,2023-02-27,2025-05-14,Low Income Segment,Poor,Under 3k,531.4285714285714,4216.624285714285,41676.68,299.53999999999996,1,3,7,7,True
9412,4,2023-12-24,2025-04-01,High Income Segment,Poor,3k-6k,578.0,5898.7725,13751.61,127.21000000000001,0,2,4,4,True
9414,5,2023-02-16,2024-05-06,High Income Segment,Poor,6k-10k,615.4,7433.589999999999,35546.68,160.1,0,2,5,5,True
9415,2,2023-06-02,2023-10-31,Middle Income Segment,Exceptional,3k-6k,694.0,5261.16,8463.77,123.03999999999999,0,1,2,2,True
9417,4,2023-02-09,2025-01-10,Middle Income Segment,Poor,3k-6k,539.25,3945.5150000000003,20168.879999999997,27.4,0,2,4,4,True
9418,3,2023-09-14,2024-09-01,High Income Segment,Fair,6k-10k,634.6666666666666,5372.716666666666,12309.43,85.55,0,3,3,3,True
9419,2,2023-03-07,2025-01-02,High Income Segment,Fair,6k-10k,626.0,8868.06,8784.869999999999,51.38,0,1,2,2,True
9420,3,2023-02-02,2024-01-01,High Income Segment,Good,3k-6k,612.6666666666666,4900.406666666667,5518.09,0.0,0,3,3,3,True
9421,2,2023-07-25,2024-08-11,High Income Segment,Poor,6k-10k,596.5,7252.875,5307.34,0.0,0,2,2,2,True
9422,1,2024-11-21,2024-11-21,High Income Segment,Very Good,6k-10k,740.0,8143.13,7883.48,0.0,0,1,1,1,False
9423,2,2023-04-11,2024-02-20,High Income Segment,Poor,3k-6k,457.5,5994.97,18390.28,2.68,0,2,2,2,True
9424,2,2023-05-27,2025-05-17,Middle Income Segment,Exceptional,3k-6k,772.5,3841.345,14072.71,42.32,0,1,2,2,True
9425,1,2023-07-28,2023-07-28,Low Income Segment,Fair,Under 3k,590.0,2088.74,166.62,61.77,0,1,1,1,False
9427,2,2024-07-06,2025-03-25,High Income Segment,Good,6k-10k,728.5,4492.235,9613.849999999999,0.0,0,2,2,2,True
9428,4,2023-02-04,2024-06-20,Low Income Segment,Poor,Under 3k,469.5,4410.7275,17432.17,0.0,0,3,4,4,True
9429,2,2024-02-22,2024-04-02,High Income Segment,Poor,3k-6k,487.0,7451.780000000001,7581.35,33.04,0,2,2,2,True
9430,3,2023-04-20,2024-09-11,Middle Income Segment,Exceptional,3k-6k,644.0,3845.2400000000002,11036.42,0.0,0,2,3,3,True
9431,4,2023-06-02,2025-03-27,Middle Income Segment,Good,3k-6k,655.25,4458.8,31911.6,273.05,1,2,4,4,True
9432,4,2023-09-17,2025-01-24,High Income Segment,Exceptional,6k-10k,721.75,5919.6475,20231.13,0.0,0,3,4,4,True
9433,5,2023-04-16,2024-11-27,Low Income Segment,Exceptional,6k-10k,666.4,5681.628,18304.96,0.0,0,3,5,5,True
9434,2,2023-07-01,2024-10-24,High Income Segment,Fair,6k-10k,645.5,5977.22,20686.88,0.0,0,2,2,2,True
9435,2,2024-02-29,2024-06-17,High Income Segment,Exceptional,3k-6k,683.0,7271.290000000001,13949.33,87.98,0,2,2,2,True
9436,3,2023-07-25,2025-02-12,High Income Segment,Fair,6k-10k,661.6666666666666,8502.13,25454.58,16.52,0,1,3,3,True
9437,5,2023-01-26,2025-02-11,Middle Income Segment,Exceptional,3k-6k,657.0,5933.701999999999,21022.82,213.72,0,2,5,5,True
9438,1,2024-05-21,2024-05-21,Low Income Segment,Fair,Under 3k,655.0,2110.76,922.5,0.0,0,1,1,1,False
9440,2,2023-02-13,2024-03-04,High Income Segment,Good,6k-10k,568.0,9164.41,8272.07,38.01,0,1,2,2,True
9441,3,2024-05-13,2024-10-11,High Income Segment,Poor,6k-10k,507.6666666666667,6018.420000000001,9079.17,202.76,1,2,3,3,True
9442,2,2023-03-17,2025-05-20,Low Income Segment,Good,6k-10k,764.0,4336.885,2124.34,0.0,0,2,2,2,True
9443,2,2023-10-15,2024-06-15,High Income Segment,Good,6k-10k,513.5,5685.965,11188.21,35.8,0,2,2,2,True
9444,4,2023-12-04,2024-08-29,High Income Segment,Good,6k-10k,534.25,6792.88,23451.96,14.12,0,2,4,4,True
9445,5,2023-01-02,2024-11-28,High Income Segment,Poor,3k-6k,443.8,5784.358,35153.79,166.26,0,3,5,5,True
9446,2,2024-06-04,2024-09-15,High Income Segment,Poor,3k-6k,488.0,7662.99,8716.619999999999,14.85,0,2,2,2,True
9447,1,2024-12-21,2024-12-21,Middle Income Segment,Fair,6k-10k,583.0,6908.49,3736.4,0.0,0,1,1,1,False
9448,5,2023-03-26,2024-11-24,Middle Income Segment,Poor,3k-6k,444.8,3922.1760000000004,36129.33,64.75,0,2,5,5,True
9449,2,2023-08-02,2023-09-15,High Income Segment,Poor,6k-10k,476.0,6954.05,10763.23,8.73,0,2,2,2,True
9450,2,2024-10-02,2025-03-13,Low Income Segment,Good,3k-6k,611.0,4184.46,8811.58,0.0,0,2,2,2,True
9452,2,2023-01-09,2024-02-02,Low Income Segment,Poor,3k-6k,649.5,2292.41,4933.47,85.98,0,2,2,2,True
9453,2,2023-04-29,2024-01-20,Low Income Segment,Good,6k-10k,577.0,3980.805,10302.16,0.0,0,2,2,2,True
9454,2,2024-01-12,2025-05-05,High Income Segment,Poor,6k-10k,503.0,7712.165,11822.67,12.71,0,1,2,2,True
9455,2,2024-04-27,2024-12-07,Low Income Segment,Exceptional,3k-6k,611.0,2443.8,15575.07,60.24,0,2,2,2,True
9456,4,2023-09-30,2024-05-15,Low Income Segment,Fair,Under 3k,680.5,4642.6224999999995,21741.18,226.26,1,3,4,4,True
9457,3,2023-07-02,2025-03-19,Middle Income Segment,Poor,6k-10k,505.0,6027.963333333333,12718.09,33.69,0,2,3,3,True
9458,2,2023-08-17,2023-09-07,Low Income Segment,Good,3k-6k,519.0,2746.07,5806.780000000001,4.25,0,2,2,2,True
9459,1,2023-09-18,2023-09-18,Middle Income Segment,Fair,3k-6k,646.0,3457.78,6832.83,42.74,0,1,1,1,False
9460,1,2024-10-04,2024-10-04,Middle Income Segment,Poor,3k-6k,339.0,5476.54,8980.76,0.0,0,1,1,1,False
9461,3,2024-01-28,2025-01-03,Middle Income Segment,Good,3k-6k,655.0,4472.849999999999,20285.85,0.0,0,1,3,3,True
9462,4,2023-03-07,2025-01-26,High Income Segment,Fair,6k-10k,639.0,6538.8575,13196.66,93.25,0,3,4,4,True
9463,3,2023-09-06,2024-08-10,High Income Segment,Poor,6k-10k,567.0,5641.713333333333,18456.6,0.0,0,3,3,3,True
9464,6,2023-02-21,2024-06-22,Middle Income Segment,Poor,3k-6k,550.1666666666666,4549.573333333333,37680.0,224.07,0,2,6,6,True
9465,4,2023-08-21,2024-09-25,High Income Segment,Fair,6k-10k,637.0,5272.3925,22774.71,19.03,0,3,4,4,True
9467,3,2023-10-22,2024-11-09,Middle Income Segment,Poor,3k-6k,549.0,4252.973333333333,21782.2,84.34,0,2,3,3,True
9468,2,2023-04-19,2023-12-08,High Income Segment,Fair,3k-6k,482.0,6925.58,6061.610000000001,275.28,1,2,2,2,True
9469,5,2023-06-06,2024-08-28,Middle Income Segment,Poor,3k-6k,551.2,4643.128,29337.850000000002,57.94,0,3,5,5,True
9471,2,2023-11-30,2024-12-05,Low Income Segment,Poor,3k-6k,492.0,2982.51,8754.43,84.3,0,2,2,2,True
9472,3,2023-05-30,2023-10-03,High Income Segment,Exceptional,6k-10k,720.3333333333334,8626.9,25083.82,181.57999999999998,0,1,3,3,True
9473,1,2025-04-25,2025-04-25,Middle Income Segment,Poor,3k-6k,443.0,3577.99,10920.01,4.51,0,1,1,1,False
9474,1,2024-09-20,2024-09-20,High Income Segment,Very Good,6k-10k,760.0,7896.14,4396.24,17.46,0,1,1,1,False
9475,2,2023-05-06,2025-02-05,High Income Segment,Good,6k-10k,613.0,7715.28,8633.96,0.0,0,2,2,2,True
9476,2,2023-10-14,2024-04-27,Middle Income Segment,Good,3k-6k,737.5,5096.905,8278.710000000001,0.0,0,1,2,2,True
9477,1,2023-07-05,2023-07-05,Low Income Segment,Good,Under 3k,702.0,2447.7,3149.4,44.26,0,1,1,1,False
9479,2,2023-10-30,2023-11-08,High Income Segment,Fair,6k-10k,537.5,4926.67,10427.92,194.3,1,2,2,2,True
9480,2,2023-03-25,2024-04-30,High Income Segment,Exceptional,3k-6k,738.5,7721.825,17577.77,73.83,0,2,2,2,True
9481,2,2023-01-03,2023-12-16,High Income Segment,Good,6k-10k,629.0,5532.02,11918.79,142.93,1,2,2,2,True
9482,2,2023-01-18,2024-05-21,Low Income Segment,Fair,3k-6k,675.0,3374.5299999999997,12218.95,51.99,0,2,2,2,True
9484,3,2023-12-04,2025-02-21,High Income Segment,Poor,6k-10k,488.3333333333333,7473.009999999999,5016.43,146.18,1,2,3,3,True
9486,1,2024-02-27,2024-02-27,Middle Income Segment,Exceptional,3k-6k,806.0,3281.54,3925.97,2.94,0,1,1,1,False
9488,2,2024-05-05,2025-04-25,Low Income Segment,Poor,6k-10k,412.5,4062.665,4972.4,41.42,0,2,2,2,True
9489,1,2024-09-22,2024-09-22,High Income Segment,Very Good,6k-10k,798.0,7386.62,8546.0,15.61,0,1,1,1,False
9490,4,2023-04-21,2024-07-18,Middle Income Segment,Very Good,3k-6k,659.0,4590.04,28460.02,59.03,0,2,4,4,True
9491,2,2023-10-01,2025-01-10,Low Income Segment,Fair,6k-10k,473.0,3689.11,4021.2200000000003,12.61,0,2,2,2,True
9493,3,2023-07-02,2024-11-26,Middle Income Segment,Exceptional,3k-6k,690.3333333333334,6421.326666666667,19988.79,70.92,0,2,3,3,True
9494,2,2023-05-11,2023-05-23,Low Income Segment,Poor,3k-6k,436.0,4172.545,5292.71,3.88,0,2,2,2,True
9495,3,2023-06-01,2024-05-20,High Income Segment,Fair,6k-10k,640.6666666666666,9498.46,25662.02,52.2,0,1,3,3,True
9496,1,2025-01-15,2025-01-15,Low Income Segment,Poor,Under 3k,325.0,1149.15,905.88,0.0,0,1,1,1,False
9497,5,2023-11-12,2025-05-17,Middle Income Segment,Poor,6k-10k,527.0,6245.342,29244.79,21.45,0,2,5,5,True
9498,4,2023-10-18,2025-04-18,High Income Segment,Good,6k-10k,659.0,6262.8475,30895.129999999997,122.44999999999999,0,3,4,4,True
9499,2,2023-02-20,2024-03-14,Low Income Segment,Fair,Under 3k,517.5,2149.865,17821.35,117.89999999999999,0,1,2,2,True
9500,1,2023-03-09,2023-03-09,High Income Segment,Exceptional,6k-10k,848.0,9085.94,7218.05,0.0,0,1,1,1,False
9501,3,2023-11-08,2025-04-02,High Income Segment,Poor,6k-10k,600.6666666666666,7801.923333333333,9887.39,56.230000000000004,0,2,3,3,True
9502,3,2023-02-17,2025-04-27,High Income Segment,Poor,6k-10k,642.0,7565.7266666666665,22783.809999999998,0.0,0,1,3,3,True
9503,5,2023-03-09,2025-05-14,Middle Income Segment,Poor,3k-6k,516.2,5211.606,45551.47,174.39999999999998,0,3,5,5,True
9504,1,2025-02-09,2025-02-09,Low Income Segment,Poor,Under 3k,407.0,1551.65,3990.48,0.0,0,1,1,1,False
9505,2,2023-08-28,2024-07-30,Low Income Segment,Poor,3k-6k,525.0,2596.605,11382.650000000001,32.83,0,2,2,2,True
9506,3,2023-03-09,2025-04-29,High Income Segment,Exceptional,6k-10k,710.6666666666666,7270.66,16636.77,145.72,0,2,3,3,True
9507,1,2023-09-28,2023-09-28,Middle Income Segment,Poor,3k-6k,450.0,5108.13,672.63,24.09,0,1,1,1,False
9508,3,2023-07-02,2025-01-25,High Income Segment,Poor,3k-6k,466.0,5625.5233333333335,15731.56,73.35000000000001,0,3,3,3,True
9509,2,2023-04-11,2024-02-27,High Income Segment,Poor,6k-10k,487.0,8281.665,2524.39,42.43,0,1,2,2,True
9511,2,2023-06-28,2023-11-08,High Income Segment,Fair,6k-10k,581.5,6420.775,14994.23,0.0,0,2,2,2,True
9512,2,2023-12-18,2023-12-26,High Income Segment,Poor,6k-10k,415.5,7716.785,1454.0900000000001,47.4,0,2,2,2,True
9514,1,2024-09-15,2024-09-15,Middle Income Segment,Poor,6k-10k,418.0,6260.2,3956.57,0.0,0,1,1,1,False
9515,1,2024-09-28,2024-09-28,Low Income Segment,Poor,Under 3k,485.0,1417.3,6814.4,24.55,0,1,1,1,False
9516,1,2024-07-25,2024-07-25,Middle Income Segment,Poor,3k-6k,481.0,5605.33,799.07,0.0,0,1,1,1,False
9518,1,2025-04-03,2025-04-03,Middle Income Segment,Poor,3k-6k,385.0,3225.42,6458.17,6.1,0,1,1,1,False
9519,4,2023-11-14,2024-07-12,Low Income Segment,Poor,Under 3k,638.5,4235.7675,15564.11,23.26,0,3,4,4,True
9520,3,2023-02-25,2024-12-12,High Income Segment,Good,6k-10k,616.6666666666666,5801.816666666667,18021.57,39.29,0,3,3,3,True
9521,2,2023-10-18,2024-12-20,Low Income Segment,Exceptional,3k-6k,799.0,3199.68,24132.949999999997,139.84,0,2,2,2,True
9522,1,2023-09-12,2023-09-12,Middle Income Segment,Fair,6k-10k,623.0,6188.7,10254.28,10.18,0,1,1,1,False
9523,2,2023-01-28,2024-02-01,Middle Income Segment,Fair,3k-6k,589.0,6172.07,11620.53,59.879999999999995,0,1,2,2,True
9524,5,2023-01-27,2025-02-01,Middle Income Segment,Poor,6k-10k,539.4,6103.508,31196.25,182.85,1,2,5,5,True
9526,3,2023-05-18,2025-01-15,High Income Segment,Fair,3k-6k,594.6666666666666,4819.36,24103.68,171.51,0,3,3,3,True
9527,4,2023-02-23,2025-04-19,Low Income Segment,Good,Under 3k,634.5,4233.39,17375.52,0.0,0,3,4,4,True
9529,3,2024-07-15,2024-10-02,Middle Income Segment,Good,3k-6k,585.0,5449.046666666666,8376.68,0.0,0,2,3,3,True
9530,5,2023-02-05,2025-04-08,High Income Segment,Poor,6k-10k,511.4,5636.469999999999,38333.3,41.96,0,3,5,5,True
9531,1,2023-11-21,2023-11-21,High Income Segment,Fair,6k-10k,654.0,8126.15,2335.32,0.0,0,1,1,1,False
9532,3,2024-01-26,2025-02-05,High Income Segment,Fair,6k-10k,591.0,7823.04,19786.15,0.0,0,1,3,3,True
9533,4,2023-07-12,2024-10-11,Low Income Segment,Exceptional,3k-6k,623.75,3426.2749999999996,30959.82,81.53,0,2,4,4,True
9534,4,2023-07-23,2024-12-27,High Income Segment,Poor,6k-10k,527.75,4990.7475,11763.67,53.0,0,2,4,4,True
9535,3,2024-08-01,2024-10-03,Middle Income Segment,Fair,3k-6k,605.3333333333334,4657.856666666667,17308.84,51.03,0,1,3,3,True
9536,3,2023-09-17,2024-09-24,High Income Segment,Good,6k-10k,604.6666666666666,6015.483333333334,21178.239999999998,411.18999999999994,1,2,3,3,True
9537,1,2024-08-30,2024-08-30,Middle Income Segment,Poor,3k-6k,553.0,5616.45,13387.5,95.09,0,1,1,1,False
9539,2,2024-02-17,2024-02-29,Low Income Segment,Exceptional,Under 3k,761.5,1304.06,8693.7,0.0,0,1,2,2,True
9540,1,2025-02-25,2025-02-25,Middle Income Segment,Very Good,3k-6k,762.0,4135.93,2866.73,0.0,0,1,1,1,False
9541,2,2023-12-08,2024-12-30,High Income Segment,Fair,6k-10k,667.0,5170.219999999999,13503.14,47.4,0,2,2,2,True
9542,1,2023-05-15,2023-05-15,High Income Segment,Poor,6k-10k,397.0,7832.04,6468.15,171.95,1,1,1,1,False
9543,1,2024-11-07,2024-11-07,High Income Segment,Poor,6k-10k,329.0,8523.23,5622.59,0.0,0,1,1,1,False
9544,1,2023-09-09,2023-09-09,Middle Income Segment,Poor,3k-6k,564.0,5078.99,6343.51,0.0,0,1,1,1,False
9545,1,2024-09-06,2024-09-06,High Income Segment,Very Good,6k-10k,785.0,7592.65,12176.19,93.18,0,1,1,1,False
9546,1,2025-03-01,2025-03-01,High Income Segment,Fair,6k-10k,622.0,7783.44,8160.63,40.32,0,1,1,1,False
9547,3,2024-02-27,2024-07-16,High Income Segment,Poor,3k-6k,489.3333333333333,4645.443333333334,16022.230000000001,39.940000000000005,0,3,3,3,True
9548,2,2023-09-22,2024-04-05,High Income Segment,Good,6k-10k,537.0,7128.135,11268.75,14.91,0,2,2,2,True
9549,2,2023-06-01,2023-10-25,Middle Income Segment,Exceptional,3k-6k,796.0,4502.844999999999,3458.51,0.0,0,1,2,2,True
9550,3,2023-04-22,2025-03-31,Middle Income Segment,Poor,3k-6k,421.6666666666667,4851.77,31595.75,91.59,0,2,3,3,True
9551,6,2023-06-03,2025-03-04,High Income Segment,Poor,6k-10k,506.1666666666667,6672.301666666666,16292.08,66.1,0,3,6,6,True
9552,1,2023-05-25,2023-05-25,High Income Segment,Poor,6k-10k,503.0,8987.78,4783.04,194.29,1,1,1,1,False
9553,3,2023-07-01,2024-08-14,High Income Segment,Very Good,6k-10k,628.6666666666666,5865.106666666667,14548.94,52.54,0,3,3,3,True
9554,2,2023-02-16,2025-04-09,High Income Segment,Exceptional,6k-10k,731.5,7803.125,8961.39,95.45,0,1,2,2,True
9555,1,2023-04-29,2023-04-29,Middle Income Segment,Poor,3k-6k,513.0,4606.93,5412.74,0.0,0,1,1,1,False
9556,3,2023-02-19,2023-12-28,Low Income Segment,Poor,Under 3k,501.3333333333333,3084.08,14024.2,130.64000000000001,0,2,3,3,True
9557,1,2025-03-10,2025-03-10,High Income Segment,Poor,6k-10k,561.0,7239.16,1256.86,34.21,0,1,1,1,False
9558,4,2023-08-25,2025-02-25,Middle Income Segment,Poor,3k-6k,541.25,3943.7974999999997,22404.64,86.04,0,1,4,4,True
9559,2,2023-01-20,2023-07-03,Low Income Segment,Fair,6k-10k,568.5,4589.185,1000.73,242.23,1,2,2,2,True
9560,3,2024-01-16,2024-10-27,Middle Income Segment,Exceptional,3k-6k,720.3333333333334,5961.93,11474.869999999999,330.97,1,2,3,3,True
9561,4,2023-05-11,2024-12-17,Low Income Segment,Poor,Under 3k,549.5,4068.2749999999996,25352.219999999998,138.86,0,2,4,4,True
9562,4,2023-09-26,2024-12-25,Middle Income Segment,Poor,3k-6k,552.75,5100.1725,18531.3,159.21,0,1,4,4,True
9563,2,2024-06-20,2025-05-12,High Income Segment,Fair,6k-10k,656.0,7915.6900000000005,8476.27,0.0,0,2,2,2,True
9564,3,2023-04-10,2025-03-17,High Income Segment,Poor,6k-10k,479.3333333333333,5586.87,9382.98,58.519999999999996,0,2,3,3,True
9565,1,2023-09-25,2023-09-25,High Income Segment,Good,6k-10k,725.0,7648.04,1454.77,0.0,0,1,1,1,False
9566,6,2023-04-14,2025-02-26,Middle Income Segment,Poor,6k-10k,567.8333333333334,5941.43,42086.479999999996,290.53000000000003,1,3,6,6,True
9567,5,2023-08-08,2025-05-05,Middle Income Segment,Poor,3k-6k,502.2,4782.736,15881.27,142.11,0,3,5,5,True
9568,1,2023-04-12,2023-04-12,High Income Segment,Poor,6k-10k,576.0,7023.79,2863.4,43.46,0,1,1,1,False
9569,2,2025-01-19,2025-02-15,Low Income Segment,Exceptional,Under 3k,575.0,2068.625,9875.19,62.21,0,1,2,2,True
9571,1,2024-08-26,2024-08-26,Middle Income Segment,Fair,3k-6k,643.0,5948.17,4314.21,53.83,0,1,1,1,False
9572,5,2023-08-05,2025-02-11,Middle Income Segment,Poor,3k-6k,509.0,5475.46,19431.14,324.69,2,3,5,5,True
9573,2,2024-01-12,2024-06-08,Low Income Segment,Poor,Under 3k,593.0,1443.875,7538.41,0.0,0,1,2,2,True
9575,2,2023-07-17,2024-05-13,Middle Income Segment,Poor,3k-6k,400.0,6069.89,20837.43,277.89,1,1,2,2,True
9576,2,2024-02-07,2025-01-01,Middle Income Segment,Good,3k-6k,639.0,4787.85,6048.88,34.5,0,1,2,2,True
9577,2,2023-05-13,2023-12-29,High Income Segment,Exceptional,3k-6k,788.5,6675.97,6581.45,29.94,0,2,2,2,True
9578,2,2024-12-01,2025-03-17,Middle Income Segment,Fair,3k-6k,637.0,5854.775,6539.67,63.74,0,1,2,2,True
9579,1,2024-06-11,2024-06-11,Middle Income Segment,Exceptional,3k-6k,814.0,3486.37,2072.98,0.0,0,1,1,1,False
9580,4,2024-05-10,2025-04-04,High Income Segment,Poor,6k-10k,549.5,7201.2474999999995,25506.01,215.42,0,2,4,4,True
9581,3,2023-11-19,2024-06-14,High Income Segment,Fair,6k-10k,539.0,6718.003333333334,24816.46,232.21999999999997,0,2,3,3,True
9582,1,2023-01-05,2023-01-05,Middle Income Segment,Poor,3k-6k,418.0,5722.37,9717.2,82.43,0,1,1,1,False
9583,5,2023-01-04,2024-10-10,Low Income Segment,Exceptional,Under 3k,626.4,2440.564,24916.23,38.32,0,2,5,5,True
9584,5,2023-12-19,2025-03-16,Middle Income Segment,Fair,3k-6k,508.0,6462.316,32561.35,290.69000000000005,1,2,5,5,True
9585,3,2024-01-20,2024-09-07,Low Income Segment,Exceptional,Under 3k,694.3333333333334,4829.183333333333,10904.5,11.25,0,2,3,3,True
9586,2,2024-03-14,2024-10-31,High Income Segment,Exceptional,6k-10k,673.0,5186.785,6860.35,8.21,0,2,2,2,True
9587,2,2023-08-18,2024-02-17,High Income Segment,Poor,3k-6k,445.0,7126.370000000001,6653.5,60.83,0,2,2,2,True
9588,3,2023-01-13,2024-09-17,Middle Income Segment,Exceptional,3k-6k,609.6666666666666,4009.8033333333333,25723.28,46.27,0,2,3,3,True
9590,3,2023-05-28,2024-12-17,Middle Income Segment,Poor,6k-10k,521.3333333333334,5854.283333333333,20346.170000000002,186.15,0,2,3,3,True
9591,2,2024-08-24,2025-04-11,Low Income Segment,Fair,6k-10k,662.0,3737.89,4677.49,0.0,0,2,2,2,True
9592,3,2023-04-06,2024-10-23,High Income Segment,Fair,3k-6k,696.0,5030.416666666667,15255.23,62.48,0,3,3,3,True
9593,3,2023-03-04,2024-09-16,Middle Income Segment,Poor,6k-10k,620.0,6612.576666666667,17764.75,111.82,0,2,3,3,True
9594,2,2023-08-10,2024-12-15,High Income Segment,Fair,6k-10k,495.0,7551.28,17105.78,266.83000000000004,1,1,2,2,True
9595,1,2023-03-05,2023-03-05,High Income Segment,Poor,6k-10k,428.0,7447.8,800.56,3.66,0,1,1,1,False
9596,1,2023-07-26,2023-07-26,Middle Income Segment,Fair,3k-6k,599.0,5561.34,6690.17,52.21,0,1,1,1,False
9597,2,2023-06-22,2024-08-13,High Income Segment,Exceptional,3k-6k,719.0,5967.485,9440.09,24.19,0,2,2,2,True
9598,3,2024-05-05,2025-01-26,Middle Income Segment,Good,6k-10k,631.6666666666666,6502.313333333333,25195.739999999998,102.5,0,2,3,3,True
9599,3,2023-07-14,2024-05-01,High Income Segment,Poor,6k-10k,459.0,7203.123333333334,22498.21,33.49,0,2,3,3,True
9600,2,2023-11-16,2024-07-22,High Income Segment,Fair,3k-6k,576.5,7372.355,13481.86,96.57,0,2,2,2,True
9601,1,2025-04-05,2025-04-05,High Income Segment,Exceptional,6k-10k,807.0,7078.09,2525.76,67.93,0,1,1,1,False
9603,1,2023-10-01,2023-10-01,Middle Income Segment,Poor,3k-6k,563.0,3767.7,3666.61,176.57,1,1,1,1,False
9605,3,2023-01-13,2023-10-24,Middle Income Segment,Poor,6k-10k,479.0,6305.656666666667,5561.48,0.0,0,2,3,3,True
9606,1,2025-02-09,2025-02-09,Middle Income Segment,Good,3k-6k,694.0,3492.23,12412.87,22.26,0,1,1,1,False
9607,2,2023-08-21,2024-07-11,High Income Segment,Fair,6k-10k,613.0,7358.33,5524.21,64.81,0,2,2,2,True
9608,1,2023-11-18,2023-11-18,Middle Income Segment,Poor,3k-6k,365.0,4177.24,2713.76,0.0,0,1,1,1,False
9609,3,2023-03-04,2023-06-20,High Income Segment,Poor,3k-6k,546.0,5858.650000000001,18465.28,151.56,0,3,3,3,True
9611,4,2023-10-09,2024-12-01,High Income Segment,Poor,6k-10k,470.25,7729.6375,15767.14,0.0,0,2,4,4,True
9612,1,2023-08-16,2023-08-16,Low Income Segment,Fair,Under 3k,614.0,2995.88,8947.25,23.93,0,1,1,1,False
9613,2,2024-12-27,2025-01-03,Low Income Segment,Poor,3k-6k,337.0,4355.82,7682.700000000001,13.22,0,2,2,2,True
9614,3,2023-08-10,2023-12-12,Middle Income Segment,Poor,3k-6k,434.6666666666667,5238.783333333333,8454.99,254.15,1,2,3,3,True
9615,1,2025-04-12,2025-04-12,Middle Income Segment,Fair,3k-6k,661.0,4216.99,8434.53,250.53,1,1,1,1,False
9616,3,2023-10-28,2024-03-05,Middle Income Segment,Poor,3k-6k,565.3333333333334,5176.533333333334,19901.9,102.86,0,2,3,3,True
9617,1,2023-01-30,2023-01-30,Middle Income Segment,Poor,3k-6k,316.0,5102.26,5739.62,10.87,0,1,1,1,False
9619,5,2023-10-08,2025-02-07,Middle Income Segment,Poor,3k-6k,587.0,5199.3279999999995,40473.14,259.33,1,3,5,5,True
9620,2,2023-02-23,2024-02-02,High Income Segment,Exceptional,6k-10k,700.5,5783.27,12661.689999999999,116.27000000000001,0,2,2,2,True
9621,3,2023-10-15,2025-01-29,Low Income Segment,Very Good,Under 3k,613.6666666666666,1918.7333333333333,13299.44,58.97,0,1,3,3,True
9622,1,2025-04-23,2025-04-23,Middle Income Segment,Fair,3k-6k,650.0,4547.77,6936.69,0.0,0,1,1,1,False
9623,4,2024-01-23,2024-10-26,Middle Income Segment,Poor,3k-6k,527.5,6070.8025,24864.41,256.52,1,2,4,4,True
9624,3,2024-01-21,2024-12-22,Middle Income Segment,Fair,6k-10k,545.6666666666666,6828.096666666667,16649.65,0.0,0,2,3,3,True
9625,5,2023-11-24,2025-04-13,Middle Income Segment,Poor,6k-10k,640.8,6805.106,30634.730000000003,12.510000000000002,0,2,5,5,True
9626,2,2023-05-03,2024-03-07,Low Income Segment,Poor,3k-6k,482.5,3418.75,4997.38,0.0,0,2,2,2,True
9627,2,2023-06-07,2023-10-27,High Income Segment,Good,6k-10k,497.0,8321.5,15333.83,61.660000000000004,0,2,2,2,True
9629,1,2024-10-31,2024-10-31,High Income Segment,Exceptional,6k-10k,810.0,7335.85,4339.1,37.98,0,1,1,1,False
9630,2,2025-01-03,2025-04-08,Low Income Segment,Good,3k-6k,565.0,2216.3050000000003,5905.74,221.02,1,2,2,2,True
9631,2,2023-02-09,2023-07-27,Low Income Segment,Fair,3k-6k,680.5,3143.455,15441.49,1.7,0,2,2,2,True
9632,4,2023-01-08,2023-11-19,High Income Segment,Fair,6k-10k,564.5,7621.8525,19611.56,191.7,1,2,4,4,True
9633,5,2023-07-03,2024-11-20,Low Income Segment,Exceptional,Under 3k,686.8,3210.19,14317.21,95.28,0,2,5,5,True
9634,2,2024-04-18,2024-08-05,High Income Segment,Poor,6k-10k,459.5,7560.075000000001,8619.539999999999,0.0,0,1,2,2,True
9635,3,2024-10-09,2025-04-19,Low Income Segment,Poor,Under 3k,561.6666666666666,3555.53,21942.26,0.0,0,2,3,3,True
9636,4,2023-05-25,2024-12-20,High Income Segment,Exceptional,6k-10k,701.25,6964.63,18170.77,94.23,0,2,4,4,True
9637,1,2023-01-31,2023-01-31,High Income Segment,Poor,6k-10k,360.0,9727.29,9282.16,46.42,0,1,1,1,False
9638,4,2023-01-15,2024-09-20,Low Income Segment,Poor,6k-10k,525.75,4489.735,17276.43,71.61,0,2,4,4,True
9640,2,2023-01-08,2024-08-08,High Income Segment,Good,3k-6k,585.0,6069.515,4406.96,154.56,1,2,2,2,True
9641,2,2023-04-19,2025-03-13,High Income Segment,Good,6k-10k,691.0,8673.365,7177.27,7.26,0,1,2,2,True
9642,1,2025-03-02,2025-03-02,Low Income Segment,Very Good,Under 3k,775.0,1538.08,8466.86,0.0,0,1,1,1,False
9643,3,2023-05-05,2025-01-27,Middle Income Segment,Fair,3k-6k,677.6666666666666,6393.54,16621.37,114.2,0,2,3,3,True
9644,5,2023-05-15,2024-10-30,Low Income Segment,Poor,3k-6k,543.8,4843.8279999999995,36334.25,133.52,0,3,5,5,True
9645,3,2023-07-12,2024-04-11,Middle Income Segment,Good,3k-6k,652.3333333333334,4872.126666666666,18683.54,19.84,0,1,3,3,True
9646,2,2023-09-18,2024-10-17,Middle Income Segment,Exceptional,3k-6k,647.5,5881.48,8964.23,0.0,0,1,2,2,True
9647,1,2025-04-17,2025-04-17,Middle Income Segment,Poor,6k-10k,338.0,6175.38,7686.51,0.0,0,1,1,1,False
9648,3,2023-07-04,2025-03-31,High Income Segment,Exceptional,3k-6k,652.0,5488.94,12822.54,84.47,0,3,3,3,True
9649,2,2024-03-27,2024-09-23,Low Income Segment,Poor,3k-6k,476.0,3730.8,4902.24,303.59000000000003,1,2,2,2,True
9650,2,2024-02-02,2024-02-19,High Income Segment,Poor,6k-10k,481.0,8207.310000000001,7849.93,172.71,1,1,2,2,True
9651,2,2024-05-26,2025-04-27,Middle Income Segment,Fair,3k-6k,579.5,4820.0,8413.470000000001,96.91,0,1,2,2,True
9652,5,2023-07-21,2024-08-21,High Income Segment,Fair,6k-10k,590.6,6313.7300000000005,21744.83,46.26,0,3,5,5,True
9653,2,2023-09-24,2024-03-12,Middle Income Segment,Poor,6k-10k,440.0,6692.585,13041.369999999999,72.37,0,1,2,2,True
9654,2,2024-08-17,2025-02-26,High Income Segment,Poor,6k-10k,348.0,5599.57,9795.59,136.9,0,2,2,2,True
9655,3,2023-01-28,2024-08-07,Low Income Segment,Poor,Under 3k,522.0,3625.2466666666664,11580.54,86.94,0,2,3,3,True
9656,4,2023-02-28,2025-05-06,Middle Income Segment,Poor,3k-6k,513.75,5115.6425,17023.24,78.09,0,1,4,4,True
9657,3,2024-04-09,2025-01-24,High Income Segment,Poor,3k-6k,496.0,5161.03,23358.510000000002,200.09,0,3,3,3,True
9659,3,2023-02-16,2024-10-14,High Income Segment,Poor,6k-10k,472.6666666666667,7947.44,9042.64,121.37,0,2,3,3,True
9660,1,2025-04-10,2025-04-10,High Income Segment,Good,6k-10k,691.0,8574.25,851.13,0.0,0,1,1,1,False
9661,2,2023-06-27,2025-04-20,Low Income Segment,Poor,Under 3k,455.5,2521.445,4416.99,0.0,0,1,2,2,True
9662,6,2023-02-08,2025-05-15,Middle Income Segment,Fair,3k-6k,634.6666666666666,5359.545,23871.58,186.17,0,3,6,6,True
9663,1,2023-12-20,2023-12-20,High Income Segment,Poor,6k-10k,442.0,8227.01,654.87,45.38,0,1,1,1,False
9664,2,2023-06-12,2024-02-17,Low Income Segment,Poor,3k-6k,520.0,2944.59,12264.39,96.06,0,2,2,2,True
9666,2,2024-01-12,2024-11-17,Middle Income Segment,Fair,3k-6k,687.0,5007.8099999999995,13735.49,0.32,0,1,2,2,True
9667,4,2023-11-04,2025-05-10,Low Income Segment,Poor,Under 3k,565.25,4566.8075,23997.97,241.97,1,3,4,4,True
9668,1,2024-07-11,2024-07-11,Low Income Segment,Poor,Under 3k,578.0,2988.71,941.4,0.0,0,1,1,1,False
9669,3,2023-07-27,2024-07-05,High Income Segment,Poor,3k-6k,409.0,5729.333333333333,15658.85,269.72,1,3,3,3,True
9671,2,2023-04-26,2024-07-11,High Income Segment,Fair,6k-10k,542.0,5896.780000000001,5766.57,25.4,0,2,2,2,True
9672,1,2023-04-10,2023-04-10,High Income Segment,Poor,6k-10k,434.0,9820.83,1586.16,52.04,0,1,1,1,False
9673,1,2025-03-29,2025-03-29,Low Income Segment,Very Good,Under 3k,795.0,1283.8,530.66,34.08,0,1,1,1,False
9674,2,2023-02-08,2024-01-21,Middle Income Segment,Poor,6k-10k,671.5,6557.985000000001,7785.530000000001,26.56,0,1,2,2,True
9675,2,2023-07-06,2023-10-22,High Income Segment,Poor,6k-10k,606.0,8084.49,12875.18,57.42,0,1,2,2,True
9676,4,2023-08-25,2024-08-17,Middle Income Segment,Poor,3k-6k,523.0,4070.92,24380.56,18.59,0,2,4,4,True
9677,2,2023-07-20,2024-03-23,High Income Segment,Fair,6k-10k,576.0,8430.8,18088.55,47.92,0,1,2,2,True
9678,3,2023-07-21,2023-10-20,High Income Segment,Fair,6k-10k,614.3333333333334,5545.633333333334,17946.02,34.3,0,2,3,3,True
9679,2,2024-02-17,2024-08-16,Middle Income Segment,Good,3k-6k,630.0,5887.135,12158.27,138.69,0,1,2,2,True
9680,5,2023-02-27,2024-08-23,Middle Income Segment,Good,3k-6k,645.0,5674.808,21611.37,119.43,0,2,5,5,True
9681,2,2024-05-17,2025-02-02,High Income Segment,Fair,3k-6k,574.0,6205.865,11858.619999999999,197.53,0,2,2,2,True
9682,1,2023-01-24,2023-01-24,Middle Income Segment,Very Good,6k-10k,797.0,6205.1,4053.7,0.0,0,1,1,1,False
9683,2,2023-08-24,2024-08-16,Low Income Segment,Exceptional,3k-6k,614.5,2749.88,3594.2000000000003,72.74,0,2,2,2,True
9684,5,2023-03-20,2025-04-15,High Income Segment,Poor,6k-10k,524.2,5955.942,39079.94,362.82,0,2,5,5,True
9685,2,2023-03-31,2023-05-26,Middle Income Segment,Poor,3k-6k,436.0,4954.915,5600.77,34.03,0,1,2,2,True
9689,5,2023-04-03,2024-07-20,High Income Segment,Poor,6k-10k,624.4,5526.264,36595.19,167.88,0,2,5,5,True
9690,2,2025-02-09,2025-04-27,High Income Segment,Poor,6k-10k,415.5,5339.4800000000005,12756.130000000001,12.16,0,2,2,2,True
9691,4,2023-04-06,2025-03-17,Low Income Segment,Poor,3k-6k,615.5,4102.3775,13085.61,101.35,0,2,4,4,True
9692,1,2024-07-01,2024-07-01,Middle Income Segment,Fair,3k-6k,651.0,4183.14,3153.02,51.02,0,1,1,1,False
9693,1,2023-11-28,2023-11-28,Low Income Segment,Fair,Under 3k,641.0,2419.32,13202.73,0.0,0,1,1,1,False
9694,1,2024-04-14,2024-04-14,Low Income Segment,Poor,Under 3k,308.0,2179.45,7072.22,0.0,0,1,1,1,False
9695,1,2023-04-09,2023-04-09,High Income Segment,Poor,6k-10k,476.0,8160.51,8874.62,70.47,0,1,1,1,False
9697,5,2023-05-09,2025-03-16,High Income Segment,Exceptional,6k-10k,764.8,4954.226000000001,21751.3,0.0,0,3,5,5,True
9698,1,2024-01-25,2024-01-25,Low Income Segment,Poor,Under 3k,390.0,1227.17,2671.82,0.0,0,1,1,1,False
9699,2,2023-09-07,2023-11-04,Middle Income Segment,Poor,3k-6k,641.5,4220.875,12727.130000000001,27.13,0,1,2,2,True
9700,2,2023-10-23,2025-04-25,Middle Income Segment,Exceptional,3k-6k,769.5,4913.41,18400.96,29.09,0,1,2,2,True
9701,2,2023-01-04,2023-12-11,High Income Segment,Poor,6k-10k,517.5,4693.545,13075.710000000001,37.2,0,2,2,2,True
9702,3,2024-08-12,2025-05-03,Middle Income Segment,Poor,3k-6k,473.0,4273.1,23042.0,106.21000000000001,0,2,3,3,True
9703,1,2024-11-01,2024-11-01,High Income Segment,Poor,6k-10k,353.0,8747.49,4192.95,125.38,0,1,1,1,False
9705,4,2023-05-17,2025-01-27,High Income Segment,Fair,3k-6k,567.5,6733.775,17582.97,60.4,0,2,4,4,True
9706,4,2023-01-31,2024-11-10,Middle Income Segment,Poor,3k-6k,487.75,4294.8875,14908.84,344.17,1,3,4,4,True
9707,5,2023-08-27,2025-03-17,High Income Segment,Exceptional,6k-10k,663.8,5373.136,10961.25,0.0,0,3,5,5,True
9708,5,2023-01-25,2025-04-22,High Income Segment,Poor,3k-6k,429.6,5170.186,24255.18,108.28,0,3,5,5,True
9709,4,2023-07-09,2025-02-16,Middle Income Segment,Poor,3k-6k,554.5,5384.675,24856.91,428.17,2,2,4,4,True
9710,1,2023-10-15,2023-10-15,Middle Income Segment,Poor,3k-6k,474.0,4171.64,10477.76,32.83,0,1,1,1,False
9711,4,2023-03-24,2024-12-08,High Income Segment,Good,3k-6k,614.75,6780.335,8507.300000000001,71.78,0,2,4,4,True
9712,5,2023-06-19,2024-08-24,Middle Income Segment,Very Good,3k-6k,661.2,6141.338,34969.16,365.34999999999997,1,2,5,5,True
9713,2,2023-08-03,2024-04-19,High Income Segment,Fair,6k-10k,451.5,8603.91,8488.96,201.47,1,1,2,2,True
9714,3,2023-02-23,2024-08-17,Middle Income Segment,Fair,6k-10k,535.3333333333334,5688.37,20992.25,0.0,0,1,3,3,True
9715,1,2023-03-22,2023-03-22,High Income Segment,Fair,6k-10k,621.0,8904.45,2641.74,0.0,0,1,1,1,False
9716,2,2024-06-06,2024-08-28,High Income Segment,Fair,3k-6k,567.0,6907.91,14527.52,44.94,0,2,2,2,True
9717,2,2024-07-13,2024-08-22,Middle Income Segment,Poor,3k-6k,359.5,5833.5599999999995,8381.16,265.54,1,1,2,2,True
9718,3,2023-11-19,2025-03-12,Middle Income Segment,Poor,3k-6k,541.6666666666666,5934.576666666667,11219.800000000001,99.35,0,2,3,3,True
9719,3,2023-01-04,2024-08-25,High Income Segment,Poor,6k-10k,424.0,6910.863333333334,9235.01,14.87,0,2,3,3,True
9720,4,2023-08-26,2024-08-15,High Income Segment,Fair,6k-10k,602.0,7084.6050000000005,20370.97,125.75999999999999,0,3,4,4,True
9721,3,2023-06-16,2024-10-19,High Income Segment,Fair,3k-6k,533.3333333333334,5654.146666666667,12070.570000000002,236.47,0,3,3,3,True
9722,5,2023-01-05,2023-11-27,Low Income Segment,Exceptional,3k-6k,637.6,4511.608,15773.56,80.37,0,3,5,5,True
9723,1,2023-10-22,2023-10-22,Low Income Segment,Poor,Under 3k,339.0,2956.69,6605.27,0.0,0,1,1,1,False
9724,2,2023-07-27,2024-12-18,High Income Segment,Fair,6k-10k,619.0,7159.005,18958.129999999997,160.11,1,1,2,2,True
9726,1,2024-08-24,2024-08-24,High Income Segment,Good,6k-10k,718.0,9186.81,8181.83,0.0,0,1,1,1,False
9727,4,2023-02-18,2024-07-03,High Income Segment,Poor,6k-10k,498.25,7093.8125,22364.85,43.44,0,2,4,4,True
9728,3,2023-08-15,2025-03-26,Middle Income Segment,Good,3k-6k,677.0,6819.333333333333,5574.43,122.56,0,2,3,3,True
9730,1,2024-12-12,2024-12-12,High Income Segment,Poor,6k-10k,303.0,8632.3,3117.47,50.65,0,1,1,1,False
9732,1,2024-12-22,2024-12-22,High Income Segment,Exceptional,6k-10k,828.0,8693.09,2954.43,5.07,0,1,1,1,False
9733,4,2023-02-27,2024-03-15,Middle Income Segment,Poor,3k-6k,455.0,5576.9225,25476.08,56.33,0,2,4,4,True
9734,3,2024-04-20,2025-05-08,High Income Segment,Poor,3k-6k,454.3333333333333,6031.66,9018.18,44.25,0,3,3,3,True
9736,5,2023-01-09,2025-04-13,Middle Income Segment,Fair,3k-6k,582.0,4421.084,38049.67,238.07,1,3,5,5,True
9737,7,2023-02-10,2025-04-16,High Income Segment,Poor,6k-10k,577.8571428571429,5204.858571428572,38276.16,37.15,0,3,7,7,True
9738,4,2023-06-22,2025-01-11,High Income Segment,Poor,6k-10k,598.0,6274.2325,22327.59,69.32,0,3,4,4,True
9739,1,2023-06-06,2023-06-06,Middle Income Segment,Fair,3k-6k,645.0,3317.4,3851.27,50.2,0,1,1,1,False
9740,2,2024-03-28,2024-07-29,Low Income Segment,Exceptional,3k-6k,759.0,3319.12,13886.560000000001,0.0,0,2,2,2,True
9741,3,2023-01-21,2025-02-20,Middle Income Segment,Fair,3k-6k,582.3333333333334,3584.0266666666666,21978.32,108.26,0,2,3,3,True
9742,1,2024-02-09,2024-02-09,High Income Segment,Poor,6k-10k,477.0,7318.11,3539.8,0.0,0,1,1,1,False
9743,1,2025-05-07,2025-05-07,Middle Income Segment,Very Good,3k-6k,765.0,5863.77,7129.56,0.0,0,1,1,1,False
9744,3,2023-08-29,2024-11-13,Middle Income Segment,Very Good,6k-10k,649.6666666666666,6616.5,18787.949999999997,213.22,1,2,3,3,True
9745,1,2023-06-03,2023-06-03,Middle Income Segment,Fair,3k-6k,609.0,3608.87,11915.6,79.82,0,1,1,1,False
9746,2,2024-09-21,2024-11-27,High Income Segment,Exceptional,6k-10k,785.5,8227.79,5922.36,35.87,0,1,2,2,True
9747,4,2023-03-23,2024-10-09,High Income Segment,Poor,6k-10k,560.75,5356.28,10413.27,137.99,0,3,4,4,True
9748,1,2025-05-19,2025-05-19,Middle Income Segment,Poor,3k-6k,363.0,5244.68,4703.92,46.87,0,1,1,1,False
9749,2,2023-03-04,2023-06-24,Middle Income Segment,Good,6k-10k,617.5,6588.735000000001,19207.63,21.94,0,1,2,2,True
9750,1,2023-11-28,2023-11-28,Low Income Segment,Poor,Under 3k,364.0,2092.22,1101.46,10.58,0,1,1,1,False
9751,3,2023-05-29,2025-01-06,High Income Segment,Poor,6k-10k,427.3333333333333,7792.913333333333,16513.350000000002,28.26,0,2,3,3,True
9752,3,2023-01-19,2025-05-15,Middle Income Segment,Poor,3k-6k,481.3333333333333,3511.61,8033.81,163.71,1,2,3,3,True
9753,3,2023-04-13,2024-07-02,Middle Income Segment,Poor,6k-10k,541.3333333333334,6059.68,12803.63,51.65,0,2,3,3,True
9754,3,2024-04-21,2025-01-28,Low Income Segment,Fair,Under 3k,586.0,2820.7166666666667,19743.66,53.05,0,2,3,3,True
9755,2,2024-03-16,2024-05-16,Low Income Segment,Exceptional,3k-6k,623.0,2486.89,9271.84,94.00999999999999,0,2,2,2,True
9756,2,2023-06-19,2023-07-07,Low Income Segment,Poor,Under 3k,387.5,2276.79,12263.25,0.0,0,1,2,2,True
9758,4,2023-05-12,2025-03-13,Low Income Segment,Poor,Under 3k,596.25,3969.77,22039.38,137.29,0,2,4,4,True
9759,5,2023-01-17,2025-03-13,High Income Segment,Poor,6k-10k,557.8,7086.110000000001,29453.54,89.32000000000001,0,2,5,5,True
9760,1,2024-01-12,2024-01-12,Low Income Segment,Poor,Under 3k,452.0,1576.09,15254.82,0.0,0,1,1,1,False
9761,1,2024-09-06,2024-09-06,Middle Income Segment,Poor,3k-6k,311.0,5051.7,83.15,0.0,0,1,1,1,False
9762,3,2024-03-29,2025-03-27,Middle Income Segment,Poor,3k-6k,538.6666666666666,3244.866666666667,8326.54,240.75,1,2,3,3,True
9763,1,2024-04-05,2024-04-05,High Income Segment,Good,6k-10k,708.0,9872.6,2825.69,0.0,0,1,1,1,False
9764,1,2023-12-12,2023-12-12,Middle Income Segment,Poor,3k-6k,444.0,5818.9,6639.82,15.98,0,1,1,1,False
9766,5,2023-01-22,2024-12-31,Middle Income Segment,Poor,3k-6k,497.4,5373.054,10298.29,112.82,0,3,5,5,True
9767,4,2023-01-18,2024-10-03,Middle Income Segment,Poor,3k-6k,403.75,4874.8225,17066.66,82.21000000000001,0,3,4,4,True
9768,2,2024-01-09,2024-12-31,Middle Income Segment,Exceptional,3k-6k,651.0,5609.64,13049.87,165.69,1,1,2,2,True
9770,2,2023-01-29,2024-12-24,High Income Segment,Fair,6k-10k,539.0,8453.66,6329.879999999999,138.06,0,1,2,2,True
9771,2,2023-05-27,2024-06-07,Low Income Segment,Good,3k-6k,602.5,3652.745,16506.09,0.0,0,2,2,2,True
9772,4,2023-02-13,2025-02-01,High Income Segment,Poor,6k-10k,591.5,8488.2325,39464.44,171.21,0,2,4,4,True
9773,2,2023-03-16,2023-06-03,Middle Income Segment,Exceptional,3k-6k,593.0,5060.36,21663.15,0.0,0,1,2,2,True
9774,4,2023-06-01,2024-10-08,Middle Income Segment,Poor,6k-10k,568.5,4878.58,24477.6,99.36,0,2,4,4,True
9775,4,2023-01-16,2025-01-14,Low Income Segment,Poor,Under 3k,620.5,3322.3175,28480.38,414.35,2,2,4,4,True
9776,2,2023-04-11,2025-05-15,Low Income Segment,Fair,Under 3k,598.0,2065.92,9387.67,90.37,0,1,2,2,True
9777,2,2023-12-16,2024-08-02,High Income Segment,Poor,6k-10k,545.5,6010.105,13950.07,0.0,0,2,2,2,True
9778,1,2023-10-31,2023-10-31,Middle Income Segment,Exceptional,3k-6k,800.0,5590.41,1595.12,57.91,0,1,1,1,False
9779,1,2023-05-28,2023-05-28,High Income Segment,Poor,6k-10k,513.0,8004.55,9239.22,3.66,0,1,1,1,False
9780,2,2023-04-18,2025-02-21,Low Income Segment,Poor,6k-10k,512.0,4520.825,11276.08,158.57,1,2,2,2,True
9781,1,2024-06-15,2024-06-15,Low Income Segment,Poor,Under 3k,377.0,1921.46,12451.08,104.77,0,1,1,1,False
9782,1,2024-08-03,2024-08-03,High Income Segment,Poor,6k-10k,567.0,7794.5,11943.32,23.07,0,1,1,1,False
9783,4,2023-01-25,2024-11-12,High Income Segment,Poor,6k-10k,538.75,6359.205,34722.6,182.74,0,3,4,4,True
9784,2,2023-02-19,2024-04-22,High Income Segment,Fair,6k-10k,661.0,8450.955,11994.76,37.72,0,1,2,2,True
9785,4,2023-08-14,2024-11-23,Low Income Segment,Fair,6k-10k,569.25,4369.6325,26831.019999999997,42.25,0,3,4,4,True
9787,6,2023-03-17,2025-03-06,Middle Income Segment,Exceptional,3k-6k,718.1666666666666,3912.8233333333337,29094.600000000002,45.46,0,2,6,6,True
9788,3,2024-09-30,2025-03-21,High Income Segment,Poor,6k-10k,392.6666666666667,6945.66,14908.439999999999,26.66,0,2,3,3,True
9789,4,2023-03-19,2025-01-25,Low Income Segment,Good,3k-6k,546.25,2647.05,30935.14,21.79,0,2,4,4,True
9790,3,2023-01-01,2024-08-10,High Income Segment,Very Good,6k-10k,688.3333333333334,6548.043333333334,18526.03,58.410000000000004,0,2,3,3,True
9791,4,2023-01-13,2025-02-20,High Income Segment,Poor,6k-10k,596.75,6424.33,22979.35,142.34,0,3,4,4,True
9792,5,2023-05-09,2024-12-21,High Income Segment,Exceptional,6k-10k,652.2,6065.9220000000005,15850.51,100.11999999999999,0,2,5,5,True
9793,2,2023-11-01,2025-01-19,Low Income Segment,Fair,3k-6k,551.5,2297.02,8000.02,257.03,1,2,2,2,True
9794,3,2023-05-09,2025-03-13,Middle Income Segment,Fair,3k-6k,577.3333333333334,4771.286666666667,20894.43,3.91,0,2,3,3,True
9795,3,2023-03-19,2025-01-21,Middle Income Segment,Poor,3k-6k,581.6666666666666,3691.7033333333334,8594.68,220.66,1,1,3,3,True
9796,2,2024-08-13,2025-01-05,High Income Segment,Poor,3k-6k,483.5,6774.52,2813.24,39.26,0,2,2,2,True
9797,2,2024-03-18,2024-12-17,High Income Segment,Fair,6k-10k,516.5,8876.735,18537.239999999998,185.83,1,1,2,2,True
9798,1,2024-09-01,2024-09-01,Middle Income Segment,Very Good,6k-10k,767.0,6756.53,4587.12,2.71,0,1,1,1,False
9799,3,2023-07-19,2024-11-23,High Income Segment,Poor,6k-10k,514.6666666666666,6926.813333333333,18670.35,30.79,0,2,3,3,True
9800,3,2023-04-27,2024-02-16,High Income Segment,Poor,6k-10k,535.6666666666666,7572.743333333335,21126.8,113.86,0,2,3,3,True
9801,4,2023-03-09,2024-10-25,Low Income Segment,Poor,Under 3k,484.25,3713.4575,11016.74,96.61,0,2,4,4,True
9802,4,2023-12-03,2024-09-24,Middle Income Segment,Poor,3k-6k,539.5,5139.25,33930.61,200.75,1,2,4,4,True
9803,4,2023-02-06,2025-02-11,Middle Income Segment,Poor,6k-10k,594.5,5227.0599999999995,23376.45,53.57,0,3,4,4,True
9804,4,2023-03-28,2024-04-11,Middle Income Segment,Poor,3k-6k,526.75,5385.8425,33004.04,27.27,0,3,4,4,True
9805,1,2023-12-10,2023-12-10,High Income Segment,Good,6k-10k,709.0,9633.1,5586.88,160.54,1,1,1,1,False
9806,3,2023-02-24,2024-07-09,Middle Income Segment,Exceptional,3k-6k,690.6666666666666,3067.5333333333333,15007.48,15.54,0,2,3,3,True
9807,1,2025-02-03,2025-02-03,High Income Segment,Poor,6k-10k,502.0,8733.7,7681.09,0.0,0,1,1,1,False
9808,6,2023-03-14,2025-03-15,Middle Income Segment,Poor,3k-6k,573.3333333333334,4082.183333333333,45155.59,288.75,0,3,6,6,True
9809,1,2024-05-15,2024-05-15,Middle Income Segment,Fair,6k-10k,584.0,6348.38,3065.87,49.21,0,1,1,1,False
9810,2,2023-07-31,2023-09-25,High Income Segment,Poor,6k-10k,375.0,4576.235,3675.17,0.0,0,2,2,2,True
9811,2,2024-05-14,2025-02-25,Low Income Segment,Exceptional,3k-6k,751.5,3828.65,7185.47,28.92,0,2,2,2,True
9812,2,2023-06-12,2023-12-28,High Income Segment,Fair,6k-10k,528.5,5371.905,11651.54,0.0,0,2,2,2,True
9813,2,2023-04-25,2023-07-24,Middle Income Segment,Exceptional,3k-6k,604.0,4956.885,1516.07,24.47,0,1,2,2,True
9814,2,2023-06-21,2024-03-27,Low Income Segment,Poor,3k-6k,550.5,3075.1499999999996,3202.37,21.53,0,2,2,2,True
9815,1,2023-04-18,2023-04-18,Middle Income Segment,Very Good,6k-10k,751.0,6082.81,5041.09,0.0,0,1,1,1,False
9816,1,2024-05-15,2024-05-15,High Income Segment,Good,6k-10k,705.0,9475.37,14214.82,0.0,0,1,1,1,False
9817,3,2023-04-15,2025-02-07,Middle Income Segment,Poor,3k-6k,450.0,5143.21,20226.129999999997,300.98,1,2,3,3,True
9818,1,2024-05-19,2024-05-19,Middle Income Segment,Good,3k-6k,697.0,4196.25,14710.24,21.03,0,1,1,1,False
9819,1,2024-12-03,2024-12-03,Low Income Segment,Very Good,Under 3k,760.0,2641.62,8373.2,180.01,1,1,1,1,False
9820,2,2023-06-16,2023-09-10,High Income Segment,Good,6k-10k,736.5,5056.1,20230.2,77.12,0,2,2,2,True
9822,1,2024-07-16,2024-07-16,Middle Income Segment,Poor,3k-6k,359.0,4276.98,3831.2,0.0,0,1,1,1,False
9823,2,2023-08-17,2024-01-13,Low Income Segment,Fair,Under 3k,570.5,2199.33,7703.71,0.0,0,1,2,2,True
9824,1,2024-11-12,2024-11-12,High Income Segment,Very Good,6k-10k,746.0,8747.47,11953.34,130.5,0,1,1,1,False
9825,2,2023-06-01,2024-02-11,High Income Segment,Fair,6k-10k,550.5,5277.105,15401.73,0.0,0,2,2,2,True
9826,2,2023-03-02,2024-07-12,Low Income Segment,Good,6k-10k,584.5,4365.955,5194.7,27.48,0,2,2,2,True
9827,1,2023-02-08,2023-02-08,Middle Income Segment,Good,3k-6k,686.0,4210.84,3409.92,0.0,0,1,1,1,False
9828,3,2023-10-08,2024-11-16,High Income Segment,Poor,3k-6k,428.3333333333333,4099.669999999999,21251.28,135.63,0,3,3,3,True
9829,1,2025-02-06,2025-02-06,Low Income Segment,Poor,Under 3k,332.0,2204.8,11025.98,72.96,0,1,1,1,False
9830,1,2024-08-07,2024-08-07,Middle Income Segment,Poor,3k-6k,458.0,3561.27,283.4,0.0,0,1,1,1,False
9831,4,2024-03-18,2024-11-13,High Income Segment,Fair,6k-10k,522.0,6815.34,8609.42,145.63,1,2,4,4,True
9832,1,2023-05-28,2023-05-28,Low Income Segment,Poor,Under 3k,562.0,1443.38,2022.43,0.0,0,1,1,1,False
9833,1,2023-10-15,2023-10-15,Middle Income Segment,Fair,3k-6k,655.0,5883.3,2334.83,70.31,0,1,1,1,False
9834,3,2023-05-18,2024-04-05,High Income Segment,Poor,6k-10k,423.6666666666667,6657.756666666667,12749.83,23.79,0,2,3,3,True
9835,4,2023-08-03,2024-11-25,Middle Income Segment,Very Good,3k-6k,659.0,4138.615,24349.7,42.44,0,2,4,4,True
9836,2,2023-09-29,2024-04-21,High Income Segment,Good,3k-6k,647.5,5550.87,20168.29,150.49,0,2,2,2,True
9837,4,2023-04-16,2024-12-15,Middle Income Segment,Good,6k-10k,639.25,5537.88,24920.22,173.11,1,3,4,4,True
9838,2,2023-06-01,2025-01-20,Middle Income Segment,Good,3k-6k,573.0,5230.55,6205.96,104.68,0,1,2,2,True
9839,4,2023-01-14,2025-01-28,Middle Income Segment,Poor,6k-10k,466.25,6076.6849999999995,12413.43,119.12,0,2,4,4,True
9841,4,2023-12-18,2025-04-10,Middle Income Segment,Exceptional,3k-6k,642.5,6437.625,21025.34,0.0,0,2,4,4,True
9842,1,2023-04-09,2023-04-09,High Income Segment,Poor,6k-10k,410.0,9952.68,13043.4,0.0,0,1,1,1,False
9843,3,2023-09-10,2024-06-24,High Income Segment,Poor,6k-10k,573.3333333333334,7691.306666666666,21025.57,0.0,0,2,3,3,True
9844,1,2023-11-16,2023-11-16,Middle Income Segment,Poor,3k-6k,417.0,5919.57,4718.7,0.0,0,1,1,1,False
9846,2,2023-08-16,2023-09-15,High Income Segment,Fair,6k-10k,649.0,5081.275,2958.08,40.86,0,2,2,2,True
9847,3,2023-12-30,2024-09-02,Middle Income Segment,Exceptional,3k-6k,661.6666666666666,4645.616666666667,13423.57,0.0,0,1,3,3,True
9848,4,2023-09-22,2024-10-12,Low Income Segment,Very Good,Under 3k,669.0,4930.7175,17658.54,22.98,0,3,4,4,True
9849,3,2023-05-06,2024-12-22,Low Income Segment,Poor,Under 3k,469.6666666666667,2842.2333333333336,14444.9,92.97,0,2,3,3,True
9850,3,2023-03-18,2024-05-05,High Income Segment,Exceptional,6k-10k,664.6666666666666,8417.173333333334,16618.41,53.7,0,2,3,3,True
9851,2,2023-08-04,2024-02-25,Low Income Segment,Fair,3k-6k,588.0,4229.325,2295.62,22.28,0,2,2,2,True
9852,2,2024-12-09,2025-05-12,High Income Segment,Good,6k-10k,590.5,5478.695000000001,8443.53,116.17,0,2,2,2,True
9853,4,2024-07-03,2025-03-17,Middle Income Segment,Poor,3k-6k,541.75,5909.8475,20088.81,18.84,0,2,4,4,True
9854,1,2023-11-03,2023-11-03,Low Income Segment,Poor,Under 3k,546.0,1280.82,6970.12,0.0,0,1,1,1,False
9855,1,2024-07-23,2024-07-23,Middle Income Segment,Poor,3k-6k,481.0,5227.53,11130.58,0.0,0,1,1,1,False
9856,1,2023-08-01,2023-08-01,High Income Segment,Poor,6k-10k,412.0,9886.56,7398.89,0.0,0,1,1,1,False
9857,1,2024-04-04,2024-04-04,Middle Income Segment,Good,3k-6k,735.0,3886.37,14957.36,0.0,0,1,1,1,False
9858,2,2023-03-18,2024-11-12,High Income Segment,Good,3k-6k,598.0,7028.334999999999,14098.41,28.44,0,2,2,2,True
9859,3,2023-05-18,2025-04-09,Low Income Segment,Poor,Under 3k,535.0,3713.8333333333335,9998.01,91.24000000000001,0,2,3,3,True
9860,1,2024-12-09,2024-12-09,Middle Income Segment,Fair,3k-6k,612.0,5171.56,2947.48,17.52,0,1,1,1,False
9861,4,2023-02-24,2024-03-22,Middle Income Segment,Poor,6k-10k,480.75,4499.6900000000005,12492.789999999999,84.09,0,3,4,4,True
9862,1,2023-06-01,2023-06-01,Middle Income Segment,Poor,3k-6k,454.0,5997.59,12576.75,13.48,0,1,1,1,False
9863,2,2023-03-12,2023-12-15,Middle Income Segment,Poor,6k-10k,431.5,6558.045,17753.05,0.0,0,1,2,2,True
9864,4,2023-05-27,2024-06-13,Low Income Segment,Fair,Under 3k,639.0,4198.36,13433.29,58.62,0,2,4,4,True
9865,2,2023-08-11,2023-09-11,Middle Income Segment,Fair,3k-6k,666.0,3660.985,10393.19,15.92,0,1,2,2,True
9866,1,2024-01-18,2024-01-18,High Income Segment,Poor,6k-10k,490.0,7343.82,6494.15,13.14,0,1,1,1,False
9867,3,2023-03-14,2024-12-03,Middle Income Segment,Poor,6k-10k,563.0,6332.796666666666,8600.66,411.62,2,2,3,3,True
9869,1,2024-03-01,2024-03-01,High Income Segment,Poor,6k-10k,430.0,8163.88,7033.71,26.24,0,1,1,1,False
9870,1,2024-05-21,2024-05-21,High Income Segment,Poor,6k-10k,510.0,9601.96,6794.48,95.73,0,1,1,1,False
9871,1,2023-05-08,2023-05-08,Low Income Segment,Good,Under 3k,739.0,1581.86,1488.74,0.0,0,1,1,1,False
9872,3,2023-10-18,2024-12-07,Middle Income Segment,Fair,3k-6k,544.3333333333334,5232.3133333333335,15944.949999999999,127.22,0,1,3,3,True
9873,1,2023-07-28,2023-07-28,Middle Income Segment,Poor,6k-10k,438.0,6077.24,2656.24,246.08,1,1,1,1,False
9874,2,2023-07-17,2024-11-17,Middle Income Segment,Exceptional,3k-6k,672.5,4561.08,6456.200000000001,0.0,0,1,2,2,True
9875,3,2023-01-19,2024-12-29,High Income Segment,Exceptional,3k-6k,723.3333333333334,5222.51,18395.04,182.32,0,3,3,3,True
9876,2,2023-12-18,2024-12-06,High Income Segment,Good,6k-10k,551.5,5533.55,11498.0,35.62,0,2,2,2,True
9877,2,2024-06-06,2025-01-17,Middle Income Segment,Poor,3k-6k,491.5,5749.465,5173.38,39.74,0,1,2,2,True
9878,2,2023-05-18,2024-05-18,Middle Income Segment,Poor,3k-6k,365.5,4826.625,23518.79,0.0,0,1,2,2,True
9879,2,2023-04-27,2023-04-27,High Income Segment,Fair,3k-6k,474.5,6898.110000000001,21094.88,29.99,0,2,2,2,True
9880,2,2024-05-27,2025-04-09,High Income Segment,Fair,3k-6k,625.5,6038.275,11951.939999999999,107.66999999999999,0,2,2,2,True
9881,1,2023-10-01,2023-10-01,Middle Income Segment,Fair,3k-6k,648.0,3836.49,1549.23,59.71,0,1,1,1,False
9882,1,2023-12-17,2023-12-17,Middle Income Segment,Good,3k-6k,709.0,4029.76,4012.3,0.0,0,1,1,1,False
9883,1,2024-09-23,2024-09-23,Middle Income Segment,Poor,3k-6k,576.0,3216.76,2812.05,0.0,0,1,1,1,False
9884,2,2023-07-04,2025-04-19,Low Income Segment,Poor,3k-6k,474.5,3268.3500000000004,8503.76,0.0,0,2,2,2,True
9885,2,2023-03-05,2023-07-29,High Income Segment,Exceptional,6k-10k,590.0,5138.99,6465.29,166.89999999999998,1,2,2,2,True
9887,1,2024-06-11,2024-06-11,Middle Income Segment,Fair,3k-6k,611.0,3598.41,2180.78,73.83,0,1,1,1,False
9888,1,2023-10-27,2023-10-27,Middle Income Segment,Fair,3k-6k,633.0,3286.24,15261.37,0.0,0,1,1,1,False
9890,4,2023-04-22,2025-02-18,High Income Segment,Exceptional,6k-10k,680.0,5409.035,13210.929999999998,288.74,1,2,4,4,True
9891,1,2023-01-06,2023-01-06,Low Income Segment,Poor,Under 3k,388.0,1310.77,8715.75,35.11,0,1,1,1,False
9893,2,2023-12-01,2024-04-28,Low Income Segment,Exceptional,Under 3k,575.0,1501.46,10662.01,54.45,0,1,2,2,True
9894,3,2023-04-30,2025-01-20,Middle Income Segment,Fair,3k-6k,645.6666666666666,6119.393333333333,13894.03,6.11,0,2,3,3,True
9895,4,2023-01-28,2025-04-16,Low Income Segment,Poor,Under 3k,490.75,4225.13,15687.96,62.17,0,2,4,4,True
9896,3,2023-02-27,2024-09-27,Low Income Segment,Fair,Under 3k,590.6666666666666,4142.046666666666,12353.83,63.2,0,2,3,3,True
9897,2,2023-10-04,2024-02-13,High Income Segment,Exceptional,6k-10k,750.5,7959.73,8988.09,189.67000000000002,0,1,2,2,True
9898,1,2023-07-20,2023-07-20,Middle Income Segment,Poor,3k-6k,419.0,4925.61,2928.67,77.77,0,1,1,1,False
9899,2,2024-11-19,2024-12-03,High Income Segment,Fair,6k-10k,650.0,7187.28,9163.73,0.0,0,2,2,2,True
9900,1,2025-01-24,2025-01-24,Middle Income Segment,Fair,6k-10k,637.0,6102.31,4471.86,0.0,0,1,1,1,False
9901,3,2023-11-29,2023-12-21,Middle Income Segment,Good,3k-6k,742.3333333333334,3899.463333333333,12186.92,14.26,0,2,3,3,True
9903,2,2024-03-24,2025-05-19,High Income Segment,Poor,6k-10k,530.5,5332.535,655.78,29.55,0,2,2,2,True
9904,1,2023-06-10,2023-06-10,Low Income Segment,Good,Under 3k,704.0,2658.26,4676.06,0.0,0,1,1,1,False
9905,3,2023-06-20,2024-01-25,Low Income Segment,Poor,Under 3k,426.0,3569.64,13185.64,16.98,0,2,3,3,True
9906,5,2023-02-15,2024-12-07,Middle Income Segment,Poor,3k-6k,586.6,5829.668,15772.529999999999,323.26,0,3,5,5,True
9907,3,2023-01-01,2024-01-08,High Income Segment,Poor,3k-6k,352.0,4904.06,9343.43,0.0,0,3,3,3,True
9909,1,2024-02-26,2024-02-26,High Income Segment,Fair,6k-10k,620.0,7287.81,6840.95,192.08,1,1,1,1,False
9910,1,2025-03-25,2025-03-25,High Income Segment,Poor,6k-10k,362.0,8249.26,7892.68,0.0,0,1,1,1,False
9911,2,2023-02-26,2024-10-02,Middle Income Segment,Fair,3k-6k,707.5,5535.405000000001,11656.98,212.76000000000002,1,1,2,2,True
9912,2,2023-05-31,2023-11-29,Middle Income Segment,Poor,3k-6k,378.0,3994.1000000000004,8368.53,0.0,0,1,2,2,True
9913,2,2023-05-22,2023-11-22,Low Income Segment,Fair,3k-6k,527.5,4086.37,13673.4,88.71,0,2,2,2,True
9914,3,2023-01-09,2023-07-07,Middle Income Segment,Poor,3k-6k,467.3333333333333,3721.4500000000003,21034.399999999998,286.9,1,2,3,3,True
9915,4,2024-07-01,2025-03-21,Middle Income Segment,Exceptional,6k-10k,783.5,6255.735,29847.94,121.67999999999999,0,1,4,4,True
9916,2,2024-03-20,2025-05-17,High Income Segment,Fair,3k-6k,660.5,5658.299999999999,3640.2400000000002,46.1,0,2,2,2,True
9917,2,2024-05-04,2025-04-23,High Income Segment,Poor,3k-6k,439.0,7137.58,19322.6,78.24,0,2,2,2,True
9918,1,2024-02-12,2024-02-12,Middle Income Segment,Poor,3k-6k,547.0,5091.97,7122.03,93.62,0,1,1,1,False
9919,1,2023-04-14,2023-04-14,Middle Income Segment,Poor,6k-10k,452.0,6452.29,8284.76,15.31,0,1,1,1,False
9920,1,2025-01-23,2025-01-23,High Income Segment,Poor,6k-10k,469.0,8225.7,1067.89,0.0,0,1,1,1,False
9921,4,2023-04-12,2024-07-11,High Income Segment,Fair,6k-10k,541.25,7367.8925,31950.15,27.64,0,2,4,4,True
9922,1,2023-11-23,2023-11-23,High Income Segment,Poor,6k-10k,331.0,7860.57,414.47,0.0,0,1,1,1,False
9923,3,2023-06-09,2024-12-20,High Income Segment,Poor,6k-10k,506.0,5519.946666666667,19213.39,0.0,0,3,3,3,True
9924,4,2023-09-28,2024-03-20,High Income Segment,Poor,6k-10k,599.0,6563.4125,31347.45,163.79,0,2,4,4,True
9926,2,2023-04-10,2023-08-05,High Income Segment,Exceptional,6k-10k,601.0,6752.455,7276.77,0.0,0,2,2,2,True
9927,1,2024-07-22,2024-07-22,Low Income Segment,Good,Under 3k,684.0,2958.76,10218.2,0.0,0,1,1,1,False
9928,1,2023-09-15,2023-09-15,Middle Income Segment,Exceptional,3k-6k,804.0,3257.34,1296.26,0.0,0,1,1,1,False
9930,2,2023-07-16,2024-01-17,High Income Segment,Exceptional,6k-10k,674.0,6033.700000000001,16169.26,0.0,0,2,2,2,True
9931,1,2025-02-06,2025-02-06,Middle Income Segment,Poor,3k-6k,576.0,4615.43,6881.24,0.0,0,1,1,1,False
9932,2,2023-06-08,2024-09-03,Middle Income Segment,Fair,3k-6k,624.5,4567.12,1962.8500000000001,0.0,0,1,2,2,True
9933,4,2023-05-02,2025-03-13,High Income Segment,Poor,6k-10k,609.0,5591.0975,8439.27,259.06,1,3,4,4,True
9934,2,2023-06-20,2024-03-01,High Income Segment,Fair,6k-10k,670.5,4096.255,5417.71,35.71,0,2,2,2,True
9935,2,2024-04-11,2024-07-16,High Income Segment,Fair,3k-6k,524.5,5966.72,18828.08,305.27,1,2,2,2,True
9936,2,2024-05-08,2024-09-02,Middle Income Segment,Fair,3k-6k,493.0,4219.215,17941.91,0.0,0,1,2,2,True
9937,2,2024-05-11,2024-07-09,High Income Segment,Exceptional,6k-10k,610.0,8612.645,11525.83,11.66,0,1,2,2,True
9938,3,2024-09-30,2024-12-29,Middle Income Segment,Exceptional,6k-10k,685.0,7179.07,10836.41,52.32,0,2,3,3,True
9939,1,2024-05-02,2024-05-02,Middle Income Segment,Good,3k-6k,690.0,3147.37,8875.32,21.79,0,1,1,1,False
9940,2,2024-09-05,2024-10-12,Middle Income Segment,Poor,3k-6k,403.0,4532.24,12535.67,27.21,0,1,2,2,True
9941,1,2023-01-28,2023-01-28,Middle Income Segment,Poor,3k-6k,567.0,5090.97,10635.96,73.09,0,1,1,1,False
9942,1,2023-10-23,2023-10-23,Low Income Segment,Good,Under 3k,720.0,1118.54,13857.91,0.0,0,1,1,1,False
9943,1,2023-04-19,2023-04-19,Middle Income Segment,Poor,6k-10k,435.0,6960.39,5250.31,183.86,1,1,1,1,False
9945,7,2023-12-17,2025-02-04,Middle Income Segment,Fair,3k-6k,574.0,4637.2642857142855,42526.119999999995,101.77000000000001,0,3,7,7,True
9946,1,2024-04-29,2024-04-29,Middle Income Segment,Poor,3k-6k,396.0,5020.93,9039.48,17.17,0,1,1,1,False
9947,2,2023-04-19,2023-12-07,High Income Segment,Exceptional,6k-10k,725.0,8113.705,15836.52,185.07,1,1,2,2,True
9948,3,2023-10-20,2024-07-04,High Income Segment,Exceptional,3k-6k,648.3333333333334,5003.643333333333,20259.94,187.75,1,3,3,3,True
9949,5,2023-01-11,2024-07-01,High Income Segment,Good,3k-6k,654.0,5475.933999999999,22576.29,50.38,0,3,5,5,True
9950,1,2024-10-23,2024-10-23,High Income Segment,Fair,6k-10k,581.0,9081.28,1771.21,47.74,0,1,1,1,False
9951,3,2023-01-03,2025-03-28,High Income Segment,Fair,6k-10k,636.0,6207.636666666666,6530.22,50.77,0,3,3,3,True
9953,5,2023-06-26,2024-10-12,Middle Income Segment,Poor,3k-6k,536.2,4532.508,20179.21,246.33,1,3,5,5,True
9954,4,2023-08-12,2025-03-21,Middle Income Segment,Poor,6k-10k,528.25,5908.985000000001,11212.17,81.12,0,1,4,4,True
9955,3,2023-07-11,2024-12-09,Middle Income Segment,Poor,3k-6k,535.6666666666666,5442.06,14904.369999999999,204.46,0,1,3,3,True
9956,2,2025-01-10,2025-02-21,High Income Segment,Exceptional,3k-6k,800.0,7317.415,6332.950000000001,77.92,0,2,2,2,True
9958,2,2023-02-03,2024-05-08,High Income Segment,Poor,3k-6k,412.0,7462.085,4019.5299999999997,206.55,1,2,2,2,True
9959,2,2023-04-06,2025-01-14,High Income Segment,Fair,3k-6k,614.0,7038.110000000001,17654.309999999998,79.85,0,2,2,2,True
9960,1,2023-10-24,2023-10-24,High Income Segment,Good,6k-10k,679.0,9992.05,2750.25,0.0,0,1,1,1,False
9961,3,2023-05-05,2024-09-17,High Income Segment,Fair,6k-10k,637.6666666666666,6358.343333333333,26086.63,0.0,0,2,3,3,True
9962,2,2023-12-04,2025-03-27,Low Income Segment,Good,6k-10k,627.0,4522.71,9197.720000000001,40.47,0,2,2,2,True
9963,2,2024-02-14,2024-02-19,High Income Segment,Poor,6k-10k,488.0,9135.494999999999,20756.71,61.75,0,1,2,2,True
9964,4,2023-04-09,2025-01-21,High Income Segment,Poor,6k-10k,628.5,4808.655,17397.809999999998,178.01,1,2,4,4,True
9965,1,2023-08-17,2023-08-17,Middle Income Segment,Poor,6k-10k,372.0,6017.19,10110.96,3.47,0,1,1,1,False
9966,2,2024-01-08,2025-01-18,High Income Segment,Poor,6k-10k,453.5,4723.625,17261.77,110.08,0,2,2,2,True
9967,5,2023-08-21,2025-02-06,Middle Income Segment,Poor,3k-6k,525.0,4742.678,18078.72,89.67,0,2,5,5,True
9968,2,2023-07-07,2023-08-17,Low Income Segment,Fair,6k-10k,657.5,4233.945,9031.43,0.0,0,2,2,2,True
9970,2,2023-04-20,2024-01-23,High Income Segment,Poor,6k-10k,481.5,7372.285,20067.989999999998,0.0,0,2,2,2,True
9971,1,2023-09-13,2023-09-13,High Income Segment,Good,6k-10k,700.0,9158.88,4092.22,10.52,0,1,1,1,False
9972,1,2025-03-15,2025-03-15,High Income Segment,Fair,6k-10k,652.0,7142.81,3915.1,6.67,0,1,1,1,False
9973,3,2023-01-18,2024-08-03,High Income Segment,Fair,6k-10k,534.6666666666666,5894.080000000001,18723.06,20.810000000000002,0,2,3,3,True
9974,4,2023-02-20,2024-12-07,Low Income Segment,Fair,Under 3k,590.75,3786.735,15293.579999999998,152.62,1,2,4,4,True
9975,2,2023-03-19,2023-12-30,High Income Segment,Poor,6k-10k,428.5,5793.844999999999,11310.720000000001,87.64,0,2,2,2,True
9976,3,2023-08-13,2024-12-08,Middle Income Segment,Exceptional,6k-10k,706.3333333333334,6077.25,22953.03,89.78999999999999,0,2,3,3,True
9977,3,2023-04-22,2024-04-14,High Income Segment,Fair,6k-10k,565.3333333333334,8018.040000000001,23451.16,130.99,0,2,3,3,True
9978,2,2023-07-18,2024-07-24,Low Income Segment,Good,Under 3k,702.5,1401.2350000000001,17431.93,0.0,0,1,2,2,True
9979,1,2024-12-18,2024-12-18,Low Income Segment,Poor,Under 3k,481.0,1337.42,2229.4,35.16,0,1,1,1,False
9980,1,2023-01-12,2023-01-12,High Income Segment,Exceptional,6k-10k,821.0,9148.57,4106.07,122.15,0,1,1,1,False
9981,2,2023-10-18,2024-11-09,Low Income Segment,Poor,3k-6k,398.5,3361.985,8287.44,0.0,0,2,2,2,True
9982,2,2023-08-09,2024-09-07,Middle Income Segment,Poor,3k-6k,403.5,5950.5650000000005,7199.23,43.5,0,1,2,2,True
9983,6,2023-06-29,2025-05-17,Middle Income Segment,Poor,3k-6k,557.5,5009.761666666666,32236.71,166.03,0,3,6,6,True
9984,4,2023-06-21,2024-10-17,High Income Segment,Poor,6k-10k,523.5,5595.055,27280.32,122.6,0,3,4,4,True
9985,1,2024-02-28,2024-02-28,Middle Income Segment,Exceptional,6k-10k,816.0,6438.57,3772.13,0.0,0,1,1,1,False
9986,1,2024-03-05,2024-03-05,Middle Income Segment,Exceptional,6k-10k,842.0,6965.06,2867.94,0.0,0,1,1,1,False
9987,3,2023-08-12,2025-04-29,High Income Segment,Exceptional,6k-10k,671.0,6377.259999999999,15868.41,0.0,0,2,3,3,True
9988,5,2023-01-14,2024-09-20,High Income Segment,Poor,6k-10k,653.2,6920.56,36633.69,249.39,0,2,5,5,True
9989,6,2023-04-18,2025-03-09,Middle Income Segment,Poor,3k-6k,522.0,4364.835,19868.75,94.17,0,3,6,6,True
9990,3,2023-05-28,2025-04-19,Middle Income Segment,Exceptional,3k-6k,691.6666666666666,3592.2000000000003,17676.57,205.51,1,2,3,3,True
9991,1,2024-07-30,2024-07-30,Middle Income Segment,Good,3k-6k,736.0,5432.21,3767.43,81.78,0,1,1,1,False
9992,2,2023-10-05,2023-10-22,High Income Segment,Fair,6k-10k,546.5,7255.555,8899.92,87.62,0,2,2,2,True
9994,2,2024-04-05,2024-07-15,High Income Segment,Fair,6k-10k,569.5,8182.475,12740.599999999999,29.39,0,1,2,2,True
9995,4,2023-12-15,2024-09-03,High Income Segment,Fair,6k-10k,536.75,6502.965,15670.869999999999,124.55,0,2,4,4,True
9996,3,2024-03-02,2025-05-12,High Income Segment,Poor,6k-10k,419.3333333333333,6951.7699999999995,4453.97,117.81,0,2,3,3,True
9997,3,2023-03-28,2024-08-02,High Income Segment,Poor,3k-6k,446.6666666666667,4799.156666666667,9538.99,22.31,0,3,3,3,True
9998,7,2023-03-19,2025-01-22,Middle Income Segment,Poor,6k-10k,540.5714285714286,6387.04,27208.88,177.05,0,2,7,7,True
