TransactionID,CustomerID,TransactionDate,Year,Quarter,MonthNumber,MonthName,YearMonth,MonthStart,Season,TransactionType,ProductCategory,ProductSubcategory,BranchCity,BranchLat,BranchLong,Channel,Currency,RateToUSD,FXRateDate,RateSource,AmountOriginal,AmountUSD,CreditCardFeesOriginal,CreditCardFeesUSD,InsuranceFeesOriginal,InsuranceFeesUSD,LatePaymentAmountOriginal,LatePaymentAmountUSD,TotalFeesOriginal,TotalFeesUSD,FeeRate,HasFeeFriction,HasLatePayment,CustomerScore,CreditScoreBand,MonthlyIncome,MonthlyIncomeBand,CustomerSegment,TransactionValueBandUSD,RecommendedOffer,FeeBurdenZScore,HighFeeBurdenFlag
14310,7626,2023-11-30,2023,Q4,11,Nov,2023-11,2023-11-01,Autumn,Loan Payment,Loan,Business,Madrid,40.4168,-3.7038,Branch,EUR,1.0931,2023-11-30,"Frankfurter API v2, provider=ECB, EUR/USD; previous available published rate used for non-publication dates",5026.310428070081,5494.26,0.0,0.0,99.19,108.42,199.18,217.72,298.37,326.14,0.05936,True,True,616,Fair,3207.63,3k-6k,Middle Income Segment,5k-10k,Personal Loan Cashback Offer,5.4149,True
12072,5294,2023-04-17,2023,Q2,4,Apr,2023-04,2023-04-01,Spring,Loan Payment,Loan,Standard,Malaga,36.7213,-4.4214,Branch,EUR,1.0981,2023-04-17,"Frankfurter API v2, provider=ECB, EUR/USD; previous available published rate used for non-publication dates",7629.236262528791,8377.66,0.0,0.0,98.87,108.57,190.74,209.45,289.61,318.02,0.03796,True,True,495,Poor,3732.0,3k-6k,Middle Income Segment,5k-10k,Personal Loan Cashback Offer,5.2641,True
18692,9205,2024-01-10,2024,Q1,1,Jan,2024-01,2024-01-01,Winter,Loan Payment,Loan,Business,Malaga,36.7213,-4.4214,Branch,EUR,1.0946,2024-01-10,"Frankfurter API v2, provider=ECB, EUR/USD; previous available published rate used for non-publication dates",2622.022267959624,2870.07,0.0,0.0,92.29,101.02,197.5,216.18,289.79,317.2,0.11052,True,True,809,Exceptional,9676.83,6k-10k,High Income Segment,1k-5k,Premium Investment Services,5.2229,True
17594,7103,2023-01-14,2023,Q1,1,Jan,2023-01,2023-01-01,Winter,Loan Payment,Loan,Standard,Madrid,40.4168,-3.7038,Online,EUR,1.0814,2023-01-13,"Frankfurter API v2, provider=ECB, EUR/USD; previous available published rate used for non-publication dates",9928.717533704781,10736.92,0.0,0.0,94.03,101.68,194.09,209.89,288.12,311.57,0.029019,True,True,416,Poor,5312.83,3k-6k,Middle Income Segment,10k+,Personal Loan Cashback Offer,5.1444,True
15681,9102,2024-08-08,2024,Q3,8,Aug,2024-08,2024-08-01,Summer,Loan Payment,Loan,Student,Bilbao,43.263,-2.935,Branch,EUR,1.093,2024-08-08,"Frankfurter API v2, provider=ECB, EUR/USD; previous available published rate used for non-publication dates",12092.8599718769,13217.5,0.0,0.0,99.74,109.02,183.33,200.38,283.07,309.4,0.023408,True,True,619,Fair,7477.37,6k-10k,High Income Segment,10k+,Premium Investment Services,5.0791,True
159,4581,2023-05-03,2023,Q2,5,May,2023-05,2023-05-01,Spring,Loan Payment,Loan,Gold,Murcia,37.9847,-1.1287,Branch,EUR,1.1043,2023-05-03,"Frankfurter API v2, provider=ECB, EUR/USD; previous available published rate used for non-publication dates",7602.950729549966,8395.94,0.0,0.0,91.8,101.37,187.41,206.96,279.21,308.33,0.036724,True,True,347,Poor,7310.3,6k-10k,High Income Segment,5k-10k,Premium Investment Services,5.0594,True
12942,5065,2023-03-24,2023,Q1,3,Mar,2023-03,2023-03-01,Spring,Loan Payment,Loan,Business,Murcia,37.9847,-1.1287,Branch,EUR,1.0745,2023-03-24,"Frankfurter API v2, provider=ECB, EUR/USD; previous available published rate used for non-publication dates",6723.049652517629,7223.92,0.0,0.0,94.78,101.84,192.0,206.3,286.78,308.14,0.042656,True,True,461,Poor,6539.9,6k-10k,Middle Income Segment,5k-10k,Personal Loan Cashback Offer,5.0807,True
7842,2800,2023-06-14,2023,Q2,6,Jun,2023-06,2023-06-01,Summer,Loan Payment,Loan,Platinum,Valencia,39.4699,-0.3763,Mobile,EUR,1.0809,2023-06-14,"Frankfurter API v2, provider=ECB, EUR/USD; previous available published rate used for non-publication dates",2544.407309692907,2750.25,0.0,0.0,94.0,101.6,188.81,204.08,282.81,305.68,0.111146,True,True,623,Fair,3599.86,3k-6k,Middle Income Segment,1k-5k,Personal Loan Cashback Offer,5.035,True
1358,1686,2024-06-20,2024,Q2,6,Jun,2024-06,2024-06-01,Summer,Loan Payment,Loan,Platinum,Barcelona,41.3874,2.1686,ATM,EUR,1.0719,2024-06-20,"Frankfurter API v2, provider=ECB, EUR/USD; previous available published rate used for non-publication dates",3277.68304003325,3513.35,0.0,0.0,97.2,104.19,180.36,193.33,277.56,297.52,0.084683,True,True,701,Good,2005.0,Under 3k,Low Income Segment,1k-5k,Financial Literacy Program Access,4.899,True
228,7295,2024-07-09,2024,Q3,7,Jul,2024-07,2024-07-01,Summer,Loan Payment,Loan,Student,Seville,37.3891,-5.9845,Online,EUR,1.0814,2024-07-09,"Frankfurter API v2, provider=ECB, EUR/USD; previous available published rate used for non-publication dates",1898.220255929552,2052.74,0.0,0.0,85.79,92.77,189.0,204.38,274.79,297.15,0.144758,True,True,400,Poor,9573.89,6k-10k,High Income Segment,1k-5k,Premium Investment Services,4.8533,True
2336,1669,2024-09-26,2024,Q3,9,Sep,2024-09,2024-09-01,Autumn,Loan Payment,Loan,Business,Valencia,39.4699,-0.3763,Online,EUR,1.1155,2024-09-26,"Frankfurter API v2, provider=ECB, EUR/USD; previous available published rate used for non-publication dates",3419.465988113179,3814.41,0.0,0.0,88.96,99.23,177.27,197.74,266.23,296.97,0.077855,True,True,325,Poor,1801.9,Under 3k,Low Income Segment,1k-5k,Financial Literacy Program Access,4.8888,True
4355,1464,2025-04-30,2025,Q2,4,Apr,2025-04,2025-04-01,Spring,Loan Payment,Loan,Standard,Murcia,37.9847,-1.1287,Online,EUR,1.1373,2025-04-30,"Frankfurter API v2, provider=ECB, EUR/USD; previous available published rate used for non-publication dates",3665.161843845347,4168.39,0.0,0.0,68.53,77.94,192.2,218.59,260.73,296.53,0.071138,True,True,534,Poor,4665.16,3k-6k,Middle Income Segment,1k-5k,Personal Loan Cashback Offer,4.8651,True
7872,5018,2023-05-10,2023,Q2,5,May,2023-05,2023-05-01,Spring,Loan Payment,Loan,Platinum,Zaragoza,41.6488,-0.8891,Mobile,EUR,1.095,2023-05-10,"Frankfurter API v2, provider=ECB, EUR/USD; previous available published rate used for non-publication dates",1645.980953867747,1802.35,0.0,0.0,87.95,96.31,182.47,199.8,270.42,296.11,0.164291,True,True,778,Very Good,9107.11,6k-10k,High Income Segment,1k-5k,Premium Investment Services,4.8341,True
10765,2521,2023-08-17,2023,Q3,8,Aug,2023-08,2023-08-01,Summer,Loan Payment,Loan,Platinum,Barcelona,41.3874,2.1686,Branch,EUR,1.09,2023-08-17,"Frankfurter API v2, provider=ECB, EUR/USD; previous available published rate used for non-publication dates",3723.096797496364,4058.18,0.0,0.0,98.79,107.68,172.67,188.21,271.46,295.89,0.072912,True,True,602,Fair,6401.85,6k-10k,Middle Income Segment,1k-5k,Personal Loan Cashback Offer,4.8533,True
11851,8816,2024-02-26,2024,Q1,2,Feb,2024-02,2024-02-01,Winter,Loan Payment,Loan,Gold,Malaga,36.7213,-4.4214,ATM,EUR,1.0852,2024-02-26,"Frankfurter API v2, provider=ECB, EUR/USD; previous available published rate used for non-publication dates",1880.886952179698,2041.14,0.0,0.0,93.57,101.54,178.02,193.19,271.59,294.73,0.144395,True,True,843,Exceptional,4940.78,3k-6k,Middle Income Segment,1k-5k,Personal Loan Cashback Offer,4.8317,True
4961,3068,2024-10-17,2024,Q4,10,Oct,2024-10,2024-10-01,Autumn,Loan Payment,Loan,Standard,Malaga,36.7213,-4.4214,Mobile,EUR,1.0866,2024-10-17,"Frankfurter API v2, provider=ECB, EUR/USD; previous available published rate used for non-publication dates",4877.772954746655,5300.19,0.0,0.0,78.84,85.67,191.35,207.92,270.19,293.59,0.055392,True,True,581,Fair,4576.22,3k-6k,Middle Income Segment,5k-10k,Personal Loan Cashback Offer,4.8106,True
19744,4350,2024-06-07,2024,Q2,6,Jun,2024-06,2024-06-01,Summer,Loan Payment,Loan,Student,Zaragoza,41.6488,-0.8891,ATM,EUR,1.0898,2024-06-07,"Frankfurter API v2, provider=ECB, EUR/USD; previous available published rate used for non-publication dates",7268.676228437097,7921.4,0.0,0.0,99.45,108.38,168.13,183.23,267.58,291.61,0.036813,True,True,612,Fair,7718.95,6k-10k,High Income Segment,5k-10k,Premium Investment Services,4.7511,True
6875,6988,2023-03-29,2023,Q1,3,Mar,2023-03,2023-03-01,Spring,Loan Payment,Loan,Gold,Barcelona,41.3874,2.1686,ATM,EUR,1.0847,2023-03-29,"Frankfurter API v2, provider=ECB, EUR/USD; previous available published rate used for non-publication dates",6137.938903299783,6657.82,0.0,0.0,84.73,91.91,183.91,199.49,268.64,291.4,0.043768,True,True,642,Fair,3865.87,3k-6k,Middle Income Segment,5k-10k,Personal Loan Cashback Offer,4.7699,True
13582,8837,2024-02-14,2024,Q1,2,Feb,2024-02,2024-02-01,Winter,Loan Payment,Loan,Gold,Zaragoza,41.6488,-0.8891,ATM,EUR,1.0713,2024-02-14,"Frankfurter API v2, provider=ECB, EUR/USD; previous available published rate used for non-publication dates",11016.73000339564,11802.22,0.0,0.0,89.96,96.37,181.72,194.68,271.68,291.05,0.024661,True,True,667,Fair,7063.0,6k-10k,High Income Segment,10k+,Premium Investment Services,4.7408,True
18895,8669,2024-09-27,2024,Q3,9,Sep,2024-09,2024-09-01,Autumn,Loan Payment,Loan,Student,Malaga,36.7213,-4.4214,Online,EUR,1.1158,2024-09-27,"Frankfurter API v2, provider=ECB, EUR/USD; previous available published rate used for non-publication dates",2403.158267100975,2681.44,0.0,0.0,79.72,88.95,180.7,201.63,260.42,290.58,0.108367,True,True,514,Poor,5925.53,3k-6k,Middle Income Segment,1k-5k,Personal Loan Cashback Offer,4.7547,True
18937,5550,2023-07-22,2023,Q3,7,Jul,2023-07,2023-07-01,Summer,Loan Payment,Loan,Standard,Barcelona,41.3874,2.1686,Online,EUR,1.1123,2023-07-21,"Frankfurter API v2, provider=ECB, EUR/USD; previous available published rate used for non-publication dates",8329.620931527184,9265.04,0.0,0.0,84.99,94.53,175.35,195.04,260.34,289.57,0.031254,True,True,750,Very Good,1415.18,Under 3k,Low Income Segment,5k-10k,Financial Literacy Program Access,4.7515,True
13849,2299,2024-02-11,2024,Q1,2,Feb,2024-02,2024-02-01,Winter,Loan Payment,Loan,Student,Malaga,36.7213,-4.4214,ATM,EUR,1.0772,2024-02-09,"Frankfurter API v2, provider=ECB, EUR/USD; previous available published rate used for non-publication dates",5528.479580547939,5955.28,0.0,0.0,83.5,89.95,182.89,197.01,266.39,286.96,0.048186,True,True,688,Good,2258.65,Under 3k,Low Income Segment,5k-10k,Financial Literacy Program Access,4.7031,True
10190,9914,2023-07-07,2023,Q3,7,Jul,2023-07,2023-07-01,Summer,Loan Payment,Loan,Business,Valencia,39.4699,-0.3763,ATM,EUR,1.0888,2023-07-07,"Frankfurter API v2, provider=ECB, EUR/USD; previous available published rate used for non-publication dates",10282.31196363912,11195.38,0.0,0.0,75.57,82.28,187.93,204.62,263.5,286.9,0.025627,True,True,665,Fair,1101.58,Under 3k,Low Income Segment,10k+,Financial Literacy Program Access,4.702,True
12616,8625,2023-03-29,2023,Q1,3,Mar,2023-03,2023-03-01,Spring,Loan Payment,Loan,Gold,Murcia,37.9847,-1.1287,Mobile,EUR,1.0847,2023-03-29,"Frankfurter API v2, provider=ECB, EUR/USD; previous available published rate used for non-publication dates",10676.44596144113,11580.74,0.0,0.0,92.06,99.86,171.01,185.49,263.07,285.35,0.02464,True,True,654,Fair,8959.77,6k-10k,High Income Segment,10k+,Premium Investment Services,4.6357,True
16838,5428,2023-05-28,2023,Q2,5,May,2023-05,2023-05-01,Spring,Loan Payment,Loan,Student,Valencia,39.4699,-0.3763,Branch,EUR,1.0751,2023-05-26,"Frankfurter API v2, provider=ECB, EUR/USD; previous available published rate used for non-publication dates",12401.96641661373,13333.35,0.0,0.0,92.15,99.07,173.14,186.14,265.29,285.21,0.021391,True,True,445,Poor,7526.45,6k-10k,High Income Segment,10k+,Premium Investment Services,4.6331,True
9483,3611,2024-09-08,2024,Q3,9,Sep,2024-09,2024-09-01,Autumn,Loan Payment,Loan,Platinum,Bilbao,43.263,-2.935,Branch,EUR,1.1103,2024-09-06,"Frankfurter API v2, provider=ECB, EUR/USD; previous available published rate used for non-publication dates",7705.448166838678,8555.36,0.0,0.0,61.85,68.67,194.44,215.89,256.29,284.56,0.033261,True,True,811,Exceptional,5172.46,3k-6k,Middle Income Segment,5k-10k,Personal Loan Cashback Offer,4.6429,True
7547,4183,2023-12-13,2023,Q4,12,Dec,2023-12,2023-12-01,Winter,Loan Payment,Loan,Business,Zaragoza,41.6488,-0.8891,Branch,EUR,1.0787,2023-12-13,"Frankfurter API v2, provider=ECB, EUR/USD; previous available published rate used for non-publication dates",396.6917775817195,427.91,0.0,0.0,63.29,68.27,199.98,215.72,263.27,283.99,0.663668,True,True,511,Poor,3418.12,3k-6k,Middle Income Segment,Under 1k,Personal Loan Cashback Offer,4.6323,True
19907,2368,2025-04-02,2025,Q2,4,Apr,2025-04,2025-04-01,Spring,Loan Payment,Loan,Platinum,Malaga,36.7213,-4.4214,Mobile,EUR,1.0803,2025-04-02,"Frankfurter API v2, provider=ECB, EUR/USD; previous available published rate used for non-publication dates",363.1550630914937,392.32,0.0,0.0,78.33,84.62,184.44,199.25,262.77,283.87,0.723567,True,True,517,Poor,9268.52,6k-10k,High Income Segment,Under 1k,Premium Investment Services,4.6084,True
4958,9536,2024-03-10,2024,Q1,3,Mar,2024-03,2024-03-01,Spring,Loan Payment,Loan,Platinum,Valencia,39.4699,-0.3763,Online,EUR,1.0932,2024-03-08,"Frankfurter API v2, provider=ECB, EUR/USD; previous available published rate used for non-publication dates",9972.621947787506,10902.07,0.0,0.0,61.79,67.55,197.8,216.23,259.59,283.78,0.02603,True,True,745,Very Good,8911.87,6k-10k,High Income Segment,10k+,Premium Investment Services,4.6067,True
18601,8809,2025-02-09,2025,Q1,2,Feb,2025-02,2025-02-01,Winter,Loan Payment,Loan,Standard,Bilbao,43.263,-2.935,Online,EUR,1.0377,2025-02-07,"Frankfurter API v2, provider=ECB, EUR/USD; previous available published rate used for non-publication dates",2379.778173289389,2469.5,0.0,0.0,92.85,96.35,177.52,184.21,270.37,280.56,0.11361,True,True,605,Fair,4526.55,3k-6k,Middle Income Segment,1k-5k,Personal Loan Cashback Offer,4.5686,True
5697,1098,2024-05-02,2024,Q2,5,May,2024-05,2024-05-01,Spring,Loan Payment,Loan,Gold,Barcelona,41.3874,2.1686,ATM,EUR,1.0698,2024-05-02,"Frankfurter API v2, provider=ECB, EUR/USD; previous available published rate used for non-publication dates",4881.671706449703,5222.41,0.0,0.0,80.86,86.5,181.05,193.69,261.91,280.19,0.053651,True,True,350,Poor,9831.43,6k-10k,High Income Segment,5k-10k,Premium Investment Services,4.5406,True
18672,8798,2024-06-06,2024,Q2,6,Jun,2024-06,2024-06-01,Summer,Loan Payment,Loan,Business,Zaragoza,41.6488,-0.8891,Online,EUR,1.0865,2024-06-06,"Frankfurter API v2, provider=ECB, EUR/USD; previous available published rate used for non-publication dates",1521.295397810417,1652.89,0.0,0.0,70.59,76.7,187.24,203.44,257.83,280.14,0.169485,True,True,683,Good,3867.63,3k-6k,Middle Income Segment,1k-5k,Personal Loan Cashback Offer,4.5609,True
14441,5355,2024-11-26,2024,Q4,11,Nov,2024-11,2024-11-01,Autumn,Loan Payment,Loan,Business,Zaragoza,41.6488,-0.8891,Online,EUR,1.0522,2024-11-26,"Frankfurter API v2, provider=ECB, EUR/USD; previous available published rate used for non-publication dates",9578.699028899351,10078.71,0.0,0.0,66.54,70.01,198.4,208.76,264.94,278.77,0.027659,True,True,755,Very Good,8191.13,6k-10k,High Income Segment,10k+,Premium Investment Services,4.5144,True
3181,6634,2025-04-10,2025,Q2,4,Apr,2025-04,2025-04-01,Spring,Loan Payment,Loan,Business,Murcia,37.9847,-1.1287,Mobile,EUR,1.1082,2025-04-10,"Frankfurter API v2, provider=ECB, EUR/USD; previous available published rate used for non-publication dates",5480.937159302816,6073.97,0.0,0.0,73.65,81.62,177.56,196.77,251.21,278.39,0.045833,True,True,814,Exceptional,7158.14,6k-10k,High Income Segment,5k-10k,Premium Investment Services,4.5074,True
698,1671,2023-10-31,2023,Q4,10,Oct,2023-10,2023-10-01,Autumn,Loan Payment,Loan,Business,Seville,37.3891,-5.9845,Online,EUR,1.0619,2023-10-31,"Frankfurter API v2, provider=ECB, EUR/USD; previous available published rate used for non-publication dates",8531.486871616813,9059.59,0.0,0.0,91.73,97.41,169.52,180.01,261.25,277.42,0.030622,True,True,611,Fair,5146.06,3k-6k,Middle Income Segment,5k-10k,Personal Loan Cashback Offer,4.5104,True
6023,1845,2025-03-26,2025,Q1,3,Mar,2025-03,2025-03-01,Spring,Loan Payment,Loan,Gold,Barcelona,41.3874,2.1686,Branch,EUR,1.0788,2025-03-26,"Frankfurter API v2, provider=ECB, EUR/USD; previous available published rate used for non-publication dates",148.4629748832395,160.16,0.0,0.0,74.46,80.33,182.32,196.69,256.78,277.02,1.729645,True,True,659,Fair,9214.36,6k-10k,High Income Segment,Under 1k,Premium Investment Services,4.4821,True
6768,9712,2024-04-10,2024,Q2,4,Apr,2024-04,2024-04-01,Spring,Loan Payment,Loan,Standard,Barcelona,41.3874,2.1686,ATM,EUR,1.086,2024-04-10,"Frankfurter API v2, provider=ECB, EUR/USD; previous available published rate used for non-publication dates",10984.72050692922,11929.41,0.0,0.0,76.75,83.35,178.09,193.41,254.84,276.76,0.0232,True,True,308,Poor,5415.33,3k-6k,Middle Income Segment,10k+,Personal Loan Cashback Offer,4.4981,True
872,8667,2023-02-10,2023,Q1,2,Feb,2023-02,2023-02-01,Winter,Loan Payment,Loan,Business,Valencia,39.4699,-0.3763,ATM,EUR,1.069,2023-02-10,"Frankfurter API v2, provider=ECB, EUR/USD; previous available published rate used for non-publication dates",2789.022938042384,2981.47,0.0,0.0,90.6,96.85,168.22,179.83,258.82,276.68,0.0928,True,True,382,Poor,7021.97,6k-10k,High Income Segment,1k-5k,Premium Investment Services,4.4758,True
19856,9935,2024-07-16,2024,Q3,7,Jul,2024-07,2024-07-01,Summer,Loan Payment,Loan,Business,Zaragoza,41.6488,-0.8891,Branch,EUR,1.0902,2024-07-16,"Frankfurter API v2, provider=ECB, EUR/USD; previous available published rate used for non-publication dates",8985.554864548156,9796.05,0.0,0.0,97.66,106.47,154.35,168.27,252.01,274.74,0.028046,True,True,406,Poor,3743.03,3k-6k,Middle Income Segment,5k-10k,Personal Loan Cashback Offer,4.4606,True
10288,6977,2025-01-02,2025,Q1,1,Jan,2025-01,2025-01-01,Winter,Loan Payment,Loan,Gold,Bilbao,43.263,-2.935,Mobile,EUR,1.0321,2025-01-02,"Frankfurter API v2, provider=ECB, EUR/USD; previous available published rate used for non-publication dates",9753.621366455183,10066.71,0.0,0.0,84.91,87.64,180.69,186.49,265.6,274.13,0.027231,True,True,399,Poor,1587.15,Under 3k,Low Income Segment,10k+,Financial Literacy Program Access,4.4651,True
666,4177,2023-08-07,2023,Q3,8,Aug,2023-08,2023-08-01,Summer,Loan Payment,Loan,Standard,Zaragoza,41.6488,-0.8891,Branch,EUR,1.0984,2023-08-07,"Frankfurter API v2, provider=ECB, EUR/USD; previous available published rate used for non-publication dates",141.9691941803931,155.94,0.0,0.0,55.29,60.73,193.46,212.5,248.75,273.23,1.752148,True,True,557,Poor,6040.08,6k-10k,Middle Income Segment,Under 1k,Personal Loan Cashback Offer,4.4326,True
15347,6482,2024-09-09,2024,Q3,9,Sep,2024-09,2024-09-01,Autumn,Loan Payment,Loan,Standard,Malaga,36.7213,-4.4214,ATM,EUR,1.1043,2024-09-09,"Frankfurter API v2, provider=ECB, EUR/USD; previous available published rate used for non-publication dates",3559.597554102327,3930.86,0.0,0.0,64.65,71.39,182.69,201.74,247.34,273.13,0.069484,True,True,522,Poor,9964.18,6k-10k,High Income Segment,1k-5k,Premium Investment Services,4.4104,True
2968,3745,2023-11-16,2023,Q4,11,Nov,2023-11,2023-11-01,Autumn,Loan Payment,Loan,Business,Barcelona,41.3874,2.1686,Online,EUR,1.0849,2023-11-16,"Frankfurter API v2, provider=ECB, EUR/USD; previous available published rate used for non-publication dates",4551.854695341273,4938.31,0.0,0.0,89.81,97.43,161.24,174.93,251.05,272.36,0.055152,True,True,575,Poor,4891.98,3k-6k,Middle Income Segment,1k-5k,Personal Loan Cashback Offer,4.4164,True
16014,8903,2024-09-16,2024,Q3,9,Sep,2024-09,2024-09-01,Autumn,Loan Payment,Credit Card,Platinum,Barcelona,41.3874,2.1686,ATM,EUR,1.1126,2024-09-16,"Frankfurter API v2, provider=ECB, EUR/USD; previous available published rate used for non-publication dates",3730.984918962734,4151.09,47.28,52.6,0.0,0.0,196.8,218.96,244.08,271.56,0.065419,True,True,721,Good,9278.85,6k-10k,High Income Segment,1k-5k,Exclusive Platinum Package,4.3814,True
876,9669,2023-07-27,2023,Q3,7,Jul,2023-07,2023-07-01,Summer,Loan Payment,Loan,Gold,Murcia,37.9847,-1.1287,Mobile,EUR,1.1125,2023-07-27,"Frankfurter API v2, provider=ECB, EUR/USD; previous available published rate used for non-publication dates",4625.521236278152,5145.89,0.0,0.0,63.45,70.59,178.99,199.13,242.44,269.72,0.052415,True,True,314,Poor,9952.05,6k-10k,High Income Segment,5k-10k,Premium Investment Services,4.3475,True
10560,1236,2023-05-20,2023,Q2,5,May,2023-05,2023-05-01,Spring,Loan Payment,Loan,Business,Zaragoza,41.6488,-0.8891,Online,EUR,1.0808,2023-05-19,"Frankfurter API v2, provider=ECB, EUR/USD; previous available published rate used for non-publication dates",5683.448752540721,6142.67,0.0,0.0,82.68,89.36,166.65,180.12,249.33,269.48,0.04387,True,True,737,Good,9576.76,6k-10k,High Income Segment,5k-10k,Premium Investment Services,4.3431,True
18979,1569,2024-01-05,2024,Q1,1,Jan,2024-01,2024-01-01,Winter,Loan Payment,Loan,Platinum,Zaragoza,41.6488,-0.8891,Online,EUR,1.0921,2024-01-05,"Frankfurter API v2, provider=ECB, EUR/USD; previous available published rate used for non-publication dates",6784.635029737739,7409.5,0.0,0.0,67.35,73.55,179.09,195.58,246.44,269.13,0.036322,True,True,631,Fair,2863.41,Under 3k,Low Income Segment,5k-10k,Financial Literacy Program Access,4.3724,True
193,1659,2023-07-06,2023,Q3,7,Jul,2023-07,2023-07-01,Summer,Loan Payment,Loan,Gold,Malaga,36.7213,-4.4214,ATM,EUR,1.0899,2023-07-06,"Frankfurter API v2, provider=ECB, EUR/USD; previous available published rate used for non-publication dates",2511.55349757105,2737.34,0.0,0.0,63.22,68.9,182.83,199.27,246.05,268.17,0.097967,True,True,791,Very Good,4343.97,3k-6k,Middle Income Segment,1k-5k,Personal Loan Cashback Offer,4.3386,True
16567,1224,2024-09-16,2024,Q3,9,Sep,2024-09,2024-09-01,Autumn,Loan Payment,Loan,Student,Madrid,40.4168,-3.7038,Online,EUR,1.1126,2024-09-16,"Frankfurter API v2, provider=ECB, EUR/USD; previous available published rate used for non-publication dates",3193.810212790941,3553.43,0.0,0.0,47.19,52.5,192.82,214.53,240.01,267.03,0.075147,True,True,776,Very Good,3264.77,3k-6k,Middle Income Segment,1k-5k,Personal Loan Cashback Offer,4.3174,True
13680,1347,2024-09-19,2024,Q3,9,Sep,2024-09,2024-09-01,Autumn,Loan Payment,Loan,Gold,Barcelona,41.3874,2.1686,Online,EUR,1.1156,2024-09-19,"Frankfurter API v2, provider=ECB, EUR/USD; previous available published rate used for non-publication dates",9326.136900263407,10404.24,0.0,0.0,65.8,73.41,173.26,193.29,239.06,266.7,0.025634,True,True,812,Exceptional,9204.17,6k-10k,High Income Segment,10k+,Premium Investment Services,4.2918,True
14114,1526,2023-02-05,2023,Q1,2,Feb,2023-02,2023-02-01,Winter,Loan Payment,Loan,Gold,Bilbao,43.263,-2.935,Branch,EUR,1.0937,2023-02-03,"Frankfurter API v2, provider=ECB, EUR/USD; previous available published rate used for non-publication dates",11601.2820143121,12688.32,0.0,0.0,71.52,78.22,172.16,188.29,243.68,266.51,0.021004,True,True,350,Poor,8143.2,6k-10k,High Income Segment,10k+,Premium Investment Services,4.2883,True
6323,5271,2023-10-26,2023,Q4,10,Oct,2023-10,2023-10-01,Autumn,Loan Payment,Loan,Standard,Bilbao,43.263,-2.935,Online,USD,1.0,2023-10-26,Native USD; no conversion applied,11529.01852733205,11529.02,0.0,0.0,73.61,73.61,192.88,192.88,266.49,266.49,0.023115,True,True,747,Very Good,9399.95,6k-10k,High Income Segment,10k+,Premium Investment Services,4.288,True
14262,5496,2023-11-08,2023,Q4,11,Nov,2023-11,2023-11-01,Autumn,Loan Payment,Loan,Platinum,Barcelona,41.3874,2.1686,Online,EUR,1.0671,2023-11-08,"Frankfurter API v2, provider=ECB, EUR/USD; previous available published rate used for non-publication dates",7052.121679224202,7525.32,0.0,0.0,92.12,98.3,157.52,168.09,249.64,266.39,0.035399,True,True,557,Poor,3610.03,3k-6k,Middle Income Segment,5k-10k,Personal Loan Cashback Offer,4.3056,True
14819,8143,2024-08-21,2024,Q3,8,Aug,2024-08,2024-08-01,Summer,Loan Payment,Loan,Business,Madrid,40.4168,-3.7038,Branch,EUR,1.1116,2024-08-21,"Frankfurter API v2, provider=ECB, EUR/USD; previous available published rate used for non-publication dates",9665.551793749084,10744.23,0.0,0.0,98.1,109.05,141.25,157.01,239.35,266.06,0.024763,True,True,504,Poor,8458.0,6k-10k,High Income Segment,10k+,Premium Investment Services,4.28,True
3010,6690,2023-05-01,2023,Q2,5,May,2023-05,2023-05-01,Spring,Loan Payment,Loan,Gold,Madrid,40.4168,-3.7038,ATM,EUR,1.0981,2023-04-28,"Frankfurter API v2, provider=ECB, EUR/USD; previous available published rate used for non-publication dates",4331.984965540119,4756.95,0.0,0.0,64.96,71.33,176.4,193.7,241.36,265.03,0.055714,True,True,490,Poor,3114.73,3k-6k,Middle Income Segment,1k-5k,Personal Loan Cashback Offer,4.2803,True
62,8629,2025-02-12,2025,Q1,2,Feb,2025-02,2025-02-01,Winter,Loan Payment,Loan,Gold,Malaga,36.7213,-4.4214,ATM,EUR,1.037,2025-02-12,"Frankfurter API v2, provider=ECB, EUR/USD; previous available published rate used for non-publication dates",10415.14268249008,10800.5,0.0,0.0,90.65,94.0,164.68,170.77,255.33,264.77,0.024515,True,True,431,Poor,2884.65,Under 3k,Low Income Segment,10k+,Financial Literacy Program Access,4.2915,True
11840,4145,2024-10-02,2024,Q4,10,Oct,2024-10,2024-10-01,Autumn,Loan Payment,Credit Card,Platinum,Valencia,39.4699,-0.3763,Mobile,EUR,1.1071,2024-10-02,"Frankfurter API v2, provider=ECB, EUR/USD; previous available published rate used for non-publication dates",3905.737440485561,4324.04,49.93,55.28,0.0,0.0,189.18,209.44,239.11,264.72,0.061221,True,True,539,Poor,9337.08,6k-10k,High Income Segment,1k-5k,Exclusive Platinum Package,4.2553,True
734,2646,2023-06-16,2023,Q2,6,Jun,2023-06,2023-06-01,Summer,Loan Payment,Loan,Business,Valencia,39.4699,-0.3763,Mobile,EUR,1.0966,2023-06-16,"Frankfurter API v2, provider=ECB, EUR/USD; previous available published rate used for non-publication dates",6976.120853828174,7650.01,0.0,0.0,98.66,108.19,142.61,156.39,241.27,264.58,0.034586,True,True,598,Fair,1282.89,Under 3k,Low Income Segment,5k-10k,Financial Literacy Program Access,4.288,True
18794,7417,2024-03-05,2024,Q1,3,Mar,2024-03,2024-03-01,Spring,Loan Payment,Loan,Business,Malaga,36.7213,-4.4214,Online,EUR,1.0849,2024-03-05,"Frankfurter API v2, provider=ECB, EUR/USD; previous available published rate used for non-publication dates",1912.474290818401,2074.84,0.0,0.0,96.85,105.07,146.45,158.88,243.3,263.95,0.127215,True,True,411,Poor,3489.11,3k-6k,Middle Income Segment,1k-5k,Personal Loan Cashback Offer,4.2603,True
6281,4072,2024-11-25,2024,Q4,11,Nov,2024-11,2024-11-01,Autumn,Loan Payment,Loan,Gold,Valencia,39.4699,-0.3763,ATM,EUR,1.0495,2024-11-25,"Frankfurter API v2, provider=ECB, EUR/USD; previous available published rate used for non-publication dates",11937.50589127649,12528.41,0.0,0.0,81.85,85.9,169.34,177.72,251.19,263.62,0.021042,True,True,660,Fair,1941.17,Under 3k,Low Income Segment,10k+,Financial Literacy Program Access,4.2702,True
8454,2388,2023-11-21,2023,Q4,11,Nov,2023-11,2023-11-01,Autumn,Loan Payment,Loan,Platinum,Madrid,40.4168,-3.7038,Online,EUR,1.0955,2023-11-21,"Frankfurter API v2, provider=ECB, EUR/USD; previous available published rate used for non-publication dates",3502.022676245541,3836.47,0.0,0.0,61.1,66.94,179.05,196.15,240.15,263.09,0.068576,True,True,574,Poor,7514.67,6k-10k,High Income Segment,1k-5k,Premium Investment Services,4.2253,True
17814,3101,2023-04-10,2023,Q2,4,Apr,2023-04,2023-04-01,Spring,Loan Payment,Loan,Platinum,Murcia,37.9847,-1.1287,ATM,EUR,1.0915,2023-04-06,"Frankfurter API v2, provider=ECB, EUR/USD; previous available published rate used for non-publication dates",12321.53293402665,13448.95,0.0,0.0,56.91,62.12,183.95,200.78,240.86,262.9,0.019548,True,True,731,Good,9003.61,6k-10k,High Income Segment,10k+,Premium Investment Services,4.2218,True
2360,7299,2023-04-30,2023,Q2,4,Apr,2023-04,2023-04-01,Spring,Loan Payment,Credit Card,Standard,Malaga,36.7213,-4.4214,ATM,EUR,1.0981,2023-04-28,"Frankfurter API v2, provider=ECB, EUR/USD; previous available published rate used for non-publication dates",9455.96399065133,10383.59,42.65,46.83,0.0,0.0,195.49,214.67,238.14,261.5,0.025184,True,True,303,Poor,9103.17,6k-10k,High Income Segment,10k+,Exclusive Platinum Package,4.196,True
14798,7092,2024-01-31,2024,Q1,1,Jan,2024-01,2024-01-01,Winter,Loan Payment,Loan,Platinum,Malaga,36.7213,-4.4214,Online,EUR,1.0837,2024-01-31,"Frankfurter API v2, provider=ECB, EUR/USD; previous available published rate used for non-publication dates",2273.530981177999,2463.83,0.0,0.0,65.23,70.69,175.24,189.91,240.47,260.6,0.10577,True,True,636,Fair,3777.19,3k-6k,Middle Income Segment,1k-5k,Personal Loan Cashback Offer,4.1981,True
9530,9401,2023-09-19,2023,Q3,9,Sep,2023-09,2023-09-01,Autumn,Loan Payment,Loan,Platinum,Barcelona,41.3874,2.1686,Mobile,EUR,1.0713,2023-09-19,"Frankfurter API v2, provider=ECB, EUR/USD; previous available published rate used for non-publication dates",5787.287161752775,6199.92,0.0,0.0,66.12,70.83,176.31,188.88,242.43,259.71,0.041889,True,True,662,Fair,9807.78,6k-10k,High Income Segment,5k-10k,Premium Investment Services,4.163,True
14504,2212,2024-10-15,2024,Q4,10,Oct,2024-10,2024-10-01,Autumn,Loan Payment,Loan,Gold,Valencia,39.4699,-0.3763,Online,EUR,1.0903,2024-10-15,"Frankfurter API v2, provider=ECB, EUR/USD; previous available published rate used for non-publication dates",10994.23147445959,11987.01,0.0,0.0,91.09,99.32,146.8,160.06,237.89,259.38,0.021638,True,True,663,Fair,9085.78,6k-10k,High Income Segment,10k+,Premium Investment Services,4.1569,True
10909,5561,2024-01-13,2024,Q1,1,Jan,2024-01,2024-01-01,Winter,Loan Payment,Loan,Gold,Murcia,37.9847,-1.1287,Mobile,EUR,1.0942,2024-01-12,"Frankfurter API v2, provider=ECB, EUR/USD; previous available published rate used for non-publication dates",9426.436633566645,10314.41,0.0,0.0,75.72,82.85,161.04,176.21,236.76,259.06,0.025116,True,True,432,Poor,6344.83,6k-10k,Middle Income Segment,10k+,Personal Loan Cashback Offer,4.1695,True
5862,2410,2024-09-17,2024,Q3,9,Sep,2024-09,2024-09-01,Autumn,Loan Payment,Loan,Standard,Malaga,36.7213,-4.4214,Branch,EUR,1.1139,2024-09-17,"Frankfurter API v2, provider=ECB, EUR/USD; previous available published rate used for non-publication dates",5586.141373251607,6222.4,0.0,0.0,32.07,35.72,199.65,222.39,231.72,258.11,0.041481,True,True,712,Good,6074.02,6k-10k,Middle Income Segment,5k-10k,Personal Loan Cashback Offer,4.1518,True
17903,3655,2023-03-14,2023,Q1,3,Mar,2023-03,2023-03-01,Spring,Loan Payment,Credit Card,Platinum,Malaga,36.7213,-4.4214,Online,EUR,1.0737,2023-03-14,"Frankfurter API v2, provider=ECB, EUR/USD; previous available published rate used for non-publication dates",1915.763397820479,2056.96,39.95,42.89,0.0,0.0,199.91,214.64,239.86,257.53,0.125199,True,True,353,Poor,6024.53,6k-10k,Middle Income Segment,1k-5k,Gold Card with Travel Benefits,4.1411,True
102,9110,2023-04-01,2023,Q2,4,Apr,2023-04,2023-04-01,Spring,Loan Payment,Loan,Gold,Murcia,37.9847,-1.1287,Online,EUR,1.0875,2023-03-31,"Frankfurter API v2, provider=ECB, EUR/USD; previous available published rate used for non-publication dates",2223.654275473728,2418.22,0.0,0.0,78.06,84.89,158.43,172.29,236.49,257.18,0.106351,True,True,353,Poor,4587.56,3k-6k,Middle Income Segment,1k-5k,Personal Loan Cashback Offer,4.1346,True
6311,9793,2023-11-01,2023,Q4,11,Nov,2023-11,2023-11-01,Autumn,Loan Payment,Loan,Business,Bilbao,43.263,-2.935,Mobile,EUR,1.0537,2023-11-01,"Frankfurter API v2, provider=ECB, EUR/USD; previous available published rate used for non-publication dates",3263.640084058261,3438.9,0.0,0.0,94.45,99.52,149.48,157.51,243.93,257.03,0.074742,True,True,459,Poor,1169.99,Under 3k,Low Income Segment,1k-5k,Financial Literacy Program Access,4.1479,True
17143,2584,2024-06-30,2024,Q2,6,Jun,2024-06,2024-06-01,Summer,Loan Payment,Loan,Platinum,Bilbao,43.263,-2.935,Mobile,EUR,1.0705,2024-06-28,"Frankfurter API v2, provider=ECB, EUR/USD; previous available published rate used for non-publication dates",2751.475724188833,2945.45,0.0,0.0,99.15,106.14,140.88,150.81,240.03,256.95,0.087236,True,True,506,Poor,8855.84,6k-10k,High Income Segment,1k-5k,Premium Investment Services,4.1121,True
18773,4331,2025-04-06,2025,Q2,4,Apr,2025-04,2025-04-01,Spring,Loan Payment,Loan,Business,Zaragoza,41.6488,-0.8891,Branch,EUR,1.1057,2025-04-04,"Frankfurter API v2, provider=ECB, EUR/USD; previous available published rate used for non-publication dates",4511.079215746345,4987.9,0.0,0.0,56.67,62.66,175.41,193.95,232.08,256.61,0.051447,True,True,842,Exceptional,2786.59,Under 3k,Low Income Segment,1k-5k,Financial Literacy Program Access,4.1401,True
19938,3180,2024-08-13,2024,Q3,8,Aug,2024-08,2024-08-01,Summer,Loan Payment,Loan,Student,Bilbao,43.263,-2.935,Branch,EUR,1.0931,2024-08-13,"Frankfurter API v2, provider=ECB, EUR/USD; previous available published rate used for non-publication dates",2651.734729186988,2898.61,0.0,0.0,90.58,99.01,143.92,157.32,234.5,256.33,0.088432,True,True,618,Fair,1290.38,Under 3k,Low Income Segment,1k-5k,Financial Literacy Program Access,4.135,True
13162,7329,2024-09-17,2024,Q3,9,Sep,2024-09,2024-09-01,Autumn,Loan Payment,Loan,Business,Zaragoza,41.6488,-0.8891,Online,EUR,1.1139,2024-09-17,"Frankfurter API v2, provider=ECB, EUR/USD; previous available published rate used for non-publication dates",5075.255903272032,5653.33,0.0,0.0,47.24,52.62,182.48,203.26,229.72,255.88,0.045262,True,True,483,Poor,1909.84,Under 3k,Low Income Segment,5k-10k,Financial Literacy Program Access,4.1266,True
415,6387,2023-12-19,2023,Q4,12,Dec,2023-12,2023-12-01,Winter,Loan Payment,Loan,Gold,Seville,37.3891,-5.9845,ATM,EUR,1.0962,2023-12-19,"Frankfurter API v2, provider=ECB, EUR/USD; previous available published rate used for non-publication dates",4083.706497214849,4476.56,0.0,0.0,33.28,36.48,199.91,219.14,233.19,255.62,0.057102,True,True,821,Exceptional,9698.62,6k-10k,High Income Segment,1k-5k,Premium Investment Services,4.0876,True
11027,5216,2024-05-26,2024,Q2,5,May,2024-05,2024-05-01,Spring,Loan Payment,Loan,Standard,Barcelona,41.3874,2.1686,Mobile,EUR,1.084,2024-05-24,"Frankfurter API v2, provider=ECB, EUR/USD; previous available published rate used for non-publication dates",6250.890955027878,6775.97,0.0,0.0,99.12,107.45,136.66,148.14,235.78,255.59,0.03772,True,True,584,Fair,2947.57,Under 3k,Low Income Segment,5k-10k,Financial Literacy Program Access,4.1212,True
2673,4807,2024-05-03,2024,Q2,5,May,2024-05,2024-05-01,Spring,Loan Payment,Credit Card,Business,Barcelona,41.3874,2.1686,ATM,EUR,1.0744,2024-05-03,"Frankfurter API v2, provider=ECB, EUR/USD; previous available published rate used for non-publication dates",2483.283606668339,2668.04,47.71,51.26,0.0,0.0,190.17,204.32,237.88,255.58,0.095793,True,True,699,Good,9676.17,6k-10k,High Income Segment,1k-5k,Exclusive Platinum Package,4.0868,True
7719,4688,2023-08-14,2023,Q3,8,Aug,2023-08,2023-08-01,Summer,Loan Payment,Credit Card,Business,Seville,37.3891,-5.9845,Mobile,EUR,1.093,2023-08-14,"Frankfurter API v2, provider=ECB, EUR/USD; previous available published rate used for non-publication dates",5219.902616193568,5705.35,39.34,43.0,0.0,0.0,193.85,211.88,233.19,254.88,0.044674,True,True,535,Poor,7219.88,6k-10k,High Income Segment,5k-10k,Exclusive Platinum Package,4.0739,True
11934,8407,2024-09-23,2024,Q3,9,Sep,2024-09,2024-09-01,Autumn,Loan Payment,Loan,Standard,Valencia,39.4699,-0.3763,Mobile,USD,1.0,2024-09-23,Native USD; no conversion applied,11597.03560322151,11597.04,0.0,0.0,70.98,70.98,182.39,182.39,253.37,253.37,0.021848,True,True,565,Poor,8506.57,6k-10k,High Income Segment,10k+,Premium Investment Services,4.0461,True
12006,7071,2023-12-28,2023,Q4,12,Dec,2023-12,2023-12-01,Winter,Loan Payment,Loan,Business,Barcelona,41.3874,2.1686,ATM,USD,1.0,2023-12-28,Native USD; no conversion applied,3884.460418938412,3884.46,0.0,0.0,71.55,71.55,180.55,180.55,252.1,252.1,0.0649,True,True,638,Fair,2586.55,Under 3k,Low Income Segment,1k-5k,Financial Literacy Program Access,4.0565,True
9661,7201,2023-11-25,2023,Q4,11,Nov,2023-11,2023-11-01,Autumn,Loan Payment,Loan,Gold,Murcia,37.9847,-1.1287,Branch,EUR,1.0916,2023-11-24,"Frankfurter API v2, provider=ECB, EUR/USD; previous available published rate used for non-publication dates",8704.658495828282,9502.01,0.0,0.0,51.73,56.47,179.03,195.43,230.76,251.9,0.02651,True,True,456,Poor,9870.18,6k-10k,High Income Segment,5k-10k,Premium Investment Services,4.019,True
19169,7918,2024-11-13,2024,Q4,11,Nov,2024-11,2024-11-01,Autumn,Loan Payment,Loan,Business,Malaga,36.7213,-4.4214,Online,EUR,1.0629,2024-11-13,"Frankfurter API v2, provider=ECB, EUR/USD; previous available published rate used for non-publication dates",11031.55519299258,11725.44,0.0,0.0,77.83,82.73,159.11,169.12,236.94,251.85,0.021479,True,True,748,Very Good,8261.12,6k-10k,High Income Segment,10k+,Premium Investment Services,4.0181,True
5061,3181,2024-02-22,2024,Q1,2,Feb,2024-02,2024-02-01,Winter,Loan Payment,Loan,Platinum,Valencia,39.4699,-0.3763,ATM,EUR,1.0844,2024-02-22,"Frankfurter API v2, provider=ECB, EUR/USD; previous available published rate used for non-publication dates",3924.391582877904,4255.61,0.0,0.0,95.66,103.73,135.61,147.06,231.27,250.79,0.058932,True,True,370,Poor,3310.46,3k-6k,Middle Income Segment,1k-5k,Personal Loan Cashback Offer,4.0159,True
1055,3679,2024-07-08,2024,Q3,7,Jul,2024-07,2024-07-01,Summer,Loan Payment,Credit Card,Student,Seville,37.3891,-5.9845,Mobile,EUR,1.0835,2024-07-08,"Frankfurter API v2, provider=ECB, EUR/USD; previous available published rate used for non-publication dates",5084.793661766455,5509.37,41.5,44.97,0.0,0.0,189.94,205.8,231.44,250.77,0.045517,True,True,633,Fair,1316.4,Under 3k,Low Income Segment,5k-10k,Financial Literacy Program Access,4.0318,True
4040,9615,2025-04-12,2025,Q2,4,Apr,2025-04,2025-04-01,Spring,Loan Payment,Loan,Student,Valencia,39.4699,-0.3763,Branch,EUR,1.1346,2025-04-11,"Frankfurter API v2, provider=ECB, EUR/USD; previous available published rate used for non-publication dates",7433.926185175495,8434.53,0.0,0.0,36.1,40.96,184.71,209.57,220.81,250.53,0.029703,True,True,661,Fair,4216.99,3k-6k,Middle Income Segment,5k-10k,Personal Loan Cashback Offer,4.0111,True
10745,5553,2023-04-07,2023,Q2,4,Apr,2023-04,2023-04-01,Spring,Loan Payment,Credit Card,Platinum,Madrid,40.4168,-3.7038,Branch,EUR,1.0915,2023-04-06,"Frankfurter API v2, provider=ECB, EUR/USD; previous available published rate used for non-publication dates",3677.148700533224,4013.61,40.05,43.71,0.0,0.0,189.48,206.82,229.53,250.53,0.06242,True,True,714,Good,3910.27,3k-6k,Middle Income Segment,1k-5k,Gold Card with Travel Benefits,4.0111,True
16323,7030,2024-08-24,2024,Q3,8,Aug,2024-08,2024-08-01,Summer,Loan Payment,Credit Card,Business,Malaga,36.7213,-4.4214,ATM,EUR,1.1121,2024-08-23,"Frankfurter API v2, provider=ECB, EUR/USD; previous available published rate used for non-publication dates",1749.9411937806,1946.11,33.75,37.53,0.0,0.0,190.9,212.3,224.65,249.83,0.128374,True,True,647,Fair,4965.12,3k-6k,Middle Income Segment,1k-5k,Gold Card with Travel Benefits,3.9981,True
16676,3966,2023-08-12,2023,Q3,8,Aug,2023-08,2023-08-01,Summer,Loan Payment,Loan,Student,Barcelona,41.3874,2.1686,ATM,USD,1.0,2023-08-12,Native USD; no conversion applied,4008.22716090012,4008.23,0.0,0.0,62.85,62.85,186.93,186.93,249.78,249.78,0.062317,True,True,572,Poor,3326.47,3k-6k,Middle Income Segment,1k-5k,Personal Loan Cashback Offer,3.9972,True
8368,4563,2025-02-16,2025,Q1,2,Feb,2025-02,2025-02-01,Winter,Loan Payment,Credit Card,Business,Barcelona,41.3874,2.1686,Mobile,EUR,1.0478,2025-02-14,"Frankfurter API v2, provider=ECB, EUR/USD; previous available published rate used for non-publication dates",8118.587814519408,8506.66,42.49,44.52,0.0,0.0,195.76,205.12,238.25,249.64,0.029346,True,True,790,Very Good,9352.35,6k-10k,High Income Segment,5k-10k,Exclusive Platinum Package,3.9773,True
3716,3103,2023-11-11,2023,Q4,11,Nov,2023-11,2023-11-01,Autumn,Loan Payment,Credit Card,Business,Malaga,36.7213,-4.4214,Online,EUR,1.0683,2023-11-10,"Frankfurter API v2, provider=ECB, EUR/USD; previous available published rate used for non-publication dates",9283.68613541896,9917.76,48.42,51.73,0.0,0.0,185.25,197.9,233.67,249.63,0.02517,True,True,385,Poor,5113.0,3k-6k,Middle Income Segment,5k-10k,Gold Card with Travel Benefits,3.9944,True
1067,8368,2025-05-03,2025,Q2,5,May,2025-05,2025-05-01,Spring,Loan Payment,Credit Card,Business,Malaga,36.7213,-4.4214,ATM,EUR,1.1343,2025-05-02,"Frankfurter API v2, provider=ECB, EUR/USD; previous available published rate used for non-publication dates",8823.075422834645,10008.01,27.45,31.14,0.0,0.0,192.37,218.21,219.82,249.35,0.024915,True,True,518,Poor,8050.04,6k-10k,High Income Segment,10k+,Exclusive Platinum Package,3.972,True
682,7269,2024-06-21,2024,Q2,6,Jun,2024-06,2024-06-01,Summer,Loan Payment,Credit Card,Business,Seville,37.3891,-5.9845,Online,EUR,1.0688,2024-06-21,"Frankfurter API v2, provider=ECB, EUR/USD; previous available published rate used for non-publication dates",6370.397471592529,6808.68,49.86,53.29,0.0,0.0,181.45,193.93,231.31,247.22,0.03631,True,True,678,Good,2988.95,Under 3k,Low Income Segment,5k-10k,Financial Literacy Program Access,3.966,True
3292,4277,2024-02-15,2024,Q1,2,Feb,2024-02,2024-02-01,Winter,Loan Payment,Credit Card,Gold,Murcia,37.9847,-1.1287,Branch,EUR,1.0743,2024-02-15,"Frankfurter API v2, provider=ECB, EUR/USD; previous available published rate used for non-publication dates",3898.616661594448,4188.28,48.12,51.7,0.0,0.0,181.95,195.47,230.07,247.17,0.059015,True,True,413,Poor,3303.56,3k-6k,Middle Income Segment,1k-5k,Gold Card with Travel Benefits,3.9487,True
18362,8394,2025-05-09,2025,Q2,5,May,2025-05,2025-05-01,Spring,Loan Payment,Loan,Standard,Valencia,39.4699,-0.3763,Branch,EUR,1.1252,2025-05-09,"Frankfurter API v2, provider=ECB, EUR/USD; previous available published rate used for non-publication dates",676.8183290863416,761.56,0.0,0.0,83.66,94.13,135.79,152.79,219.45,246.92,0.324229,True,True,751,Very Good,3100.44,3k-6k,Middle Income Segment,Under 1k,Personal Loan Cashback Offer,3.9441,True
4263,9069,2023-10-16,2023,Q4,10,Oct,2023-10,2023-10-01,Autumn,Loan Payment,Credit Card,Standard,Bilbao,43.263,-2.935,Online,USD,1.0,2023-10-16,Native USD; no conversion applied,2866.416723653064,2866.42,48.22,48.22,0.0,0.0,198.42,198.42,246.64,246.64,0.086045,True,True,804,Exceptional,6756.88,6k-10k,Middle Income Segment,1k-5k,Gold Card with Travel Benefits,3.9389,True
4223,2895,2024-12-24,2024,Q4,12,Dec,2024-12,2024-12-01,Winter,Loan Payment,Credit Card,Business,Bilbao,43.263,-2.935,Branch,EUR,1.0395,2024-12-24,"Frankfurter API v2, provider=ECB, EUR/USD; previous available published rate used for non-publication dates",3755.408799307664,3903.75,44.35,46.1,0.0,0.0,192.83,200.45,237.18,246.55,0.063157,True,True,737,Good,2301.63,Under 3k,Low Income Segment,1k-5k,Financial Literacy Program Access,3.9535,True
13624,1098,2023-02-14,2023,Q1,2,Feb,2023-02,2023-02-01,Winter,Loan Payment,Loan,Gold,Bilbao,43.263,-2.935,ATM,EUR,1.0759,2023-02-14,"Frankfurter API v2, provider=ECB, EUR/USD; previous available published rate used for non-publication dates",2966.105730363599,3191.23,0.0,0.0,88.16,94.85,140.61,151.28,228.77,246.13,0.077127,True,True,517,Poor,7168.83,6k-10k,High Income Segment,1k-5k,Premium Investment Services,3.9126,True
19188,9873,2023-07-28,2023,Q3,7,Jul,2023-07,2023-07-01,Summer,Loan Payment,Credit Card,Platinum,Madrid,40.4168,-3.7038,Online,EUR,1.101,2023-07-28,"Frankfurter API v2, provider=ECB, EUR/USD; previous available published rate used for non-publication dates",2412.574663531179,2656.24,27.74,30.54,0.0,0.0,195.77,215.54,223.51,246.08,0.092642,True,True,438,Poor,6077.24,6k-10k,Middle Income Segment,1k-5k,Gold Card with Travel Benefits,3.9285,True
5677,2008,2023-07-04,2023,Q3,7,Jul,2023-07,2023-07-01,Summer,Loan Payment,Loan,Student,Murcia,37.9847,-1.1287,ATM,EUR,1.0895,2023-07-04,"Frankfurter API v2, provider=ECB, EUR/USD; previous available published rate used for non-publication dates",1180.390535521028,1286.04,0.0,0.0,44.7,48.7,181.12,197.33,225.82,246.03,0.191308,True,True,682,Good,2862.66,Under 3k,Low Income Segment,1k-5k,Financial Literacy Program Access,3.9439,True
12412,3996,2024-07-03,2024,Q3,7,Jul,2024-07,2024-07-01,Summer,Loan Payment,Loan,Standard,Murcia,37.9847,-1.1287,Mobile,EUR,1.0758,2024-07-03,"Frankfurter API v2, provider=ECB, EUR/USD; previous available published rate used for non-publication dates",1443.034786395425,1552.42,0.0,0.0,88.07,94.75,140.36,151.0,228.43,245.75,0.158301,True,True,583,Fair,6096.25,6k-10k,Middle Income Segment,1k-5k,Personal Loan Cashback Offer,3.9224,True
15475,7066,2023-03-12,2023,Q1,3,Mar,2023-03,2023-03-01,Spring,Loan Payment,Loan,Gold,Bilbao,43.263,-2.935,Online,EUR,1.0586,2023-03-10,"Frankfurter API v2, provider=ECB, EUR/USD; previous available published rate used for non-publication dates",9204.903105268011,9744.31,0.0,0.0,73.64,77.96,158.49,167.78,232.13,245.74,0.025219,True,True,755,Very Good,2027.53,Under 3k,Low Income Segment,5k-10k,Financial Literacy Program Access,3.9385,True
11863,9031,2024-04-26,2024,Q2,4,Apr,2024-04,2024-04-01,Spring,Loan Payment,Credit Card,Standard,Bilbao,43.263,-2.935,ATM,EUR,1.0714,2024-04-26,"Frankfurter API v2, provider=ECB, EUR/USD; previous available published rate used for non-publication dates",6865.506792897936,7355.7,40.97,43.9,0.0,0.0,188.17,201.61,229.14,245.51,0.033377,True,True,444,Poor,5629.44,3k-6k,Middle Income Segment,5k-10k,Gold Card with Travel Benefits,3.9179,True
14407,6495,2023-02-25,2023,Q1,2,Feb,2023-02,2023-02-01,Winter,Loan Payment,Loan,Platinum,Valencia,39.4699,-0.3763,Online,EUR,1.057,2023-02-24,"Frankfurter API v2, provider=ECB, EUR/USD; previous available published rate used for non-publication dates",10126.17564941676,10703.37,0.0,0.0,32.47,34.32,198.76,210.09,231.23,244.41,0.022835,True,True,732,Good,5731.63,3k-6k,Middle Income Segment,10k+,Personal Loan Cashback Offer,3.8975,True
1653,4553,2023-01-16,2023,Q1,1,Jan,2023-01,2023-01-01,Winter,Loan Payment,Credit Card,Platinum,Madrid,40.4168,-3.7038,Mobile,EUR,1.0812,2023-01-16,"Frankfurter API v2, provider=ECB, EUR/USD; previous available published rate used for non-publication dates",8265.493004307345,8936.65,31.43,33.98,0.0,0.0,194.62,210.42,226.05,244.4,0.027348,True,True,645,Fair,6054.86,6k-10k,Middle Income Segment,5k-10k,Gold Card with Travel Benefits,3.8973,True
14607,2776,2023-08-27,2023,Q3,8,Aug,2023-08,2023-08-01,Summer,Loan Payment,Loan,Standard,Barcelona,41.3874,2.1686,Mobile,EUR,1.0808,2023-08-25,"Frankfurter API v2, provider=ECB, EUR/USD; previous available published rate used for non-publication dates",8389.865336823954,9067.77,0.0,0.0,54.63,59.04,171.12,184.95,225.75,243.99,0.026907,True,True,532,Poor,2656.67,Under 3k,Low Income Segment,5k-10k,Financial Literacy Program Access,3.9061,True
11049,7942,2024-01-26,2024,Q1,1,Jan,2024-01,2024-01-01,Winter,Loan Payment,Credit Card,Student,Seville,37.3891,-5.9845,Online,EUR,1.0871,2024-01-26,"Frankfurter API v2, provider=ECB, EUR/USD; previous available published rate used for non-publication dates",6414.452400336445,6973.15,39.33,42.76,0.0,0.0,185.01,201.12,224.34,243.88,0.034974,True,True,569,Poor,7490.94,6k-10k,High Income Segment,5k-10k,Exclusive Platinum Package,3.8711,True
8025,5512,2024-11-08,2024,Q4,11,Nov,2024-11,2024-11-01,Autumn,Loan Payment,Credit Card,Standard,Bilbao,43.263,-2.935,Mobile,EUR,1.0772,2024-11-08,"Frankfurter API v2, provider=ECB, EUR/USD; previous available published rate used for non-publication dates",5427.931085226786,5846.97,42.83,46.14,0.0,0.0,183.43,197.59,226.26,243.73,0.041685,True,True,429,Poor,5505.62,3k-6k,Middle Income Segment,5k-10k,Gold Card with Travel Benefits,3.8849,True
18636,2345,2023-10-09,2023,Q4,10,Oct,2023-10,2023-10-01,Autumn,Loan Payment,Credit Card,Business,Madrid,40.4168,-3.7038,Mobile,EUR,1.0531,2023-10-09,"Frankfurter API v2, provider=ECB, EUR/USD; previous available published rate used for non-publication dates",7052.573958134925,7427.07,40.01,42.13,0.0,0.0,191.28,201.44,231.29,243.57,0.032795,True,True,645,Fair,8398.32,6k-10k,High Income Segment,5k-10k,Exclusive Platinum Package,3.8654,True
6950,6002,2025-02-08,2025,Q1,2,Feb,2025-02,2025-02-01,Winter,Loan Payment,Credit Card,Platinum,Valencia,39.4699,-0.3763,Online,EUR,1.0377,2025-02-07,"Frankfurter API v2, provider=ECB, EUR/USD; previous available published rate used for non-publication dates",3222.201354676867,3343.68,42.5,44.1,0.0,0.0,192.19,199.44,234.69,243.54,0.072836,True,True,543,Poor,9438.7,6k-10k,High Income Segment,1k-5k,Exclusive Platinum Package,3.8648,True
7298,7843,2023-02-12,2023,Q1,2,Feb,2023-02,2023-02-01,Winter,Loan Payment,Loan,Student,Valencia,39.4699,-0.3763,Branch,EUR,1.069,2023-02-10,"Frankfurter API v2, provider=ECB, EUR/USD; previous available published rate used for non-publication dates",9709.766617999248,10379.74,0.0,0.0,81.0,86.59,146.45,156.56,227.45,243.15,0.023425,True,True,753,Very Good,4258.69,3k-6k,Middle Income Segment,10k+,Personal Loan Cashback Offer,3.8741,True
305,1154,2023-07-19,2023,Q3,7,Jul,2023-07,2023-07-01,Summer,Loan Payment,Loan,Standard,Madrid,40.4168,-3.7038,Mobile,EUR,1.1222,2023-07-19,"Frankfurter API v2, provider=ECB, EUR/USD; previous available published rate used for non-publication dates",8533.237584961176,9576.0,0.0,0.0,53.18,59.68,162.95,182.86,216.13,242.54,0.025328,True,True,321,Poor,8622.67,6k-10k,High Income Segment,5k-10k,Premium Investment Services,3.8464,True
10284,9559,2023-07-03,2023,Q3,7,Jul,2023-07,2023-07-01,Summer,Loan Payment,Loan,Platinum,Valencia,39.4699,-0.3763,Online,USD,1.0,2023-07-03,Native USD; no conversion applied,324.3289593480889,324.33,0.0,0.0,86.6,86.6,155.63,155.63,242.23,242.23,0.746863,True,True,668,Fair,2913.82,Under 3k,Low Income Segment,Under 1k,Financial Literacy Program Access,3.8734,True
8411,8678,2023-02-05,2023,Q1,2,Feb,2023-02,2023-02-01,Winter,Loan Payment,Credit Card,Platinum,Barcelona,41.3874,2.1686,Mobile,EUR,1.0937,2023-02-03,"Frankfurter API v2, provider=ECB, EUR/USD; previous available published rate used for non-publication dates",5823.730972354355,6369.41,31.59,34.55,0.0,0.0,189.41,207.16,221.0,241.71,0.037949,True,True,320,Poor,8768.42,6k-10k,High Income Segment,5k-10k,Exclusive Platinum Package,3.8311,True
616,9175,2023-02-11,2023,Q1,2,Feb,2023-02,2023-02-01,Winter,Loan Payment,Loan,Business,Malaga,36.7213,-4.4214,Branch,EUR,1.069,2023-02-10,"Frankfurter API v2, provider=ECB, EUR/USD; previous available published rate used for non-publication dates",7874.907285447565,8418.28,0.0,0.0,71.88,76.84,154.1,164.73,225.98,241.57,0.028696,True,True,758,Very Good,1479.42,Under 3k,Low Income Segment,5k-10k,Financial Literacy Program Access,3.8612,True
1701,7894,2025-01-22,2025,Q1,1,Jan,2025-01,2025-01-01,Winter,Loan Payment,Loan,Business,Barcelona,41.3874,2.1686,Online,USD,1.0,2025-01-22,Native USD; no conversion applied,9730.601348437827,9730.6,0.0,0.0,53.48,53.48,188.01,188.01,241.49,241.49,0.024818,True,True,463,Poor,6668.97,6k-10k,Middle Income Segment,5k-10k,Personal Loan Cashback Offer,3.8433,True
15871,9018,2025-04-08,2025,Q2,4,Apr,2025-04,2025-04-01,Spring,Loan Payment,Credit Card,Student,Valencia,39.4699,-0.3763,Branch,EUR,1.095,2025-04-08,"Frankfurter API v2, provider=ECB, EUR/USD; previous available published rate used for non-publication dates",9068.370605569975,9929.87,32.3,35.37,0.0,0.0,187.9,205.75,220.2,241.12,0.024282,True,True,845,Exceptional,7918.49,6k-10k,High Income Segment,5k-10k,Exclusive Platinum Package,3.8202,True
11584,4221,2024-10-19,2024,Q4,10,Oct,2024-10,2024-10-01,Autumn,Loan Payment,Credit Card,Gold,Murcia,37.9847,-1.1287,Online,EUR,1.0847,2024-10-18,"Frankfurter API v2, provider=ECB, EUR/USD; previous available published rate used for non-publication dates",6557.190760718321,7112.58,38.77,42.05,0.0,0.0,182.73,198.21,221.5,240.26,0.03378,True,True,710,Good,2517.07,Under 3k,Low Income Segment,5k-10k,Financial Literacy Program Access,3.8369,True
17150,7411,2023-09-18,2023,Q3,9,Sep,2023-09,2023-09-01,Autumn,Loan Payment,Loan,Standard,Seville,37.3891,-5.9845,Branch,EUR,1.0663,2023-09-18,"Frankfurter API v2, provider=ECB, EUR/USD; previous available published rate used for non-publication dates",3491.605311026253,3723.1,0.0,0.0,26.75,28.52,198.56,211.72,225.31,240.24,0.064527,True,True,411,Poor,4355.82,3k-6k,Middle Income Segment,1k-5k,Personal Loan Cashback Offer,3.8201,True
6748,4345,2023-07-28,2023,Q3,7,Jul,2023-07,2023-07-01,Summer,Loan Payment,Credit Card,Business,Malaga,36.7213,-4.4214,Mobile,EUR,1.101,2023-07-28,"Frankfurter API v2, provider=ECB, EUR/USD; previous available published rate used for non-publication dates",5044.592561158664,5554.1,33.41,36.78,0.0,0.0,184.68,203.33,218.09,240.11,0.043231,True,True,753,Very Good,5839.14,3k-6k,Middle Income Segment,5k-10k,Gold Card with Travel Benefits,3.8176,True
7624,8310,2025-05-04,2025,Q2,5,May,2025-05,2025-05-01,Spring,Loan Payment,Credit Card,Platinum,Murcia,37.9847,-1.1287,Branch,EUR,1.1343,2025-05-02,"Frankfurter API v2, provider=ECB, EUR/USD; previous available published rate used for non-publication dates",6082.700398070147,6899.61,46.21,52.42,0.0,0.0,164.79,186.92,211.0,239.34,0.034689,True,True,725,Good,3187.29,3k-6k,Middle Income Segment,5k-10k,Gold Card with Travel Benefits,3.8034,True
14973,1422,2023-12-14,2023,Q4,12,Dec,2023-12,2023-12-01,Winter,Loan Payment,Loan,Business,Malaga,36.7213,-4.4214,ATM,EUR,1.0919,2023-12-14,"Frankfurter API v2, provider=ECB, EUR/USD; previous available published rate used for non-publication dates",7180.271412750163,7840.14,0.0,0.0,46.97,51.29,172.14,187.96,219.11,239.25,0.030516,True,True,393,Poor,7493.14,6k-10k,High Income Segment,5k-10k,Premium Investment Services,3.7857,True
6018,1687,2023-07-07,2023,Q3,7,Jul,2023-07,2023-07-01,Summer,Loan Payment,Loan,Student,Madrid,40.4168,-3.7038,ATM,EUR,1.0888,2023-07-07,"Frankfurter API v2, provider=ECB, EUR/USD; previous available published rate used for non-publication dates",7186.256120778407,7824.4,0.0,0.0,98.17,106.89,121.56,132.35,219.73,239.24,0.030576,True,True,762,Very Good,7118.22,6k-10k,High Income Segment,5k-10k,Premium Investment Services,3.7856,True
11183,2507,2024-03-16,2024,Q1,3,Mar,2024-03,2024-03-01,Spring,Loan Payment,Loan,Business,Seville,37.3891,-5.9845,ATM,EUR,1.0892,2024-03-15,"Frankfurter API v2, provider=ECB, EUR/USD; previous available published rate used for non-publication dates",9966.562741319076,10855.58,0.0,0.0,33.52,36.51,185.91,202.49,219.43,239.0,0.022016,True,True,718,Good,9189.8,6k-10k,High Income Segment,10k+,Premium Investment Services,3.7811,True
16697,9069,2024-06-21,2024,Q2,6,Jun,2024-06,2024-06-01,Summer,Loan Payment,Loan,Standard,Madrid,40.4168,-3.7038,Mobile,EUR,1.0688,2024-06-21,"Frankfurter API v2, provider=ECB, EUR/USD; previous available published rate used for non-publication dates",281.5668546815441,300.94,0.0,0.0,88.3,94.38,135.28,144.59,223.58,238.97,0.794079,True,True,478,Poor,6838.32,6k-10k,Middle Income Segment,Under 1k,Personal Loan Cashback Offer,3.7965,True
374,6237,2023-11-28,2023,Q4,11,Nov,2023-11,2023-11-01,Autumn,Loan Payment,Credit Card,Student,Seville,37.3891,-5.9845,Online,EUR,1.0949,2023-11-28,"Frankfurter API v2, provider=ECB, EUR/USD; previous available published rate used for non-publication dates",8269.532676947498,9054.31,44.68,48.92,0.0,0.0,173.4,189.86,218.08,238.78,0.026372,True,True,816,Exceptional,9798.11,6k-10k,High Income Segment,5k-10k,Exclusive Platinum Package,3.7771,True
12823,1710,2025-04-21,2025,Q2,4,Apr,2025-04,2025-04-01,Spring,Loan Payment,Loan,Business,Zaragoza,41.6488,-0.8891,Branch,USD,1.0,2025-04-21,Native USD; no conversion applied,1420.399676985695,1420.4,0.0,0.0,43.48,43.48,195.03,195.03,238.51,238.51,0.167917,True,True,602,Fair,9490.25,6k-10k,High Income Segment,1k-5k,Premium Investment Services,3.7721,True
5775,4151,2025-01-25,2025,Q1,1,Jan,2025-01,2025-01-01,Winter,Loan Payment,Credit Card,Platinum,Murcia,37.9847,-1.1287,Mobile,EUR,1.0472,2025-01-24,"Frankfurter API v2, provider=ECB, EUR/USD; previous available published rate used for non-publication dates",3752.924351727523,3930.06,49.5,51.84,0.0,0.0,177.57,185.95,227.07,237.79,0.060505,True,True,580,Fair,9617.71,6k-10k,High Income Segment,1k-5k,Exclusive Platinum Package,3.7588,True
13126,4205,2025-02-07,2025,Q1,2,Feb,2025-02,2025-02-01,Winter,Loan Payment,Loan,Student,Seville,37.3891,-5.9845,ATM,EUR,1.0377,2025-02-07,"Frankfurter API v2, provider=ECB, EUR/USD; previous available published rate used for non-publication dates",296.3672114650869,307.54,0.0,0.0,57.64,59.81,171.33,177.79,228.97,237.6,0.772582,True,True,479,Poor,9296.16,6k-10k,High Income Segment,Under 1k,Premium Investment Services,3.7553,True
17512,2399,2024-02-26,2024,Q1,2,Feb,2024-02,2024-02-01,Winter,Loan Payment,Credit Card,Business,Malaga,36.7213,-4.4214,ATM,EUR,1.0852,2024-02-26,"Frankfurter API v2, provider=ECB, EUR/USD; previous available published rate used for non-publication dates",6722.269586742094,7295.01,44.62,48.42,0.0,0.0,173.47,188.25,218.09,236.67,0.032443,True,True,497,Poor,6112.16,6k-10k,Middle Income Segment,5k-10k,Gold Card with Travel Benefits,3.7538,True
18270,3025,2023-12-01,2023,Q4,12,Dec,2023-12,2023-12-01,Winter,Loan Payment,Credit Card,Business,Zaragoza,41.6488,-0.8891,Online,EUR,1.0875,2023-12-01,"Frankfurter API v2, provider=ECB, EUR/USD; previous available published rate used for non-publication dates",195.4203866284864,212.52,49.89,54.26,0.0,0.0,167.62,182.29,217.51,236.55,1.113072,True,True,629,Fair,3269.22,3k-6k,Middle Income Segment,Under 1k,Gold Card with Travel Benefits,3.7516,True
11228,2829,2023-09-12,2023,Q3,9,Sep,2023-09,2023-09-01,Autumn,Loan Payment,Loan,Gold,Bilbao,43.263,-2.935,Branch,EUR,1.0713,2023-09-12,"Frankfurter API v2, provider=ECB, EUR/USD; previous available published rate used for non-publication dates",5317.661411229336,5696.81,0.0,0.0,43.03,46.1,177.71,190.38,220.74,236.48,0.041511,True,True,747,Very Good,9364.88,6k-10k,High Income Segment,5k-10k,Premium Investment Services,3.7347,True
13253,6769,2023-02-27,2023,Q1,2,Feb,2023-02,2023-02-01,Winter,Loan Payment,Loan,Platinum,Barcelona,41.3874,2.1686,Mobile,EUR,1.0554,2023-02-27,"Frankfurter API v2, provider=ECB, EUR/USD; previous available published rate used for non-publication dates",6564.541804616028,6928.22,0.0,0.0,34.38,36.28,189.4,199.89,223.78,236.17,0.034088,True,True,430,Poor,4564.56,3k-6k,Middle Income Segment,5k-10k,Personal Loan Cashback Offer,3.7445,True
16219,2654,2023-03-03,2023,Q1,3,Mar,2023-03,2023-03-01,Spring,Loan Payment,Credit Card,Student,Murcia,37.9847,-1.1287,Branch,EUR,1.0615,2023-03-03,"Frankfurter API v2, provider=ECB, EUR/USD; previous available published rate used for non-publication dates",1823.799712196522,1935.96,47.27,50.18,0.0,0.0,175.04,185.8,222.31,235.98,0.121893,True,True,547,Poor,6747.68,6k-10k,Middle Income Segment,1k-5k,Gold Card with Travel Benefits,3.741,True
2700,3151,2023-12-03,2023,Q4,12,Dec,2023-12,2023-12-01,Winter,Loan Payment,Credit Card,Standard,Barcelona,41.3874,2.1686,Mobile,EUR,1.0875,2023-12-01,"Frankfurter API v2, provider=ECB, EUR/USD; previous available published rate used for non-publication dates",760.4561478962062,827.0,30.21,32.85,0.0,0.0,186.6,202.93,216.81,235.78,0.285103,True,True,688,Good,2961.93,Under 3k,Low Income Segment,Under 1k,Financial Literacy Program Access,3.7538,True
3679,3561,2023-02-20,2023,Q1,2,Feb,2023-02,2023-02-01,Winter,Loan Payment,Loan,Business,Murcia,37.9847,-1.1287,Mobile,EUR,1.0674,2023-02-20,"Frankfurter API v2, provider=ECB, EUR/USD; previous available published rate used for non-publication dates",9374.784381704616,10006.64,0.0,0.0,24.61,26.27,196.07,209.29,220.68,235.56,0.02354,True,True,361,Poor,8285.53,6k-10k,High Income Segment,10k+,Premium Investment Services,3.7177,True
1422,2763,2023-01-19,2023,Q1,1,Jan,2023-01,2023-01-01,Winter,Loan Payment,Loan,Gold,Murcia,37.9847,-1.1287,Mobile,USD,1.0,2023-01-19,Native USD; no conversion applied,140.1688152092407,140.17,0.0,0.0,97.38,97.38,137.99,137.99,235.37,235.37,1.679175,True,True,721,Good,5654.59,3k-6k,Middle Income Segment,Under 1k,Personal Loan Cashback Offer,3.7296,True
19826,9614,2023-08-10,2023,Q3,8,Aug,2023-08,2023-08-01,Summer,Loan Payment,Credit Card,Gold,Bilbao,43.263,-2.935,Branch,EUR,1.1019,2023-08-10,"Frankfurter API v2, provider=ECB, EUR/USD; previous available published rate used for non-publication dates",1868.862113778055,2059.3,46.26,50.97,0.0,0.0,166.93,183.94,213.19,234.91,0.114073,True,True,516,Poor,4631.55,3k-6k,Middle Income Segment,1k-5k,Gold Card with Travel Benefits,3.7211,True
1238,9623,2024-01-23,2024,Q1,1,Jan,2024-01,2024-01-01,Winter,Loan Payment,Credit Card,Platinum,Barcelona,41.3874,2.1686,Branch,EUR,1.0872,2024-01-23,"Frankfurter API v2, provider=ECB, EUR/USD; previous available published rate used for non-publication dates",3502.190771927001,3807.58,46.12,50.14,0.0,0.0,169.52,184.3,215.64,234.44,0.061572,True,True,638,Fair,9761.8,6k-10k,High Income Segment,1k-5k,Exclusive Platinum Package,3.6971,True
9282,6044,2023-06-02,2023,Q2,6,Jun,2023-06,2023-06-01,Summer,Loan Payment,Credit Card,Gold,Valencia,39.4699,-0.3763,Branch,EUR,1.0763,2023-06-02,"Frankfurter API v2, provider=ECB, EUR/USD; previous available published rate used for non-publication dates",7134.8835108392,7679.28,49.28,53.04,0.0,0.0,168.17,181.0,217.45,234.04,0.030477,True,True,723,Good,8499.01,6k-10k,High Income Segment,5k-10k,Exclusive Platinum Package,3.6897,True
7530,4416,2025-01-15,2025,Q1,1,Jan,2025-01,2025-01-01,Winter,Loan Payment,Loan,Platinum,Barcelona,41.3874,2.1686,Branch,EUR,1.03,2025-01-15,"Frankfurter API v2, provider=ECB, EUR/USD; previous available published rate used for non-publication dates",5017.954186362594,5168.49,0.0,0.0,61.35,63.19,165.75,170.72,227.1,233.91,0.045257,True,True,744,Very Good,6350.53,6k-10k,Middle Income Segment,5k-10k,Personal Loan Cashback Offer,3.7025,True
19983,3019,2023-01-07,2023,Q1,1,Jan,2023-01,2023-01-01,Winter,Loan Payment,Credit Card,Gold,Madrid,40.4168,-3.7038,Branch,EUR,1.05,2023-01-06,"Frankfurter API v2, provider=ECB, EUR/USD; previous available published rate used for non-publication dates",1276.027927223876,1339.83,38.72,40.66,0.0,0.0,183.94,193.14,222.66,233.8,0.1745,True,True,588,Fair,9980.41,6k-10k,High Income Segment,1k-5k,Exclusive Platinum Package,3.6853,True
18387,8043,2023-06-19,2023,Q2,6,Jun,2023-06,2023-06-01,Summer,Loan Payment,Credit Card,Student,Barcelona,41.3874,2.1686,Branch,EUR,1.0922,2023-06-19,"Frankfurter API v2, provider=ECB, EUR/USD; previous available published rate used for non-publication dates",4076.489414526979,4452.34,20.43,22.31,0.0,0.0,193.12,210.93,213.55,233.24,0.052386,True,True,419,Poor,4582.57,3k-6k,Middle Income Segment,1k-5k,Gold Card with Travel Benefits,3.6901,True
17653,7671,2025-03-31,2025,Q1,3,Mar,2025-03,2025-03-01,Spring,Loan Payment,Credit Card,Business,Valencia,39.4699,-0.3763,Online,EUR,1.0815,2025-03-31,"Frankfurter API v2, provider=ECB, EUR/USD; previous available published rate used for non-publication dates",110.1862283082186,119.17,18.39,19.89,0.0,0.0,197.08,213.14,215.47,233.03,1.955442,True,True,714,Good,7522.93,6k-10k,High Income Segment,Under 1k,Exclusive Platinum Package,3.6711,True
6836,7054,2023-06-24,2023,Q2,6,Jun,2023-06,2023-06-01,Summer,Loan Payment,Credit Card,Gold,Bilbao,43.263,-2.935,Online,EUR,1.0884,2023-06-23,"Frankfurter API v2, provider=ECB, EUR/USD; previous available published rate used for non-publication dates",4283.158284293899,4661.79,41.37,45.03,0.0,0.0,172.71,187.98,214.08,233.01,0.049983,True,True,501,Poor,3179.63,3k-6k,Middle Income Segment,1k-5k,Gold Card with Travel Benefits,3.6858,True
7667,1032,2023-09-07,2023,Q3,9,Sep,2023-09,2023-09-01,Autumn,Loan Payment,Credit Card,Business,Valencia,39.4699,-0.3763,Mobile,USD,1.0,2023-09-07,Native USD; no conversion applied,6736.667645159289,6736.67,40.98,40.98,0.0,0.0,191.27,191.27,232.25,232.25,0.034475,True,True,477,Poor,6524.26,6k-10k,Middle Income Segment,5k-10k,Gold Card with Travel Benefits,3.6717,True
7173,3762,2024-02-13,2024,Q1,2,Feb,2024-02,2024-02-01,Winter,Loan Payment,Credit Card,Standard,Valencia,39.4699,-0.3763,ATM,EUR,1.0793,2024-02-13,"Frankfurter API v2, provider=ECB, EUR/USD; previous available published rate used for non-publication dates",8157.086970721906,8803.94,33.23,35.87,0.0,0.0,181.83,196.25,215.06,232.12,0.026365,True,True,780,Very Good,2946.34,Under 3k,Low Income Segment,5k-10k,Financial Literacy Program Access,3.6859,True
6386,2164,2024-06-26,2024,Q2,6,Jun,2024-06,2024-06-01,Summer,Loan Payment,Loan,Standard,Zaragoza,41.6488,-0.8891,Branch,EUR,1.0689,2024-06-26,"Frankfurter API v2, provider=ECB, EUR/USD; previous available published rate used for non-publication dates",2930.346479074502,3132.25,0.0,0.0,35.62,38.07,181.53,194.04,217.15,232.11,0.074103,True,True,679,Good,2212.21,Under 3k,Low Income Segment,1k-5k,Financial Literacy Program Access,3.6857,True
14123,4625,2023-02-06,2023,Q1,2,Feb,2023-02,2023-02-01,Winter,Loan Payment,Loan,Business,Valencia,39.4699,-0.3763,ATM,EUR,1.0776,2023-02-06,"Frankfurter API v2, provider=ECB, EUR/USD; previous available published rate used for non-publication dates",11813.45357196074,12730.18,0.0,0.0,72.3,77.91,142.74,153.82,215.04,231.73,0.018203,True,True,317,Poor,1579.25,Under 3k,Low Income Segment,10k+,Financial Literacy Program Access,3.6787,True
17073,6274,2024-08-19,2024,Q3,8,Aug,2024-08,2024-08-01,Summer,Loan Payment,Loan,Student,Barcelona,41.3874,2.1686,ATM,EUR,1.1041,2024-08-19,"Frankfurter API v2, provider=ECB, EUR/USD; previous available published rate used for non-publication dates",3376.790798293517,3728.31,0.0,0.0,39.35,43.45,170.09,187.8,209.44,231.25,0.062025,True,True,512,Poor,1187.17,Under 3k,Low Income Segment,1k-5k,Financial Literacy Program Access,3.6698,True
15403,7282,2025-05-19,2025,Q2,5,May,2025-05,2025-05-01,Spring,Loan Payment,Credit Card,Platinum,Valencia,39.4699,-0.3763,Branch,EUR,1.1262,2025-05-19,"Frankfurter API v2, provider=ECB, EUR/USD; previous available published rate used for non-publication dates",8431.295645767854,9495.33,24.23,27.29,0.0,0.0,180.57,203.36,204.8,230.65,0.024291,True,True,346,Poor,4970.62,3k-6k,Middle Income Segment,5k-10k,Gold Card with Travel Benefits,3.642,True
18951,8566,2025-04-02,2025,Q2,4,Apr,2025-04,2025-04-01,Spring,Loan Payment,Loan,Standard,Seville,37.3891,-5.9845,ATM,EUR,1.0803,2025-04-02,"Frankfurter API v2, provider=ECB, EUR/USD; previous available published rate used for non-publication dates",4111.56891384427,4441.73,0.0,0.0,17.71,19.13,195.27,210.95,212.98,230.08,0.0518,True,True,688,Good,2918.69,Under 3k,Low Income Segment,1k-5k,Financial Literacy Program Access,3.6481,True
2287,3274,2025-01-11,2025,Q1,1,Jan,2025-01,2025-01-01,Winter,Loan Payment,Loan,Student,Murcia,37.9847,-1.1287,Online,EUR,1.0304,2025-01-10,"Frankfurter API v2, provider=ECB, EUR/USD; previous available published rate used for non-publication dates",1517.073819533232,1563.19,0.0,0.0,82.15,84.65,141.04,145.33,223.19,229.98,0.147122,True,True,696,Good,2708.93,Under 3k,Low Income Segment,1k-5k,Financial Literacy Program Access,3.6462,True
14150,8082,2025-02-14,2025,Q1,2,Feb,2025-02,2025-02-01,Winter,Loan Payment,Loan,Platinum,Seville,37.3891,-5.9845,ATM,EUR,1.0478,2025-02-14,"Frankfurter API v2, provider=ECB, EUR/USD; previous available published rate used for non-publication dates",5246.751312579325,5497.55,0.0,0.0,82.84,86.8,136.4,142.92,219.24,229.72,0.041786,True,True,599,Fair,5752.27,3k-6k,Middle Income Segment,5k-10k,Personal Loan Cashback Offer,3.6247,True
14518,9560,2024-01-16,2024,Q1,1,Jan,2024-01,2024-01-01,Winter,Loan Payment,Loan,Gold,Barcelona,41.3874,2.1686,Mobile,EUR,1.0882,2024-01-16,"Frankfurter API v2, provider=ECB, EUR/USD; previous available published rate used for non-publication dates",4783.457929471663,5205.36,0.0,0.0,51.54,56.09,159.5,173.57,211.04,229.66,0.04412,True,True,782,Very Good,4154.83,3k-6k,Middle Income Segment,5k-10k,Personal Loan Cashback Offer,3.6236,True
1600,3740,2024-05-30,2024,Q2,5,May,2024-05,2024-05-01,Spring,Loan Payment,Loan,Student,Malaga,36.7213,-4.4214,Branch,EUR,1.0815,2024-05-30,"Frankfurter API v2, provider=ECB, EUR/USD; previous available published rate used for non-publication dates",5085.387691137275,5499.85,0.0,0.0,55.16,59.66,157.05,169.85,212.21,229.51,0.04173,True,True,668,Fair,1747.7,Under 3k,Low Income Segment,5k-10k,Financial Literacy Program Access,3.6375,True
4153,5006,2024-05-09,2024,Q2,5,May,2024-05,2024-05-01,Spring,Loan Payment,Loan,Business,Barcelona,41.3874,2.1686,Online,EUR,1.0732,2024-05-09,"Frankfurter API v2, provider=ECB, EUR/USD; previous available published rate used for non-publication dates",9590.370451195098,10292.39,0.0,0.0,30.71,32.96,183.11,196.51,213.82,229.47,0.022295,True,True,797,Very Good,6527.01,6k-10k,Middle Income Segment,10k+,Personal Loan Cashback Offer,3.6201,True
19257,3396,2024-11-14,2024,Q4,11,Nov,2024-11,2024-11-01,Autumn,Loan Payment,Loan,Student,Valencia,39.4699,-0.3763,Branch,EUR,1.0533,2024-11-14,"Frankfurter API v2, provider=ECB, EUR/USD; previous available published rate used for non-publication dates",3087.550604272855,3252.12,0.0,0.0,25.74,27.11,192.05,202.29,217.79,229.4,0.070539,True,True,426,Poor,9350.14,6k-10k,High Income Segment,1k-5k,Premium Investment Services,3.6041,True
5749,8334,2024-07-05,2024,Q3,7,Jul,2024-07,2024-07-01,Summer,Loan Payment,Credit Card,Gold,Madrid,40.4168,-3.7038,Mobile,EUR,1.0824,2024-07-05,"Frankfurter API v2, provider=ECB, EUR/USD; previous available published rate used for non-publication dates",3109.755648451276,3366.0,25.29,27.37,0.0,0.0,186.55,201.92,211.84,229.29,0.068119,True,True,839,Exceptional,7151.54,6k-10k,High Income Segment,1k-5k,Exclusive Platinum Package,3.6021,True
12986,5812,2023-10-20,2023,Q4,10,Oct,2023-10,2023-10-01,Autumn,Loan Payment,Credit Card,Business,Bilbao,43.263,-2.935,Online,EUR,1.0591,2023-10-20,"Frankfurter API v2, provider=ECB, EUR/USD; previous available published rate used for non-publication dates",6292.411248929286,6664.29,39.44,41.77,0.0,0.0,176.98,187.44,216.42,229.21,0.034394,True,True,331,Poor,2848.16,Under 3k,Low Income Segment,5k-10k,Financial Literacy Program Access,3.6319,True
5605,3276,2024-11-24,2024,Q4,11,Nov,2024-11,2024-11-01,Autumn,Loan Payment,Credit Card,Business,Seville,37.3891,-5.9845,Branch,USD,1.0,2024-11-24,Native USD; no conversion applied,1405.082263335606,1405.08,39.36,39.36,0.0,0.0,189.75,189.75,229.11,229.11,0.163058,True,True,735,Good,2549.54,Under 3k,Low Income Segment,1k-5k,Financial Literacy Program Access,3.6301,True
2052,1646,2023-05-11,2023,Q2,5,May,2023-05,2023-05-01,Spring,Loan Payment,Loan,Gold,Bilbao,43.263,-2.935,Mobile,EUR,1.093,2023-05-11,"Frankfurter API v2, provider=ECB, EUR/USD; previous available published rate used for non-publication dates",8061.600376552724,8811.33,0.0,0.0,56.11,61.33,153.48,167.75,209.59,229.08,0.025998,True,True,383,Poor,5005.86,3k-6k,Middle Income Segment,5k-10k,Personal Loan Cashback Offer,3.6129,True
2132,7643,2024-10-13,2024,Q4,10,Oct,2024-10,2024-10-01,Autumn,Loan Payment,Credit Card,Platinum,Madrid,40.4168,-3.7038,Mobile,EUR,1.0938,2024-10-11,"Frankfurter API v2, provider=ECB, EUR/USD; previous available published rate used for non-publication dates",6295.071759723768,6885.55,27.56,30.15,0.0,0.0,181.72,198.77,209.28,228.92,0.033246,True,True,416,Poor,5390.99,3k-6k,Middle Income Segment,5k-10k,Gold Card with Travel Benefits,3.6099,True
19377,1569,2024-06-22,2024,Q2,6,Jun,2024-06,2024-06-01,Summer,Loan Payment,Loan,Standard,Madrid,40.4168,-3.7038,Online,EUR,1.0688,2024-06-21,"Frankfurter API v2, provider=ECB, EUR/USD; previous available published rate used for non-publication dates",2294.998948358155,2452.89,0.0,0.0,34.92,37.32,179.04,191.36,213.96,228.68,0.093229,True,True,310,Poor,1654.29,Under 3k,Low Income Segment,1k-5k,Financial Literacy Program Access,3.6221,True
11906,3093,2024-09-17,2024,Q3,9,Sep,2024-09,2024-09-01,Autumn,Loan Payment,Loan,Student,Madrid,40.4168,-3.7038,Branch,EUR,1.1139,2024-09-17,"Frankfurter API v2, provider=ECB, EUR/USD; previous available published rate used for non-publication dates",8673.009075156093,9660.86,0.0,0.0,59.09,65.82,146.02,162.65,205.11,228.47,0.023649,True,True,492,Poor,7269.0,6k-10k,High Income Segment,5k-10k,Premium Investment Services,3.587,True
4320,8381,2024-06-22,2024,Q2,6,Jun,2024-06,2024-06-01,Summer,Loan Payment,Loan,Student,Seville,37.3891,-5.9845,Mobile,USD,1.0,2024-06-22,Native USD; no conversion applied,12011.85533458174,12011.86,0.0,0.0,72.51,72.51,155.86,155.86,228.37,228.37,0.019012,True,True,392,Poor,4135.52,3k-6k,Middle Income Segment,10k+,Personal Loan Cashback Offer,3.5997,True
2609,4243,2024-10-11,2024,Q4,10,Oct,2024-10,2024-10-01,Autumn,Loan Payment,Credit Card,Gold,Valencia,39.4699,-0.3763,ATM,EUR,1.0938,2024-10-11,"Frankfurter API v2, provider=ECB, EUR/USD; previous available published rate used for non-publication dates",4726.01595609886,5169.32,23.0,25.16,0.0,0.0,185.65,203.06,208.65,228.22,0.044149,True,True,587,Fair,2658.48,Under 3k,Low Income Segment,5k-10k,Financial Literacy Program Access,3.6136,True
11689,2976,2024-01-11,2024,Q1,1,Jan,2024-01,2024-01-01,Winter,Loan Payment,Credit Card,Gold,Seville,37.3891,-5.9845,ATM,EUR,1.0987,2024-01-11,"Frankfurter API v2, provider=ECB, EUR/USD; previous available published rate used for non-publication dates",6473.824828728001,7112.79,7.91,8.69,0.0,0.0,199.74,219.45,207.65,228.14,0.032075,True,True,585,Fair,2377.1,Under 3k,Low Income Segment,5k-10k,Financial Literacy Program Access,3.6121,True
16414,6625,2024-07-01,2024,Q3,7,Jul,2024-07,2024-07-01,Summer,Loan Payment,Loan,Platinum,Malaga,36.7213,-4.4214,Mobile,EUR,1.0745,2024-07-01,"Frankfurter API v2, provider=ECB, EUR/USD; previous available published rate used for non-publication dates",1697.29796274894,1823.75,0.0,0.0,67.42,72.44,144.82,155.61,212.24,228.05,0.125045,True,True,322,Poor,8216.37,6k-10k,High Income Segment,1k-5k,Premium Investment Services,3.5792,True
5175,3925,2024-03-06,2024,Q1,3,Mar,2024-03,2024-03-01,Spring,Loan Payment,Loan,Standard,Malaga,36.7213,-4.4214,ATM,EUR,1.0874,2024-03-06,"Frankfurter API v2, provider=ECB, EUR/USD; previous available published rate used for non-publication dates",5932.087296660222,6450.55,0.0,0.0,57.98,63.05,151.44,164.68,209.42,227.73,0.035304,True,True,792,Very Good,7120.22,6k-10k,High Income Segment,5k-10k,Premium Investment Services,3.5733,True
3478,4074,2025-01-08,2025,Q1,1,Jan,2025-01,2025-01-01,Winter,Loan Payment,Loan,Platinum,Barcelona,41.3874,2.1686,Online,EUR,1.0286,2025-01-08,"Frankfurter API v2, provider=ECB, EUR/USD; previous available published rate used for non-publication dates",11413.26036769029,11739.68,0.0,0.0,67.18,69.1,154.09,158.5,221.27,227.6,0.019387,True,True,300,Poor,5349.73,3k-6k,Middle Income Segment,10k+,Personal Loan Cashback Offer,3.5854,True
2750,9016,2024-06-14,2024,Q2,6,Jun,2024-06,2024-06-01,Summer,Loan Payment,Loan,Platinum,Murcia,37.9847,-1.1287,Online,EUR,1.0686,2024-06-14,"Frankfurter API v2, provider=ECB, EUR/USD; previous available published rate used for non-publication dates",2158.704052038566,2306.79,0.0,0.0,27.76,29.66,185.17,197.87,212.93,227.53,0.098635,True,True,612,Fair,7527.14,6k-10k,High Income Segment,1k-5k,Premium Investment Services,3.5697,True
3496,9468,2023-04-19,2023,Q2,4,Apr,2023-04,2023-04-01,Spring,Loan Payment,Credit Card,Standard,Murcia,37.9847,-1.1287,ATM,EUR,1.0933,2023-04-19,"Frankfurter API v2, provider=ECB, EUR/USD; previous available published rate used for non-publication dates",3006.250040998318,3286.73,46.05,50.35,0.0,0.0,161.98,177.09,208.03,227.44,0.069199,True,True,340,Poor,9166.54,6k-10k,High Income Segment,1k-5k,Exclusive Platinum Package,3.568,True
16752,1135,2024-07-03,2024,Q3,7,Jul,2024-07,2024-07-01,Summer,Loan Payment,Loan,Student,Barcelona,41.3874,2.1686,ATM,USD,1.0,2024-07-03,Native USD; no conversion applied,10836.44377814645,10836.44,0.0,0.0,84.15,84.15,142.88,142.88,227.03,227.03,0.020951,True,True,496,Poor,1149.18,Under 3k,Low Income Segment,10k+,Financial Literacy Program Access,3.5915,True
10638,5549,2025-04-14,2025,Q2,4,Apr,2025-04,2025-04-01,Spring,Loan Payment,Savings Account,Student,Zaragoza,41.6488,-0.8891,ATM,EUR,1.1377,2025-04-14,"Frankfurter API v2, provider=ECB, EUR/USD; previous available published rate used for non-publication dates",2095.430525754069,2383.97,0.0,0.0,0.0,0.0,199.33,226.78,199.33,226.78,0.095127,True,True,772,Very Good,7235.6,6k-10k,High Income Segment,1k-5k,Premium Investment Services,3.5558,True
19370,3063,2023-06-07,2023,Q2,6,Jun,2023-06,2023-06-01,Summer,Loan Payment,Loan,Business,Seville,37.3891,-5.9845,ATM,EUR,1.0717,2023-06-07,"Frankfurter API v2, provider=ECB, EUR/USD; previous available published rate used for non-publication dates",4426.684899422738,4744.08,0.0,0.0,34.23,36.68,177.17,189.87,211.4,226.55,0.047754,True,True,811,Exceptional,5394.66,3k-6k,Middle Income Segment,1k-5k,Personal Loan Cashback Offer,3.5659,True
4921,2985,2024-03-16,2024,Q1,3,Mar,2024-03,2024-03-01,Spring,Loan Payment,Credit Card,Platinum,Seville,37.3891,-5.9845,Branch,EUR,1.0892,2024-03-15,"Frankfurter API v2, provider=ECB, EUR/USD; previous available published rate used for non-publication dates",1625.161281261475,1770.13,47.8,52.06,0.0,0.0,160.15,174.44,207.95,226.5,0.127957,True,True,568,Poor,1665.06,Under 3k,Low Income Segment,1k-5k,Financial Literacy Program Access,3.5817,True
2434,3990,2023-07-31,2023,Q3,7,Jul,2023-07,2023-07-01,Summer,Loan Payment,Credit Card,Student,Malaga,36.7213,-4.4214,Mobile,EUR,1.1023,2023-07-31,"Frankfurter API v2, provider=ECB, EUR/USD; previous available published rate used for non-publication dates",4731.943417648331,5216.02,8.89,9.8,0.0,0.0,196.51,216.61,205.4,226.41,0.043407,True,True,684,Good,2535.86,Under 3k,Low Income Segment,5k-10k,Financial Literacy Program Access,3.58,True
13967,9239,2023-07-15,2023,Q3,7,Jul,2023-07,2023-07-01,Summer,Loan Payment,Credit Card,Platinum,Barcelona,41.3874,2.1686,Online,EUR,1.1221,2023-07-14,"Frankfurter API v2, provider=ECB, EUR/USD; previous available published rate used for non-publication dates",4186.499579620856,4697.67,14.61,16.39,0.0,0.0,187.12,209.97,201.73,226.36,0.048186,True,True,663,Fair,7543.56,6k-10k,High Income Segment,1k-5k,Exclusive Platinum Package,3.5481,True
5168,9456,2023-09-30,2023,Q3,9,Sep,2023-09,2023-09-01,Autumn,Loan Payment,Loan,Gold,Malaga,36.7213,-4.4214,Branch,USD,1.0,2023-09-30,Native USD; no conversion applied,12000.60607011371,12000.61,0.0,0.0,80.17,80.17,146.09,146.09,226.26,226.26,0.018854,True,True,590,Fair,5876.69,3k-6k,Middle Income Segment,10k+,Personal Loan Cashback Offer,3.5605,True
3572,6388,2025-05-02,2025,Q2,5,May,2025-05,2025-05-01,Spring,Loan Payment,Mortgage,Platinum,Barcelona,41.3874,2.1686,ATM,EUR,1.1343,2025-05-02,"Frankfurter API v2, provider=ECB, EUR/USD; previous available published rate used for non-publication dates",5985.665904690944,6789.54,0.0,0.0,0.0,0.0,199.4,226.18,199.4,226.18,0.033313,True,True,389,Poor,8750.96,6k-10k,High Income Segment,5k-10k,Exclusive Platinum Package,3.5448,True
14008,4364,2024-04-12,2024,Q2,4,Apr,2024-04,2024-04-01,Spring,Loan Payment,Credit Card,Standard,Barcelona,41.3874,2.1686,Online,EUR,1.0652,2024-04-12,"Frankfurter API v2, provider=ECB, EUR/USD; previous available published rate used for non-publication dates",7510.6317541113,8000.32,42.58,45.36,0.0,0.0,169.66,180.72,212.24,226.08,0.028259,True,True,709,Good,2968.99,Under 3k,Low Income Segment,5k-10k,Financial Literacy Program Access,3.5739,True
13412,3821,2025-04-19,2025,Q2,4,Apr,2025-04,2025-04-01,Spring,Loan Payment,Mortgage,Platinum,Valencia,39.4699,-0.3763,Mobile,EUR,1.136,2025-04-17,"Frankfurter API v2, provider=ECB, EUR/USD; previous available published rate used for non-publication dates",3579.852113413519,4066.71,0.0,0.0,0.0,0.0,198.93,225.98,198.93,225.98,0.055568,True,True,481,Poor,5563.43,3k-6k,Middle Income Segment,1k-5k,Mid-tier Savings Booster,3.5553,True
19524,7022,2024-06-22,2024,Q2,6,Jun,2024-06,2024-06-01,Summer,Loan Payment,Credit Card,Standard,Barcelona,41.3874,2.1686,Branch,EUR,1.0688,2024-06-21,"Frankfurter API v2, provider=ECB, EUR/USD; previous available published rate used for non-publication dates",9754.224857034154,10425.32,37.18,39.74,0.0,0.0,173.92,185.89,211.1,225.63,0.021643,True,True,790,Very Good,6615.93,6k-10k,Middle Income Segment,10k+,Gold Card with Travel Benefits,3.5488,True
15241,1295,2023-11-22,2023,Q4,11,Nov,2023-11,2023-11-01,Autumn,Loan Payment,Credit Card,Platinum,Malaga,36.7213,-4.4214,Branch,EUR,1.0911,2023-11-22,"Frankfurter API v2, provider=ECB, EUR/USD; previous available published rate used for non-publication dates",2987.959029286257,3260.16,27.14,29.61,0.0,0.0,179.54,195.9,206.68,225.51,0.069171,True,True,317,Poor,9990.4,6k-10k,High Income Segment,1k-5k,Exclusive Platinum Package,3.5324,True
7520,2861,2024-01-28,2024,Q1,1,Jan,2024-01,2024-01-01,Winter,Loan Payment,Credit Card,Standard,Bilbao,43.263,-2.935,Branch,EUR,1.0871,2024-01-26,"Frankfurter API v2, provider=ECB, EUR/USD; previous available published rate used for non-publication dates",8405.013320382663,9137.09,13.37,14.53,0.0,0.0,193.98,210.88,207.35,225.41,0.02467,True,True,377,Poor,5039.18,3k-6k,Middle Income Segment,5k-10k,Gold Card with Travel Benefits,3.5447,True
254,9050,2023-12-30,2023,Q4,12,Dec,2023-12,2023-12-01,Winter,Loan Payment,Loan,Business,Madrid,40.4168,-3.7038,Branch,EUR,1.105,2023-12-29,"Frankfurter API v2, provider=ECB, EUR/USD; previous available published rate used for non-publication dates",7820.796585059411,8641.98,0.0,0.0,57.71,63.77,145.62,160.91,203.33,224.68,0.025999,True,True,403,Poor,3917.05,3k-6k,Middle Income Segment,5k-10k,Personal Loan Cashback Offer,3.5312,True
10936,3745,2024-06-20,2024,Q2,6,Jun,2024-06,2024-06-01,Summer,Loan Payment,Loan,Student,Barcelona,41.3874,2.1686,Online,EUR,1.0719,2024-06-20,"Frankfurter API v2, provider=ECB, EUR/USD; previous available published rate used for non-publication dates",7238.14428436769,7758.57,0.0,0.0,49.15,52.68,160.42,171.95,209.57,224.63,0.028953,True,True,599,Fair,4020.85,3k-6k,Middle Income Segment,5k-10k,Personal Loan Cashback Offer,3.5302,True
3749,5804,2025-05-11,2025,Q2,5,May,2025-05,2025-05-01,Spring,Loan Payment,Mortgage,Platinum,Bilbao,43.263,-2.935,Online,EUR,1.1252,2025-05-09,"Frankfurter API v2, provider=ECB, EUR/USD; previous available published rate used for non-publication dates",12053.62400626186,13562.74,0.0,0.0,0.0,0.0,199.62,224.61,199.62,224.61,0.016561,True,True,764,Very Good,3867.59,3k-6k,Middle Income Segment,10k+,Mid-tier Savings Booster,3.5299,True
18727,9762,2025-03-27,2025,Q1,3,Mar,2025-03,2025-03-01,Spring,Loan Payment,Credit Card,Student,Seville,37.3891,-5.9845,Mobile,EUR,1.0785,2025-03-27,"Frankfurter API v2, provider=ECB, EUR/USD; previous available published rate used for non-publication dates",1817.960282254222,1960.67,7.91,8.53,0.0,0.0,199.88,215.57,207.79,224.1,0.114298,True,True,557,Poor,5088.19,3k-6k,Middle Income Segment,1k-5k,Gold Card with Travel Benefits,3.5204,True
4867,6296,2023-10-02,2023,Q4,10,Oct,2023-10,2023-10-01,Autumn,Loan Payment,Loan,Student,Barcelona,41.3874,2.1686,Online,EUR,1.053,2023-10-02,"Frankfurter API v2, provider=ECB, EUR/USD; previous available published rate used for non-publication dates",590.8843783322309,622.2,0.0,0.0,85.86,90.41,126.61,133.32,212.47,223.73,0.359579,True,True,583,Fair,1285.77,Under 3k,Low Income Segment,Under 1k,Financial Literacy Program Access,3.5303,True
5699,1877,2025-05-17,2025,Q2,5,May,2025-05,2025-05-01,Spring,Loan Payment,Credit Card,Standard,Barcelona,41.3874,2.1686,Online,USD,1.0,2025-05-17,Native USD; no conversion applied,973.9523578636706,973.95,40.19,40.19,0.0,0.0,183.33,183.33,223.52,223.52,0.229498,True,True,697,Good,9555.87,6k-10k,High Income Segment,Under 1k,Exclusive Platinum Package,3.4957,True
2786,7144,2023-05-24,2023,Q2,5,May,2023-05,2023-05-01,Spring,Loan Payment,Loan,Standard,Valencia,39.4699,-0.3763,Branch,EUR,1.0785,2023-05-24,"Frankfurter API v2, provider=ECB, EUR/USD; previous available published rate used for non-publication dates",9411.226535362082,10150.01,0.0,0.0,41.37,44.62,165.3,178.28,206.67,222.9,0.021961,True,True,304,Poor,5425.8,3k-6k,Middle Income Segment,10k+,Personal Loan Cashback Offer,3.4981,True
16513,2717,2023-07-15,2023,Q3,7,Jul,2023-07,2023-07-01,Summer,Loan Payment,Savings Account,Platinum,Seville,37.3891,-5.9845,ATM,EUR,1.1221,2023-07-14,"Frankfurter API v2, provider=ECB, EUR/USD; previous available published rate used for non-publication dates",4217.053371922942,4731.96,0.0,0.0,0.0,0.0,198.24,222.45,198.24,222.45,0.04701,True,True,539,Poor,7773.98,6k-10k,High Income Segment,1k-5k,Premium Investment Services,3.476,True
7933,1906,2025-03-20,2025,Q1,3,Mar,2025-03,2025-03-01,Spring,Loan Payment,Loan,Student,Zaragoza,41.6488,-0.8891,Mobile,EUR,1.0833,2025-03-20,"Frankfurter API v2, provider=ECB, EUR/USD; previous available published rate used for non-publication dates",2415.500175358392,2616.71,0.0,0.0,45.57,49.37,159.74,173.05,205.31,222.42,0.085,True,True,612,Fair,7326.24,6k-10k,High Income Segment,1k-5k,Premium Investment Services,3.4754,True
221,4108,2024-08-31,2024,Q3,8,Aug,2024-08,2024-08-01,Summer,Loan Payment,Credit Card,Platinum,Seville,37.3891,-5.9845,Online,EUR,1.1087,2024-08-30,"Frankfurter API v2, provider=ECB, EUR/USD; previous available published rate used for non-publication dates",1225.996630482062,1359.26,32.89,36.47,0.0,0.0,167.57,185.78,200.46,222.25,0.163508,True,True,524,Poor,6226.84,6k-10k,Middle Income Segment,1k-5k,Gold Card with Travel Benefits,3.4861,True
19165,6446,2023-07-23,2023,Q3,7,Jul,2023-07,2023-07-01,Summer,Loan Payment,Checking Account,Standard,Malaga,36.7213,-4.4214,ATM,EUR,1.1123,2023-07-21,"Frankfurter API v2, provider=ECB, EUR/USD; previous available published rate used for non-publication dates",3404.253276686242,3786.55,0.0,0.0,0.0,0.0,199.67,222.09,199.67,222.09,0.058652,True,True,423,Poor,8180.17,6k-10k,High Income Segment,1k-5k,Premium Investment Services,3.4694,True
12908,6869,2025-04-29,2025,Q2,4,Apr,2025-04,2025-04-01,Spring,Loan Payment,Loan,Student,Madrid,40.4168,-3.7038,ATM,EUR,1.1373,2025-04-29,"Frankfurter API v2, provider=ECB, EUR/USD; previous available published rate used for non-publication dates",5702.172693840706,6485.08,0.0,0.0,58.66,66.71,136.51,155.25,195.17,221.96,0.034226,True,True,553,Poor,7866.36,6k-10k,High Income Segment,5k-10k,Premium Investment Services,3.467,True
3754,4521,2025-05-15,2025,Q2,5,May,2025-05,2025-05-01,Spring,Loan Payment,Checking Account,Student,Murcia,37.9847,-1.1287,Mobile,EUR,1.1185,2025-05-15,"Frankfurter API v2, provider=ECB, EUR/USD; previous available published rate used for non-publication dates",957.847826160156,1071.35,0.0,0.0,0.0,0.0,198.4,221.91,198.4,221.91,0.207131,True,True,676,Good,2336.51,Under 3k,Low Income Segment,1k-5k,Financial Literacy Program Access,3.4965,True
13069,6642,2024-06-15,2024,Q2,6,Jun,2024-06,2024-06-01,Summer,Loan Payment,Credit Card,Platinum,Madrid,40.4168,-3.7038,Branch,EUR,1.0686,2024-06-14,"Frankfurter API v2, provider=ECB, EUR/USD; previous available published rate used for non-publication dates",475.1065838983668,507.7,32.28,34.49,0.0,0.0,175.38,187.41,207.66,221.9,0.437069,True,True,499,Poor,6639.51,6k-10k,Middle Income Segment,Under 1k,Gold Card with Travel Benefits,3.4796,True
18742,9115,2024-05-12,2024,Q2,5,May,2024-05,2024-05-01,Spring,Loan Payment,Loan,Platinum,Barcelona,41.3874,2.1686,Mobile,EUR,1.0779,2024-05-10,"Frankfurter API v2, provider=ECB, EUR/USD; previous available published rate used for non-publication dates",11089.68880915076,11953.58,0.0,0.0,26.31,28.36,179.29,193.26,205.6,221.62,0.01854,True,True,525,Poor,9648.89,6k-10k,High Income Segment,10k+,Premium Investment Services,3.4607,True
14245,4191,2024-07-20,2024,Q3,7,Jul,2024-07,2024-07-01,Summer,Loan Payment,Credit Card,Business,Zaragoza,41.6488,-0.8891,Mobile,EUR,1.089,2024-07-19,"Frankfurter API v2, provider=ECB, EUR/USD; previous available published rate used for non-publication dates",8931.412987392287,9726.31,37.55,40.89,0.0,0.0,165.92,180.69,203.47,221.58,0.022782,True,True,582,Fair,7424.25,6k-10k,High Income Segment,5k-10k,Exclusive Platinum Package,3.46,True
2107,8902,2024-08-23,2024,Q3,8,Aug,2024-08,2024-08-01,Summer,Loan Payment,Loan,Platinum,Murcia,37.9847,-1.1287,ATM,EUR,1.1121,2024-08-23,"Frankfurter API v2, provider=ECB, EUR/USD; previous available published rate used for non-publication dates",8883.355421020186,9879.18,0.0,0.0,47.56,52.89,151.63,168.63,199.19,221.52,0.022423,True,True,395,Poor,3208.57,3k-6k,Middle Income Segment,5k-10k,Personal Loan Cashback Offer,3.4725,True
12340,2811,2023-11-27,2023,Q4,11,Nov,2023-11,2023-11-01,Autumn,Loan Payment,Credit Card,Student,Murcia,37.9847,-1.1287,Online,EUR,1.0951,2023-11-27,"Frankfurter API v2, provider=ECB, EUR/USD; previous available published rate used for non-publication dates",1808.208336437685,1980.17,21.34,23.37,0.0,0.0,180.89,198.09,202.23,221.46,0.111839,True,True,623,Fair,7529.7,6k-10k,High Income Segment,1k-5k,Exclusive Platinum Package,3.4577,True
5442,4228,2025-01-25,2025,Q1,1,Jan,2025-01,2025-01-01,Winter,Loan Payment,Credit Card,Business,Barcelona,41.3874,2.1686,ATM,USD,1.0,2025-01-25,Native USD; no conversion applied,3495.695995575767,3495.7,44.9,44.9,0.0,0.0,176.22,176.22,221.12,221.12,0.063255,True,True,489,Poor,7527.95,6k-10k,High Income Segment,1k-5k,Exclusive Platinum Package,3.4515,True
13085,8087,2025-05-10,2025,Q2,5,May,2025-05,2025-05-01,Spring,Loan Payment,Checking Account,Business,Madrid,40.4168,-3.7038,Branch,EUR,1.1252,2025-05-09,"Frankfurter API v2, provider=ECB, EUR/USD; previous available published rate used for non-publication dates",5513.882818944218,6204.22,0.0,0.0,0.0,0.0,196.45,221.05,196.45,221.05,0.035629,True,True,695,Good,6806.05,6k-10k,Middle Income Segment,5k-10k,Mid-tier Savings Booster,3.4638,True
19198,9630,2025-04-08,2025,Q2,4,Apr,2025-04,2025-04-01,Spring,Loan Payment,Credit Card,Business,Zaragoza,41.6488,-0.8891,Mobile,EUR,1.095,2025-04-08,"Frankfurter API v2, provider=ECB, EUR/USD; previous available published rate used for non-publication dates",4667.357561854353,5110.76,34.87,38.18,0.0,0.0,166.98,182.84,201.85,221.02,0.043246,True,True,403,Poor,1098.88,Under 3k,Low Income Segment,5k-10k,Financial Literacy Program Access,3.48,True
19853,7063,2024-01-21,2024,Q1,1,Jan,2024-01,2024-01-01,Winter,Loan Payment,Loan,Business,Seville,37.3891,-5.9845,Mobile,EUR,1.0887,2024-01-19,"Frankfurter API v2, provider=ECB, EUR/USD; previous available published rate used for non-publication dates",8790.729027056068,9570.47,0.0,0.0,29.25,31.84,173.67,189.07,202.92,220.91,0.023082,True,True,760,Very Good,2778.59,Under 3k,Low Income Segment,5k-10k,Financial Literacy Program Access,3.478,True
14217,9258,2023-06-15,2023,Q2,6,Jun,2023-06,2023-06-01,Summer,Loan Payment,Loan,Business,Madrid,40.4168,-3.7038,Mobile,USD,1.0,2023-06-15,Native USD; no conversion applied,8002.249952538181,8002.25,0.0,0.0,57.3,57.3,163.61,163.61,220.91,220.91,0.027606,True,True,528,Poor,3508.09,3k-6k,Middle Income Segment,5k-10k,Personal Loan Cashback Offer,3.4612,True
13945,6932,2023-01-08,2023,Q1,1,Jan,2023-01,2023-01-01,Winter,Loan Payment,Loan,Standard,Barcelona,41.3874,2.1686,Mobile,EUR,1.05,2023-01-06,"Frankfurter API v2, provider=ECB, EUR/USD; previous available published rate used for non-publication dates",7279.32950538364,7643.3,0.0,0.0,87.27,91.63,123.08,129.23,210.35,220.86,0.028896,True,True,771,Very Good,2773.75,Under 3k,Low Income Segment,5k-10k,Financial Literacy Program Access,3.477,True
10530,4342,2024-05-24,2024,Q2,5,May,2024-05,2024-05-01,Spring,Loan Payment,Credit Card,Gold,Murcia,37.9847,-1.1287,ATM,EUR,1.084,2024-05-24,"Frankfurter API v2, provider=ECB, EUR/USD; previous available published rate used for non-publication dates",3235.601721546131,3507.39,21.64,23.46,0.0,0.0,181.99,197.28,203.63,220.74,0.062936,True,True,745,Very Good,8199.23,6k-10k,High Income Segment,1k-5k,Exclusive Platinum Package,3.4445,True
14228,1112,2023-03-29,2023,Q1,3,Mar,2023-03,2023-03-01,Spring,Loan Payment,Loan,Student,Murcia,37.9847,-1.1287,Online,EUR,1.0847,2023-03-29,"Frankfurter API v2, provider=ECB, EUR/USD; previous available published rate used for non-publication dates",5909.775013824629,6410.33,0.0,0.0,60.77,65.92,142.48,154.55,203.25,220.47,0.034393,True,True,552,Poor,6813.85,6k-10k,Middle Income Segment,5k-10k,Personal Loan Cashback Offer,3.453,True
19290,6681,2025-04-07,2025,Q2,4,Apr,2025-04,2025-04-01,Spring,Loan Payment,Loan,Business,Zaragoza,41.6488,-0.8891,Mobile,EUR,1.0967,2025-04-07,"Frankfurter API v2, provider=ECB, EUR/USD; previous available published rate used for non-publication dates",8279.309651588495,9079.92,0.0,0.0,26.76,29.35,174.16,191.0,200.92,220.35,0.024268,True,True,553,Poor,9437.25,6k-10k,High Income Segment,5k-10k,Premium Investment Services,3.4373,True
466,8186,2025-01-20,2025,Q1,1,Jan,2025-01,2025-01-01,Winter,Loan Payment,Credit Card,Platinum,Valencia,39.4699,-0.3763,Online,EUR,1.0316,2025-01-20,"Frankfurter API v2, provider=ECB, EUR/USD; previous available published rate used for non-publication dates",2752.034322069725,2839.0,41.05,42.35,0.0,0.0,172.52,177.97,213.57,220.32,0.077605,True,True,668,Fair,2138.12,Under 3k,Low Income Segment,1k-5k,Financial Literacy Program Access,3.467,True
1555,5356,2023-07-12,2023,Q3,7,Jul,2023-07,2023-07-01,Summer,Loan Payment,Mortgage,Business,Zaragoza,41.6488,-0.8891,Mobile,EUR,1.1022,2023-07-12,"Frankfurter API v2, provider=ECB, EUR/USD; previous available published rate used for non-publication dates",7985.397578683042,8801.51,0.0,0.0,0.0,0.0,199.86,220.29,199.86,220.29,0.025029,True,True,508,Poor,6310.3,6k-10k,Middle Income Segment,5k-10k,Mid-tier Savings Booster,3.4497,True
19668,8318,2024-08-14,2024,Q3,8,Aug,2024-08,2024-08-01,Summer,Loan Payment,Checking Account,Gold,Murcia,37.9847,-1.1287,Mobile,EUR,1.1019,2024-08-14,"Frankfurter API v2, provider=ECB, EUR/USD; previous available published rate used for non-publication dates",1741.529450802108,1918.99,0.0,0.0,0.0,0.0,199.77,220.13,199.77,220.13,0.114711,True,True,639,Fair,2347.09,Under 3k,Low Income Segment,1k-5k,Financial Literacy Program Access,3.4635,True
9592,1818,2023-04-15,2023,Q2,4,Apr,2023-04,2023-04-01,Spring,Loan Payment,Loan,Student,Barcelona,41.3874,2.1686,Branch,EUR,1.1057,2023-04-14,"Frankfurter API v2, provider=ECB, EUR/USD; previous available published rate used for non-publication dates",1416.84858467018,1566.61,0.0,0.0,41.94,46.37,157.04,173.64,198.98,220.01,0.140437,True,True,307,Poor,9968.07,6k-10k,High Income Segment,1k-5k,Premium Investment Services,3.431,True
3952,6570,2024-01-18,2024,Q1,1,Jan,2024-01,2024-01-01,Winter,Loan Payment,Loan,Gold,Murcia,37.9847,-1.1287,ATM,EUR,1.0875,2024-01-18,"Frankfurter API v2, provider=ECB, EUR/USD; previous available published rate used for non-publication dates",11234.46411124481,12217.48,0.0,0.0,21.72,23.62,180.5,196.29,202.22,219.91,0.018,True,True,452,Poor,5552.05,3k-6k,Middle Income Segment,10k+,Personal Loan Cashback Offer,3.4426,True
19627,4157,2023-04-25,2023,Q2,4,Apr,2023-04,2023-04-01,Spring,Loan Payment,Credit Card,Standard,Malaga,36.7213,-4.4214,Branch,EUR,1.1022,2023-04-25,"Frankfurter API v2, provider=ECB, EUR/USD; previous available published rate used for non-publication dates",6220.499207160798,6856.23,44.55,49.1,0.0,0.0,154.87,170.7,199.42,219.8,0.032058,True,True,305,Poor,1594.55,Under 3k,Low Income Segment,5k-10k,Financial Literacy Program Access,3.4574,True
6243,8938,2024-02-23,2024,Q1,2,Feb,2024-02,2024-02-01,Winter,Loan Payment,Credit Card,Gold,Madrid,40.4168,-3.7038,Online,EUR,1.0834,2024-02-23,"Frankfurter API v2, provider=ECB, EUR/USD; previous available published rate used for non-publication dates",3285.065703486181,3559.04,16.98,18.4,0.0,0.0,185.69,201.18,202.67,219.58,0.061696,True,True,629,Fair,9208.59,6k-10k,High Income Segment,1k-5k,Exclusive Platinum Package,3.4231,True
5072,5661,2025-02-15,2025,Q1,2,Feb,2025-02,2025-02-01,Winter,Loan Payment,Credit Card,Business,Murcia,37.9847,-1.1287,ATM,EUR,1.0478,2025-02-14,"Frankfurter API v2, provider=ECB, EUR/USD; previous available published rate used for non-publication dates",8361.388768384913,8761.06,35.32,37.01,0.0,0.0,174.19,182.52,209.51,219.53,0.025057,True,True,806,Exceptional,7394.74,6k-10k,High Income Segment,5k-10k,Exclusive Platinum Package,3.4222,True
9998,4909,2023-12-29,2023,Q4,12,Dec,2023-12,2023-12-01,Winter,Loan Payment,Loan,Platinum,Madrid,40.4168,-3.7038,Branch,EUR,1.105,2023-12-29,"Frankfurter API v2, provider=ECB, EUR/USD; previous available published rate used for non-publication dates",10639.24640697511,11756.37,0.0,0.0,5.06,5.59,193.3,213.6,198.36,219.19,0.018644,True,True,301,Poor,2389.36,Under 3k,Low Income Segment,10k+,Financial Literacy Program Access,3.4461,True
5329,2203,2023-01-24,2023,Q1,1,Jan,2023-01,2023-01-01,Winter,Loan Payment,Loan,Business,Seville,37.3891,-5.9845,Online,EUR,1.0858,2023-01-24,"Frankfurter API v2, provider=ECB, EUR/USD; previous available published rate used for non-publication dates",2761.942755034912,2998.92,0.0,0.0,75.17,81.62,126.55,137.41,201.72,219.03,0.073036,True,True,729,Good,5090.62,3k-6k,Middle Income Segment,1k-5k,Personal Loan Cashback Offer,3.4263,True
9583,7107,2023-10-28,2023,Q4,10,Oct,2023-10,2023-10-01,Autumn,Loan Payment,Loan,Gold,Zaragoza,41.6488,-0.8891,ATM,EUR,1.0541,2023-10-27,"Frankfurter API v2, provider=ECB, EUR/USD; previous available published rate used for non-publication dates",2205.526321695228,2324.85,0.0,0.0,72.14,76.04,135.59,142.93,207.73,218.97,0.094187,True,True,841,Exceptional,4243.28,3k-6k,Middle Income Segment,1k-5k,Personal Loan Cashback Offer,3.4252,True
19884,2969,2024-12-17,2024,Q4,12,Dec,2024-12,2024-12-01,Winter,Loan Payment,Loan,Student,Barcelona,41.3874,2.1686,Online,USD,1.0,2024-12-17,Native USD; no conversion applied,6001.730921827078,6001.73,0.0,0.0,39.67,39.67,179.24,179.24,218.91,218.91,0.036474,True,True,515,Poor,9978.53,6k-10k,High Income Segment,5k-10k,Premium Investment Services,3.4107,True
11995,4332,2024-02-15,2024,Q1,2,Feb,2024-02,2024-02-01,Winter,Loan Payment,Loan,Student,Barcelona,41.3874,2.1686,Branch,EUR,1.0743,2024-02-15,"Frankfurter API v2, provider=ECB, EUR/USD; previous available published rate used for non-publication dates",6700.575956394968,7198.43,0.0,0.0,37.5,40.29,166.18,178.53,203.68,218.82,0.030398,True,True,568,Poor,1157.76,Under 3k,Low Income Segment,5k-10k,Financial Literacy Program Access,3.4392,True
1851,4138,2024-12-14,2024,Q4,12,Dec,2024-12,2024-12-01,Winter,Loan Payment,Loan,Business,Malaga,36.7213,-4.4214,Online,EUR,1.0518,2024-12-13,"Frankfurter API v2, provider=ECB, EUR/USD; previous available published rate used for non-publication dates",5196.502114674126,5465.68,0.0,0.0,26.24,27.6,181.72,191.13,207.96,218.73,0.040019,True,True,556,Poor,5816.61,3k-6k,Middle Income Segment,5k-10k,Personal Loan Cashback Offer,3.4207,True
5298,4918,2023-03-08,2023,Q1,3,Mar,2023-03,2023-03-01,Spring,Loan Payment,Credit Card,Business,Barcelona,41.3874,2.1686,Branch,USD,1.0,2023-03-08,Native USD; no conversion applied,3873.615685158069,3873.62,24.81,24.81,0.0,0.0,193.63,193.63,218.44,218.44,0.056392,True,True,489,Poor,7070.95,6k-10k,High Income Segment,1k-5k,Exclusive Platinum Package,3.4021,True
11651,6949,2024-04-06,2024,Q2,4,Apr,2024-04,2024-04-01,Spring,Loan Payment,Credit Card,Business,Seville,37.3891,-5.9845,Mobile,EUR,1.0841,2024-04-05,"Frankfurter API v2, provider=ECB, EUR/USD; previous available published rate used for non-publication dates",4750.097491304794,5149.58,45.95,49.81,0.0,0.0,155.48,168.56,201.43,218.37,0.042405,True,True,489,Poor,7163.73,6k-10k,High Income Segment,5k-10k,Exclusive Platinum Package,3.4008,True
673,4472,2025-05-01,2025,Q2,5,May,2025-05,2025-05-01,Spring,Loan Payment,Mortgage,Standard,Madrid,40.4168,-3.7038,Online,EUR,1.1373,2025-04-30,"Frankfurter API v2, provider=ECB, EUR/USD; previous available published rate used for non-publication dates",11951.33613163195,13592.25,0.0,0.0,0.0,0.0,191.95,218.3,191.95,218.3,0.016061,True,True,573,Poor,9994.82,6k-10k,High Income Segment,10k+,Exclusive Platinum Package,3.3995,True
16658,3697,2024-01-12,2024,Q1,1,Jan,2024-01,2024-01-01,Winter,Loan Payment,Credit Card,Student,Barcelona,41.3874,2.1686,Online,EUR,1.0942,2024-01-12,"Frankfurter API v2, provider=ECB, EUR/USD; previous available published rate used for non-publication dates",5511.79586299107,6031.01,44.47,48.66,0.0,0.0,154.88,169.47,199.35,218.13,0.036168,True,True,648,Fair,4831.39,3k-6k,Middle Income Segment,5k-10k,Gold Card with Travel Benefits,3.4096,True
13283,4155,2024-08-11,2024,Q3,8,Aug,2024-08,2024-08-01,Summer,Loan Payment,Credit Card,Student,Bilbao,43.263,-2.935,Mobile,USD,1.0,2024-08-11,Native USD; no conversion applied,4907.791443615943,4907.79,20.39,20.39,0.0,0.0,197.7,197.7,218.09,218.09,0.044438,True,True,370,Poor,2342.51,Under 3k,Low Income Segment,1k-5k,Financial Literacy Program Access,3.4257,True
10205,4319,2025-02-17,2025,Q1,2,Feb,2025-02,2025-02-01,Winter,Loan Payment,Credit Card,Gold,Zaragoza,41.6488,-0.8891,Branch,EUR,1.0473,2025-02-17,"Frankfurter API v2, provider=ECB, EUR/USD; previous available published rate used for non-publication dates",3283.080101680005,3438.37,21.65,22.67,0.0,0.0,186.59,195.42,208.24,218.09,0.063428,True,True,515,Poor,4408.09,3k-6k,Middle Income Segment,1k-5k,Gold Card with Travel Benefits,3.4088,True
2584,3466,2023-08-13,2023,Q3,8,Aug,2023-08,2023-08-01,Summer,Loan Payment,Loan,Student,Zaragoza,41.6488,-0.8891,ATM,EUR,1.1004,2023-08-11,"Frankfurter API v2, provider=ECB, EUR/USD; previous available published rate used for non-publication dates",1761.937776016661,1938.84,0.0,0.0,87.82,96.64,110.2,121.26,198.02,217.9,0.112387,True,True,379,Poor,2986.89,Under 3k,Low Income Segment,1k-5k,Financial Literacy Program Access,3.4221,True
16944,3053,2025-03-16,2025,Q1,3,Mar,2025-03,2025-03-01,Spring,Loan Payment,Loan,Business,Madrid,40.4168,-3.7038,Mobile,EUR,1.0889,2025-03-14,"Frankfurter API v2, provider=ECB, EUR/USD; previous available published rate used for non-publication dates",8403.523384191316,9150.6,0.0,0.0,58.13,63.3,141.84,154.45,199.97,217.75,0.023796,True,True,600,Fair,3062.23,3k-6k,Middle Income Segment,5k-10k,Personal Loan Cashback Offer,3.4025,True
11201,5147,2023-10-14,2023,Q4,10,Oct,2023-10,2023-10-01,Autumn,Loan Payment,Credit Card,Gold,Madrid,40.4168,-3.7038,Mobile,EUR,1.0524,2023-10-13,"Frankfurter API v2, provider=ECB, EUR/USD; previous available published rate used for non-publication dates",2205.162415748154,2320.71,17.38,18.29,0.0,0.0,189.42,199.35,206.8,217.64,0.093782,True,True,809,Exceptional,2972.58,Under 3k,Low Income Segment,1k-5k,Financial Literacy Program Access,3.4173,True
18821,4130,2024-10-17,2024,Q4,10,Oct,2024-10,2024-10-01,Autumn,Loan Payment,Credit Card,Standard,Valencia,39.4699,-0.3763,Mobile,EUR,1.0866,2024-10-17,"Frankfurter API v2, provider=ECB, EUR/USD; previous available published rate used for non-publication dates",8941.839842197129,9716.2,23.54,25.58,0.0,0.0,176.64,191.94,200.18,217.52,0.022387,True,True,561,Poor,2637.65,Under 3k,Low Income Segment,5k-10k,Financial Literacy Program Access,3.4151,True
7812,5644,2024-06-16,2024,Q2,6,Jun,2024-06,2024-06-01,Summer,Loan Payment,Credit Card,Business,Barcelona,41.3874,2.1686,Mobile,USD,1.0,2024-06-16,Native USD; no conversion applied,6379.376695523904,6379.38,49.83,49.83,0.0,0.0,167.41,167.41,217.24,217.24,0.034053,True,True,640,Fair,4482.54,3k-6k,Middle Income Segment,5k-10k,Gold Card with Travel Benefits,3.393,True
14432,5326,2024-01-08,2024,Q1,1,Jan,2024-01,2024-01-01,Winter,Loan Payment,Savings Account,Standard,Bilbao,43.263,-2.935,Online,EUR,1.0946,2024-01-08,"Frankfurter API v2, provider=ECB, EUR/USD; previous available published rate used for non-publication dates",352.0724722601626,385.38,0.0,0.0,0.0,0.0,198.39,217.16,198.39,217.16,0.563496,True,True,546,Poor,8198.83,6k-10k,High Income Segment,Under 1k,Premium Investment Services,3.3785,True
17180,9143,2024-08-14,2024,Q3,8,Aug,2024-08,2024-08-01,Summer,Loan Payment,Mortgage,Student,Madrid,40.4168,-3.7038,Mobile,EUR,1.1019,2024-08-14,"Frankfurter API v2, provider=ECB, EUR/USD; previous available published rate used for non-publication dates",6161.991426667701,6789.9,0.0,0.0,0.0,0.0,197.01,217.09,197.01,217.09,0.031972,True,True,532,Poor,3453.62,3k-6k,Middle Income Segment,5k-10k,Mid-tier Savings Booster,3.3903,True
15189,1244,2023-08-12,2023,Q3,8,Aug,2023-08,2023-08-01,Summer,Loan Payment,Checking Account,Gold,Valencia,39.4699,-0.3763,ATM,EUR,1.1004,2023-08-11,"Frankfurter API v2, provider=ECB, EUR/USD; previous available published rate used for non-publication dates",4717.467215923971,5191.1,0.0,0.0,0.0,0.0,197.27,217.08,197.27,217.08,0.041818,True,True,301,Poor,7109.68,6k-10k,High Income Segment,5k-10k,Premium Investment Services,3.377,True
5253,2301,2024-07-18,2024,Q3,7,Jul,2024-07,2024-07-01,Summer,Loan Payment,Mortgage,Standard,Murcia,37.9847,-1.1287,ATM,EUR,1.093,2024-07-18,"Frankfurter API v2, provider=ECB, EUR/USD; previous available published rate used for non-publication dates",3709.79421897033,4054.81,0.0,0.0,0.0,0.0,198.57,217.04,198.57,217.04,0.053527,True,True,620,Fair,8840.25,6k-10k,High Income Segment,1k-5k,Exclusive Platinum Package,3.3763,True
12738,4249,2023-07-15,2023,Q3,7,Jul,2023-07,2023-07-01,Summer,Loan Payment,Loan,Standard,Madrid,40.4168,-3.7038,Branch,EUR,1.1221,2023-07-14,"Frankfurter API v2, provider=ECB, EUR/USD; previous available published rate used for non-publication dates",11939.77809370215,13397.62,0.0,0.0,64.06,71.88,129.21,144.99,193.27,216.87,0.016187,True,True,384,Poor,3760.66,3k-6k,Middle Income Segment,10k+,Personal Loan Cashback Offer,3.3862,True
15355,9709,2023-07-09,2023,Q3,7,Jul,2023-07,2023-07-01,Summer,Loan Payment,Loan,Student,Seville,37.3891,-5.9845,Online,EUR,1.0888,2023-07-07,"Frankfurter API v2, provider=ECB, EUR/USD; previous available published rate used for non-publication dates",8254.079513178967,8987.04,0.0,0.0,80.1,87.21,118.94,129.5,199.04,216.71,0.024114,True,True,534,Poor,4563.76,3k-6k,Middle Income Segment,5k-10k,Personal Loan Cashback Offer,3.3832,True
14390,6833,2023-04-07,2023,Q2,4,Apr,2023-04,2023-04-01,Spring,Loan Payment,Mortgage,Student,Murcia,37.9847,-1.1287,Online,EUR,1.0915,2023-04-06,"Frankfurter API v2, provider=ECB, EUR/USD; previous available published rate used for non-publication dates",11399.75640389343,12442.83,0.0,0.0,0.0,0.0,198.42,216.58,198.42,216.58,0.017406,True,True,828,Exceptional,5595.69,3k-6k,Middle Income Segment,10k+,Mid-tier Savings Booster,3.3808,True
10851,2896,2024-12-13,2024,Q4,12,Dec,2024-12,2024-12-01,Winter,Loan Payment,Credit Card,Standard,Murcia,37.9847,-1.1287,Mobile,EUR,1.0518,2024-12-13,"Frankfurter API v2, provider=ECB, EUR/USD; previous available published rate used for non-publication dates",1196.398447893454,1258.37,9.49,9.98,0.0,0.0,196.11,206.27,205.6,216.25,0.171849,True,True,504,Poor,5016.24,3k-6k,Middle Income Segment,1k-5k,Gold Card with Travel Benefits,3.3747,True
10858,1045,2024-03-24,2024,Q1,3,Mar,2024-03,2024-03-01,Spring,Loan Payment,Credit Card,Business,Malaga,36.7213,-4.4214,Branch,EUR,1.0823,2024-03-22,"Frankfurter API v2, provider=ECB, EUR/USD; previous available published rate used for non-publication dates",3192.417327584233,3455.15,36.02,38.98,0.0,0.0,163.77,177.25,199.79,216.23,0.062582,True,True,348,Poor,4882.46,3k-6k,Middle Income Segment,1k-5k,Gold Card with Travel Benefits,3.3743,True
12014,6327,2024-07-09,2024,Q3,7,Jul,2024-07,2024-07-01,Summer,Loan Payment,Mortgage,Student,Murcia,37.9847,-1.1287,Mobile,EUR,1.0814,2024-07-09,"Frankfurter API v2, provider=ECB, EUR/USD; previous available published rate used for non-publication dates",8025.999830448013,8679.32,0.0,0.0,0.0,0.0,199.77,216.03,199.77,216.03,0.02489,True,True,342,Poor,5250.94,3k-6k,Middle Income Segment,5k-10k,Mid-tier Savings Booster,3.3706,True
6586,2400,2025-05-03,2025,Q2,5,May,2025-05,2025-05-01,Spring,Loan Payment,Credit Card,Business,Valencia,39.4699,-0.3763,Branch,EUR,1.1343,2025-05-02,"Frankfurter API v2, provider=ECB, EUR/USD; previous available published rate used for non-publication dates",4900.064224764324,5558.14,49.46,56.1,0.0,0.0,140.94,159.87,190.4,215.97,0.038857,True,True,386,Poor,4103.77,3k-6k,Middle Income Segment,5k-10k,Gold Card with Travel Benefits,3.3695,True
14508,4010,2024-06-13,2024,Q2,6,Jun,2024-06,2024-06-01,Summer,Loan Payment,Credit Card,Business,Valencia,39.4699,-0.3763,ATM,EUR,1.0784,2024-06-13,"Frankfurter API v2, provider=ECB, EUR/USD; previous available published rate used for non-publication dates",6902.392036302311,7443.54,20.25,21.84,0.0,0.0,179.78,193.87,200.03,215.71,0.028979,True,True,571,Poor,6895.13,6k-10k,Middle Income Segment,5k-10k,Gold Card with Travel Benefits,3.3646,True
