city,latitude,longitude,listing_count
Bangkok,13.74,100.56,692
Bangkok,13.76,100.5,542
Bangkok,13.72,100.58,479
Bangkok,13.75,100.56,469
Bangkok,13.73,100.57,453
Bangkok,13.77,100.58,407
Bangkok,13.75,100.53,401
Bangkok,13.71,100.6,394
Bangkok,13.73,100.53,356
Bangkok,13.75,100.54,334
Bangkok,13.72,100.52,333
Bangkok,13.74,100.55,305
Bangkok,13.72,100.53,293
Bangkok,13.73,100.56,260
Bangkok,13.73,100.58,253
Bangkok,13.75,100.55,243
Bangkok,13.73,100.52,243
Bangkok,13.74,100.59,237
Bangkok,13.72,100.57,234
Bangkok,13.74,100.57,231
Bangkok,13.76,100.57,225
Bangkok,13.71,100.59,223
Bangkok,13.71,100.52,222
Bangkok,13.76,100.54,217
Bangkok,13.72,100.55,214
Bangkok,13.72,100.59,203
Bangkok,13.69,100.61,200
Bangkok,13.72,100.5,198
Bangkok,13.78,100.58,197
Bangkok,13.68,100.61,189
Bangkok,13.74,100.58,185
Bangkok,13.76,100.56,185
Bangkok,13.72,100.49,172
Bangkok,13.7,100.59,168
Bangkok,13.7,100.6,168
Bangkok,13.75,100.5,168
Bangkok,13.78,100.57,157
Bangkok,13.74,100.51,146
Bangkok,13.71,100.58,145
Bangkok,13.79,100.55,144
Bangkok,13.78,100.54,142
Bangkok,13.72,100.51,141
Bangkok,13.7,100.61,125
Bangkok,13.73,100.59,120
Bangkok,13.74,100.54,117
Bangkok,13.75,100.57,117
Bangkok,13.8,100.57,112
Bangkok,13.75,100.58,105
Bangkok,13.8,100.51,102
Bangkok,13.72,100.54,98
Bangkok,13.77,100.57,96
Bangkok,13.79,100.57,94
Bangkok,13.77,100.5,93
Bangkok,13.73,100.6,92
Bangkok,13.73,100.54,92
Bangkok,13.67,100.6,88
Bangkok,13.81,100.57,88
Bangkok,13.74,100.52,84
Bangkok,13.79,100.58,84
Bangkok,13.75,100.61,82
Bangkok,13.82,100.53,82
Bangkok,13.71,100.51,81
Bangkok,13.77,100.59,77
Bangkok,13.72,100.48,75
Bangkok,13.69,100.6,72
Bangkok,13.73,100.51,71
Bangkok,13.76,100.53,70
Bangkok,13.81,100.56,68
Bangkok,13.74,100.6,67
Bangkok,13.81,100.53,65
Bangkok,13.72,100.56,63
Bangkok,13.74,100.64,63
Bangkok,13.71,100.53,60
Bangkok,13.66,100.61,59
Bangkok,13.72,100.73,58
Bangkok,13.71,100.45,57
Bangkok,13.7,100.54,57
Bangkok,13.83,100.57,56
Bangkok,13.71,100.61,55
Bangkok,13.8,100.56,55
Bangkok,13.76,100.51,54
Bangkok,13.77,100.54,51
Bangkok,13.71,100.47,51
Bangkok,13.71,100.5,48
Bangkok,13.83,100.53,47
Bangkok,13.8,100.58,47
Bangkok,13.78,100.55,47
Bangkok,13.72,100.72,46
Bangkok,13.71,100.48,44
Bangkok,13.75,100.52,44
Bangkok,13.7,100.53,43
Bangkok,13.89,100.58,43
Bangkok,13.72,100.6,42
Bangkok,13.76,100.65,41
Bangkok,13.75,100.51,41
Bangkok,13.77,100.48,40
Bangkok,13.79,100.54,40
Bangkok,13.8,100.55,38
Bangkok,13.75,100.6,38
Bangkok,13.76,100.49,38
Bangkok,13.67,100.61,37
Bangkok,13.79,100.56,37
Bangkok,13.66,100.6,37
Bangkok,13.72,100.46,36
Bangkok,13.82,100.57,34
Bangkok,13.92,100.6,34
Bangkok,13.78,100.48,34
Bangkok,13.82,100.58,34
Bangkok,13.68,100.62,33
Bangkok,13.77,100.49,33
Bangkok,13.72,100.62,33
Bangkok,13.76,100.64,33
Bangkok,13.76,100.58,32
Bangkok,13.69,100.64,31
Bangkok,13.7,100.5,31
Bangkok,13.75,100.59,31
Bangkok,13.68,100.6,31
Bangkok,13.8,100.59,31
Bangkok,13.83,100.56,30
Bangkok,13.72,100.74,30
Bangkok,13.78,100.49,29
Bangkok,13.66,100.63,29
Bangkok,13.73,100.47,29
Bangkok,13.74,100.63,29
Bangkok,13.69,100.62,29
Bangkok,13.73,100.48,29
Bangkok,13.93,100.6,28
Bangkok,13.77,100.55,28
Bangkok,13.67,100.64,28
Bangkok,13.76,100.52,28
Bangkok,13.75,100.63,27
Bangkok,13.84,100.58,27
Bangkok,13.71,100.54,27
Bangkok,13.81,100.58,27
Bangkok,13.82,100.56,27
Bangkok,13.71,100.38,27
Bangkok,13.71,100.63,26
Bangkok,13.77,100.64,26
Bangkok,13.76,100.55,25
Bangkok,13.77,100.47,25
Bangkok,13.7,100.52,24
Bangkok,13.93,100.59,24
Bangkok,13.88,100.59,23
Bangkok,13.68,100.63,23
Bangkok,13.69,100.49,22
Bangkok,13.7,100.65,22
Bangkok,13.75,100.49,22
Bangkok,13.82,100.54,22
Bangkok,13.81,100.52,21
Bangkok,13.73,100.64,21
Bangkok,13.75,100.48,21
Bangkok,13.7,100.51,20
Bangkok,13.66,100.62,20
Bangkok,13.82,100.59,20
Bangkok,13.75,100.47,20
Bangkok,13.74,100.5,20
Bangkok,13.74,100.49,20
Bangkok,13.68,100.52,19
Bangkok,13.68,100.53,19
Bangkok,13.89,100.61,19
Bangkok,13.71,100.64,19
Bangkok,13.72,100.45,19
Bangkok,13.78,100.56,19
Bangkok,13.89,100.56,19
Bangkok,13.78,100.63,18
Bangkok,13.67,100.65,18
Bangkok,13.68,100.64,18
Bangkok,13.76,100.47,18
Bangkok,13.77,100.6,18
Bangkok,13.88,100.6,18
Bangkok,13.68,100.55,17
Bangkok,13.74,100.62,17
Bangkok,13.79,100.63,17
Bangkok,13.78,100.53,17
Bangkok,13.71,100.43,16
Bangkok,13.75,100.65,16
Bangkok,13.79,100.61,16
Bangkok,13.79,100.59,16
Bangkok,13.77,100.63,16
Bangkok,13.78,100.6,16
Bangkok,13.79,100.6,16
Bangkok,13.79,100.71,16
Bangkok,13.9,100.59,16
Bangkok,13.76,100.62,15
Bangkok,13.85,100.65,15
Bangkok,13.77,100.53,15
Bangkok,13.66,100.64,15
Bangkok,13.83,100.54,15
Bangkok,13.74,100.48,15
Bangkok,13.76,100.48,15
Bangkok,13.84,100.59,15
Bangkok,13.78,100.52,15
Bangkok,13.69,100.52,15
Bangkok,13.73,100.49,14
Bangkok,13.74,100.65,14
Bangkok,13.73,100.55,14
Bangkok,13.73,100.5,14
Bangkok,13.71,100.55,14
Bangkok,13.71,100.49,14
Bangkok,13.81,100.54,14
Bangkok,13.92,100.58,14
Bangkok,13.73,100.69,14
Bangkok,13.71,100.62,13
Bangkok,13.73,100.7,13
Bangkok,13.89,100.6,13
Bangkok,13.75,100.64,13
Bangkok,13.76,100.61,13
Bangkok,13.72,100.65,13
Bangkok,13.67,100.54,13
Bangkok,13.67,100.62,13
Bangkok,13.92,100.59,13
Bangkok,13.74,100.45,12
Bangkok,13.77,100.56,12
Bangkok,13.69,100.63,12
Bangkok,13.69,100.54,12
Bangkok,13.84,100.57,12
Bangkok,13.78,100.64,12
Bangkok,13.7,100.55,12
Bangkok,13.72,100.61,12
Bangkok,13.67,100.63,12
Bangkok,13.73,100.65,12
Bangkok,13.91,100.59,12
Bangkok,13.79,100.52,12
Bangkok,13.72,100.77,12
Bangkok,13.68,100.54,11
Bangkok,13.87,100.6,11
Bangkok,13.69,100.42,11
Bangkok,13.78,100.59,11
Bangkok,13.7,100.64,11
Bangkok,13.66,100.65,11
Bangkok,13.9,100.58,11
Bangkok,13.93,100.58,11
Bangkok,13.87,100.58,11
Bangkok,13.72,100.76,11
Bangkok,13.75,100.62,11
Bangkok,13.8,100.71,11
Bangkok,13.7,100.49,10
Bangkok,13.79,100.49,10
Bangkok,13.79,100.47,10
Bangkok,13.76,100.63,10
Bangkok,13.84,100.56,10
Bangkok,13.79,100.51,10
Bangkok,13.89,100.59,10
Bangkok,13.91,100.57,10
Bangkok,13.77,100.51,10
Bangkok,13.74,100.53,10
Bangkok,13.78,100.47,9
Bangkok,13.72,100.47,9
Bangkok,13.73,100.63,9
Bangkok,13.85,100.64,9
Bangkok,13.82,100.61,9
Bangkok,13.71,100.46,9
Bangkok,13.7,100.48,9
Bangkok,13.83,100.68,9
Bangkok,13.78,100.67,9
Bangkok,13.71,100.44,9
Bangkok,13.71,100.65,9
Bangkok,13.65,100.64,9
Bangkok,13.79,100.65,9
Bangkok,13.72,100.75,9
Bangkok,13.91,100.58,9
Bangkok,13.68,100.5,8
Bangkok,13.78,100.61,8
Bangkok,13.71,100.57,8
Bangkok,13.69,100.51,8
Bangkok,13.71,100.4,8
Bangkok,13.87,100.62,8
Bangkok,13.66,100.5,8
Bangkok,13.81,100.72,8
Bangkok,13.74,100.46,8
Bangkok,13.77,100.62,8
Bangkok,13.82,100.68,8
Bangkok,13.83,100.64,8
Bangkok,13.72,100.66,8
Bangkok,13.7,100.44,8
Bangkok,13.8,100.52,8
Bangkok,13.78,100.62,8
Bangkok,13.76,100.75,8
Bangkok,13.69,100.55,7
Bangkok,13.72,100.7,7
Bangkok,13.77,100.66,7
Bangkok,13.83,100.66,7
Bangkok,13.68,100.59,7
Bangkok,13.78,100.5,7
Bangkok,13.74,100.75,7
Bangkok,13.72,100.78,7
Bangkok,13.71,100.42,7
Bangkok,13.73,100.46,7
Bangkok,13.89,100.62,7
Bangkok,13.7,100.63,7
Bangkok,13.83,100.58,7
Bangkok,13.83,100.55,7
Bangkok,13.8,100.61,7
Bangkok,13.78,100.46,7
Bangkok,13.69,100.65,7
Bangkok,13.77,100.65,7
Bangkok,13.86,100.61,7
Bangkok,13.72,100.64,7
Bangkok,13.78,100.51,7
Bangkok,13.74,100.73,7
Bangkok,13.81,100.51,7
Bangkok,13.8,100.54,6
Bangkok,13.84,100.66,6
Bangkok,13.74,100.42,6
Bangkok,13.81,100.67,6
Bangkok,13.86,100.62,6
Bangkok,13.7,100.47,6
Bangkok,13.7,100.42,6
Bangkok,13.74,100.47,6
Bangkok,13.86,100.58,6
Bangkok,13.83,100.52,6
Bangkok,13.78,100.75,6
Bangkok,13.81,100.61,6
Bangkok,13.7,100.62,6
Bangkok,13.72,100.63,6
Bangkok,13.87,100.56,6
Bangkok,13.93,100.57,6
Bangkok,13.85,100.58,6
Bangkok,13.86,100.55,6
Bangkok,13.67,100.44,6
Bangkok,13.73,100.74,6
Bangkok,13.8,100.74,6
Bangkok,13.83,100.59,6
Bangkok,13.78,100.66,6
Bangkok,13.86,100.57,6
Bangkok,13.74,100.37,6
Bangkok,13.94,100.59,6
Bangkok,13.81,100.65,5
Bangkok,13.7,100.43,5
Bangkok,13.68,100.47,5
Bangkok,13.68,100.65,5
Bangkok,13.83,100.62,5
Bangkok,13.69,100.53,5
Bangkok,13.8,100.5,5
Bangkok,13.73,100.75,5
Bangkok,13.86,100.59,5
Bangkok,13.85,100.61,5
Bangkok,13.81,100.71,5
Bangkok,13.85,100.67,5
Bangkok,13.77,100.67,5
Bangkok,13.95,100.62,5
Bangkok,13.78,100.68,5
Bangkok,13.85,100.55,5
Bangkok,13.85,100.56,5
Bangkok,13.94,100.63,5
Bangkok,13.66,100.69,5
Bangkok,13.74,100.66,5
Bangkok,13.75,100.78,5
Bangkok,13.73,100.62,5
Bangkok,13.7,100.68,5
Bangkok,13.71,100.41,5
Bangkok,13.8,100.6,5
Bangkok,13.83,100.63,5
Bangkok,13.75,100.46,5
Bangkok,13.94,100.61,5
Bangkok,13.87,100.57,5
Bangkok,13.82,100.67,4
Bangkok,13.69,100.48,4
Bangkok,13.74,100.7,4
Bangkok,13.82,100.55,4
Bangkok,13.69,100.5,4
Bangkok,13.82,100.52,4
Bangkok,13.84,100.7,4
Bangkok,13.87,100.61,4
Bangkok,13.82,100.63,4
Bangkok,13.79,100.62,4
Bangkok,13.67,100.53,4
Bangkok,13.8,100.62,4
Bangkok,13.86,100.65,4
Bangkok,13.79,100.78,4
Bangkok,13.82,100.62,4
Bangkok,13.82,100.6,4
Bangkok,13.83,100.67,4
Bangkok,13.83,100.61,4
Bangkok,13.78,100.69,4
Bangkok,13.67,100.51,4
Bangkok,13.81,100.59,4
Bangkok,13.72,100.79,4
Bangkok,13.84,100.65,4
Bangkok,13.81,100.6,4
Bangkok,13.65,100.51,4
Bangkok,13.75,100.67,4
Bangkok,13.9,100.56,4
Bangkok,13.79,100.5,4
Bangkok,13.74,100.61,4
Bangkok,13.77,100.61,4
Bangkok,13.84,100.54,4
Bangkok,13.8,100.53,4
Bangkok,13.86,100.68,4
Bangkok,13.87,100.71,4
Bangkok,13.74,100.74,3
Bangkok,13.9,100.64,3
Bangkok,13.73,100.41,3
Bangkok,13.72,100.71,3
Bangkok,13.77,100.41,3
Bangkok,13.66,100.44,3
Bangkok,13.69,100.41,3
Bangkok,13.71,100.34,3
Bangkok,13.92,100.65,3
Bangkok,13.67,100.46,3
Bangkok,13.68,100.46,3
Bangkok,13.86,100.64,3
Bangkok,13.88,100.62,3
Bangkok,13.8,100.65,3
Bangkok,13.94,100.62,3
Bangkok,13.75,100.68,3
Bangkok,13.67,100.67,3
Bangkok,13.74,100.36,3
Bangkok,13.76,100.44,3
Bangkok,13.68,100.69,3
Bangkok,13.65,100.5,3
Bangkok,13.86,100.83,3
Bangkok,13.79,100.53,3
Bangkok,13.77,100.43,3
Bangkok,13.76,100.68,3
Bangkok,13.88,100.61,3
Bangkok,13.72,100.68,3
Bangkok,13.76,100.45,3
Bangkok,13.81,100.73,3
Bangkok,13.86,100.66,3
Bangkok,13.72,100.67,3
Bangkok,13.92,100.67,3
Bangkok,13.74,100.43,3
Bangkok,13.75,100.45,3
Bangkok,13.85,100.69,3
Bangkok,13.83,100.6,3
Bangkok,13.9,100.61,3
Bangkok,13.81,100.92,3
Bangkok,13.73,100.45,3
Bangkok,13.6,100.5,3
Bangkok,13.69,100.43,3
Bangkok,13.79,100.46,3
Bangkok,13.77,100.68,3
Bangkok,13.69,100.37,3
Bangkok,13.75,100.7,3
Bangkok,13.76,100.6,3
Bangkok,13.75,100.75,3
Bangkok,13.82,100.73,3
Bangkok,13.78,100.65,3
Bangkok,13.79,100.33,3
Bangkok,13.95,100.58,3
Bangkok,13.71,100.67,3
Bangkok,13.66,100.43,3
Bangkok,13.79,100.45,3
Bangkok,13.81,100.69,3
Bangkok,13.82,100.66,3
Bangkok,13.85,100.62,3
Bangkok,13.63,100.51,3
Bangkok,13.7,100.46,3
Bangkok,13.78,100.84,3
Bangkok,13.66,100.45,3
Bangkok,13.84,100.63,3
Bangkok,13.84,100.69,3
Bangkok,13.79,100.64,3
Bangkok,13.83,100.65,2
Bangkok,13.76,100.43,2
Bangkok,13.78,100.44,2
Bangkok,13.87,100.59,2
Bangkok,13.89,100.57,2
Bangkok,13.76,100.59,2
Bangkok,13.84,100.55,2
Bangkok,13.67,100.55,2
Bangkok,13.81,100.64,2
Bangkok,13.88,100.55,2
Bangkok,13.61,100.51,2
Bangkok,13.73,100.61,2
Bangkok,13.71,100.7,2
Bangkok,13.81,100.7,2
Bangkok,13.79,100.79,2
Bangkok,13.67,100.36,2
Bangkok,13.88,100.74,2
Bangkok,13.79,100.36,2
Bangkok,13.69,100.44,2
Bangkok,13.77,100.45,2
Bangkok,13.86,100.67,2
Bangkok,13.81,100.62,2
Bangkok,13.95,100.57,2
Bangkok,13.75,100.73,2
Bangkok,13.66,100.46,2
Bangkok,13.84,100.6,2
Bangkok,13.78,100.72,2
Bangkok,13.8,100.72,2
Bangkok,13.65,100.36,2
Bangkok,13.77,100.7,2
Bangkok,13.85,100.66,2
Bangkok,13.84,100.85,2
Bangkok,13.79,100.74,2
Bangkok,13.82,100.72,2
Bangkok,13.61,100.41,2
Bangkok,13.64,100.44,2
Bangkok,13.84,100.67,2
Bangkok,13.77,100.72,2
Bangkok,13.88,100.71,2
Bangkok,13.91,100.67,2
Bangkok,13.7,100.36,2
Bangkok,13.65,100.63,2
Bangkok,13.88,100.66,2
Bangkok,13.85,100.68,2
Bangkok,13.91,100.65,2
Bangkok,13.69,100.45,2
Bangkok,13.69,100.59,2
Bangkok,13.79,100.67,2
Bangkok,13.7,100.4,2
Bangkok,13.72,100.38,2
Bangkok,13.71,100.35,2
Bangkok,13.7,100.83,2
Bangkok,13.72,100.44,2
Bangkok,13.73,100.79,2
Bangkok,13.8,100.69,2
Bangkok,13.85,100.54,2
Bangkok,13.92,100.64,2
Bangkok,13.65,100.43,2
Bangkok,13.9,100.57,2
Bangkok,13.76,100.67,2
Bangkok,13.65,100.48,2
Bangkok,13.73,100.73,2
Bangkok,13.8,100.78,2
Bangkok,13.84,100.73,2
Bangkok,13.76,100.66,2
Bangkok,13.73,100.66,2
Bangkok,13.66,100.47,2
Bangkok,13.91,100.63,2
Bangkok,13.63,100.5,2
Bangkok,13.7,100.7,2
Bangkok,13.84,100.68,2
Bangkok,13.64,100.48,2
Bangkok,13.7,100.71,2
Bangkok,13.86,100.69,2
Bangkok,13.91,100.64,2
Bangkok,13.78,100.43,2
Bangkok,13.87,100.65,2
Bangkok,13.75,100.42,2
Bangkok,13.71,100.82,2
Bangkok,13.85,100.73,2
Cape Town,-33.92,18.42,914
Cape Town,-33.91,18.41,573
Cape Town,-33.93,18.42,459
Cape Town,-33.93,18.41,454
Cape Town,-33.96,18.38,422
Cape Town,-33.91,18.4,417
Cape Town,-33.91,18.42,404
Cape Town,-33.92,18.39,387
Cape Town,-33.95,18.38,332
Cape Town,-33.92,18.38,328
Cape Town,-33.82,18.48,294
Cape Town,-33.91,18.39,249
Cape Town,-33.93,18.38,236
Cape Town,-33.81,18.47,229
Cape Town,-33.94,18.42,213
Cape Town,-33.93,18.45,196
Cape Town,-33.94,18.47,168
Cape Town,-33.79,18.46,161
Cape Town,-33.94,18.41,150
Cape Town,-33.92,18.41,138
Cape Town,-33.93,18.4,133
Cape Town,-34.04,18.35,132
Cape Town,-33.89,18.51,126
Cape Town,-33.94,18.38,121
Cape Town,-33.94,18.4,118
Cape Town,-34.14,18.43,115
Cape Town,-33.8,18.46,110
Cape Town,-34.14,18.33,106
Cape Town,-33.98,18.46,105
Cape Town,-34.11,18.47,95
Cape Town,-33.94,18.43,95
Cape Town,-34.01,18.34,95
Cape Town,-34.13,18.45,94
Cape Town,-33.95,18.39,94
Cape Town,-34.04,18.36,93
Cape Town,-34.1,18.47,92
Cape Town,-34.2,18.38,92
Cape Town,-34.11,18.82,89
Cape Town,-33.93,18.44,87
Cape Town,-33.93,18.46,86
Cape Town,-34.16,18.87,85
Cape Town,-33.83,18.48,83
Cape Town,-33.99,18.47,81
Cape Town,-33.86,18.49,80
Cape Town,-33.85,18.49,79
Cape Town,-33.98,18.45,77
Cape Town,-34.12,18.83,74
Cape Town,-33.97,18.47,74
Cape Town,-33.81,18.48,73
Cape Town,-33.99,18.46,71
Cape Town,-34.2,18.45,70
Cape Town,-33.92,18.43,70
Cape Town,-33.97,18.38,70
Cape Town,-34.1,18.48,69
Cape Town,-34.21,18.46,69
Cape Town,-33.98,18.47,67
Cape Town,-33.96,18.37,67
Cape Town,-34.1,18.39,67
Cape Town,-34.03,18.35,65
Cape Town,-33.97,18.48,62
Cape Town,-34.12,18.45,61
Cape Town,-33.82,18.49,61
Cape Town,-34.0,18.47,59
Cape Town,-33.93,18.43,59
Cape Town,-33.89,18.49,59
Cape Town,-33.83,18.5,58
Cape Town,-34.02,18.35,58
Cape Town,-33.98,18.48,58
Cape Town,-34.04,18.43,58
Cape Town,-34.01,18.43,58
Cape Town,-33.82,18.47,57
Cape Town,-33.96,18.47,57
Cape Town,-33.88,18.49,56
Cape Town,-33.89,18.48,55
Cape Town,-33.96,18.39,55
Cape Town,-34.1,18.82,54
Cape Town,-33.93,18.39,54
Cape Town,-33.95,18.48,53
Cape Town,-34.05,18.36,52
Cape Town,-33.9,18.41,51
Cape Town,-34.06,18.82,50
Cape Town,-34.16,18.43,50
Cape Town,-33.9,18.4,48
Cape Town,-34.13,18.34,48
Cape Town,-33.8,18.47,48
Cape Town,-34.01,18.44,48
Cape Town,-33.81,18.51,47
Cape Town,-34.02,18.46,47
Cape Town,-34.11,18.83,46
Cape Town,-34.01,18.35,46
Cape Town,-34.09,18.48,45
Cape Town,-34.02,18.37,45
Cape Town,-34.1,18.36,45
Cape Town,-33.99,18.45,44
Cape Town,-34.02,18.44,44
Cape Town,-33.73,18.44,44
Cape Town,-33.97,18.46,44
Cape Town,-33.83,18.49,44
Cape Town,-34.02,18.38,44
Cape Town,-34.13,18.43,43
Cape Town,-33.95,18.47,43
Cape Town,-33.97,18.49,43
Cape Town,-34.04,18.44,42
Cape Town,-34.03,18.36,41
Cape Town,-34.02,18.36,41
Cape Town,-34.12,18.46,41
Cape Town,-33.94,18.5,40
Cape Town,-34.01,18.38,40
Cape Town,-34.04,18.37,40
Cape Town,-34.14,18.32,39
Cape Town,-34.06,18.86,39
Cape Town,-33.91,18.43,39
Cape Town,-34.06,18.84,38
Cape Town,-33.88,18.58,38
Cape Town,-33.92,18.4,38
Cape Town,-34.15,18.86,38
Cape Town,-34.06,18.44,38
Cape Town,-34.11,18.38,38
Cape Town,-34.06,18.83,37
Cape Town,-34.09,18.46,37
Cape Town,-34.19,18.43,37
Cape Town,-34.15,18.44,37
Cape Town,-33.96,18.49,36
Cape Town,-34.06,18.85,35
Cape Town,-34.04,18.46,35
Cape Town,-33.88,18.5,35
Cape Town,-34.17,18.43,34
Cape Town,-33.8,18.5,34
Cape Town,-33.82,18.5,33
Cape Town,-34.03,18.45,33
Cape Town,-34.04,18.45,33
Cape Town,-34.14,18.42,33
Cape Town,-33.89,18.52,32
Cape Town,-34.03,18.46,32
Cape Town,-33.8,18.48,32
Cape Town,-34.2,18.44,32
Cape Town,-34.16,18.86,32
Cape Town,-34.1,18.37,32
Cape Town,-33.88,18.57,32
Cape Town,-34.16,18.88,32
Cape Town,-33.97,18.45,32
Cape Town,-34.02,18.42,31
Cape Town,-33.87,18.5,31
Cape Town,-34.02,18.45,31
Cape Town,-34.12,18.38,31
Cape Town,-34.13,18.44,30
Cape Town,-33.89,18.59,30
Cape Town,-33.94,18.45,30
Cape Town,-33.93,18.51,30
Cape Town,-33.98,18.44,30
Cape Town,-33.82,18.51,30
Cape Town,-34.07,18.84,29
Cape Town,-34.2,18.43,29
Cape Town,-34.1,18.38,29
Cape Town,-34.09,18.87,28
Cape Town,-34.14,18.39,28
Cape Town,-34.05,18.82,28
Cape Town,-34.08,18.86,28
Cape Town,-33.83,18.51,28
Cape Town,-34.07,18.85,28
Cape Town,-34.15,18.87,28
Cape Town,-33.88,18.61,28
Cape Town,-33.81,18.5,28
Cape Town,-34.01,18.39,27
Cape Town,-34.17,18.86,27
Cape Town,-34.1,18.49,27
Cape Town,-34.11,18.39,27
Cape Town,-33.8,18.51,27
Cape Town,-33.85,18.51,27
Cape Town,-33.98,18.49,26
Cape Town,-33.72,18.45,26
Cape Town,-34.07,18.86,26
Cape Town,-34.09,18.81,26
Cape Town,-34.02,18.48,26
Cape Town,-34.0,18.46,26
Cape Town,-34.05,18.44,26
Cape Town,-33.99,18.48,26
Cape Town,-34.03,18.34,25
Cape Town,-34.03,18.43,25
Cape Town,-34.2,18.37,25
Cape Town,-33.89,18.5,25
Cape Town,-34.13,18.39,25
Cape Town,-33.96,18.48,24
Cape Town,-33.87,18.64,24
Cape Town,-33.94,18.46,24
Cape Town,-33.86,18.5,24
Cape Town,-34.14,18.34,24
Cape Town,-34.01,18.46,23
Cape Town,-33.78,18.45,23
Cape Town,-33.93,18.47,23
Cape Town,-33.88,18.59,23
Cape Town,-34.18,18.42,23
Cape Town,-33.88,18.64,23
Cape Town,-33.9,18.5,23
Cape Town,-34.02,18.43,23
Cape Town,-33.8,18.49,23
Cape Town,-33.82,18.66,22
Cape Town,-34.13,18.42,22
Cape Town,-34.13,18.84,22
Cape Town,-34.05,18.83,22
Cape Town,-33.81,18.49,22
Cape Town,-34.05,18.46,22
Cape Town,-33.72,18.44,22
Cape Town,-34.01,18.36,22
Cape Town,-33.99,18.5,21
Cape Town,-33.94,18.51,21
Cape Town,-34.01,18.47,21
Cape Town,-34.0,18.43,21
Cape Town,-33.93,18.52,21
Cape Town,-33.83,18.67,21
Cape Town,-34.08,18.85,20
Cape Town,-33.87,18.62,20
Cape Town,-33.87,18.65,20
Cape Town,-33.89,18.6,20
Cape Town,-33.89,18.58,20
Cape Town,-34.01,18.45,20
Cape Town,-33.97,18.5,20
Cape Town,-33.98,18.53,20
Cape Town,-34.0,18.45,20
Cape Town,-34.01,18.42,20
Cape Town,-33.9,18.65,20
Cape Town,-33.82,18.52,19
Cape Town,-34.07,18.87,19
Cape Town,-34.09,18.47,19
Cape Town,-34.05,18.35,19
Cape Town,-33.94,18.44,19
Cape Town,-34.02,18.39,19
Cape Town,-34.14,18.36,19
Cape Town,-33.86,18.65,19
Cape Town,-34.08,18.87,19
Cape Town,-34.07,18.83,19
Cape Town,-33.88,18.55,19
Cape Town,-33.85,18.65,19
Cape Town,-33.84,18.5,18
Cape Town,-33.9,18.63,18
Cape Town,-34.08,18.48,18
Cape Town,-33.87,18.61,18
Cape Town,-33.94,18.49,18
Cape Town,-33.83,18.69,18
Cape Town,-33.99,18.51,18
Cape Town,-34.03,18.47,17
Cape Town,-34.08,18.83,17
Cape Town,-33.85,18.66,17
Cape Town,-34.15,18.43,17
Cape Town,-33.92,18.53,17
Cape Town,-34.07,18.88,17
Cape Town,-33.99,18.44,17
Cape Town,-34.05,18.37,17
Cape Town,-34.01,18.4,17
Cape Town,-33.86,18.55,17
Cape Town,-34.12,18.39,17
Cape Town,-33.79,18.49,17
Cape Town,-33.7,18.44,16
Cape Town,-33.88,18.52,16
Cape Town,-33.86,18.64,16
Cape Town,-34.05,18.34,16
Cape Town,-34.09,18.82,16
Cape Town,-33.82,18.68,16
Cape Town,-33.87,18.49,16
Cape Town,-33.95,18.42,16
Cape Town,-34.05,18.85,16
Cape Town,-34.19,18.44,16
Cape Town,-34.03,18.42,16
Cape Town,-33.87,18.56,16
Cape Town,-33.89,18.63,16
Cape Town,-33.78,18.46,15
Cape Town,-34.13,18.41,15
Cape Town,-33.89,18.61,15
Cape Town,-33.89,18.7,15
Cape Town,-33.89,18.57,15
Cape Town,-33.98,18.5,15
Cape Town,-33.87,18.58,15
Cape Town,-34.07,18.42,15
Cape Town,-33.79,18.48,15
Cape Town,-33.93,18.48,15
Cape Town,-33.88,18.65,14
Cape Town,-34.16,18.89,14
Cape Town,-34.08,18.88,14
Cape Town,-33.71,18.44,14
Cape Town,-33.84,18.66,14
Cape Town,-34.08,18.47,14
Cape Town,-33.71,18.45,14
Cape Town,-33.84,18.51,14
Cape Town,-33.87,18.57,14
Cape Town,-34.12,18.37,14
Cape Town,-33.85,18.64,14
Cape Town,-33.82,18.65,14
Cape Town,-33.93,18.5,13
Cape Town,-34.14,18.86,13
Cape Town,-33.91,18.54,13
Cape Town,-33.98,18.51,13
Cape Town,-33.9,18.6,13
Cape Town,-34.1,18.83,13
Cape Town,-34.15,18.32,13
Cape Town,-33.85,18.69,13
Cape Town,-33.89,18.62,13
Cape Town,-34.05,18.45,13
Cape Town,-34.13,18.4,13
Cape Town,-34.03,18.44,13
Cape Town,-34.07,18.45,13
Cape Town,-33.88,18.51,12
Cape Town,-33.86,18.51,12
Cape Town,-34.11,18.84,12
Cape Town,-34.12,18.92,12
Cape Town,-34.19,18.42,12
Cape Town,-33.83,18.63,12
Cape Town,-34.09,18.85,12
Cape Town,-33.88,18.62,12
Cape Town,-33.86,18.56,12
Cape Town,-34.06,18.43,12
Cape Town,-33.86,18.69,12
Cape Town,-34.02,18.47,12
Cape Town,-33.84,18.65,12
Cape Town,-33.91,18.48,12
Cape Town,-34.07,18.41,12
Cape Town,-34.12,18.43,12
Cape Town,-34.08,18.44,12
Cape Town,-34.0,18.48,12
Cape Town,-34.06,18.45,11
Cape Town,-33.83,18.55,11
Cape Town,-34.09,18.83,11
Cape Town,-33.87,18.66,11
Cape Town,-33.84,18.68,11
Cape Town,-34.21,18.45,11
Cape Town,-33.87,18.54,11
Cape Town,-33.9,18.49,11
Cape Town,-33.88,18.66,11
Cape Town,-33.9,18.54,11
Cape Town,-33.88,18.6,11
Cape Town,-34.0,18.5,11
Cape Town,-33.73,18.45,11
Cape Town,-33.9,18.62,11
Cape Town,-33.95,18.61,11
Cape Town,-33.89,18.64,11
Cape Town,-34.15,18.89,11
Cape Town,-33.86,18.66,10
Cape Town,-33.8,18.52,10
Cape Town,-33.81,18.66,10
Cape Town,-33.85,18.7,10
Cape Town,-34.19,18.38,10
Cape Town,-33.82,18.67,10
Cape Town,-34.1,18.87,10
Cape Town,-34.03,18.37,10
Cape Town,-33.94,18.52,10
Cape Town,-34.09,18.86,10
Cape Town,-33.88,18.53,10
Cape Town,-34.04,18.42,10
Cape Town,-34.07,18.44,10
Cape Town,-34.11,18.92,10
Cape Town,-33.92,18.67,10
Cape Town,-34.03,18.48,9
Cape Town,-34.15,18.88,9
Cape Town,-33.84,18.55,9
Cape Town,-33.82,18.64,9
Cape Town,-34.13,18.38,9
Cape Town,-34.05,18.43,9
Cape Town,-33.87,18.68,9
Cape Town,-34.12,18.84,9
Cape Town,-34.09,18.45,9
Cape Town,-33.86,18.63,9
Cape Town,-33.74,18.45,9
Cape Town,-34.08,18.43,9
Cape Town,-33.92,18.69,9
Cape Town,-34.07,18.46,9
Cape Town,-33.9,18.64,9
Cape Town,-33.88,18.63,9
Cape Town,-34.01,18.52,9
Cape Town,-34.02,18.74,9
Cape Town,-33.86,18.61,9
Cape Town,-33.9,18.55,8
Cape Town,-33.93,18.69,8
Cape Town,-33.89,18.65,8
Cape Town,-33.87,18.53,8
Cape Town,-33.83,18.65,8
Cape Town,-33.91,18.68,8
Cape Town,-34.17,18.85,8
Cape Town,-33.69,18.45,8
Cape Town,-33.86,18.67,8
Cape Town,-34.16,18.42,8
Cape Town,-34.01,18.37,8
Cape Town,-33.86,18.62,8
Cape Town,-33.99,18.43,8
Cape Town,-34.1,18.4,8
Cape Town,-33.9,18.57,8
Cape Town,-33.92,18.68,8
Cape Town,-34.08,18.45,8
Cape Town,-33.9,18.61,8
Cape Town,-33.92,18.65,8
Cape Town,-34.05,18.86,8
Cape Town,-33.95,18.67,8
Cape Town,-33.95,18.52,8
Cape Town,-34.12,18.82,7
Cape Town,-33.86,18.6,7
Cape Town,-33.82,18.69,7
Cape Town,-33.87,18.63,7
Cape Town,-34.1,18.84,7
Cape Town,-33.91,18.56,7
Cape Town,-33.86,18.58,7
Cape Town,-33.99,18.49,7
Cape Town,-33.86,18.54,7
Cape Town,-34.0,18.44,7
Cape Town,-33.94,18.37,7
Cape Town,-34.19,18.37,7
Cape Town,-33.84,18.52,7
Cape Town,-34.15,18.9,7
Cape Town,-33.88,18.56,7
Cape Town,-33.83,18.64,7
Cape Town,-33.93,18.71,7
Cape Town,-34.14,18.89,7
Cape Town,-34.05,18.51,7
Cape Town,-33.93,18.68,7
Cape Town,-33.91,18.55,7
Cape Town,-34.12,18.91,7
Cape Town,-33.9,18.59,7
Cape Town,-33.9,18.69,6
Cape Town,-34.1,18.88,6
Cape Town,-33.88,18.68,6
Cape Town,-34.04,18.75,6
Cape Town,-33.87,18.6,6
Cape Town,-34.14,18.41,6
Cape Town,-33.84,18.69,6
Cape Town,-34.06,18.51,6
Cape Town,-33.88,18.7,6
Cape Town,-34.14,18.38,6
Cape Town,-33.9,18.48,6
Cape Town,-33.9,18.51,6
Cape Town,-33.84,18.67,6
Cape Town,-34.14,18.9,6
Cape Town,-33.92,18.5,6
Cape Town,-33.88,18.54,6
Cape Town,-34.18,18.36,6
Cape Town,-34.06,18.81,6
Cape Town,-34.07,18.43,6
Cape Town,-34.1,18.85,6
Cape Town,-33.81,18.52,6
Cape Town,-33.91,18.66,6
Cape Town,-34.07,18.82,6
Cape Town,-33.83,18.66,6
Cape Town,-34.02,18.51,6
Cape Town,-33.88,18.72,6
Cape Town,-33.89,18.66,5
Cape Town,-33.74,18.44,5
Cape Town,-34.15,18.85,5
Cape Town,-33.86,18.68,5
Cape Town,-33.93,18.7,5
Cape Town,-34.14,18.91,5
Cape Town,-34.14,18.44,5
Cape Town,-34.01,18.48,5
Cape Town,-33.93,18.53,5
Cape Town,-33.87,18.59,5
Cape Town,-34.08,18.84,5
Cape Town,-33.79,18.45,5
Cape Town,-33.87,18.55,5
Cape Town,-34.04,18.67,5
Cape Town,-34.08,18.46,5
Cape Town,-33.95,18.49,5
Cape Town,-33.79,18.5,5
Cape Town,-34.19,18.82,5
Cape Town,-33.83,18.54,5
Cape Town,-34.05,18.84,5
Cape Town,-34.15,18.41,5
Cape Town,-33.95,18.5,5
Cape Town,-33.83,18.52,5
Cape Town,-33.84,18.7,5
Cape Town,-33.9,18.56,5
Cape Town,-33.96,18.5,5
Cape Town,-33.9,18.71,5
Cape Town,-33.95,18.65,5
Cape Town,-34.09,18.84,5
Cape Town,-34.13,18.9,5
Cape Town,-33.94,18.71,5
Cape Town,-33.92,18.52,4
Cape Town,-34.0,18.51,4
Cape Town,-33.89,18.69,4
Cape Town,-34.14,18.85,4
Cape Town,-33.83,18.72,4
Cape Town,-33.92,18.45,4
Cape Town,-33.87,18.51,4
Cape Town,-34.14,18.87,4
Cape Town,-33.97,18.54,4
Cape Town,-33.92,18.56,4
Cape Town,-33.75,18.44,4
Cape Town,-33.94,18.48,4
Cape Town,-33.92,18.49,4
Cape Town,-34.01,18.41,4
Cape Town,-34.15,18.42,4
Cape Town,-34.1,18.92,4
Cape Town,-34.11,18.85,4
Cape Town,-33.91,18.51,4
Cape Town,-34.11,18.4,4
Cape Town,-34.05,18.52,4
Cape Town,-34.04,18.34,4
Cape Town,-34.01,18.5,4
Cape Town,-33.75,18.45,4
Cape Town,-34.06,18.46,4
Cape Town,-34.02,18.5,4
Cape Town,-33.85,18.6,4
Cape Town,-34.1,18.46,4
Cape Town,-33.99,18.69,4
Cape Town,-34.04,18.68,4
Cape Town,-33.85,18.67,4
Cape Town,-34.0,18.73,4
Cape Town,-34.04,18.49,4
Cape Town,-33.92,18.48,4
Cape Town,-33.85,18.68,4
Cape Town,-34.09,18.49,3
Cape Town,-33.92,18.7,3
Cape Town,-33.95,18.41,3
Cape Town,-34.03,18.49,3
Cape Town,-33.97,18.37,3
Cape Town,-34.07,18.58,3
Cape Town,-34.1,18.86,3
Cape Town,-33.84,18.54,3
Cape Town,-34.04,18.47,3
Cape Town,-33.91,18.69,3
Cape Town,-33.97,18.55,3
Cape Town,-33.85,18.55,3
Cape Town,-34.11,18.46,3
Cape Town,-34.1,18.81,3
Cape Town,-33.89,18.56,3
Cape Town,-33.66,18.81,3
Cape Town,-33.85,18.5,3
Cape Town,-33.8,18.53,3
Cape Town,-34.07,18.89,3
Cape Town,-34.04,18.83,3
Cape Town,-34.09,18.44,3
Cape Town,-33.82,18.74,3
Cape Town,-34.02,18.63,3
Cape Town,-33.7,18.45,3
Cape Town,-34.13,18.33,3
Cape Town,-33.9,18.42,3
Cape Town,-34.01,18.74,3
Cape Town,-34.13,18.85,3
Cape Town,-33.81,18.68,3
Cape Town,-33.81,18.63,3
Cape Town,-33.81,18.64,3
Cape Town,-34.13,18.91,3
Cape Town,-33.87,18.67,3
Cape Town,-33.88,18.71,3
Cape Town,-33.97,18.51,3
Cape Town,-34.05,18.47,3
Cape Town,-34.05,18.66,3
Cape Town,-33.94,18.67,3
Cape Town,-34.05,18.81,3
Cape Town,-34.11,18.89,3
Cape Town,-33.81,18.79,3
Cape Town,-33.91,18.58,3
Cape Town,-33.98,18.54,3
Cape Town,-33.84,18.72,3
Cape Town,-34.09,18.54,3
Cape Town,-33.92,18.54,3
Cape Town,-34.02,18.62,3
Cape Town,-34.22,18.46,3
Cape Town,-33.85,18.52,3
Cape Town,-33.83,18.74,3
Cape Town,-34.05,18.49,3
Cape Town,-34.07,18.63,3
Cape Town,-33.87,18.73,3
Cape Town,-33.81,18.65,3
Cape Town,-33.98,18.52,3
Cape Town,-34.13,18.89,3
Cape Town,-33.96,18.67,3
Cape Town,-34.01,18.51,3
Cape Town,-34.06,18.5,3
Cape Town,-33.81,18.62,3
Cape Town,-34.04,18.5,3
Cape Town,-34.14,18.35,3
Cape Town,-33.91,18.7,3
Cape Town,-34.12,18.86,3
Cape Town,-33.82,18.72,3
Cape Town,-34.09,18.88,2
Cape Town,-33.85,18.63,2
Cape Town,-33.67,18.58,2
Cape Town,-34.04,18.76,2
Cape Town,-34.2,18.46,2
Cape Town,-33.93,18.73,2
Cape Town,-34.13,18.83,2
Cape Town,-34.03,18.53,2
Cape Town,-34.08,18.55,2
Cape Town,-33.78,18.58,2
Cape Town,-34.03,18.38,2
Cape Town,-33.79,18.58,2
Cape Town,-33.89,18.67,2
Cape Town,-34.17,18.42,2
Cape Town,-33.81,18.46,2
Cape Town,-33.95,18.72,2
Cape Town,-34.03,18.41,2
Cape Town,-34.06,18.88,2
Cape Town,-34.21,18.41,2
Cape Town,-33.86,18.53,2
Cape Town,-33.95,18.51,2
Cape Town,-33.99,18.53,2
Cape Town,-34.04,18.51,2
Cape Town,-34.01,18.63,2
Cape Town,-34.19,18.36,2
Cape Town,-33.83,18.7,2
Cape Town,-33.84,18.49,2
Cape Town,-34.24,18.47,2
Cape Town,-33.79,18.47,2
Cape Town,-34.06,18.42,2
Cape Town,-34.24,18.48,2
Cape Town,-33.93,18.54,2
Cape Town,-33.99,18.52,2
Cape Town,-33.9,18.53,2
Cape Town,-34.04,18.77,2
Cape Town,-33.89,18.55,2
Cape Town,-33.99,18.65,2
Cape Town,-34.14,18.37,2
Cape Town,-33.94,18.53,2
Cape Town,-33.87,18.7,2
Cape Town,-33.92,18.64,2
Cape Town,-34.18,18.37,2
Cape Town,-33.91,18.6,2
Cape Town,-34.06,18.75,2
Cape Town,-33.96,18.68,2
Cape Town,-33.95,18.68,2
Cape Town,-34.07,18.56,2
Cape Town,-34.12,18.89,2
Cape Town,-34.22,18.41,2
Cape Town,-33.94,18.72,2
Cape Town,-34.05,18.5,2
Cape Town,-33.92,18.44,2
Cape Town,-34.01,18.33,2
Cape Town,-33.92,18.55,2
Cape Town,-34.06,18.87,2
Cape Town,-34.08,18.54,2
Cape Town,-34.12,18.44,2
Cape Town,-33.91,18.63,2
Cape Town,-34.02,18.67,2
Cape Town,-34.01,18.75,2
Cape Town,-33.89,18.71,2
Cape Town,-33.91,18.5,2
Cape Town,-33.76,18.53,2
Cape Town,-34.0,18.71,2
Cape Town,-34.06,18.61,2
Cape Town,-34.07,18.59,2
Cape Town,-33.93,18.59,2
Cape Town,-33.88,18.67,2
Cape Town,-33.98,18.55,2
Cape Town,-34.12,18.85,2
Cape Town,-33.99,18.73,2
Cape Town,-33.9,18.7,2
Cape Town,-33.87,18.72,2
Cape Town,-34.15,18.91,2
Cape Town,-34.13,18.37,2
Cape Town,-34.16,18.41,2
Cape Town,-34.04,18.59,2
Cape Town,-33.95,18.69,2
Cape Town,-33.96,18.53,2
Cape Town,-33.99,18.56,2
Cape Town,-34.07,18.47,2
Cape Town,-33.81,18.67,2
Cape Town,-34.1,18.93,2
Cape Town,-33.85,18.71,2
Cape Town,-33.97,18.68,2
Cape Town,-33.73,18.61,2
Cape Town,-33.9,18.58,2
Cape Town,-33.94,18.63,2
Cape Town,-34.13,18.92,2
Cape Town,-34.05,18.53,2
Cape Town,-34.15,18.4,2
Cape Town,-33.88,18.69,2
Cape Town,-33.87,18.69,2
Hong Kong,22.3,114.17,1220
Hong Kong,22.31,114.17,758
Hong Kong,22.32,114.17,749
Hong Kong,22.28,114.18,684
Hong Kong,22.28,114.15,349
Hong Kong,22.29,114.15,257
Hong Kong,22.26,114.19,254
Hong Kong,22.28,114.19,240
Hong Kong,22.28,114.17,160
Hong Kong,22.3,114.18,148
Hong Kong,22.29,114.2,135
Hong Kong,22.29,114.14,127
Hong Kong,22.32,114.18,125
Hong Kong,22.33,114.16,94
Hong Kong,22.29,114.19,80
Hong Kong,22.32,114.16,76
Hong Kong,22.33,114.17,72
Hong Kong,22.28,114.13,67
Hong Kong,22.31,114.19,66
Hong Kong,22.21,114.03,57
Hong Kong,22.28,114.16,56
Hong Kong,22.31,114.18,50
Hong Kong,22.29,114.21,45
Hong Kong,22.52,114.07,45
Hong Kong,22.51,114.06,43
Hong Kong,22.3,114.19,43
Hong Kong,22.28,114.14,40
Hong Kong,22.53,114.12,38
Hong Kong,22.29,113.95,36
Hong Kong,22.53,114.09,35
Hong Kong,22.32,114.19,28
Hong Kong,22.27,114.18,27
Hong Kong,22.33,114.19,25
Hong Kong,22.29,114.13,23
Hong Kong,22.28,114.22,22
Hong Kong,22.27,114.17,21
Hong Kong,22.54,114.12,19
Hong Kong,22.23,114.11,19
Hong Kong,22.27,114.19,19
Hong Kong,22.29,114.18,16
Hong Kong,22.54,114.13,15
Hong Kong,22.53,114.11,15
Hong Kong,22.24,113.98,15
Hong Kong,22.22,114.11,14
Hong Kong,22.31,114.16,13
Hong Kong,22.22,114.21,12
Hong Kong,22.3,114.01,12
Hong Kong,22.28,113.93,12
Hong Kong,22.29,113.94,11
Hong Kong,22.29,114.27,11
Hong Kong,22.29,114.02,10
Hong Kong,22.27,114.0,10
Hong Kong,22.4,114.11,9
Hong Kong,22.37,114.12,9
Hong Kong,22.3,114.27,9
Hong Kong,22.2,114.03,9
Hong Kong,22.54,114.11,9
Hong Kong,22.31,114.26,9
Hong Kong,22.38,114.19,8
Hong Kong,22.24,114.16,8
Hong Kong,22.39,114.2,8
Hong Kong,22.37,114.18,8
Hong Kong,22.31,114.23,8
Hong Kong,22.34,114.2,7
Hong Kong,22.28,114.21,7
Hong Kong,22.53,114.08,7
Hong Kong,22.33,114.18,7
Hong Kong,22.25,114.15,7
Hong Kong,22.54,114.14,7
Hong Kong,22.25,114.17,7
Hong Kong,22.34,114.14,6
Hong Kong,22.34,114.16,6
Hong Kong,22.38,114.27,6
Hong Kong,22.34,114.15,6
Hong Kong,22.28,114.04,6
Hong Kong,22.39,113.98,6
Hong Kong,22.28,113.94,6
Hong Kong,22.51,114.13,6
Hong Kong,22.3,114.02,5
Hong Kong,22.35,114.06,5
Hong Kong,22.31,114.01,5
Hong Kong,22.33,114.21,5
Hong Kong,22.36,114.13,5
Hong Kong,22.28,114.23,5
Hong Kong,22.29,114.17,5
Hong Kong,22.55,114.19,5
Hong Kong,22.55,114.2,5
Hong Kong,22.41,113.98,5
Hong Kong,22.23,113.93,5
Hong Kong,22.32,114.21,5
Hong Kong,22.45,114.0,5
Hong Kong,22.38,114.18,5
Hong Kong,22.35,114.25,5
Hong Kong,22.5,114.13,5
Hong Kong,22.25,113.86,5
Hong Kong,22.33,114.2,5
Hong Kong,22.3,114.25,5
Hong Kong,22.44,114.03,5
Hong Kong,22.3,113.95,4
Hong Kong,22.25,113.98,4
Hong Kong,22.51,114.07,4
Hong Kong,22.4,113.97,4
Hong Kong,22.23,114.25,4
Hong Kong,22.39,114.3,4
Hong Kong,22.45,113.99,4
Hong Kong,22.55,114.14,4
Hong Kong,22.3,114.03,3
Hong Kong,22.26,114.0,3
Hong Kong,22.45,114.01,3
Hong Kong,22.5,114.14,3
Hong Kong,22.27,114.16,3
Hong Kong,22.31,114.22,3
Hong Kong,22.55,114.24,3
Hong Kong,22.27,113.99,3
Hong Kong,22.37,114.0,3
Hong Kong,22.32,114.22,3
Hong Kong,22.33,114.26,3
Hong Kong,22.43,114.29,3
Hong Kong,22.21,114.15,3
Hong Kong,22.3,114.29,3
Hong Kong,22.28,114.12,3
Hong Kong,22.32,114.26,3
Hong Kong,22.22,114.12,3
Hong Kong,22.26,113.86,3
Hong Kong,22.38,114.21,3
Hong Kong,22.53,114.15,3
Hong Kong,22.38,114.26,3
Hong Kong,22.37,113.96,3
Hong Kong,22.42,114.24,3
Hong Kong,22.44,114.18,3
Hong Kong,22.39,114.27,2
Hong Kong,22.22,113.91,2
Hong Kong,22.29,114.16,2
Hong Kong,22.43,114.0,2
Hong Kong,22.23,113.96,2
Hong Kong,22.29,114.22,2
Hong Kong,22.43,114.08,2
Hong Kong,22.31,114.24,2
Hong Kong,22.38,114.22,2
Hong Kong,22.37,113.99,2
Hong Kong,22.37,114.26,2
Hong Kong,22.4,113.98,2
Hong Kong,22.36,114.14,2
Hong Kong,22.34,114.21,2
Hong Kong,22.38,113.99,2
Hong Kong,22.41,114.22,2
Hong Kong,22.55,114.15,2
Hong Kong,22.36,114.25,2
Hong Kong,22.24,114.15,2
Hong Kong,22.39,114.19,2
Hong Kong,22.39,114.21,2
Hong Kong,22.38,114.2,2
Hong Kong,22.26,114.18,2
Hong Kong,22.31,114.29,2
Hong Kong,22.44,114.04,2
Hong Kong,22.31,114.2,2
Hong Kong,22.24,114.17,2
Hong Kong,22.43,114.2,2
Hong Kong,22.32,114.23,2
Hong Kong,22.4,114.22,2
Hong Kong,22.36,114.24,2
Hong Kong,22.38,113.98,2
Hong Kong,22.25,114.16,2
Hong Kong,22.24,114.11,2
Hong Kong,22.35,114.36,2
Istanbul,41.03,28.98,2251
Istanbul,41.04,28.98,2162
Istanbul,41.03,28.97,1004
Istanbul,40.99,29.03,737
Istanbul,41.03,28.99,674
Istanbul,41.0,28.97,635
Istanbul,41.06,28.99,599
Istanbul,41.05,28.99,589
Istanbul,41.01,28.97,568
Istanbul,41.0,28.98,432
Istanbul,41.05,28.98,430
Istanbul,41.01,28.98,423
Istanbul,41.05,29.0,413
Istanbul,41.04,28.99,372
Istanbul,41.04,28.97,370
Istanbul,41.0,29.03,280
Istanbul,41.07,29.0,267
Istanbul,41.05,29.01,232
Istanbul,41.06,28.98,229
Istanbul,41.06,29.0,224
Istanbul,41.04,29.0,218
Istanbul,41.07,28.99,197
Istanbul,41.12,29.01,184
Istanbul,41.01,28.95,182
Istanbul,41.01,28.96,179
Istanbul,41.03,28.95,175
Istanbul,41.08,29.0,161
Istanbul,40.99,29.02,156
Istanbul,41.02,28.97,147
Istanbul,41.05,29.02,140
Istanbul,40.98,29.03,136
Istanbul,41.08,28.99,131
Istanbul,41.02,29.02,130
Istanbul,41.01,28.94,127
Istanbul,41.02,28.98,120
Istanbul,41.04,29.01,110
Istanbul,41.05,29.03,108
Istanbul,41.0,28.96,104
Istanbul,40.98,28.88,100
Istanbul,41.09,29.0,98
Istanbul,40.99,29.04,91
Istanbul,40.99,29.05,85
Istanbul,41.06,28.81,83
Istanbul,41.0,29.04,83
Istanbul,40.87,29.13,80
Istanbul,41.08,29.01,77
Istanbul,41.02,28.96,77
Istanbul,41.06,28.67,72
Istanbul,41.02,28.94,69
Istanbul,41.01,28.93,68
Istanbul,40.98,29.02,67
Istanbul,41.03,29.03,66
Istanbul,41.06,29.01,65
Istanbul,41.02,28.65,65
Istanbul,41.03,28.63,63
Istanbul,41.02,28.66,62
Istanbul,41.02,28.93,59
Istanbul,41.02,28.63,58
Istanbul,41.02,29.01,57
Istanbul,41.06,28.97,56
Istanbul,40.98,28.87,56
Istanbul,41.0,29.05,55
Istanbul,41.03,29.02,55
Istanbul,41.02,28.95,54
Istanbul,41.08,28.98,52
Istanbul,40.99,28.84,50
Istanbul,41.03,29.11,49
Istanbul,41.02,28.68,49
Istanbul,41.07,29.04,47
Istanbul,41.08,28.88,46
Istanbul,40.99,29.08,46
Istanbul,41.02,29.03,46
Istanbul,40.96,29.1,45
Istanbul,40.98,29.07,45
Istanbul,41.08,29.04,45
Istanbul,41.09,29.05,45
Istanbul,41.07,29.01,45
Istanbul,40.93,29.31,44
Istanbul,40.96,29.09,42
Istanbul,41.02,28.64,42
Istanbul,41.03,28.94,42
Istanbul,40.98,28.74,42
Istanbul,40.98,29.05,40
Istanbul,41.07,28.95,40
Istanbul,40.99,29.06,40
Istanbul,41.0,28.84,40
Istanbul,41.07,28.98,39
Istanbul,40.97,29.07,38
Istanbul,40.95,29.1,38
Istanbul,41.0,28.93,37
Istanbul,40.97,29.08,37
Istanbul,40.99,28.71,37
Istanbul,41.03,28.89,37
Istanbul,41.1,28.77,36
Istanbul,41.01,29.04,36
Istanbul,41.06,29.03,35
Istanbul,41.04,28.81,35
Istanbul,41.0,29.06,35
Istanbul,41.02,28.69,34
Istanbul,41.01,29.01,33
Istanbul,41.01,28.67,33
Istanbul,41.05,28.97,33
Istanbul,40.99,29.09,33
Istanbul,41.01,29.02,33
Istanbul,40.87,29.12,32
Istanbul,40.98,29.15,32
Istanbul,41.08,29.03,31
Istanbul,41.01,28.68,31
Istanbul,40.98,28.73,31
Istanbul,41.07,28.97,31
Istanbul,40.91,29.18,30
Istanbul,41.01,28.89,29
Istanbul,41.14,29.86,28
Istanbul,40.99,29.12,28
Istanbul,41.0,29.07,27
Istanbul,41.0,29.08,27
Istanbul,41.1,28.99,27
Istanbul,40.94,29.14,27
Istanbul,40.98,29.04,27
Istanbul,41.05,28.95,27
Istanbul,41.07,28.94,26
Istanbul,41.04,28.96,26
Istanbul,40.97,29.06,26
Istanbul,40.93,29.12,26
Istanbul,41.09,28.77,25
Istanbul,40.99,29.11,25
Istanbul,40.95,29.11,25
Istanbul,40.98,29.1,25
Istanbul,41.12,28.77,24
Istanbul,41.14,29.05,24
Istanbul,40.92,29.29,24
Istanbul,40.98,29.11,24
Istanbul,41.1,28.98,24
Istanbul,40.99,28.79,24
Istanbul,40.94,29.12,23
Istanbul,41.09,29.03,23
Istanbul,41.08,28.97,23
Istanbul,40.88,29.1,23
Istanbul,41.06,29.02,23
Istanbul,41.03,28.66,23
Istanbul,41.06,29.04,23
Istanbul,41.07,29.02,23
Istanbul,41.0,28.85,23
Istanbul,41.09,28.99,23
Istanbul,40.98,29.08,23
Istanbul,41.18,28.89,22
Istanbul,40.99,28.85,22
Istanbul,40.97,29.09,22
Istanbul,40.86,29.3,22
Istanbul,40.98,29.06,22
Istanbul,41.02,28.62,21
Istanbul,40.95,29.13,21
Istanbul,41.03,28.68,21
Istanbul,41.02,29.08,21
Istanbul,41.16,29.04,21
Istanbul,40.96,29.08,21
Istanbul,41.01,28.69,20
Istanbul,41.06,28.82,20
Istanbul,40.99,28.91,20
Istanbul,41.08,29.02,20
Istanbul,41.01,29.08,20
Istanbul,41.0,28.71,20
Istanbul,41.11,29.02,20
Istanbul,41.04,28.95,19
Istanbul,41.06,28.96,19
Istanbul,40.94,29.13,19
Istanbul,41.09,29.01,19
Istanbul,41.0,28.69,19
Istanbul,41.02,28.9,19
Istanbul,40.98,29.14,19
Istanbul,41.06,28.94,18
Istanbul,41.03,28.67,18
Istanbul,40.99,28.87,18
Istanbul,41.08,28.95,18
Istanbul,40.99,29.07,18
Istanbul,40.96,29.11,18
Istanbul,40.92,29.3,17
Istanbul,41.06,28.84,17
Istanbul,41.01,28.64,17
Istanbul,40.91,29.16,17
Istanbul,41.12,29.0,17
Istanbul,41.0,29.14,17
Istanbul,41.0,29.13,17
Istanbul,41.01,29.05,16
Istanbul,41.0,29.09,16
Istanbul,40.98,28.72,16
Istanbul,40.88,29.23,16
Istanbul,41.01,28.83,16
Istanbul,40.98,29.09,16
Istanbul,41.04,28.94,16
Istanbul,41.0,28.79,16
Istanbul,41.03,28.9,15
Istanbul,40.99,28.62,15
Istanbul,41.09,29.04,15
Istanbul,41.0,29.02,15
Istanbul,41.0,28.86,15
Istanbul,41.17,29.63,15
Istanbul,40.99,28.88,15
Istanbul,40.95,29.12,14
Istanbul,41.09,29.02,14
Istanbul,41.05,28.81,14
Istanbul,40.97,29.14,14
Istanbul,41.04,28.68,14
Istanbul,41.0,28.8,14
Istanbul,40.88,29.07,14
Istanbul,40.97,29.11,14
Istanbul,40.92,29.13,14
Istanbul,41.09,29.06,14
Istanbul,41.09,28.98,14
Istanbul,41.13,28.79,14
Istanbul,41.01,29.07,14
Istanbul,41.06,28.95,14
Istanbul,41.14,29.85,14
Istanbul,41.01,28.66,13
Istanbul,41.03,28.82,13
Istanbul,41.04,28.77,13
Istanbul,40.97,29.13,13
Istanbul,40.99,29.13,13
Istanbul,40.94,29.11,13
Istanbul,41.02,29.04,13
Istanbul,41.01,29.11,13
Istanbul,41.03,29.09,13
Istanbul,41.08,29.05,13
Istanbul,41.03,28.84,13
Istanbul,40.98,29.13,13
Istanbul,41.01,28.92,13
Istanbul,41.07,29.03,13
Istanbul,41.03,28.81,13
Istanbul,41.01,28.81,13
Istanbul,41.01,28.9,13
Istanbul,41.08,28.96,13
Istanbul,41.01,29.03,13
Istanbul,41.02,28.82,12
Istanbul,41.07,28.78,12
Istanbul,40.98,28.9,12
Istanbul,40.92,29.16,12
Istanbul,41.03,29.04,12
Istanbul,40.9,29.22,12
Istanbul,41.04,28.66,12
Istanbul,41.05,28.82,12
Istanbul,40.97,29.1,12
Istanbul,40.97,29.04,12
Istanbul,41.11,29.0,12
Istanbul,40.96,28.82,11
Istanbul,41.11,29.04,11
Istanbul,41.01,29.09,11
Istanbul,41.11,29.01,11
Istanbul,40.97,29.05,11
Istanbul,41.0,28.94,11
Istanbul,41.02,28.67,11
Istanbul,40.97,29.12,11
Istanbul,41.01,28.87,11
Istanbul,41.07,28.66,11
Istanbul,40.93,29.14,11
Istanbul,40.96,28.83,11
Istanbul,41.1,29.05,11
Istanbul,41.19,28.88,11
Istanbul,40.99,28.78,11
Istanbul,41.2,28.73,11
Istanbul,41.07,28.96,11
Istanbul,40.98,29.12,11
Istanbul,41.29,28.6,11
Istanbul,41.01,29.12,11
Istanbul,41.13,29.84,11
Istanbul,41.09,28.97,11
Istanbul,40.97,29.15,11
Istanbul,40.88,29.09,10
Istanbul,40.91,29.05,10
Istanbul,41.12,29.06,10
Istanbul,41.04,29.03,10
Istanbul,41.02,28.91,10
Istanbul,40.99,28.7,10
Istanbul,41.02,29.12,10
Istanbul,40.98,28.85,10
Istanbul,41.1,29.0,10
Istanbul,41.04,29.05,10
Istanbul,40.98,28.71,10
Istanbul,41.08,28.94,10
Istanbul,41.17,29.61,10
Istanbul,41.0,28.95,10
Istanbul,40.93,29.13,10
Istanbul,41.01,29.13,10
Istanbul,40.91,29.15,10
Istanbul,41.01,29.06,10
Istanbul,41.0,28.87,9
Istanbul,41.01,28.6,9
Istanbul,40.89,29.2,9
Istanbul,41.07,28.93,9
Istanbul,40.91,29.2,9
Istanbul,41.17,29.05,9
Istanbul,40.9,29.2,9
Istanbul,41.0,29.15,9
Istanbul,41.03,29.08,9
Istanbul,41.01,28.84,9
Istanbul,41.04,28.79,9
Istanbul,40.94,29.15,9
Istanbul,41.12,29.04,9
Istanbul,41.11,28.8,9
Istanbul,41.06,28.72,9
Istanbul,40.82,29.3,9
Istanbul,40.98,28.78,9
Istanbul,41.0,29.12,9
Istanbul,41.02,29.07,9
Istanbul,41.03,28.96,9
Istanbul,41.02,28.7,9
Istanbul,40.86,29.12,9
Istanbul,40.93,29.15,9
Istanbul,40.99,28.72,9
Istanbul,41.23,28.69,9
Istanbul,41.01,28.63,9
Istanbul,41.03,29.05,9
Istanbul,41.0,28.83,9
Istanbul,41.04,28.93,8
Istanbul,40.99,28.9,8
Istanbul,41.05,28.96,8
Istanbul,41.01,28.65,8
Istanbul,41.09,29.09,8
Istanbul,40.89,29.19,8
Istanbul,41.06,28.69,8
Istanbul,40.99,28.83,8
Istanbul,41.14,29.04,8
Istanbul,41.03,29.06,8
Istanbul,41.16,29.05,8
Istanbul,40.91,29.19,8
Istanbul,40.86,29.34,8
Istanbul,41.05,28.83,8
Istanbul,41.17,29.06,8
Istanbul,41.11,28.77,8
Istanbul,40.91,29.22,8
Istanbul,41.02,28.77,8
Istanbul,41.19,29.05,8
Istanbul,40.92,29.21,8
Istanbul,41.0,28.7,8
Istanbul,41.08,29.09,8
Istanbul,40.89,29.18,8
Istanbul,41.01,28.91,8
Istanbul,40.9,29.17,8
Istanbul,40.94,29.16,8
Istanbul,40.9,29.23,8
Istanbul,41.14,29.03,8
Istanbul,41.02,29.11,8
Istanbul,40.92,29.14,8
Istanbul,41.11,29.05,7
Istanbul,41.04,28.92,7
Istanbul,40.98,28.75,7
Istanbul,41.0,28.89,7
Istanbul,41.09,28.9,7
Istanbul,40.93,29.29,7
Istanbul,41.0,29.1,7
Istanbul,41.0,29.11,7
Istanbul,41.08,28.71,7
Istanbul,41.18,29.61,7
Istanbul,41.01,28.82,7
Istanbul,41.0,29.19,7
Istanbul,41.03,29.23,7
Istanbul,41.06,28.68,7
Istanbul,41.02,28.59,7
Istanbul,40.95,29.09,7
Istanbul,41.05,28.93,7
Istanbul,40.99,28.93,7
Istanbul,41.03,28.45,7
Istanbul,41.06,28.9,7
Istanbul,40.97,28.73,7
Istanbul,40.93,29.32,7
Istanbul,41.13,29.86,7
Istanbul,40.88,29.06,7
Istanbul,40.84,29.31,7
Istanbul,41.13,28.78,7
Istanbul,40.94,29.3,7
Istanbul,41.05,28.9,7
Istanbul,41.02,28.88,7
Istanbul,41.05,28.91,7
Istanbul,41.03,29.24,7
Istanbul,40.95,29.17,6
Istanbul,41.01,28.8,6
Istanbul,41.1,28.78,6
Istanbul,41.1,28.79,6
Istanbul,40.88,29.2,6
Istanbul,40.82,29.31,6
Istanbul,40.9,29.16,6
Istanbul,41.02,29.19,6
Istanbul,41.05,28.92,6
Istanbul,41.01,29.14,6
Istanbul,40.98,29.26,6
Istanbul,40.98,28.86,6
Istanbul,41.01,29.19,6
Istanbul,41.04,28.76,6
Istanbul,41.04,29.07,6
Istanbul,41.08,28.79,6
Istanbul,41.03,29.01,6
Istanbul,41.13,29.04,6
Istanbul,41.0,28.81,6
Istanbul,41.05,29.05,6
Istanbul,40.87,29.32,6
Istanbul,40.96,29.07,6
Istanbul,41.0,28.76,6
Istanbul,41.01,29.18,6
Istanbul,41.06,28.92,6
Istanbul,41.15,29.04,6
Istanbul,41.05,29.06,6
Istanbul,41.21,29.02,6
Istanbul,41.06,29.07,6
Istanbul,40.94,29.29,6
Istanbul,41.13,29.85,6
Istanbul,41.18,28.99,6
Istanbul,40.93,29.33,6
Istanbul,41.01,28.7,6
Istanbul,41.23,29.01,6
Istanbul,40.99,29.14,6
Istanbul,40.99,29.15,6
Istanbul,41.04,28.91,6
Istanbul,41.02,29.13,6
Istanbul,41.04,29.08,6
Istanbul,41.02,29.09,6
Istanbul,41.0,28.9,6
Istanbul,41.1,29.08,6
Istanbul,40.92,29.31,6
Istanbul,40.82,29.29,6
Istanbul,40.98,29.17,6
Istanbul,40.89,29.27,6
Istanbul,41.03,28.86,6
Istanbul,41.0,28.92,6
Istanbul,40.97,28.87,6
Istanbul,40.99,28.8,6
Istanbul,40.99,29.23,6
Istanbul,41.05,28.76,6
Istanbul,40.92,29.17,6
Istanbul,41.13,29.05,5
Istanbul,40.97,28.72,5
Istanbul,41.06,28.71,5
Istanbul,41.09,28.95,5
Istanbul,41.05,28.79,5
Istanbul,41.03,29.07,5
Istanbul,41.03,28.85,5
Istanbul,41.08,28.68,5
Istanbul,41.01,29.2,5
Istanbul,41.03,28.65,5
Istanbul,41.04,29.04,5
Istanbul,41.06,28.79,5
Istanbul,40.87,29.23,5
Istanbul,41.0,28.67,5
Istanbul,41.12,29.05,5
Istanbul,41.12,29.07,5
Istanbul,41.0,28.61,5
Istanbul,41.06,28.91,5
Istanbul,41.08,28.92,5
Istanbul,40.91,29.14,5
Istanbul,41.04,28.84,5
Istanbul,41.19,28.9,5
Istanbul,41.04,28.88,5
Istanbul,41.0,28.77,5
Istanbul,41.02,28.85,5
Istanbul,40.98,28.79,5
Istanbul,41.03,28.87,5
Istanbul,41.15,29.05,5
Istanbul,41.07,28.92,5
Istanbul,41.16,29.75,5
Istanbul,40.99,28.68,5
Istanbul,41.03,29.1,5
Istanbul,41.04,28.85,5
Istanbul,41.18,29.35,5
Istanbul,41.11,29.14,5
Istanbul,41.01,29.1,5
Istanbul,41.16,29.58,5
Istanbul,41.2,29.01,5
Istanbul,41.09,29.08,5
Istanbul,40.98,28.8,5
Istanbul,40.91,29.28,5
Istanbul,40.89,29.23,5
Istanbul,40.86,29.13,5
Istanbul,41.0,28.78,5
Istanbul,41.07,29.07,5
Istanbul,40.88,29.25,5
Istanbul,41.0,28.62,5
Istanbul,40.93,29.3,5
Istanbul,41.07,28.68,5
Istanbul,41.01,29.16,5
Istanbul,41.01,29.17,5
Istanbul,41.08,29.08,5
Istanbul,41.08,29.07,5
Istanbul,41.04,28.69,5
Istanbul,41.02,28.79,5
Istanbul,40.91,29.3,5
Istanbul,40.91,29.21,5
Istanbul,41.01,28.85,5
Istanbul,41.06,28.78,5
Istanbul,41.07,28.79,5
Istanbul,41.2,29.05,4
Istanbul,40.99,28.89,4
Istanbul,41.12,29.03,4
Istanbul,41.0,28.65,4
Istanbul,41.07,28.69,4
Istanbul,41.02,29.05,4
Istanbul,41.02,28.87,4
Istanbul,41.03,28.93,4
Istanbul,41.06,28.85,4
Istanbul,40.89,29.35,4
Istanbul,41.04,28.83,4
Istanbul,41.0,29.2,4
Istanbul,41.1,28.76,4
Istanbul,41.0,28.63,4
Istanbul,41.0,28.6,4
Istanbul,40.9,29.18,4
Istanbul,41.03,28.83,4
Istanbul,41.06,29.06,4
Istanbul,41.04,28.9,4
Istanbul,41.1,29.01,4
Istanbul,40.99,29.1,4
Istanbul,40.82,29.28,4
Istanbul,41.2,29.03,4
Istanbul,41.04,28.51,4
Istanbul,41.05,29.07,4
Istanbul,41.17,29.58,4
Istanbul,40.98,28.6,4
Istanbul,41.02,28.6,4
Istanbul,40.88,29.24,4
Istanbul,41.04,28.67,4
Istanbul,41.07,28.91,4
Istanbul,41.0,28.91,4
Istanbul,41.08,28.93,4
Istanbul,41.05,28.78,4
Istanbul,41.03,29.18,4
Istanbul,40.99,28.73,4
Istanbul,41.08,28.66,4
Istanbul,41.02,29.1,4
Istanbul,40.83,29.32,4
Istanbul,40.92,29.22,4
Istanbul,41.04,28.78,4
Istanbul,40.91,29.23,4
Istanbul,41.04,29.11,4
Istanbul,41.01,29.15,4
Istanbul,41.01,28.86,4
Istanbul,41.0,28.82,4
Istanbul,40.9,29.27,4
Istanbul,41.17,29.03,4
Istanbul,41.21,28.71,4
Istanbul,41.02,29.22,4
Istanbul,40.96,29.12,4
Istanbul,40.99,28.61,4
Istanbul,41.34,28.69,4
Istanbul,41.03,29.22,4
Istanbul,41.24,28.85,4
Istanbul,41.02,28.58,4
Istanbul,41.06,28.8,4
Istanbul,40.93,29.22,4
Istanbul,40.99,28.77,4
Istanbul,41.07,28.9,4
Istanbul,41.02,28.56,4
Istanbul,41.07,28.85,4
Istanbul,40.92,29.15,4
Istanbul,41.07,28.89,3
Istanbul,41.04,29.09,3
Istanbul,41.05,28.67,3
Istanbul,41.01,28.54,3
Istanbul,41.01,28.79,3
Istanbul,41.09,28.94,3
Istanbul,41.05,28.77,3
Istanbul,40.92,29.28,3
Istanbul,41.05,28.94,3
Istanbul,41.03,28.77,3
Istanbul,41.06,28.66,3
Istanbul,41.07,29.06,3
Istanbul,41.05,29.08,3
Istanbul,41.1,29.09,3
Istanbul,41.01,28.61,3
Istanbul,40.93,29.21,3
Istanbul,41.04,28.63,3
Istanbul,40.88,29.21,3
Istanbul,41.02,28.84,3
Istanbul,41.08,28.69,3
Istanbul,41.19,28.73,3
Istanbul,40.83,29.3,3
Istanbul,41.07,28.84,3
Istanbul,41.05,29.24,3
Istanbul,40.99,28.6,3
Istanbul,40.97,28.74,3
Istanbul,41.09,28.78,3
Istanbul,41.11,29.13,3
Istanbul,41.07,28.13,3
Istanbul,41.12,29.22,3
Istanbul,40.98,28.61,3
Istanbul,41.03,28.64,3
Istanbul,41.21,29.01,3
Istanbul,41.09,28.65,3
Istanbul,41.11,29.21,3
Istanbul,41.16,28.92,3
Istanbul,41.21,28.72,3
Istanbul,41.48,28.3,3
Istanbul,40.84,29.3,3
Istanbul,41.03,28.8,3
Istanbul,41.05,28.5,3
Istanbul,41.17,29.62,3
Istanbul,41.12,29.86,3
Istanbul,40.88,29.27,3
Istanbul,41.1,29.04,3
Istanbul,41.18,28.75,3
Istanbul,41.07,28.15,3
Istanbul,41.04,28.86,3
Istanbul,40.87,29.3,3
Istanbul,41.11,29.84,3
Istanbul,41.1,29.07,3
Istanbul,40.86,29.28,3
Istanbul,41.09,28.81,3
Istanbul,40.97,29.23,3
Istanbul,41.02,28.86,3
Istanbul,41.16,29.27,3
Istanbul,41.12,29.02,3
Istanbul,40.89,29.25,3
Istanbul,41.11,29.06,3
Istanbul,41.22,29.03,3
Istanbul,41.06,28.93,3
Istanbul,40.82,29.27,3
Istanbul,40.97,28.88,3
Istanbul,41.09,28.88,3
Istanbul,41.08,28.67,3
Istanbul,41.21,29.4,3
Istanbul,41.1,28.97,3
Istanbul,41.07,28.67,3
Istanbul,41.22,29.15,3
Istanbul,40.94,29.31,3
Istanbul,40.87,29.26,3
Istanbul,41.11,29.11,3
Istanbul,40.93,29.16,3
Istanbul,41.06,28.76,3
Istanbul,40.9,29.21,3
Istanbul,40.94,29.28,3
Istanbul,40.92,29.23,3
Istanbul,41.09,28.87,3
Istanbul,41.01,29.22,3
Istanbul,40.91,29.31,3
Istanbul,41.04,29.26,3
Istanbul,41.15,29.57,3
Istanbul,41.07,28.37,3
Istanbul,41.07,29.05,3
Istanbul,41.09,28.93,2
Istanbul,41.09,28.66,2
Istanbul,40.99,28.54,2
Istanbul,40.94,29.32,2
Istanbul,41.01,29.23,2
Istanbul,40.96,29.14,2
Istanbul,41.04,28.8,2
Istanbul,40.92,29.18,2
Istanbul,41.1,28.9,2
Istanbul,41.07,28.14,2
Istanbul,40.89,29.26,2
Istanbul,40.97,28.66,2
Istanbul,41.11,28.66,2
Istanbul,41.11,28.78,2
Istanbul,41.07,28.72,2
Istanbul,41.08,28.89,2
Istanbul,40.82,29.32,2
Istanbul,41.0,28.54,2
Istanbul,40.98,28.65,2
Istanbul,41.07,28.77,2
Istanbul,41.07,28.71,2
Istanbul,41.18,28.88,2
Istanbul,41.06,28.3,2
Istanbul,41.11,29.15,2
Istanbul,41.27,28.64,2
Istanbul,40.94,29.38,2
Istanbul,41.05,29.09,2
Istanbul,41.22,29.02,2
Istanbul,41.19,29.04,2
Istanbul,41.07,28.62,2
Istanbul,40.97,28.63,2
Istanbul,41.06,28.51,2
Istanbul,41.04,28.43,2
Istanbul,41.09,29.91,2
Istanbul,41.12,29.1,2
Istanbul,41.05,28.49,2
Istanbul,41.16,29.59,2
Istanbul,41.12,29.15,2
Istanbul,41.03,28.69,2
Istanbul,41.21,29.03,2
Istanbul,41.18,29.04,2
Istanbul,41.18,28.74,2
Istanbul,41.19,29.48,2
Istanbul,41.23,28.85,2
Istanbul,40.98,29.18,2
Istanbul,41.15,29.59,2
Istanbul,41.01,28.71,2
Istanbul,41.02,29.14,2
Istanbul,41.03,29.16,2
Istanbul,40.85,29.3,2
Istanbul,40.83,29.31,2
Istanbul,41.13,29.11,2
Istanbul,41.05,28.39,2
Istanbul,40.95,29.14,2
Istanbul,41.05,28.8,2
Istanbul,40.91,29.29,2
Istanbul,40.92,29.2,2
Istanbul,40.86,29.29,2
Istanbul,40.98,28.64,2
Istanbul,41.03,28.46,2
Istanbul,41.13,28.46,2
Istanbul,41.17,28.99,2
Istanbul,40.95,29.15,2
Istanbul,40.99,28.63,2
Istanbul,41.07,28.81,2
Istanbul,40.9,29.19,2
Istanbul,41.03,28.79,2
Istanbul,40.89,29.24,2
Istanbul,41.18,28.71,2
Istanbul,41.03,28.91,2
Istanbul,41.01,29.25,2
Istanbul,41.01,28.78,2
Istanbul,40.98,29.23,2
Istanbul,40.83,29.36,2
Istanbul,41.01,28.88,2
Istanbul,41.04,29.23,2
Istanbul,41.05,28.86,2
Istanbul,41.2,28.77,2
Istanbul,41.24,29.03,2
Istanbul,40.96,28.84,2
Istanbul,41.02,28.92,2
Istanbul,41.25,28.76,2
Istanbul,41.05,28.87,2
Istanbul,41.01,29.24,2
Istanbul,41.03,28.47,2
Istanbul,40.87,29.31,2
Istanbul,41.02,29.25,2
Istanbul,40.97,28.71,2
Istanbul,41.06,29.23,2
Istanbul,41.06,29.08,2
Istanbul,40.88,29.22,2
Istanbul,41.09,28.91,2
Istanbul,40.96,29.21,2
Istanbul,41.02,29.21,2
Istanbul,40.89,29.36,2
Istanbul,41.21,29.16,2
Istanbul,41.08,29.33,2
Istanbul,41.11,29.08,2
Istanbul,41.02,29.23,2
Istanbul,41.0,28.64,2
Istanbul,41.05,28.89,2
Istanbul,41.15,29.73,2
Istanbul,41.23,29.25,2
Istanbul,41.21,29.04,2
Istanbul,41.11,29.88,2
Istanbul,41.06,28.89,2
Istanbul,41.09,28.8,2
Istanbul,41.1,28.8,2
Istanbul,40.98,29.24,2
Istanbul,41.01,28.62,2
Istanbul,40.89,29.28,2
Istanbul,41.16,29.57,2
Istanbul,41.05,28.56,2
Istanbul,40.99,28.66,2
Istanbul,40.89,29.21,2
Istanbul,41.0,28.52,2
Istanbul,41.1,28.91,2
Istanbul,41.04,28.87,2
Istanbul,41.04,28.5,2
Istanbul,41.05,28.51,2
Istanbul,41.04,29.06,2
Istanbul,41.18,29.07,2
Istanbul,41.22,28.37,2
Istanbul,41.08,29.25,2
Istanbul,40.99,28.53,2
Istanbul,41.11,29.85,2
Istanbul,41.14,28.79,2
Istanbul,41.09,28.92,2
Istanbul,41.17,29.59,2
Istanbul,40.92,29.19,2
Istanbul,40.98,28.68,2
Istanbul,41.06,28.83,2
Istanbul,40.94,29.21,2
Istanbul,40.98,29.16,2
Istanbul,41.19,29.44,2
Istanbul,41.2,28.74,2
Istanbul,41.03,29.19,2
Istanbul,41.02,28.83,2
Mexico City,19.41,-99.17,964
Mexico City,19.42,-99.17,776
Mexico City,19.42,-99.16,736
Mexico City,19.43,-99.17,657
Mexico City,19.41,-99.18,645
Mexico City,19.43,-99.16,530
Mexico City,19.41,-99.16,519
Mexico City,19.4,-99.17,418
Mexico City,19.44,-99.2,396
Mexico City,19.4,-99.18,354
Mexico City,19.43,-99.19,331
Mexico City,19.42,-99.18,331
Mexico City,19.43,-99.14,324
Mexico City,19.39,-99.18,324
Mexico City,19.43,-99.15,315
Mexico City,19.44,-99.19,272
Mexico City,19.4,-99.16,259
Mexico City,19.35,-99.16,253
Mexico City,19.44,-99.15,239
Mexico City,19.44,-99.18,238
Mexico City,19.44,-99.14,217
Mexico City,19.39,-99.17,216
Mexico City,19.4,-99.15,212
Mexico City,19.44,-99.21,204
Mexico City,19.43,-99.18,204
Mexico City,19.42,-99.15,185
Mexico City,19.44,-99.16,179
Mexico City,19.43,-99.2,176
Mexico City,19.39,-99.15,165
Mexico City,19.36,-99.16,152
Mexico City,19.37,-99.18,150
Mexico City,19.39,-99.16,144
Mexico City,19.44,-99.13,139
Mexico City,19.45,-99.16,139
Mexico City,19.37,-99.17,133
Mexico City,19.43,-99.21,130
Mexico City,19.38,-99.18,129
Mexico City,19.39,-99.19,129
Mexico City,19.41,-99.19,126
Mexico City,19.38,-99.17,124
Mexico City,19.35,-99.15,123
Mexico City,19.38,-99.16,119
Mexico City,19.43,-99.13,119
Mexico City,19.44,-99.17,113
Mexico City,19.35,-99.17,111
Mexico City,19.34,-99.18,110
Mexico City,19.36,-99.27,105
Mexico City,19.38,-99.15,102
Mexico City,19.4,-99.14,99
Mexico City,19.36,-99.17,97
Mexico City,19.34,-99.17,92
Mexico City,19.37,-99.16,90
Mexico City,19.34,-99.16,89
Mexico City,19.36,-99.28,89
Mexico City,19.37,-99.27,79
Mexico City,19.38,-99.19,79
Mexico City,19.34,-99.19,77
Mexico City,19.37,-99.15,75
Mexico City,19.34,-99.15,74
Mexico City,19.37,-99.14,69
Mexico City,19.45,-99.15,69
Mexico City,19.45,-99.14,67
Mexico City,19.36,-99.15,66
Mexico City,19.36,-99.18,65
Mexico City,19.45,-99.2,64
Mexico City,19.36,-99.19,63
Mexico City,19.38,-99.14,62
Mexico City,19.34,-99.2,62
Mexico City,19.46,-99.14,61
Mexico City,19.42,-99.14,59
Mexico City,19.39,-99.14,58
Mexico City,19.45,-99.18,56
Mexico City,19.37,-99.19,55
Mexico City,19.46,-99.15,52
Mexico City,19.29,-99.16,52
Mexico City,19.46,-99.18,50
Mexico City,19.35,-99.18,49
Mexico City,19.35,-99.19,49
Mexico City,19.34,-99.13,49
Mexico City,19.3,-99.17,49
Mexico City,19.38,-99.25,45
Mexico City,19.3,-99.16,41
Mexico City,19.29,-99.13,40
Mexico City,19.28,-99.17,40
Mexico City,19.44,-99.08,40
Mexico City,19.28,-99.16,40
Mexico City,19.45,-99.19,38
Mexico City,19.42,-99.06,37
Mexico City,19.36,-99.29,36
Mexico City,19.41,-99.15,36
Mexico City,19.38,-99.26,36
Mexico City,19.37,-99.28,36
Mexico City,19.46,-99.19,35
Mexico City,19.31,-99.22,35
Mexico City,19.44,-99.09,35
Mexico City,19.3,-99.13,35
Mexico City,19.46,-99.21,33
Mexico City,19.35,-99.25,33
Mexico City,19.45,-99.21,33
Mexico City,19.28,-99.14,33
Mexico City,19.41,-99.13,33
Mexico City,19.29,-99.18,33
Mexico City,19.3,-99.14,32
Mexico City,19.42,-99.13,32
Mexico City,19.36,-99.14,32
Mexico City,19.35,-99.3,32
Mexico City,19.4,-99.19,32
Mexico City,19.41,-99.14,32
Mexico City,19.45,-99.17,32
Mexico City,19.45,-99.13,32
Mexico City,19.33,-99.13,31
Mexico City,19.42,-99.09,31
Mexico City,19.29,-99.17,31
Mexico City,19.41,-99.11,30
Mexico City,19.42,-99.1,30
Mexico City,19.31,-99.16,30
Mexico City,19.49,-99.14,30
Mexico City,19.29,-99.14,30
Mexico City,19.43,-99.22,29
Mexico City,19.47,-99.16,28
Mexico City,19.43,-99.09,28
Mexico City,19.29,-99.15,28
Mexico City,19.3,-99.12,27
Mexico City,19.35,-99.13,27
Mexico City,19.34,-99.21,27
Mexico City,19.42,-99.22,27
Mexico City,19.35,-99.2,27
Mexico City,19.33,-99.18,27
Mexico City,19.43,-99.1,26
Mexico City,19.31,-99.17,26
Mexico City,19.39,-99.13,26
Mexico City,19.27,-99.17,26
Mexico City,19.31,-99.15,25
Mexico City,19.46,-99.17,25
Mexico City,19.46,-99.13,24
Mexico City,19.36,-99.13,24
Mexico City,19.3,-99.18,24
Mexico City,19.35,-99.29,24
Mexico City,19.32,-99.22,24
Mexico City,19.34,-99.24,24
Mexico City,19.42,-99.12,24
Mexico City,19.46,-99.16,23
Mexico City,19.33,-99.15,23
Mexico City,19.27,-99.14,23
Mexico City,19.39,-99.24,23
Mexico City,19.42,-99.21,23
Mexico City,19.38,-99.13,23
Mexico City,19.31,-99.12,23
Mexico City,19.33,-99.14,22
Mexico City,19.4,-99.13,22
Mexico City,19.35,-99.14,22
Mexico City,19.31,-99.23,22
Mexico City,19.49,-99.13,22
Mexico City,19.45,-99.22,21
Mexico City,19.29,-99.12,21
Mexico City,19.35,-99.12,21
Mexico City,19.29,-99.22,21
Mexico City,19.4,-99.11,20
Mexico City,19.3,-99.11,20
Mexico City,19.32,-99.13,20
Mexico City,19.42,-99.11,20
Mexico City,19.47,-99.18,20
Mexico City,19.31,-99.11,20
Mexico City,19.3,-99.19,20
Mexico City,19.38,-99.2,19
Mexico City,19.28,-99.13,19
Mexico City,19.47,-99.17,19
Mexico City,19.4,-99.1,19
Mexico City,19.44,-99.11,19
Mexico City,19.31,-99.14,19
Mexico City,19.49,-99.15,18
Mexico City,19.34,-99.22,18
Mexico City,19.31,-99.18,18
Mexico City,19.34,-99.14,18
Mexico City,19.33,-99.21,18
Mexico City,19.37,-99.29,18
Mexico City,19.52,-99.16,18
Mexico City,19.46,-99.2,18
Mexico City,19.41,-99.08,18
Mexico City,19.37,-99.22,18
Mexico City,19.41,-99.06,18
Mexico City,19.3,-99.15,18
Mexico City,19.43,-99.11,17
Mexico City,19.44,-99.1,17
Mexico City,19.47,-99.12,17
Mexico City,19.32,-99.14,17
Mexico City,19.33,-99.24,16
Mexico City,19.33,-99.2,16
Mexico City,19.28,-99.19,16
Mexico City,19.47,-99.13,16
Mexico City,19.41,-99.07,16
Mexico City,19.37,-99.26,16
Mexico City,19.4,-99.25,16
Mexico City,19.33,-99.17,16
Mexico City,19.31,-99.13,16
Mexico City,19.36,-99.2,15
Mexico City,19.37,-99.12,15
Mexico City,19.34,-99.12,15
Mexico City,19.32,-99.12,15
Mexico City,19.37,-99.2,15
Mexico City,19.48,-99.12,15
Mexico City,19.47,-99.14,15
Mexico City,19.34,-99.23,15
Mexico City,19.48,-99.19,14
Mexico City,19.37,-99.11,14
Mexico City,19.4,-99.07,14
Mexico City,19.41,-99.12,14
Mexico City,19.46,-99.12,14
Mexico City,19.42,-99.23,14
Mexico City,19.35,-99.23,14
Mexico City,19.39,-99.09,14
Mexico City,19.48,-99.13,14
Mexico City,19.33,-99.16,14
Mexico City,19.32,-99.16,14
Mexico City,19.28,-99.18,14
Mexico City,19.37,-99.25,13
Mexico City,19.32,-99.08,13
Mexico City,19.34,-99.25,13
Mexico City,19.37,-99.3,13
Mexico City,19.47,-99.19,13
Mexico City,19.33,-99.12,13
Mexico City,19.41,-99.24,13
Mexico City,19.32,-99.24,13
Mexico City,19.42,-99.08,13
Mexico City,19.41,-99.09,13
Mexico City,19.5,-99.13,13
Mexico City,19.33,-99.22,13
Mexico City,19.39,-99.25,13
Mexico City,19.28,-99.12,13
Mexico City,19.26,-99.13,13
Mexico City,19.32,-99.23,13
Mexico City,19.45,-99.12,12
Mexico City,19.45,-99.11,12
Mexico City,19.3,-99.22,12
Mexico City,19.4,-99.24,12
Mexico City,19.42,-99.2,12
Mexico City,19.45,-99.1,12
Mexico City,19.45,-99.09,12
Mexico City,19.21,-99.12,12
Mexico City,19.34,-99.26,12
Mexico City,19.48,-99.14,12
Mexico City,19.42,-99.07,11
Mexico City,19.45,-99.06,11
Mexico City,19.28,-99.22,11
Mexico City,19.4,-99.09,11
Mexico City,19.39,-99.2,11
Mexico City,19.32,-99.05,11
Mexico City,19.48,-99.21,10
Mexico City,19.39,-99.26,10
Mexico City,19.4,-99.08,10
Mexico City,19.49,-99.21,10
Mexico City,19.32,-99.15,10
Mexico City,19.49,-99.2,10
Mexico City,19.37,-99.21,10
Mexico City,19.3,-99.23,10
Mexico City,19.36,-99.12,10
Mexico City,19.47,-99.15,10
Mexico City,19.32,-99.17,9
Mexico City,19.35,-99.22,9
Mexico City,19.3,-99.2,9
Mexico City,19.27,-99.16,9
Mexico City,19.29,-99.0,9
Mexico City,19.51,-99.15,9
Mexico City,19.41,-99.1,9
Mexico City,19.47,-99.11,9
Mexico City,19.36,-99.26,9
Mexico City,19.36,-99.25,9
Mexico City,19.31,-99.19,9
Mexico City,19.37,-99.23,9
Mexico City,19.45,-99.07,9
Mexico City,19.53,-99.15,9
Mexico City,19.27,-99.13,9
Mexico City,19.36,-99.08,9
Mexico City,19.46,-99.09,9
Mexico City,19.4,-99.23,9
Mexico City,19.33,-99.23,8
Mexico City,19.36,-99.3,8
Mexico City,19.26,-99.18,8
Mexico City,19.4,-99.12,8
Mexico City,19.24,-99.15,8
Mexico City,19.31,-99.26,8
Mexico City,19.36,-99.06,8
Mexico City,19.41,-99.23,8
Mexico City,19.3,-99.07,8
Mexico City,19.32,-99.1,8
Mexico City,19.38,-99.24,8
Mexico City,19.38,-99.27,8
Mexico City,19.37,-99.13,8
Mexico City,19.45,-99.08,8
Mexico City,19.32,-99.3,8
Mexico City,19.31,-99.05,7
Mexico City,19.4,-99.26,7
Mexico City,19.38,-99.12,7
Mexico City,19.33,-99.27,7
Mexico City,19.5,-99.15,7
Mexico City,19.37,-99.24,7
Mexico City,19.33,-99.1,7
Mexico City,19.5,-99.2,7
Mexico City,19.38,-99.22,7
Mexico City,19.26,-99.12,7
Mexico City,19.47,-99.1,7
Mexico City,19.25,-99.1,7
Mexico City,19.32,-99.09,7
Mexico City,19.27,-99.21,7
Mexico City,19.39,-99.22,7
Mexico City,19.34,-99.29,7
Mexico City,19.29,-99.21,7
Mexico City,19.4,-99.06,6
Mexico City,19.29,-99.19,6
Mexico City,19.33,-99.29,6
Mexico City,19.28,-99.2,6
Mexico City,19.27,-99.18,6
Mexico City,19.5,-99.12,6
Mexico City,19.35,-99.21,6
Mexico City,19.29,-99.04,6
Mexico City,19.48,-99.18,6
Mexico City,19.51,-99.12,6
Mexico City,19.4,-99.2,6
Mexico City,19.26,-99.1,6
Mexico City,19.31,-99.24,6
Mexico City,19.25,-99.24,6
Mexico City,19.22,-99.23,6
Mexico City,19.48,-99.2,6
Mexico City,19.36,-99.22,6
Mexico City,19.21,-99.08,6
Mexico City,19.34,-99.11,6
Mexico City,19.36,-99.24,6
Mexico City,19.38,-99.03,6
Mexico City,19.27,-99.12,6
Mexico City,19.46,-99.06,6
Mexico City,19.27,-99.15,6
Mexico City,19.36,-99.1,5
Mexico City,19.48,-99.11,5
Mexico City,19.38,-99.11,5
Mexico City,19.26,-99.11,5
Mexico City,19.44,-99.12,5
Mexico City,19.3,-99.04,5
Mexico City,19.31,-99.21,5
Mexico City,19.35,-99.1,5
Mexico City,19.32,-99.11,5
Mexico City,19.43,-99.08,5
Mexico City,19.28,-99.15,5
Mexico City,19.41,-99.25,5
Mexico City,19.5,-99.21,5
Mexico City,19.3,-99.25,5
Mexico City,19.28,-99.11,5
Mexico City,19.24,-99.1,5
Mexico City,19.38,-99.23,5
Mexico City,19.35,-99.24,5
Mexico City,19.36,-99.21,5
Mexico City,19.39,-99.08,5
Mexico City,19.35,-99.11,5
Mexico City,19.31,-99.09,5
Mexico City,19.49,-99.18,5
Mexico City,19.5,-99.17,5
Mexico City,19.38,-99.09,5
Mexico City,19.39,-99.11,5
Mexico City,19.48,-99.09,5
Mexico City,19.32,-99.07,4
Mexico City,19.43,-99.06,4
Mexico City,19.51,-99.14,4
Mexico City,19.41,-99.2,4
Mexico City,19.48,-99.15,4
Mexico City,19.29,-99.23,4
Mexico City,19.36,-99.23,4
Mexico City,19.5,-99.19,4
Mexico City,19.35,-99.31,4
Mexico City,19.39,-99.12,4
Mexico City,19.24,-99.16,4
Mexico City,19.32,-99.29,4
Mexico City,19.34,-99.03,4
Mexico City,19.3,-99.24,4
Mexico City,19.49,-99.19,4
Mexico City,19.3,-99.1,4
Mexico City,19.28,-99.23,4
Mexico City,19.29,-99.07,4
Mexico City,19.31,-99.2,4
Mexico City,19.39,-99.07,4
Mexico City,19.34,-99.27,4
Mexico City,19.49,-99.17,4
Mexico City,19.31,-99.34,4
Mexico City,19.21,-99.23,4
Mexico City,19.52,-99.17,4
Mexico City,19.29,-99.11,4
Mexico City,19.46,-99.1,3
Mexico City,19.48,-99.1,3
Mexico City,19.28,-99.0,3
Mexico City,19.19,-99.02,3
Mexico City,19.5,-99.09,3
Mexico City,19.26,-99.17,3
Mexico City,19.33,-99.28,3
Mexico City,19.37,-99.1,3
Mexico City,19.25,-99.16,3
Mexico City,19.49,-99.12,3
Mexico City,19.32,-99.25,3
Mexico City,19.34,-99.31,3
Mexico City,19.5,-99.11,3
Mexico City,19.39,-99.04,3
Mexico City,19.4,-99.05,3
Mexico City,19.37,-99.05,3
Mexico City,19.37,-99.04,3
Mexico City,19.34,-99.1,3
Mexico City,19.35,-99.07,3
Mexico City,19.34,-99.05,3
Mexico City,19.43,-99.07,3
Mexico City,19.25,-99.18,3
Mexico City,19.28,-99.05,3
Mexico City,19.32,-99.21,3
Mexico City,19.39,-99.06,3
Mexico City,19.39,-99.05,3
Mexico City,19.38,-99.28,3
Mexico City,19.34,-99.07,3
Mexico City,19.24,-99.17,3
Mexico City,19.32,-99.26,3
Mexico City,19.31,-99.25,3
Mexico City,19.47,-99.07,3
Mexico City,19.37,-99.03,3
Mexico City,19.31,-99.27,3
Mexico City,19.39,-99.21,3
Mexico City,19.32,-99.06,3
Mexico City,19.23,-99.22,3
Mexico City,19.46,-99.11,3
Mexico City,19.39,-99.23,2
Mexico City,19.48,-99.08,2
Mexico City,19.52,-99.15,2
Mexico City,19.47,-99.08,2
Mexico City,19.38,-99.02,2
Mexico City,19.38,-99.08,2
Mexico City,19.35,-99.27,2
Mexico City,19.28,-99.21,2
Mexico City,19.43,-99.23,2
Mexico City,19.39,-99.1,2
Mexico City,19.23,-99.12,2
Mexico City,19.51,-99.16,2
Mexico City,19.36,-99.07,2
Mexico City,19.46,-99.05,2
Mexico City,19.27,-99.1,2
Mexico City,19.3,-99.02,2
Mexico City,19.32,-99.32,2
Mexico City,19.49,-99.1,2
Mexico City,19.21,-99.2,2
Mexico City,19.3,-99.06,2
Mexico City,19.22,-99.09,2
Mexico City,19.34,-99.06,2
Mexico City,19.2,-99.14,2
Mexico City,19.22,-99.2,2
Mexico City,19.22,-99.21,2
Mexico City,19.35,-99.26,2
Mexico City,19.21,-99.09,2
Mexico City,19.33,-99.11,2
Mexico City,19.3,-99.05,2
Mexico City,19.29,-99.05,2
Mexico City,19.21,-99.21,2
Mexico City,19.25,-99.17,2
Mexico City,19.19,-99.17,2
Mexico City,19.33,-99.09,2
Mexico City,19.36,-99.0,2
Mexico City,19.34,-99.02,2
Mexico City,19.51,-99.09,2
Mexico City,19.25,-99.19,2
Mexico City,19.36,-99.09,2
Mexico City,19.25,-99.11,2
Mexico City,19.2,-99.16,2
Mexico City,19.38,-99.04,2
Mexico City,19.31,-99.06,2
Mexico City,19.35,-99.09,2
Mexico City,19.33,-99.04,2
Mexico City,19.47,-99.09,2
Mexico City,19.39,-99.03,2
Mexico City,19.21,-99.1,2
Mexico City,19.48,-99.06,2
Mexico City,19.28,-99.28,2
Mexico City,19.36,-99.11,2
Mexico City,19.49,-99.07,2
Mexico City,19.43,-99.12,2
Mexico City,19.5,-99.16,2
Mexico City,19.35,-99.04,2
Mexico City,19.34,-99.28,2
Mexico City,19.52,-99.14,2
Mexico City,19.25,-99.09,2
Mexico City,19.32,-99.27,2
Mexico City,19.47,-99.06,2
Mexico City,19.19,-99.07,2
Mexico City,19.23,-99.21,2
Mexico City,19.27,-99.11,2
Mexico City,19.53,-99.17,2
Mexico City,19.33,-99.32,2
Mexico City,19.3,-99.08,2
Mexico City,19.37,-99.07,2
Mexico City,19.34,-98.98,2
Mexico City,19.19,-99.09,2
Mexico City,19.49,-99.11,2
Mexico City,19.35,-99.06,2
Mexico City,19.21,-99.0,2
Mexico City,19.27,-99.22,2
New York,40.76,-73.99,945
New York,40.72,-73.99,755
New York,40.73,-73.99,573
New York,40.73,-74.0,552
New York,40.73,-73.98,551
New York,40.71,-73.95,536
New York,40.74,-74.0,531
New York,40.74,-73.98,517
New York,40.71,-73.96,511
New York,40.75,-73.99,497
New York,40.69,-73.95,455
New York,40.7,-73.93,450
New York,40.71,-73.94,448
New York,40.72,-73.96,445
New York,40.72,-74.0,436
New York,40.72,-73.98,427
New York,40.75,-73.98,425
New York,40.69,-73.94,419
New York,40.8,-73.96,416
New York,40.78,-73.95,404
New York,40.7,-73.92,392
New York,40.69,-73.93,380
New York,40.72,-73.95,372
New York,40.77,-73.99,369
New York,40.81,-73.95,362
New York,40.68,-73.95,360
New York,40.71,-74.01,359
New York,40.69,-73.96,348
New York,40.75,-73.97,328
New York,40.69,-73.92,328
New York,40.75,-74.0,326
New York,40.78,-73.98,317
New York,40.76,-73.98,317
New York,40.77,-73.95,315
New York,40.82,-73.94,312
New York,40.82,-73.95,312
New York,40.69,-73.91,306
New York,40.79,-73.97,294
New York,40.69,-73.97,291
New York,40.68,-73.94,288
New York,40.76,-74.0,286
New York,40.76,-73.96,281
New York,40.68,-73.96,280
New York,40.76,-73.97,276
New York,40.77,-73.96,275
New York,40.81,-73.94,258
New York,40.72,-73.94,256
New York,40.8,-73.97,253
New York,40.83,-73.95,246
New York,40.68,-73.97,242
New York,40.8,-73.95,240
New York,40.7,-73.94,240
New York,40.8,-73.94,231
New York,40.83,-73.94,222
New York,40.67,-73.95,216
New York,40.66,-73.96,212
New York,40.68,-73.91,211
New York,40.7,-73.91,211
New York,40.77,-73.98,210
New York,40.67,-73.96,208
New York,40.73,-73.95,208
New York,40.68,-73.93,207
New York,40.73,-73.96,207
New York,40.74,-73.99,206
New York,40.68,-73.98,206
New York,40.71,-73.99,202
New York,40.76,-73.92,195
New York,40.84,-73.94,191
New York,40.68,-73.92,188
New York,40.65,-73.96,184
New York,40.67,-73.99,184
New York,40.67,-73.98,181
New York,40.79,-73.95,181
New York,40.69,-73.99,180
New York,40.77,-73.92,174
New York,40.76,-73.93,169
New York,40.85,-73.94,157
New York,40.81,-73.96,154
New York,40.66,-73.95,152
New York,40.71,-74.0,152
New York,40.74,-73.97,148
New York,40.79,-73.94,147
New York,40.68,-73.99,145
New York,40.67,-73.94,142
New York,40.69,-73.98,142
New York,40.72,-74.01,140
New York,40.73,-74.01,139
New York,40.71,-73.97,138
New York,40.74,-73.9,134
New York,40.75,-73.88,124
New York,40.67,-73.93,121
New York,40.79,-73.98,118
New York,40.68,-74.0,116
New York,40.7,-74.01,113
New York,40.77,-73.91,113
New York,40.66,-73.99,111
New York,40.74,-73.92,106
New York,40.71,-73.92,105
New York,40.76,-73.91,104
New York,40.82,-73.96,103
New York,40.64,-73.96,96
New York,40.86,-73.93,95
New York,40.75,-73.94,95
New York,40.73,-73.94,94
New York,40.74,-74.01,94
New York,40.77,-73.93,94
New York,40.66,-73.98,93
New York,40.65,-73.95,93
New York,40.85,-73.93,92
New York,40.74,-73.93,91
New York,40.64,-73.97,91
New York,40.64,-73.95,90
New York,40.74,-73.88,89
New York,40.74,-73.89,87
New York,40.75,-73.89,86
New York,40.69,-74.0,82
New York,40.74,-73.95,80
New York,40.7,-73.95,80
New York,40.75,-73.9,79
New York,40.7,-73.9,77
New York,40.78,-73.96,75
New York,40.71,-74.02,75
New York,40.7,-73.97,74
New York,40.74,-73.91,73
New York,40.71,-73.93,73
New York,40.78,-73.91,72
New York,40.75,-73.92,69
New York,40.87,-73.92,64
New York,40.76,-73.83,63
New York,40.75,-73.91,63
New York,40.7,-73.99,62
New York,40.71,-73.91,61
New York,40.75,-73.83,61
New York,40.67,-73.92,58
New York,40.81,-73.93,58
New York,40.74,-73.87,57
New York,40.67,-73.89,56
New York,40.7,-73.98,56
New York,40.64,-74.0,56
New York,40.65,-73.97,54
New York,40.65,-74.01,53
New York,40.78,-73.99,49
New York,40.67,-73.97,48
New York,40.66,-73.93,48
New York,40.73,-73.86,48
New York,40.68,-74.01,47
New York,40.63,-74.03,46
New York,40.66,-73.92,46
New York,40.78,-73.97,45
New York,40.65,-73.94,45
New York,40.75,-73.95,44
New York,40.66,-73.94,43
New York,40.64,-74.02,43
New York,40.58,-73.96,42
New York,40.65,-74.0,40
New York,40.66,-74.0,40
New York,40.64,-73.98,39
New York,40.83,-73.92,39
New York,40.68,-73.89,39
New York,40.71,-73.9,38
New York,40.77,-73.97,38
New York,40.8,-73.93,38
New York,40.62,-74.03,38
New York,40.65,-73.98,38
New York,40.64,-74.01,37
New York,40.76,-73.95,36
New York,40.63,-73.96,36
New York,40.65,-73.93,36
New York,40.69,-73.87,36
New York,40.67,-73.78,36
New York,40.74,-73.86,35
New York,40.84,-73.91,35
New York,40.86,-73.92,34
New York,40.75,-73.96,34
New York,40.78,-73.92,34
New York,40.64,-73.91,34
New York,40.74,-73.96,33
New York,40.76,-73.88,32
New York,40.67,-73.88,32
New York,40.76,-73.81,31
New York,40.77,-73.87,31
New York,40.87,-73.93,30
New York,40.61,-74.0,30
New York,40.76,-73.82,30
New York,40.75,-73.93,29
New York,40.84,-73.95,29
New York,40.71,-73.83,29
New York,40.59,-73.79,29
New York,40.63,-74.02,29
New York,40.62,-73.96,29
New York,40.59,-73.81,29
New York,40.73,-73.88,28
New York,40.59,-73.8,28
New York,40.76,-73.94,27
New York,40.64,-73.94,27
New York,40.64,-74.08,27
New York,40.69,-73.85,26
New York,40.73,-73.85,26
New York,40.68,-73.88,26
New York,40.81,-73.92,26
New York,40.75,-73.87,26
New York,40.6,-73.96,25
New York,40.76,-73.87,25
New York,40.75,-73.82,25
New York,40.74,-73.83,24
New York,40.88,-73.86,24
New York,40.73,-73.89,24
New York,40.61,-73.95,23
New York,40.82,-73.93,23
New York,40.77,-73.9,23
New York,40.7,-73.96,23
New York,40.72,-73.86,23
New York,40.61,-73.96,23
New York,40.77,-73.88,23
New York,40.89,-73.86,23
New York,40.69,-73.9,22
New York,40.81,-73.97,22
New York,40.72,-73.85,22
New York,40.63,-74.08,22
New York,40.86,-73.9,22
New York,40.79,-73.96,21
New York,40.73,-73.87,21
New York,40.76,-73.89,21
New York,40.65,-73.92,21
New York,40.66,-73.89,21
New York,40.64,-73.9,20
New York,40.63,-73.97,20
New York,40.71,-73.98,20
New York,40.84,-73.86,20
New York,40.67,-73.91,20
New York,40.86,-73.86,20
New York,40.64,-73.89,20
New York,40.75,-73.86,20
New York,40.67,-73.77,20
New York,40.66,-73.91,19
New York,40.7,-73.75,19
New York,40.66,-73.77,19
New York,40.7,-73.89,19
New York,40.69,-73.86,19
New York,40.76,-73.86,18
New York,40.82,-73.91,18
New York,40.85,-73.91,18
New York,40.82,-73.9,18
New York,40.67,-73.87,18
New York,40.7,-73.83,17
New York,40.84,-73.92,17
New York,40.61,-73.97,17
New York,40.71,-73.82,17
New York,40.63,-73.94,17
New York,40.63,-73.95,17
New York,40.64,-74.09,17
New York,40.69,-73.8,16
New York,40.73,-73.9,16
New York,40.76,-73.9,16
New York,40.58,-73.95,16
New York,40.59,-73.95,16
New York,40.88,-73.9,16
New York,40.88,-73.91,16
New York,40.69,-73.78,16
New York,40.63,-73.9,16
New York,40.63,-73.91,15
New York,40.58,-73.97,15
New York,40.81,-73.89,15
New York,40.84,-73.93,15
New York,40.7,-73.85,15
New York,40.59,-73.94,15
New York,40.63,-74.09,15
New York,40.63,-73.93,15
New York,40.74,-73.82,15
New York,40.63,-74.01,15
New York,40.7,-73.81,15
New York,40.87,-73.84,15
New York,40.71,-73.81,15
New York,40.69,-73.83,15
New York,40.65,-73.91,15
New York,40.61,-73.98,15
New York,40.87,-73.9,15
New York,40.83,-73.89,14
New York,40.68,-73.87,14
New York,40.64,-74.03,14
New York,40.72,-73.84,14
New York,40.63,-74.11,14
New York,40.66,-73.76,14
New York,40.89,-73.85,14
New York,40.6,-73.95,14
New York,40.66,-73.73,14
New York,40.88,-73.84,14
New York,40.74,-73.79,14
New York,40.85,-73.9,14
New York,40.66,-73.9,14
New York,40.87,-73.89,14
New York,40.67,-73.75,14
New York,40.67,-73.79,14
New York,40.86,-73.89,14
New York,40.7,-74.0,13
New York,40.85,-73.92,13
New York,40.59,-73.97,13
New York,40.86,-73.94,13
New York,40.68,-73.84,13
New York,40.86,-73.91,13
New York,40.9,-73.85,13
New York,40.66,-73.88,13
New York,40.71,-73.8,13
New York,40.6,-73.76,13
New York,40.6,-73.98,13
New York,40.72,-73.91,13
New York,40.6,-73.97,13
New York,40.62,-73.93,13
New York,40.81,-73.91,13
New York,40.9,-73.86,13
New York,40.75,-73.81,13
New York,40.72,-73.81,13
New York,40.68,-73.79,13
New York,40.85,-73.85,13
New York,40.83,-73.83,13
New York,40.77,-73.83,13
New York,40.71,-73.76,13
New York,40.87,-73.88,13
New York,40.58,-73.94,12
New York,40.72,-73.97,12
New York,40.62,-73.94,12
New York,40.67,-74.0,12
New York,40.88,-73.85,12
New York,40.61,-73.99,12
New York,40.76,-73.8,12
New York,40.66,-73.74,12
New York,40.67,-73.74,12
New York,40.6,-74.08,12
New York,40.69,-73.76,12
New York,40.65,-73.74,12
New York,40.71,-73.85,12
New York,40.62,-74.02,12
New York,40.7,-73.82,11
New York,40.71,-73.74,11
New York,40.63,-73.92,11
New York,40.7,-74.02,11
New York,40.75,-74.01,11
New York,40.83,-73.93,11
New York,40.59,-73.96,11
New York,40.85,-73.89,11
New York,40.85,-73.86,11
New York,40.71,-73.88,11
New York,40.67,-73.76,11
New York,40.67,-73.8,11
New York,40.61,-74.09,11
New York,40.77,-73.82,11
New York,40.83,-73.82,11
New York,40.79,-73.93,10
New York,40.88,-73.88,10
New York,40.83,-73.9,10
New York,40.86,-73.87,10
New York,40.69,-73.77,10
New York,40.62,-73.92,10
New York,40.71,-73.75,10
New York,40.58,-74.11,10
New York,40.69,-73.75,10
New York,40.81,-73.85,10
New York,40.7,-73.74,10
New York,40.74,-73.85,10
New York,40.69,-73.79,10
New York,40.73,-73.79,10
New York,40.72,-73.8,10
New York,40.78,-73.84,10
New York,40.64,-73.99,10
New York,40.63,-74.0,10
New York,40.65,-74.08,9
New York,40.62,-74.0,9
New York,40.67,-73.84,9
New York,40.84,-73.87,9
New York,40.72,-73.82,9
New York,40.6,-73.75,9
New York,40.83,-73.87,9
New York,40.89,-73.9,9
New York,40.89,-73.84,9
New York,40.87,-73.86,9
New York,40.87,-73.85,9
New York,40.75,-73.79,9
New York,40.65,-73.9,9
New York,40.58,-74.01,9
New York,40.69,-73.81,9
New York,40.82,-73.89,9
New York,40.74,-73.81,9
New York,40.83,-73.91,9
New York,40.61,-74.07,9
New York,40.71,-73.89,8
New York,40.68,-73.78,8
New York,40.61,-74.01,8
New York,40.68,-73.8,8
New York,40.67,-73.85,8
New York,40.68,-73.74,8
New York,40.86,-73.85,8
New York,40.69,-73.82,8
New York,40.64,-73.93,8
New York,40.8,-73.98,8
New York,40.65,-74.02,8
New York,40.83,-73.88,8
New York,40.81,-73.9,8
New York,40.69,-73.84,8
New York,40.7,-73.77,8
New York,40.86,-73.84,8
New York,40.84,-73.89,8
New York,40.71,-73.77,8
New York,40.77,-73.8,8
New York,40.62,-73.95,8
New York,40.65,-73.73,8
New York,40.77,-73.78,8
New York,40.68,-73.75,8
New York,40.68,-73.9,8
New York,40.62,-73.99,7
New York,40.71,-73.79,7
New York,40.62,-74.04,7
New York,40.62,-73.97,7
New York,40.73,-73.82,7
New York,40.77,-73.94,7
New York,40.68,-73.76,7
New York,40.91,-73.9,7
New York,40.85,-73.79,7
New York,40.73,-73.83,7
New York,40.72,-73.73,7
New York,40.85,-73.83,7
New York,40.65,-74.09,7
New York,40.87,-73.91,7
New York,40.6,-73.8,7
New York,40.84,-73.85,7
New York,40.7,-73.78,7
New York,40.7,-73.84,7
New York,40.63,-74.12,7
New York,40.84,-73.83,7
New York,40.83,-73.86,7
New York,40.59,-73.82,7
New York,40.78,-73.93,7
New York,40.73,-73.97,7
New York,40.88,-73.87,7
New York,40.67,-73.86,7
New York,40.72,-73.75,6
New York,40.71,-73.84,6
New York,40.6,-73.99,6
New York,40.72,-74.02,6
New York,40.62,-74.01,6
New York,40.72,-73.76,6
New York,40.76,-73.77,6
New York,40.89,-73.83,6
New York,40.67,-73.9,6
New York,40.7,-73.88,6
New York,40.85,-73.87,6
New York,40.9,-73.9,6
New York,40.75,-73.77,6
New York,40.64,-73.92,6
New York,40.69,-73.73,6
New York,40.73,-73.74,6
New York,40.66,-73.75,6
New York,40.79,-73.85,6
New York,40.66,-73.87,6
New York,40.6,-73.77,6
New York,40.82,-73.82,6
New York,40.73,-73.8,6
New York,40.61,-73.76,6
New York,40.62,-74.08,6
New York,40.59,-74.07,6
New York,40.68,-73.86,6
New York,40.63,-73.98,6
New York,40.77,-73.89,6
New York,40.82,-73.92,6
New York,40.73,-73.81,6
New York,40.58,-74.0,6
New York,40.71,-73.78,6
New York,40.68,-73.81,6
New York,40.78,-73.94,5
New York,40.61,-74.03,5
New York,40.76,-73.79,5
New York,40.65,-73.89,5
New York,40.89,-73.91,5
New York,40.72,-73.89,5
New York,40.68,-73.83,5
New York,40.83,-73.85,5
New York,40.68,-73.82,5
New York,40.79,-73.84,5
New York,40.68,-74.02,5
New York,40.88,-73.83,5
New York,40.72,-73.83,5
New York,40.72,-73.88,5
New York,40.77,-73.79,5
New York,40.77,-73.77,5
New York,40.61,-73.77,5
New York,40.72,-73.79,5
New York,40.7,-73.79,5
New York,40.82,-73.86,5
New York,40.63,-74.13,5
New York,40.7,-73.73,5
New York,40.59,-73.77,5
New York,40.67,-73.81,5
New York,40.58,-73.81,5
New York,40.62,-73.91,5
New York,40.63,-73.89,5
New York,40.68,-73.85,4
New York,40.63,-74.16,4
New York,40.67,-74.01,4
New York,40.6,-74.0,4
New York,40.62,-74.1,4
New York,40.66,-73.86,4
New York,40.71,-73.73,4
New York,40.65,-73.75,4
New York,40.61,-74.12,4
New York,40.72,-73.77,4
New York,40.72,-73.9,4
New York,40.67,-73.73,4
New York,40.81,-73.86,4
New York,40.58,-74.09,4
New York,40.76,-73.76,4
New York,40.58,-73.99,4
New York,40.7,-73.76,4
New York,40.8,-73.91,4
New York,40.72,-73.87,3
New York,40.88,-73.92,3
New York,40.59,-73.98,3
New York,40.56,-74.12,3
New York,40.73,-73.73,3
New York,40.78,-73.9,3
New York,40.59,-73.93,3
New York,40.59,-74.16,3
New York,40.68,-73.73,3
New York,40.59,-73.99,3
New York,40.58,-73.85,3
New York,40.7,-73.8,3
New York,40.6,-73.79,3
New York,40.64,-74.1,3
New York,40.64,-73.88,3
New York,40.61,-74.08,3
New York,40.63,-74.17,3
New York,40.88,-73.89,3
New York,40.69,-73.74,3
New York,40.7,-73.86,3
New York,40.79,-73.82,3
New York,40.78,-73.81,3
New York,40.6,-73.94,3
New York,40.57,-74.09,3
New York,40.71,-73.86,3
New York,40.77,-73.86,3
New York,40.78,-73.82,3
New York,40.75,-73.84,3
New York,40.87,-73.83,3
New York,40.73,-73.78,3
New York,40.9,-73.84,3
New York,40.61,-74.02,3
New York,40.82,-73.88,3
New York,40.72,-73.78,3
New York,40.57,-74.1,3
New York,40.61,-74.06,3
New York,40.73,-73.72,3
New York,40.6,-74.09,3
New York,40.58,-73.98,3
New York,40.69,-73.88,3
New York,40.62,-74.09,3
New York,40.68,-73.77,3
New York,40.86,-73.88,3
New York,40.77,-74.0,3
New York,40.76,-73.78,2
New York,40.57,-74.12,2
New York,40.6,-74.02,2
New York,40.55,-74.18,2
New York,40.59,-74.08,2
New York,40.6,-74.17,2
New York,40.77,-73.75,2
New York,40.61,-73.75,2
New York,40.65,-73.84,2
New York,40.6,-74.13,2
New York,40.73,-73.77,2
New York,40.6,-74.07,2
New York,40.78,-73.74,2
New York,40.74,-73.78,2
New York,40.78,-73.77,2
New York,40.61,-74.13,2
New York,40.61,-74.04,2
New York,40.75,-73.85,2
New York,40.54,-74.14,2
New York,40.63,-74.07,2
New York,40.61,-73.94,2
New York,40.84,-73.78,2
New York,40.65,-73.83,2
New York,40.63,-74.15,2
New York,40.65,-73.88,2
New York,40.73,-73.92,2
New York,40.64,-74.13,2
New York,40.56,-74.13,2
New York,40.6,-73.78,2
New York,40.61,-73.91,2
New York,40.87,-73.87,2
New York,40.54,-74.17,2
New York,40.66,-73.84,2
New York,40.78,-73.85,2
New York,40.79,-73.78,2
New York,40.78,-73.83,2
New York,40.85,-73.88,2
New York,40.61,-73.92,2
New York,40.73,-73.71,2
New York,40.67,-73.82,2
New York,40.84,-73.84,2
New York,40.62,-73.98,2
New York,40.64,-74.12,2
New York,40.75,-73.78,2
New York,40.86,-73.83,2
New York,40.6,-74.06,2
New York,40.64,-74.16,2
New York,40.58,-73.82,2
New York,40.8,-73.92,2
New York,40.63,-74.1,2
Paris,48.87,2.35,2428
Paris,48.86,2.36,2130
Paris,48.89,2.35,1929
Paris,48.88,2.34,1801
Paris,48.87,2.36,1792
Paris,48.87,2.37,1778
Paris,48.89,2.34,1759
Paris,48.86,2.35,1551
Paris,48.86,2.38,1461
Paris,48.87,2.38,1432
Paris,48.89,2.32,1338
Paris,48.86,2.37,1321
Paris,48.88,2.35,1264
Paris,48.89,2.33,1235
Paris,48.85,2.38,1113
Paris,48.88,2.33,1070
Paris,48.87,2.34,1023
Paris,48.85,2.34,967
Paris,48.84,2.35,931
Paris,48.85,2.39,930
Paris,48.87,2.39,926
Paris,48.88,2.37,901
Paris,48.85,2.35,888
Paris,48.88,2.36,883
Paris,48.89,2.38,816
Paris,48.85,2.37,811
Paris,48.85,2.29,804
Paris,48.89,2.36,801
Paris,48.88,2.29,730
Paris,48.84,2.29,720
Paris,48.85,2.3,705
Paris,48.87,2.4,691
Paris,48.83,2.32,686
Paris,48.88,2.32,674
Paris,48.85,2.33,672
Paris,48.88,2.39,663
Paris,48.83,2.33,647
Paris,48.84,2.3,630
Paris,48.86,2.34,628
Paris,48.88,2.38,623
Paris,48.88,2.3,610
Paris,48.86,2.39,603
Paris,48.85,2.4,584
Paris,48.86,2.4,582
Paris,48.87,2.33,566
Paris,48.86,2.28,546
Paris,48.85,2.32,488
Paris,48.84,2.31,487
Paris,48.84,2.32,474
Paris,48.84,2.4,470
Paris,48.87,2.3,468
Paris,48.85,2.36,463
Paris,48.84,2.33,461
Paris,48.83,2.35,461
Paris,48.86,2.31,461
Paris,48.87,2.29,458
Paris,48.87,2.31,425
Paris,48.84,2.39,405
Paris,48.84,2.28,397
Paris,48.86,2.3,393
Paris,48.89,2.31,381
Paris,48.83,2.37,381
Paris,48.85,2.27,355
Paris,48.87,2.28,351
Paris,48.89,2.37,351
Paris,48.86,2.33,343
Paris,48.9,2.34,341
Paris,48.85,2.31,339
Paris,48.84,2.26,330
Paris,48.83,2.36,327
Paris,48.87,2.32,317
Paris,48.84,2.36,314
Paris,48.85,2.28,313
Paris,48.88,2.31,308
Paris,48.84,2.34,302
Paris,48.85,2.41,284
Paris,48.83,2.31,279
Paris,48.89,2.39,268
Paris,48.88,2.4,251
Paris,48.83,2.34,244
Paris,48.83,2.3,241
Paris,48.86,2.29,240
Paris,48.82,2.36,225
Paris,48.86,2.27,225
Paris,48.86,2.41,206
Paris,48.83,2.29,204
Paris,48.87,2.41,198
Paris,48.9,2.35,188
Paris,48.9,2.33,171
Paris,48.82,2.35,170
Paris,48.84,2.27,158
Paris,48.84,2.41,154
Paris,48.86,2.32,147
Paris,48.85,2.26,143
Paris,48.9,2.32,133
Paris,48.82,2.34,127
Paris,48.82,2.33,124
Paris,48.84,2.38,120
Paris,48.89,2.3,107
Paris,48.88,2.28,105
Paris,48.83,2.4,86
Paris,48.9,2.38,79
Paris,48.89,2.29,75
Paris,48.82,2.37,72
Paris,48.82,2.32,71
Paris,48.83,2.38,61
Paris,48.83,2.28,60
Paris,48.87,2.27,59
Paris,48.84,2.37,59
Paris,48.9,2.36,47
Paris,48.9,2.37,30
Paris,48.9,2.39,29
Paris,48.88,2.41,28
Paris,48.84,2.25,27
Paris,48.83,2.39,23
Paris,48.9,2.31,21
Paris,48.89,2.4,14
Paris,48.86,2.26,13
Paris,48.83,2.43,10
Paris,48.82,2.38,10
Paris,48.83,2.41,8
Paris,48.85,2.25,8
Paris,48.82,2.46,7
Paris,48.85,2.24,6
Paris,48.88,2.26,6
Paris,48.85,2.42,6
Paris,48.84,2.43,6
Paris,48.83,2.27,5
Paris,48.88,2.27,5
Paris,48.84,2.44,4
Paris,48.84,2.42,3
Paris,48.9,2.4,3
Paris,48.82,2.31,3
Paris,48.86,2.42,3
Paris,48.85,2.45,2
Paris,48.85,2.43,2
Paris,48.82,2.42,2
Paris,48.85,2.44,2
Paris,48.83,2.47,2
Rio de Janeiro,-22.98,-43.19,2648
Rio de Janeiro,-22.97,-43.19,1964
Rio de Janeiro,-22.97,-43.18,1273
Rio de Janeiro,-22.98,-43.2,1234
Rio de Janeiro,-22.96,-43.18,1067
Rio de Janeiro,-22.96,-43.17,849
Rio de Janeiro,-22.98,-43.22,666
Rio de Janeiro,-22.99,-43.19,614
Rio de Janeiro,-22.92,-43.18,591
Rio de Janeiro,-22.99,-43.2,478
Rio de Janeiro,-22.98,-43.21,464
Rio de Janeiro,-22.97,-43.39,461
Rio de Janeiro,-22.93,-43.18,452
Rio de Janeiro,-22.94,-43.18,429
Rio de Janeiro,-22.95,-43.18,393
Rio de Janeiro,-22.92,-43.19,361
Rio de Janeiro,-22.95,-43.19,351
Rio de Janeiro,-22.91,-43.18,337
Rio de Janeiro,-22.91,-43.19,323
Rio de Janeiro,-22.98,-43.23,290
Rio de Janeiro,-23.01,-43.33,281
Rio de Janeiro,-22.99,-43.23,242
Rio de Janeiro,-22.94,-43.19,234
Rio de Janeiro,-23.01,-43.32,232
Rio de Janeiro,-22.99,-43.21,225
Rio de Janeiro,-22.97,-43.41,225
Rio de Janeiro,-22.97,-43.4,209
Rio de Janeiro,-23.01,-43.34,207
Rio de Janeiro,-22.96,-43.2,202
Rio de Janeiro,-22.96,-43.19,198
Rio de Janeiro,-23.01,-43.35,158
Rio de Janeiro,-23.01,-43.3,154
Rio de Janeiro,-23.01,-43.31,144
Rio de Janeiro,-22.98,-43.41,138
Rio de Janeiro,-22.92,-43.22,137
Rio de Janeiro,-22.97,-43.38,137
Rio de Janeiro,-23.03,-43.48,135
Rio de Janeiro,-23.01,-43.36,128
Rio de Janeiro,-22.93,-43.19,126
Rio de Janeiro,-23.01,-43.43,123
Rio de Janeiro,-23.03,-43.47,123
Rio de Janeiro,-22.99,-43.22,122
Rio de Janeiro,-23.0,-43.39,120
Rio de Janeiro,-23.02,-43.49,119
Rio de Janeiro,-23.0,-43.34,116
Rio de Janeiro,-22.94,-43.2,113
Rio de Janeiro,-23.01,-43.44,112
Rio de Janeiro,-22.92,-43.23,112
Rio de Janeiro,-22.92,-43.21,111
Rio de Janeiro,-23.02,-43.46,110
Rio de Janeiro,-22.93,-43.24,108
Rio de Janeiro,-22.98,-43.42,102
Rio de Janeiro,-22.93,-43.17,101
Rio de Janeiro,-23.01,-43.37,99
Rio de Janeiro,-23.0,-43.33,97
Rio de Janeiro,-22.96,-43.22,97
Rio de Janeiro,-23.0,-43.31,95
Rio de Janeiro,-22.94,-43.17,89
Rio de Janeiro,-22.97,-43.17,87
Rio de Janeiro,-23.02,-43.45,86
Rio de Janeiro,-22.96,-43.21,86
Rio de Janeiro,-23.0,-43.35,85
Rio de Janeiro,-22.92,-43.24,84
Rio de Janeiro,-22.91,-43.24,84
Rio de Janeiro,-22.96,-43.4,79
Rio de Janeiro,-22.97,-43.23,78
Rio de Janeiro,-22.91,-43.22,76
Rio de Janeiro,-23.01,-43.29,76
Rio de Janeiro,-22.92,-43.17,73
Rio de Janeiro,-23.0,-43.27,72
Rio de Janeiro,-22.97,-43.2,72
Rio de Janeiro,-22.97,-43.42,69
Rio de Janeiro,-23.02,-43.47,68
Rio de Janeiro,-22.91,-43.23,67
Rio de Janeiro,-23.01,-43.46,67
Rio de Janeiro,-22.91,-43.17,67
Rio de Janeiro,-23.02,-43.48,65
Rio de Janeiro,-22.93,-43.23,63
Rio de Janeiro,-22.95,-43.17,62
Rio de Janeiro,-23.0,-43.43,60
Rio de Janeiro,-23.01,-43.45,58
Rio de Janeiro,-22.97,-43.36,57
Rio de Janeiro,-22.95,-43.2,57
Rio de Janeiro,-22.93,-43.2,54
Rio de Janeiro,-22.99,-43.26,51
Rio de Janeiro,-22.99,-43.35,51
Rio de Janeiro,-23.0,-43.24,50
Rio de Janeiro,-22.91,-43.21,49
Rio de Janeiro,-23.0,-43.42,49
Rio de Janeiro,-23.02,-43.51,48
Rio de Janeiro,-23.0,-43.32,47
Rio de Janeiro,-22.99,-43.24,46
Rio de Janeiro,-23.0,-43.38,45
Rio de Janeiro,-22.95,-43.16,44
Rio de Janeiro,-22.92,-43.25,43
Rio de Janeiro,-22.9,-43.18,42
Rio de Janeiro,-23.03,-43.49,41
Rio de Janeiro,-22.99,-43.25,41
Rio de Janeiro,-22.99,-43.36,40
Rio de Janeiro,-22.96,-43.39,38
Rio de Janeiro,-22.93,-43.25,38
Rio de Janeiro,-22.92,-43.26,36
Rio de Janeiro,-22.91,-43.2,36
Rio de Janeiro,-22.98,-43.24,35
Rio de Janeiro,-22.94,-43.36,35
Rio de Janeiro,-22.91,-43.25,35
Rio de Janeiro,-23.01,-43.47,35
Rio de Janeiro,-22.95,-43.38,34
Rio de Janeiro,-23.0,-43.26,32
Rio de Janeiro,-23.01,-43.48,32
Rio de Janeiro,-22.94,-43.33,31
Rio de Janeiro,-22.96,-43.41,31
Rio de Janeiro,-22.94,-43.35,29
Rio de Janeiro,-23.02,-43.31,29
Rio de Janeiro,-23.0,-43.36,28
Rio de Janeiro,-22.9,-43.19,28
Rio de Janeiro,-22.94,-43.34,27
Rio de Janeiro,-22.95,-43.34,26
Rio de Janeiro,-22.99,-43.27,26
Rio de Janeiro,-22.94,-43.25,25
Rio de Janeiro,-23.01,-43.42,25
Rio de Janeiro,-22.95,-43.35,25
Rio de Janeiro,-22.93,-43.35,25
Rio de Janeiro,-23.02,-43.3,25
Rio de Janeiro,-22.97,-43.22,25
Rio de Janeiro,-22.94,-43.21,25
Rio de Janeiro,-23.06,-43.56,25
Rio de Janeiro,-22.97,-43.21,24
Rio de Janeiro,-22.9,-43.29,24
Rio de Janeiro,-22.9,-43.25,24
Rio de Janeiro,-22.89,-43.22,24
Rio de Janeiro,-23.01,-43.38,24
Rio de Janeiro,-22.98,-43.46,24
Rio de Janeiro,-23.03,-43.5,24
Rio de Janeiro,-22.89,-43.29,23
Rio de Janeiro,-22.9,-43.23,23
Rio de Janeiro,-22.98,-43.3,23
Rio de Janeiro,-22.9,-43.22,23
Rio de Janeiro,-23.0,-43.4,22
Rio de Janeiro,-22.99,-43.32,22
Rio de Janeiro,-22.99,-43.3,22
Rio de Janeiro,-23.0,-43.37,21
Rio de Janeiro,-22.89,-43.28,21
Rio de Janeiro,-22.91,-43.27,20
Rio de Janeiro,-23.0,-43.41,20
Rio de Janeiro,-22.93,-43.33,20
Rio de Janeiro,-22.81,-43.2,20
Rio de Janeiro,-22.8,-43.21,20
Rio de Janeiro,-22.93,-43.21,20
Rio de Janeiro,-22.96,-43.38,19
Rio de Janeiro,-22.9,-43.26,19
Rio de Janeiro,-23.0,-43.44,19
Rio de Janeiro,-23.02,-43.5,18
Rio de Janeiro,-22.89,-43.3,18
Rio de Janeiro,-22.99,-43.46,18
Rio de Janeiro,-22.92,-43.27,18
Rio de Janeiro,-22.86,-43.25,18
Rio de Janeiro,-22.9,-43.28,18
Rio de Janeiro,-22.9,-43.27,18
Rio de Janeiro,-22.97,-43.33,17
Rio de Janeiro,-22.92,-43.39,17
Rio de Janeiro,-22.93,-43.37,17
Rio de Janeiro,-22.99,-43.49,17
Rio de Janeiro,-22.97,-43.49,17
Rio de Janeiro,-22.93,-43.39,17
Rio de Janeiro,-22.99,-43.45,17
Rio de Janeiro,-22.99,-43.41,16
Rio de Janeiro,-23.03,-43.46,16
Rio de Janeiro,-22.75,-43.11,16
Rio de Janeiro,-22.88,-43.26,16
Rio de Janeiro,-22.96,-43.35,16
Rio de Janeiro,-22.93,-43.38,16
Rio de Janeiro,-22.93,-43.36,15
Rio de Janeiro,-22.98,-43.33,15
Rio de Janeiro,-22.98,-43.47,15
Rio de Janeiro,-23.0,-43.3,15
Rio de Janeiro,-22.95,-43.33,15
Rio de Janeiro,-22.9,-43.35,14
Rio de Janeiro,-22.94,-43.24,14
Rio de Janeiro,-22.97,-43.37,14
Rio de Janeiro,-22.92,-43.2,14
Rio de Janeiro,-23.07,-43.57,14
Rio de Janeiro,-22.92,-43.37,14
Rio de Janeiro,-22.98,-43.37,13
Rio de Janeiro,-22.99,-43.38,13
Rio de Janeiro,-22.91,-43.28,13
Rio de Janeiro,-23.01,-43.49,13
Rio de Janeiro,-22.88,-43.27,12
Rio de Janeiro,-22.82,-43.2,12
Rio de Janeiro,-23.0,-43.48,12
Rio de Janeiro,-22.99,-43.31,12
Rio de Janeiro,-22.76,-43.11,12
Rio de Janeiro,-22.9,-43.24,11
Rio de Janeiro,-22.99,-43.48,11
Rio de Janeiro,-22.93,-43.22,11
Rio de Janeiro,-22.84,-43.3,11
Rio de Janeiro,-23.0,-43.25,11
Rio de Janeiro,-22.98,-43.49,11
Rio de Janeiro,-22.9,-43.3,10
Rio de Janeiro,-22.85,-43.31,10
Rio de Janeiro,-22.94,-43.57,10
Rio de Janeiro,-22.83,-43.33,10
Rio de Janeiro,-22.95,-43.26,10
Rio de Janeiro,-22.9,-43.2,10
Rio de Janeiro,-22.95,-43.36,9
Rio de Janeiro,-22.91,-43.3,9
Rio de Janeiro,-22.94,-43.16,9
Rio de Janeiro,-22.82,-43.19,9
Rio de Janeiro,-22.81,-43.21,9
Rio de Janeiro,-23.0,-43.28,9
Rio de Janeiro,-22.99,-43.5,9
Rio de Janeiro,-22.99,-43.44,9
Rio de Janeiro,-22.89,-43.27,9
Rio de Janeiro,-22.84,-43.27,9
Rio de Janeiro,-22.98,-43.39,8
Rio de Janeiro,-22.88,-43.29,8
Rio de Janeiro,-22.93,-43.26,8
Rio de Janeiro,-22.81,-43.19,8
Rio de Janeiro,-22.84,-43.4,8
Rio de Janeiro,-23.06,-43.57,8
Rio de Janeiro,-23.03,-43.51,8
Rio de Janeiro,-22.97,-43.34,8
Rio de Janeiro,-22.98,-43.65,8
Rio de Janeiro,-22.96,-43.33,8
Rio de Janeiro,-22.81,-43.18,8
Rio de Janeiro,-22.83,-43.28,8
Rio de Janeiro,-22.91,-43.26,7
Rio de Janeiro,-22.8,-43.2,7
Rio de Janeiro,-22.93,-43.34,7
Rio de Janeiro,-23.01,-43.39,7
Rio de Janeiro,-22.88,-43.28,7
Rio de Janeiro,-22.94,-43.37,7
Rio de Janeiro,-22.97,-43.24,7
Rio de Janeiro,-22.99,-43.43,7
Rio de Janeiro,-22.86,-43.26,7
Rio de Janeiro,-22.96,-43.23,7
Rio de Janeiro,-22.98,-43.5,7
Rio de Janeiro,-22.92,-43.4,7
Rio de Janeiro,-22.95,-43.39,7
Rio de Janeiro,-22.84,-43.31,7
Rio de Janeiro,-22.97,-43.43,7
Rio de Janeiro,-22.88,-43.37,7
Rio de Janeiro,-22.99,-43.42,6
Rio de Janeiro,-22.87,-43.27,6
Rio de Janeiro,-22.88,-43.31,6
Rio de Janeiro,-23.0,-43.45,6
Rio de Janeiro,-22.82,-43.18,6
Rio de Janeiro,-22.92,-43.36,6
Rio de Janeiro,-22.85,-43.32,6
Rio de Janeiro,-22.92,-43.38,6
Rio de Janeiro,-22.99,-43.4,6
Rio de Janeiro,-22.98,-43.38,6
Rio de Janeiro,-23.02,-43.55,6
Rio de Janeiro,-22.97,-43.28,6
Rio de Janeiro,-23.02,-43.52,6
Rio de Janeiro,-23.03,-43.55,6
Rio de Janeiro,-23.03,-43.52,6
Rio de Janeiro,-22.91,-43.41,6
Rio de Janeiro,-23.0,-43.51,6
Rio de Janeiro,-22.86,-43.37,6
Rio de Janeiro,-22.85,-43.27,6
Rio de Janeiro,-22.98,-43.45,6
Rio de Janeiro,-22.91,-43.58,6
Rio de Janeiro,-22.95,-43.37,6
Rio de Janeiro,-22.89,-43.23,5
Rio de Janeiro,-22.84,-43.37,5
Rio de Janeiro,-22.84,-43.32,5
Rio de Janeiro,-22.87,-43.3,5
Rio de Janeiro,-22.91,-43.38,5
Rio de Janeiro,-22.89,-43.19,5
Rio de Janeiro,-22.86,-43.36,5
Rio de Janeiro,-22.77,-43.11,5
Rio de Janeiro,-22.96,-43.27,5
Rio de Janeiro,-22.96,-43.42,5
Rio de Janeiro,-22.85,-43.36,5
Rio de Janeiro,-22.82,-43.31,5
Rio de Janeiro,-22.83,-43.32,5
Rio de Janeiro,-22.89,-43.39,5
Rio de Janeiro,-22.89,-43.24,5
Rio de Janeiro,-22.98,-43.27,5
Rio de Janeiro,-22.97,-43.5,5
Rio de Janeiro,-22.88,-43.32,5
Rio de Janeiro,-22.8,-43.18,5
Rio de Janeiro,-23.02,-43.29,5
Rio de Janeiro,-22.88,-43.48,5
Rio de Janeiro,-22.89,-43.31,5
Rio de Janeiro,-22.88,-43.45,5
Rio de Janeiro,-23.01,-43.4,5
Rio de Janeiro,-22.94,-43.58,4
Rio de Janeiro,-22.99,-43.33,4
Rio de Janeiro,-22.9,-43.54,4
Rio de Janeiro,-23.0,-43.49,4
Rio de Janeiro,-22.89,-43.35,4
Rio de Janeiro,-22.88,-43.35,4
Rio de Janeiro,-22.99,-43.63,4
Rio de Janeiro,-22.82,-43.3,4
Rio de Janeiro,-22.96,-43.34,4
Rio de Janeiro,-22.88,-43.34,4
Rio de Janeiro,-22.87,-43.55,4
Rio de Janeiro,-22.8,-43.19,4
Rio de Janeiro,-22.89,-43.4,4
Rio de Janeiro,-22.98,-43.25,4
Rio de Janeiro,-23.0,-43.5,4
Rio de Janeiro,-22.84,-43.28,4
Rio de Janeiro,-22.97,-43.29,4
Rio de Janeiro,-22.97,-43.27,4
Rio de Janeiro,-22.92,-43.35,4
Rio de Janeiro,-22.99,-43.28,4
Rio de Janeiro,-22.89,-43.37,4
Rio de Janeiro,-22.98,-43.55,4
Rio de Janeiro,-22.91,-43.56,4
Rio de Janeiro,-22.83,-43.29,4
Rio de Janeiro,-23.01,-43.54,4
Rio de Janeiro,-22.83,-43.35,4
Rio de Janeiro,-22.96,-43.62,4
Rio de Janeiro,-22.94,-43.38,4
Rio de Janeiro,-22.94,-43.32,4
Rio de Janeiro,-22.89,-43.26,4
Rio de Janeiro,-22.88,-43.66,4
Rio de Janeiro,-22.89,-43.36,4
Rio de Janeiro,-22.89,-43.34,4
Rio de Janeiro,-22.87,-43.22,4
Rio de Janeiro,-22.9,-43.31,4
Rio de Janeiro,-22.96,-43.48,4
Rio de Janeiro,-23.0,-43.64,4
Rio de Janeiro,-22.96,-43.49,4
Rio de Janeiro,-22.88,-43.55,4
Rio de Janeiro,-22.91,-43.37,4
Rio de Janeiro,-22.93,-43.58,3
Rio de Janeiro,-22.89,-43.32,3
Rio de Janeiro,-22.94,-43.39,3
Rio de Janeiro,-22.88,-43.56,3
Rio de Janeiro,-22.91,-43.29,3
Rio de Janeiro,-22.99,-43.37,3
Rio de Janeiro,-22.84,-43.38,3
Rio de Janeiro,-22.87,-43.34,3
Rio de Janeiro,-22.96,-43.36,3
Rio de Janeiro,-22.82,-43.17,3
Rio de Janeiro,-22.85,-43.26,3
Rio de Janeiro,-22.93,-43.27,3
Rio de Janeiro,-22.98,-43.67,3
Rio de Janeiro,-22.83,-43.27,3
Rio de Janeiro,-22.87,-43.25,3
Rio de Janeiro,-22.96,-43.65,3
Rio de Janeiro,-22.99,-43.56,3
Rio de Janeiro,-22.93,-43.56,3
Rio de Janeiro,-22.97,-43.48,3
Rio de Janeiro,-22.98,-43.4,3
Rio de Janeiro,-22.98,-43.58,3
Rio de Janeiro,-23.0,-43.54,3
Rio de Janeiro,-22.88,-43.4,3
Rio de Janeiro,-22.91,-43.39,3
Rio de Janeiro,-22.88,-43.46,3
Rio de Janeiro,-22.97,-43.3,3
Rio de Janeiro,-23.0,-43.23,3
Rio de Janeiro,-22.98,-43.36,3
Rio de Janeiro,-22.86,-43.32,3
Rio de Janeiro,-23.0,-43.63,3
Rio de Janeiro,-22.93,-43.4,3
Rio de Janeiro,-22.83,-43.4,3
Rio de Janeiro,-22.89,-43.52,3
Rio de Janeiro,-23.04,-43.56,3
Rio de Janeiro,-22.84,-43.33,3
Rio de Janeiro,-22.87,-43.46,3
Rio de Janeiro,-22.87,-43.53,3
Rio de Janeiro,-22.89,-43.45,3
Rio de Janeiro,-22.88,-43.3,3
Rio de Janeiro,-22.83,-43.3,3
Rio de Janeiro,-22.98,-43.29,3
Rio de Janeiro,-22.85,-43.46,3
Rio de Janeiro,-22.85,-43.38,3
Rio de Janeiro,-22.86,-43.3,2
Rio de Janeiro,-22.89,-43.55,2
Rio de Janeiro,-22.9,-43.21,2
Rio de Janeiro,-22.96,-43.16,2
Rio de Janeiro,-22.9,-43.36,2
Rio de Janeiro,-22.79,-43.17,2
Rio de Janeiro,-22.9,-43.59,2
Rio de Janeiro,-22.97,-43.35,2
Rio de Janeiro,-22.8,-43.17,2
Rio de Janeiro,-23.02,-43.54,2
Rio de Janeiro,-22.79,-43.19,2
Rio de Janeiro,-22.82,-43.28,2
Rio de Janeiro,-22.92,-43.55,2
Rio de Janeiro,-22.89,-43.59,2
Rio de Janeiro,-22.86,-43.48,2
Rio de Janeiro,-22.88,-43.53,2
Rio de Janeiro,-22.89,-43.58,2
Rio de Janeiro,-22.97,-43.25,2
Rio de Janeiro,-22.99,-43.69,2
Rio de Janeiro,-23.03,-43.56,2
Rio de Janeiro,-22.92,-43.63,2
Rio de Janeiro,-23.01,-43.53,2
Rio de Janeiro,-22.93,-43.64,2
Rio de Janeiro,-22.99,-43.47,2
Rio de Janeiro,-22.82,-43.22,2
Rio de Janeiro,-23.05,-43.55,2
Rio de Janeiro,-22.88,-43.25,2
Rio de Janeiro,-22.85,-43.35,2
Rio de Janeiro,-22.88,-43.33,2
Rio de Janeiro,-22.99,-43.39,2
Rio de Janeiro,-22.98,-43.28,2
Rio de Janeiro,-22.85,-43.54,2
Rio de Janeiro,-22.87,-43.56,2
Rio de Janeiro,-22.85,-43.37,2
Rio de Janeiro,-22.84,-43.41,2
Rio de Janeiro,-22.96,-43.58,2
Rio de Janeiro,-22.91,-43.36,2
Rio de Janeiro,-22.95,-43.21,2
Rio de Janeiro,-22.91,-43.57,2
Rio de Janeiro,-23.0,-43.29,2
Rio de Janeiro,-22.88,-43.62,2
Rio de Janeiro,-22.87,-43.26,2
Rio de Janeiro,-22.99,-43.29,2
Rio de Janeiro,-22.89,-43.25,2
Rio de Janeiro,-22.88,-43.36,2
Rio de Janeiro,-22.92,-43.54,2
Rio de Janeiro,-22.93,-43.55,2
Rio de Janeiro,-22.83,-43.37,2
Rio de Janeiro,-22.83,-43.31,2
Rio de Janeiro,-22.82,-43.35,2
Rio de Janeiro,-22.97,-43.32,2
Rio de Janeiro,-22.88,-43.44,2
Rio de Janeiro,-22.86,-43.28,2
Rio de Janeiro,-22.87,-43.31,2
Rio de Janeiro,-22.88,-43.49,2
Rio de Janeiro,-22.92,-43.57,2
Rio de Janeiro,-22.84,-43.29,2
Rio de Janeiro,-22.9,-43.55,2
Rio de Janeiro,-22.87,-43.35,2
Rio de Janeiro,-23.0,-43.62,2
Rio de Janeiro,-22.91,-43.62,2
Rio de Janeiro,-22.94,-43.22,2
Rio de Janeiro,-22.85,-43.47,2
Rio de Janeiro,-22.89,-43.6,2
Rio de Janeiro,-22.93,-43.32,2
Rio de Janeiro,-22.92,-43.56,2
Rio de Janeiro,-22.91,-43.4,2
Rome,41.9,12.47,1590
Rome,41.89,12.47,1527
Rome,41.9,12.5,1398
Rome,41.91,12.46,1179
Rome,41.9,12.49,1135
Rome,41.9,12.48,1019
Rome,41.91,12.45,995
Rome,41.89,12.51,897
Rome,41.89,12.5,874
Rome,41.91,12.48,689
Rome,41.9,12.45,621
Rome,41.9,12.46,616
Rome,41.91,12.5,581
Rome,41.9,12.51,560
Rome,41.88,12.51,544
Rome,41.91,12.47,523
Rome,41.89,12.49,474
Rome,41.88,12.47,435
Rome,41.89,12.48,384
Rome,41.89,12.53,344
Rome,41.9,12.44,331
Rome,41.88,12.52,322
Rome,41.91,12.49,264
Rome,41.89,12.52,261
Rome,41.87,12.47,257
Rome,41.88,12.48,245
Rome,41.88,12.46,235
Rome,41.87,12.48,223
Rome,41.88,12.54,187
Rome,41.9,12.43,183
Rome,41.9,12.52,180
Rome,41.87,12.45,180
Rome,41.91,12.52,174
Rome,41.91,12.54,168
Rome,41.91,12.44,167
Rome,41.88,12.5,165
Rome,41.87,12.46,160
Rome,41.92,12.46,154
Rome,41.93,12.52,146
Rome,41.87,12.53,142
Rome,41.87,12.52,131
Rome,41.92,12.5,127
Rome,41.86,12.48,119
Rome,41.87,12.49,118
Rome,41.92,12.47,104
Rome,41.89,12.54,100
Rome,41.92,12.52,98
Rome,41.91,12.53,96
Rome,41.88,12.53,95
Rome,41.86,12.47,94
Rome,41.92,12.51,91
Rome,41.73,12.28,91
Rome,41.89,12.46,91
Rome,41.86,12.56,88
Rome,41.92,12.45,87
Rome,41.89,12.44,85
Rome,41.94,12.53,85
Rome,41.86,12.55,83
Rome,41.92,12.44,81
Rome,41.88,12.45,79
Rome,41.85,12.48,79
Rome,41.9,12.42,78
Rome,41.73,12.29,77
Rome,41.89,12.45,76
Rome,41.93,12.47,72
Rome,41.88,12.57,70
Rome,41.91,12.51,69
Rome,41.87,12.44,65
Rome,41.91,12.42,63
Rome,41.9,12.54,58
Rome,41.93,12.51,57
Rome,41.93,12.53,54
Rome,41.86,12.49,51
Rome,41.87,12.51,51
Rome,41.91,12.55,50
Rome,41.93,12.46,50
Rome,41.94,12.47,49
Rome,41.88,12.49,49
Rome,41.92,12.48,46
Rome,41.87,12.55,44
Rome,41.89,12.43,43
Rome,41.89,12.55,42
Rome,41.94,12.54,42
Rome,41.86,12.57,41
Rome,41.94,12.52,41
Rome,41.88,12.42,40
Rome,41.86,12.45,40
Rome,41.92,12.42,39
Rome,41.91,12.41,39
Rome,41.94,12.46,37
Rome,41.93,12.48,36
Rome,41.92,12.55,36
Rome,41.93,12.42,36
Rome,41.87,12.54,35
Rome,41.95,12.47,35
Rome,41.86,12.46,35
Rome,41.89,12.56,34
Rome,41.89,12.42,34
Rome,41.86,12.5,34
Rome,41.85,12.49,34
Rome,41.92,12.49,33
Rome,41.74,12.28,33
Rome,41.92,12.53,33
Rome,41.85,12.47,31
Rome,41.85,12.57,31
Rome,41.74,12.27,30
Rome,41.87,12.57,30
Rome,41.96,12.41,29
Rome,41.89,12.57,28
Rome,41.74,12.29,28
Rome,41.86,12.54,27
Rome,41.73,12.27,27
Rome,41.93,12.49,27
Rome,41.88,12.44,27
Rome,41.94,12.55,26
Rome,41.94,12.42,25
Rome,41.94,12.51,25
Rome,41.93,12.57,23
Rome,41.96,12.45,23
Rome,41.85,12.45,23
Rome,41.9,12.53,22
Rome,41.83,12.49,22
Rome,41.85,12.46,22
Rome,41.97,12.44,21
Rome,41.82,12.35,21
Rome,41.9,12.56,21
Rome,41.87,12.63,21
Rome,41.88,12.56,20
Rome,41.8,12.45,20
Rome,41.95,12.53,20
Rome,41.88,12.55,20
Rome,41.81,12.48,20
Rome,41.82,12.51,20
Rome,41.74,12.26,19
Rome,41.74,12.37,19
Rome,41.95,12.44,18
Rome,41.95,12.54,18
Rome,41.95,12.52,18
Rome,41.82,12.47,18
Rome,41.93,12.43,17
Rome,41.89,12.4,17
Rome,41.77,12.37,17
Rome,41.85,12.43,16
Rome,41.9,12.55,16
Rome,41.84,12.6,16
Rome,41.84,12.49,16
Rome,41.86,12.6,16
Rome,41.93,12.44,15
Rome,41.97,12.45,15
Rome,41.82,12.48,15
Rome,41.93,12.54,15
Rome,41.88,12.43,14
Rome,41.88,12.58,14
Rome,41.94,12.43,14
Rome,41.94,12.44,14
Rome,41.83,12.46,14
Rome,41.95,12.46,14
Rome,42.05,12.29,13
Rome,41.82,12.49,13
Rome,41.84,12.48,13
Rome,41.82,12.61,13
Rome,41.86,12.64,13
Rome,41.84,12.54,13
Rome,41.89,12.41,13
Rome,41.85,12.59,12
Rome,41.95,12.48,12
Rome,41.82,12.45,12
Rome,41.91,12.43,12
Rome,41.82,12.31,12
Rome,41.87,12.5,12
Rome,41.87,12.58,12
Rome,41.72,12.3,11
Rome,41.87,12.42,11
Rome,41.84,12.46,11
Rome,41.82,12.62,11
Rome,41.75,12.36,11
Rome,41.97,12.53,11
Rome,41.86,12.44,11
Rome,41.86,12.42,11
Rome,41.73,12.36,11
Rome,41.91,12.56,11
Rome,41.97,12.41,11
Rome,41.84,12.43,11
Rome,41.85,12.52,11
Rome,41.77,12.31,11
Rome,41.86,12.69,11
Rome,41.87,12.62,11
Rome,41.79,12.4,10
Rome,41.92,12.57,10
Rome,41.95,12.45,10
Rome,41.93,12.41,10
Rome,41.91,12.57,10
Rome,41.87,12.59,10
Rome,41.91,12.4,10
Rome,41.99,12.49,10
Rome,41.97,12.43,10
Rome,41.85,12.56,10
Rome,41.82,12.32,10
Rome,41.95,12.42,10
Rome,41.94,12.56,10
Rome,41.98,12.42,10
Rome,41.72,12.29,10
Rome,41.92,12.41,9
Rome,41.88,12.4,9
Rome,41.84,12.59,9
Rome,41.79,12.49,9
Rome,41.95,12.56,9
Rome,41.73,12.35,9
Rome,41.81,12.45,9
Rome,41.79,12.39,9
Rome,41.83,12.48,9
Rome,42.01,12.37,9
Rome,41.91,12.58,9
Rome,41.76,12.32,9
Rome,41.95,12.55,9
Rome,41.82,12.3,9
Rome,41.74,12.25,8
Rome,41.81,12.44,8
Rome,41.84,12.51,8
Rome,41.96,12.4,8
Rome,41.73,12.26,8
Rome,41.87,12.6,8
Rome,41.93,12.4,8
Rome,41.99,12.4,8
Rome,41.9,12.41,8
Rome,41.87,12.65,8
Rome,42.12,12.32,8
Rome,41.86,12.58,8
Rome,41.75,12.37,8
Rome,41.85,12.58,8
Rome,41.77,12.36,8
Rome,42.01,12.52,8
Rome,41.92,12.54,8
Rome,41.76,12.3,8
Rome,41.82,12.46,8
Rome,41.74,12.36,8
Rome,41.86,12.62,8
Rome,41.74,12.34,8
Rome,41.87,12.35,8
Rome,41.83,12.52,8
Rome,41.72,12.31,7
Rome,42.02,12.36,7
Rome,41.78,12.43,7
Rome,42.0,12.49,7
Rome,41.79,12.47,7
Rome,41.85,12.5,7
Rome,41.92,12.56,7
Rome,41.76,12.36,7
Rome,41.85,12.44,7
Rome,41.79,12.36,7
Rome,41.86,12.63,7
Rome,41.79,12.41,7
Rome,41.84,12.61,7
Rome,41.93,12.58,7
Rome,41.99,12.48,7
Rome,41.83,12.62,7
Rome,41.78,12.34,7
Rome,41.96,12.55,6
Rome,41.96,12.46,6
Rome,41.75,12.38,6
Rome,41.87,12.37,6
Rome,41.84,12.55,6
Rome,41.79,12.43,6
Rome,41.98,12.51,6
Rome,41.96,12.52,6
Rome,41.83,12.47,6
Rome,41.83,12.57,6
Rome,41.91,12.59,6
Rome,41.96,12.53,6
Rome,41.95,12.51,6
Rome,41.83,12.5,6
Rome,41.83,12.56,6
Rome,41.9,12.68,6
Rome,42.01,12.47,6
Rome,41.83,12.44,6
Rome,41.93,12.38,6
Rome,41.86,12.51,6
Rome,41.86,12.61,6
Rome,41.96,12.54,6
Rome,41.87,12.36,6
Rome,41.93,12.56,6
Rome,41.81,12.47,6
Rome,41.81,12.61,6
Rome,41.84,12.58,6
Rome,41.84,12.56,5
Rome,41.97,12.51,5
Rome,41.83,12.6,5
Rome,41.94,12.48,5
Rome,41.96,12.63,5
Rome,41.77,12.48,5
Rome,41.79,12.38,5
Rome,41.94,12.62,5
Rome,41.78,12.44,5
Rome,41.83,12.36,5
Rome,41.85,12.42,5
Rome,41.79,12.45,5
Rome,41.78,12.37,5
Rome,41.92,12.43,5
Rome,41.83,12.39,5
Rome,41.86,12.39,5
Rome,41.91,12.29,5
Rome,41.97,12.46,5
Rome,42.06,12.29,5
Rome,41.97,12.52,5
Rome,41.86,12.67,5
Rome,41.74,12.35,5
Rome,41.82,12.64,5
Rome,41.98,12.55,5
Rome,41.88,12.65,5
Rome,41.88,12.38,5
Rome,41.91,12.31,5
Rome,41.88,12.7,5
Rome,41.87,12.68,5
Rome,41.99,12.52,5
Rome,41.89,12.65,5
Rome,41.81,12.49,5
Rome,41.98,12.41,5
Rome,42.05,12.3,5
Rome,41.78,12.36,5
Rome,41.84,12.44,5
Rome,42.0,12.52,5
Rome,42.08,12.35,5
Rome,41.98,12.43,5
Rome,41.77,12.38,4
Rome,42.02,12.39,4
Rome,41.95,12.43,4
Rome,42.04,12.31,4
Rome,41.87,12.56,4
Rome,41.98,12.52,4
Rome,41.98,12.53,4
Rome,41.94,12.58,4
Rome,41.92,12.67,4
Rome,42.0,12.48,4
Rome,41.98,12.49,4
Rome,41.73,12.38,4
Rome,41.9,12.57,4
Rome,41.82,12.44,4
Rome,41.91,12.39,4
Rome,41.88,12.36,4
Rome,41.79,12.42,4
Rome,41.92,12.37,4
Rome,41.93,12.37,4
Rome,41.97,12.54,4
Rome,41.9,12.39,4
Rome,41.97,12.55,4
Rome,41.83,12.73,4
Rome,41.79,12.53,4
Rome,41.94,12.63,4
Rome,41.89,12.58,4
Rome,41.87,12.41,4
Rome,41.74,12.33,4
Rome,41.78,12.35,4
Rome,41.76,12.35,4
Rome,41.95,12.57,4
Rome,41.81,12.6,4
Rome,42.0,12.4,4
Rome,41.87,12.66,4
Rome,41.81,12.62,4
Rome,41.86,12.59,4
Rome,41.79,12.52,4
Rome,41.84,12.57,4
Rome,41.82,12.63,4
Rome,41.87,12.43,4
Rome,42.0,12.45,4
Rome,41.78,12.38,4
Rome,41.86,12.7,4
Rome,41.84,12.5,4
Rome,41.75,12.35,4
Rome,41.79,12.37,4
Rome,41.87,12.69,4
Rome,41.96,12.48,4
Rome,41.85,12.55,4
Rome,41.85,12.61,4
Rome,41.79,12.44,4
Rome,41.92,12.58,4
Rome,41.75,12.44,4
Rome,41.83,12.4,4
Rome,42.03,12.45,4
Rome,41.72,12.5,4
Rome,41.73,12.3,4
Rome,41.8,12.42,3
Rome,41.81,12.43,3
Rome,41.95,12.64,3
Rome,42.0,12.35,3
Rome,41.92,12.39,3
Rome,42.0,12.5,3
Rome,41.8,12.43,3
Rome,41.96,12.44,3
Rome,41.84,12.52,3
Rome,41.94,12.6,3
Rome,41.77,12.35,3
Rome,42.02,12.48,3
Rome,42.12,12.33,3
Rome,41.85,12.38,3
Rome,42.0,12.42,3
Rome,41.78,12.31,3
Rome,41.78,12.33,3
Rome,41.76,12.31,3
Rome,41.66,12.42,3
Rome,41.77,12.55,3
Rome,41.83,12.42,3
Rome,41.83,12.41,3
Rome,42.07,12.36,3
Rome,42.0,12.37,3
Rome,41.77,12.34,3
Rome,41.99,12.42,3
Rome,41.78,12.51,3
Rome,41.82,12.6,3
Rome,41.77,12.56,3
Rome,42.02,12.37,3
Rome,41.84,12.37,3
Rome,41.83,12.58,3
Rome,41.99,12.45,3
Rome,42.02,12.38,3
Rome,41.86,12.43,3
Rome,41.85,12.51,3
Rome,41.96,12.51,3
Rome,41.83,12.51,3
Rome,41.75,12.32,3
Rome,41.77,12.3,3
Rome,41.91,12.67,3
Rome,42.07,12.35,3
Rome,41.87,12.67,3
Rome,42.0,12.39,3
Rome,41.9,12.59,3
Rome,41.89,12.59,3
Rome,42.04,12.39,3
Rome,41.83,12.61,3
Rome,41.9,12.66,3
Rome,41.72,12.36,3
Rome,42.01,12.38,3
Rome,41.73,12.5,3
Rome,41.81,12.42,2
Rome,41.94,12.57,2
Rome,41.96,12.49,2
Rome,41.81,12.46,2
Rome,41.78,12.54,2
Rome,41.93,12.65,2
Rome,41.91,12.37,2
Rome,41.99,12.41,2
Rome,41.74,12.38,2
Rome,41.86,12.4,2
Rome,42.06,12.49,2
Rome,41.8,12.47,2
Rome,41.92,12.4,2
Rome,42.03,12.37,2
Rome,41.98,12.5,2
Rome,41.9,12.69,2
Rome,41.74,12.5,2
Rome,41.87,12.4,2
Rome,41.87,12.7,2
Rome,42.07,12.34,2
Rome,41.9,12.4,2
Rome,41.95,12.41,2
Rome,41.88,12.35,2
Rome,42.02,12.4,2
Rome,41.99,12.56,2
Rome,41.88,12.39,2
Rome,41.98,12.54,2
Rome,41.72,12.32,2
Rome,42.0,12.38,2
Rome,41.78,12.5,2
Rome,42.01,12.36,2
Rome,41.79,12.35,2
Rome,41.98,12.35,2
Rome,41.93,12.55,2
Rome,41.99,12.39,2
Rome,41.73,12.37,2
Rome,41.83,12.55,2
Rome,41.86,12.37,2
Rome,42.01,12.5,2
Rome,42.0,12.46,2
Rome,41.92,12.72,2
Rome,42.01,12.24,2
Rome,41.89,12.62,2
Rome,41.95,12.58,2
Rome,41.79,12.46,2
Rome,41.92,12.29,2
Rome,41.73,12.51,2
Rome,41.83,12.53,2
Rome,41.88,12.67,2
Rome,41.75,12.31,2
Rome,42.05,12.58,2
Rome,42.02,12.46,2
Rome,41.87,12.64,2
Rome,41.83,12.3,2
Rome,41.88,12.61,2
Rome,41.95,12.63,2
Rome,42.04,12.3,2
Rome,42.02,12.34,2
Rome,41.94,12.35,2
Rome,41.91,12.61,2
Rome,41.89,12.63,2
Rome,41.97,12.42,2
Rome,41.8,12.4,2
Rome,41.82,12.59,2
Rome,41.93,12.39,2
Rome,41.74,12.24,2
Rome,41.79,12.55,2
Rome,41.73,12.34,2
Rome,41.87,12.61,2
Rome,41.91,12.65,2
Rome,41.85,12.63,2
Rome,41.77,12.51,2
Rome,41.91,12.68,2
Rome,41.88,12.59,2
Rome,41.95,12.61,2
Rome,42.03,12.38,2
Rome,41.79,12.54,2
Rome,41.91,12.26,2
Rome,41.79,12.34,2
Rome,42.03,12.47,2
Rome,41.95,12.38,2
Rome,41.82,12.34,2
Sydney,-33.89,151.27,1487
Sydney,-33.88,151.21,914
Sydney,-33.88,151.22,756
Sydney,-33.89,151.26,672
Sydney,-33.89,151.28,663
Sydney,-33.88,151.2,607
Sydney,-33.89,151.2,518
Sydney,-33.87,151.22,511
Sydney,-33.89,151.21,510
Sydney,-33.9,151.27,503
Sydney,-33.9,151.21,473
Sydney,-33.8,151.29,466
Sydney,-33.87,151.2,414
Sydney,-33.92,151.25,384
Sydney,-33.89,151.25,372
Sydney,-33.88,151.23,370
Sydney,-33.87,151.23,362
Sydney,-33.9,151.26,347
Sydney,-33.9,151.18,314
Sydney,-33.91,151.25,300
Sydney,-33.88,151.18,285
Sydney,-33.91,151.21,284
Sydney,-33.91,151.26,271
Sydney,-33.92,151.23,267
Sydney,-33.88,151.28,261
Sydney,-33.79,151.28,260
Sydney,-33.91,151.24,251
Sydney,-33.8,151.28,244
Sydney,-33.92,151.26,242
Sydney,-33.93,151.15,240
Sydney,-33.89,151.18,233
Sydney,-33.89,151.23,232
Sydney,-33.88,151.27,228
Sydney,-33.9,151.2,220
Sydney,-33.79,151.29,209
Sydney,-33.88,151.19,202
Sydney,-33.92,151.19,197
Sydney,-33.78,151.29,196
Sydney,-33.84,151.21,194
Sydney,-33.92,151.24,191
Sydney,-33.87,151.19,189
Sydney,-33.9,151.17,181
Sydney,-33.87,151.21,181
Sydney,-33.78,151.28,179
Sydney,-33.9,151.19,178
Sydney,-33.88,151.24,172
Sydney,-33.89,151.22,168
Sydney,-33.89,151.24,158
Sydney,-33.9,151.25,146
Sydney,-33.86,151.21,139
Sydney,-33.83,151.23,133
Sydney,-33.86,151.2,132
Sydney,-33.89,151.19,131
Sydney,-33.91,151.18,127
Sydney,-33.83,151.2,124
Sydney,-33.82,151.24,121
Sydney,-33.89,151.16,121
Sydney,-33.94,151.24,119
Sydney,-33.83,151.22,118
Sydney,-33.94,151.26,117
Sydney,-33.84,151.22,115
Sydney,-33.86,151.28,113
Sydney,-33.76,151.29,112
Sydney,-33.83,151.21,110
Sydney,-33.91,151.2,110
Sydney,-33.75,151.29,109
Sydney,-33.89,151.17,109
Sydney,-33.91,151.22,107
Sydney,-33.88,151.17,104
Sydney,-33.86,151.17,102
Sydney,-33.86,151.18,101
Sydney,-33.95,151.25,97
Sydney,-33.93,151.25,96
Sydney,-33.83,151.08,95
Sydney,-33.87,151.17,93
Sydney,-33.88,151.26,92
Sydney,-33.85,151.07,91
Sydney,-33.79,151.27,90
Sydney,-33.88,151.1,90
Sydney,-33.93,151.26,88
Sydney,-33.8,151.27,88
Sydney,-33.93,151.19,86
Sydney,-33.83,151.24,84
Sydney,-33.8,151.18,82
Sydney,-33.87,151.09,81
Sydney,-33.63,151.33,80
Sydney,-33.85,151.22,79
Sydney,-33.77,151.28,76
Sydney,-33.77,151.29,76
Sydney,-33.82,151.2,75
Sydney,-33.8,151.26,74
Sydney,-33.83,151.09,73
Sydney,-33.84,151.2,72
Sydney,-34.05,151.15,71
Sydney,-33.6,151.32,70
Sydney,-33.91,151.27,69
Sydney,-33.83,151.25,69
Sydney,-33.87,151.27,69
Sydney,-33.76,151.3,68
Sydney,-33.84,151.23,67
Sydney,-33.86,151.19,66
Sydney,-33.92,151.2,65
Sydney,-33.95,151.23,65
Sydney,-33.95,151.14,65
Sydney,-33.82,151.01,64
Sydney,-33.94,151.25,64
Sydney,-33.94,151.15,64
Sydney,-33.92,151.22,64
Sydney,-33.73,151.3,63
Sydney,-33.91,151.15,63
Sydney,-33.88,151.25,63
Sydney,-33.61,151.33,63
Sydney,-33.9,151.15,62
Sydney,-33.85,151.21,62
Sydney,-33.64,151.32,61
Sydney,-33.78,151.11,60
Sydney,-33.85,151.18,60
Sydney,-33.97,151.1,59
Sydney,-33.89,151.12,59
Sydney,-33.79,151.26,59
Sydney,-33.72,151.3,58
Sydney,-33.96,151.14,58
Sydney,-33.65,151.32,57
Sydney,-33.89,151.13,57
Sydney,-33.71,151.3,57
Sydney,-33.89,151.15,56
Sydney,-33.87,151.1,56
Sydney,-33.91,151.16,56
Sydney,-33.93,151.23,56
Sydney,-33.87,151.24,55
Sydney,-33.83,151.19,54
Sydney,-33.88,151.16,54
Sydney,-33.78,151.27,54
Sydney,-33.93,151.2,53
Sydney,-33.91,151.14,53
Sydney,-33.9,151.22,53
Sydney,-33.87,151.28,52
Sydney,-33.79,151.18,51
Sydney,-33.82,151.0,51
Sydney,-33.89,151.14,51
Sydney,-33.82,151.08,51
Sydney,-33.62,151.33,50
Sydney,-33.79,151.25,49
Sydney,-33.81,151.18,49
Sydney,-33.82,151.09,49
Sydney,-33.92,151.21,49
Sydney,-33.96,151.15,49
Sydney,-33.82,151.25,49
Sydney,-33.93,151.14,49
Sydney,-33.95,151.26,48
Sydney,-33.82,151.18,48
Sydney,-33.76,151.28,48
Sydney,-33.94,151.23,48
Sydney,-33.95,151.13,47
Sydney,-33.9,151.16,47
Sydney,-33.82,151.23,47
Sydney,-33.62,151.34,47
Sydney,-33.63,151.32,46
Sydney,-33.9,151.14,46
Sydney,-33.82,151.1,45
Sydney,-33.77,151.08,45
Sydney,-33.64,151.33,45
Sydney,-33.91,151.12,45
Sydney,-33.95,151.24,45
Sydney,-33.88,151.15,44
Sydney,-33.93,151.16,44
Sydney,-33.87,151.25,44
Sydney,-33.91,151.19,44
Sydney,-33.92,151.15,44
Sydney,-33.81,151.29,44
Sydney,-33.66,151.32,44
Sydney,-33.87,151.18,43
Sydney,-33.94,151.14,43
Sydney,-33.93,151.24,42
Sydney,-33.82,151.21,41
Sydney,-33.87,151.26,41
Sydney,-33.81,151.17,41
Sydney,-33.78,151.12,40
Sydney,-33.92,151.03,38
Sydney,-33.65,151.31,38
Sydney,-33.82,151.19,38
Sydney,-33.82,151.02,38
Sydney,-33.63,151.34,38
Sydney,-33.64,151.31,38
Sydney,-33.74,151.3,37
Sydney,-33.92,151.18,37
Sydney,-33.84,151.24,36
Sydney,-33.75,151.28,36
Sydney,-33.93,151.21,35
Sydney,-33.81,151.2,35
Sydney,-33.97,151.11,35
Sydney,-33.66,151.31,34
Sydney,-33.85,151.28,34
Sydney,-33.97,151.15,34
Sydney,-33.88,151.11,34
Sydney,-33.8,151.19,34
Sydney,-33.85,151.15,34
Sydney,-33.91,151.23,33
Sydney,-33.86,151.08,33
Sydney,-33.7,151.29,33
Sydney,-33.81,151.16,33
Sydney,-33.93,150.92,32
Sydney,-33.96,151.13,32
Sydney,-34.06,151.15,31
Sydney,-33.86,151.06,31
Sydney,-33.9,151.24,31
Sydney,-33.96,151.1,30
Sydney,-33.98,151.24,30
Sydney,-33.96,151.23,30
Sydney,-33.88,151.13,30
Sydney,-33.68,151.31,29
Sydney,-33.8,151.2,29
Sydney,-33.82,151.22,29
Sydney,-33.78,151.26,29
Sydney,-33.75,151.3,28
Sydney,-33.87,151.11,28
Sydney,-33.7,151.3,27
Sydney,-33.83,151.07,27
Sydney,-33.92,151.1,27
Sydney,-33.6,151.33,27
Sydney,-33.87,151.16,27
Sydney,-33.85,151.13,26
Sydney,-33.81,151.26,26
Sydney,-33.92,151.17,26
Sydney,-33.78,151.05,25
Sydney,-33.76,151.27,25
Sydney,-33.97,151.13,25
Sydney,-33.81,151.11,25
Sydney,-33.91,151.13,25
Sydney,-33.62,151.32,25
Sydney,-33.95,151.2,24
Sydney,-33.92,151.16,24
Sydney,-33.8,151.25,24
Sydney,-33.91,151.1,24
Sydney,-33.88,151.12,24
Sydney,-33.73,151.29,24
Sydney,-33.79,151.19,24
Sydney,-33.81,151.01,23
Sydney,-33.67,151.31,23
Sydney,-33.85,151.2,23
Sydney,-33.8,151.01,23
Sydney,-33.76,151.25,23
Sydney,-34.08,151.16,23
Sydney,-33.97,151.25,22
Sydney,-33.81,151.1,22
Sydney,-33.94,151.2,22
Sydney,-33.85,151.16,22
Sydney,-33.91,151.17,22
Sydney,-33.9,151.13,22
Sydney,-33.77,151.27,22
Sydney,-33.99,151.13,22
Sydney,-33.85,151.14,21
Sydney,-33.81,151.02,21
Sydney,-33.79,151.09,21
Sydney,-33.95,151.08,21
Sydney,-33.71,151.29,21
Sydney,-33.8,151.17,21
Sydney,-33.79,151.13,21
Sydney,-33.78,151.1,21
Sydney,-33.97,151.12,20
Sydney,-33.92,151.04,20
Sydney,-33.85,151.03,20
Sydney,-33.77,151.09,20
Sydney,-33.67,151.32,20
Sydney,-33.75,151.15,20
Sydney,-33.64,151.29,20
Sydney,-33.83,151.18,20
Sydney,-33.79,151.08,19
Sydney,-33.82,150.99,19
Sydney,-33.68,151.3,19
Sydney,-33.72,151.29,19
Sydney,-33.69,151.11,19
Sydney,-33.54,151.24,19
Sydney,-33.69,151.3,18
Sydney,-33.83,151.17,18
Sydney,-33.95,151.05,18
Sydney,-33.87,151.03,18
Sydney,-33.79,151.12,17
Sydney,-33.69,151.31,17
Sydney,-33.83,151.13,17
Sydney,-33.82,151.11,17
Sydney,-33.83,151.01,17
Sydney,-33.96,151.24,17
Sydney,-34.08,151.15,17
Sydney,-33.74,151.29,17
Sydney,-33.78,151.17,17
Sydney,-33.8,151.24,17
Sydney,-33.75,150.96,17
Sydney,-33.96,151.16,16
Sydney,-33.81,151.09,16
Sydney,-33.87,151.13,16
Sydney,-33.95,151.21,16
Sydney,-33.71,151.1,16
Sydney,-33.59,151.32,16
Sydney,-33.82,151.16,16
Sydney,-33.74,151.07,16
Sydney,-33.81,151.0,16
Sydney,-33.98,151.14,16
Sydney,-33.79,151.11,16
Sydney,-34.04,151.16,15
Sydney,-33.91,151.04,15
Sydney,-33.82,151.17,15
Sydney,-33.77,151.1,15
Sydney,-33.67,151.3,15
Sydney,-33.79,151.24,15
Sydney,-33.85,151.06,15
Sydney,-33.86,151.09,15
Sydney,-33.89,151.11,15
Sydney,-33.7,151.28,15
Sydney,-33.99,151.14,15
Sydney,-33.73,150.97,15
Sydney,-33.94,151.22,14
Sydney,-34.05,151.14,14
Sydney,-33.98,151.25,14
Sydney,-33.83,151.15,14
Sydney,-33.69,151.29,14
Sydney,-33.96,151.25,14
Sydney,-33.86,151.13,14
Sydney,-33.81,151.04,14
Sydney,-33.81,151.19,14
Sydney,-33.78,151.07,14
Sydney,-33.86,151.15,14
Sydney,-34.04,151.12,14
Sydney,-33.8,151.04,14
Sydney,-33.79,150.97,14
Sydney,-33.8,151.16,14
Sydney,-33.8,151.15,14
Sydney,-33.79,151.2,14
Sydney,-33.92,151.07,14
Sydney,-33.8,151.21,13
Sydney,-33.9,151.23,13
Sydney,-34.05,151.16,13
Sydney,-33.75,151.27,13
Sydney,-33.83,151.0,13
Sydney,-33.77,151.26,13
Sydney,-33.76,151.16,13
Sydney,-33.88,151.14,13
Sydney,-33.77,151.16,13
Sydney,-33.78,151.09,13
Sydney,-33.76,151.26,13
Sydney,-33.75,150.7,13
Sydney,-33.92,151.11,13
Sydney,-33.84,151.11,13
Sydney,-33.8,151.09,13
Sydney,-34.08,151.13,13
Sydney,-34.09,151.15,13
Sydney,-33.82,151.12,13
Sydney,-33.8,151.11,13
Sydney,-33.59,151.3,13
Sydney,-33.73,151.08,13
Sydney,-33.91,151.11,13
Sydney,-33.84,151.09,13
Sydney,-33.74,151.0,13
Sydney,-33.95,151.07,13
Sydney,-33.86,151.04,13
Sydney,-33.84,151.13,12
Sydney,-34.06,151.16,12
Sydney,-33.75,151.26,12
Sydney,-33.83,151.14,12
Sydney,-33.81,151.28,12
Sydney,-33.81,151.08,12
Sydney,-33.86,151.07,12
Sydney,-33.8,151.14,12
Sydney,-33.9,151.11,12
Sydney,-33.65,151.28,12
Sydney,-33.91,151.08,12
Sydney,-33.76,150.71,12
Sydney,-34.0,151.14,12
Sydney,-33.89,151.29,12
Sydney,-33.93,151.06,12
Sydney,-33.69,151.1,12
Sydney,-33.92,151.14,12
Sydney,-33.71,151.11,12
Sydney,-33.79,151.07,12
Sydney,-33.78,151.18,12
Sydney,-33.73,151.28,12
Sydney,-33.92,151.05,12
Sydney,-33.89,151.1,12
Sydney,-33.96,151.04,12
Sydney,-33.91,151.03,11
Sydney,-33.92,150.93,11
Sydney,-33.92,150.92,11
Sydney,-33.94,151.21,11
Sydney,-34.07,151.15,11
Sydney,-33.79,151.14,11
Sydney,-33.74,151.28,11
Sydney,-33.94,151.13,11
Sydney,-33.75,151.24,11
Sydney,-33.81,150.99,11
Sydney,-33.76,151.15,11
Sydney,-33.75,151.22,11
Sydney,-33.77,151.07,11
Sydney,-34.0,151.13,11
Sydney,-33.78,151.04,11
Sydney,-33.74,150.96,11
Sydney,-33.84,151.28,11
Sydney,-33.78,151.24,11
Sydney,-33.77,151.18,11
Sydney,-33.95,151.16,11
Sydney,-33.98,151.11,11
Sydney,-33.7,151.11,11
Sydney,-33.76,151.1,11
Sydney,-33.93,151.08,11
Sydney,-33.93,151.12,10
Sydney,-33.89,151.09,10
Sydney,-33.92,151.13,10
Sydney,-33.92,151.08,10
Sydney,-33.85,151.08,10
Sydney,-33.85,151.23,10
Sydney,-33.79,151.0,10
Sydney,-33.81,151.22,10
Sydney,-33.82,151.15,10
Sydney,-33.78,151.2,10
Sydney,-34.05,151.13,10
Sydney,-33.81,151.25,10
Sydney,-33.9,151.1,10
Sydney,-33.8,150.97,10
Sydney,-33.84,151.04,10
Sydney,-34.03,151.09,10
Sydney,-33.76,151.21,10
Sydney,-33.76,150.99,10
Sydney,-33.95,151.02,10
Sydney,-33.7,151.12,10
Sydney,-34.04,151.09,10
Sydney,-33.74,151.27,10
Sydney,-33.87,151.08,10
Sydney,-33.97,151.14,10
Sydney,-33.81,151.15,9
Sydney,-33.94,151.11,9
Sydney,-33.86,151.16,9
Sydney,-33.81,151.24,9
Sydney,-33.74,151.21,9
Sydney,-33.76,150.72,9
Sydney,-33.81,150.98,9
Sydney,-33.8,151.06,9
Sydney,-33.83,151.02,9
Sydney,-34.03,151.06,9
Sydney,-33.96,151.09,9
Sydney,-33.7,151.31,9
Sydney,-33.8,151.3,9
Sydney,-33.78,151.08,9
Sydney,-33.81,151.27,9
Sydney,-33.95,151.09,9
Sydney,-33.96,151.11,9
Sydney,-33.97,151.08,9
Sydney,-33.87,151.04,9
Sydney,-33.98,151.13,9
Sydney,-33.96,151.03,9
Sydney,-33.8,151.12,8
Sydney,-34.03,151.1,8
Sydney,-33.8,151.0,8
Sydney,-33.82,151.13,8
Sydney,-33.73,151.0,8
Sydney,-33.86,151.11,8
Sydney,-33.75,151.07,8
Sydney,-33.7,151.1,8
Sydney,-33.93,151.03,8
Sydney,-34.04,151.1,8
Sydney,-33.82,151.05,8
Sydney,-34.01,151.11,8
Sydney,-33.73,151.12,8
Sydney,-33.74,150.94,8
Sydney,-33.79,150.95,8
Sydney,-33.93,151.22,8
Sydney,-33.75,151.23,8
Sydney,-33.85,151.04,8
Sydney,-33.74,151.19,8
Sydney,-33.87,151.12,8
Sydney,-33.4,150.98,8
Sydney,-33.52,151.18,8
Sydney,-33.72,151.17,8
Sydney,-33.82,151.14,8
Sydney,-33.97,151.09,8
Sydney,-34.08,151.14,8
Sydney,-33.74,151.23,8
Sydney,-33.73,151.27,8
Sydney,-33.8,151.13,8
Sydney,-33.8,150.78,8
Sydney,-33.95,151.06,8
Sydney,-33.88,150.96,8
Sydney,-33.81,150.97,8
Sydney,-33.75,151.05,8
Sydney,-33.84,151.0,8
Sydney,-33.75,150.78,8
Sydney,-33.74,151.14,7
Sydney,-33.84,151.15,7
Sydney,-33.93,151.09,7
Sydney,-33.88,151.09,7
Sydney,-33.92,151.09,7
Sydney,-33.67,151.29,7
Sydney,-33.73,151.01,7
Sydney,-33.87,151.15,7
Sydney,-33.83,150.99,7
Sydney,-33.78,151.06,7
Sydney,-33.94,151.16,7
Sydney,-33.55,151.23,7
Sydney,-33.96,151.02,7
Sydney,-33.75,151.25,7
Sydney,-33.65,151.3,7
Sydney,-33.96,151.08,7
Sydney,-33.97,151.24,7
Sydney,-33.84,151.25,7
Sydney,-33.8,151.22,7
Sydney,-33.76,151.2,7
Sydney,-33.79,151.21,7
Sydney,-33.76,151.11,7
Sydney,-33.83,151.12,7
Sydney,-34.01,151.2,7
Sydney,-33.77,151.21,7
Sydney,-33.75,150.68,7
Sydney,-33.86,151.05,7
Sydney,-33.87,151.14,7
Sydney,-33.74,151.16,7
Sydney,-33.78,150.85,7
Sydney,-33.78,150.93,7
Sydney,-33.78,150.87,7
Sydney,-33.77,151.17,7
Sydney,-33.75,150.99,7
Sydney,-33.97,150.9,7
Sydney,-33.95,151.11,7
Sydney,-34.0,151.06,7
Sydney,-33.92,151.12,7
Sydney,-34.03,150.85,7
Sydney,-33.75,151.04,7
Sydney,-33.9,151.0,7
Sydney,-33.64,151.28,7
Sydney,-33.89,151.08,7
Sydney,-33.87,151.07,7
Sydney,-33.89,150.94,6
Sydney,-33.8,150.99,6
Sydney,-33.94,151.05,6
Sydney,-33.78,151.13,6
Sydney,-33.91,150.93,6
Sydney,-33.86,151.27,6
Sydney,-33.91,151.09,6
Sydney,-33.84,150.99,6
Sydney,-33.77,151.11,6
Sydney,-33.78,151.25,6
Sydney,-33.71,151.09,6
Sydney,-33.72,150.99,6
Sydney,-33.79,151.05,6
Sydney,-33.79,151.16,6
Sydney,-33.98,151.09,6
Sydney,-34.01,151.07,6
Sydney,-33.68,151.29,6
Sydney,-33.66,151.29,6
Sydney,-33.94,151.02,6
Sydney,-33.95,151.15,6
Sydney,-33.85,151.29,6
Sydney,-33.81,151.07,6
Sydney,-33.95,151.12,6
Sydney,-33.78,151.19,6
Sydney,-33.98,151.1,6
Sydney,-34.05,150.83,6
Sydney,-33.77,151.05,6
Sydney,-33.75,150.67,6
Sydney,-33.74,150.9,6
Sydney,-33.93,151.1,6
Sydney,-33.85,150.98,6
Sydney,-33.84,151.06,6
Sydney,-33.9,151.03,6
Sydney,-33.79,151.1,6
Sydney,-33.72,151.11,6
Sydney,-33.75,151.06,6
Sydney,-33.77,150.89,6
Sydney,-34.01,151.1,6
Sydney,-33.71,150.91,6
Sydney,-33.71,151.12,6
Sydney,-33.73,151.17,6
Sydney,-34.03,151.07,6
Sydney,-33.94,151.12,6
Sydney,-33.9,151.05,6
Sydney,-33.71,150.92,6
Sydney,-33.76,150.84,6
Sydney,-33.93,151.07,5
Sydney,-33.81,151.21,5
Sydney,-34.02,151.07,5
Sydney,-33.77,151.15,5
Sydney,-33.73,151.13,5
Sydney,-33.99,151.07,5
Sydney,-33.77,150.79,5
Sydney,-33.81,151.3,5
Sydney,-33.96,150.9,5
Sydney,-34.06,151.14,5
Sydney,-33.78,150.9,5
Sydney,-33.86,151.14,5
Sydney,-33.74,151.1,5
Sydney,-33.81,151.03,5
Sydney,-33.73,151.26,5
Sydney,-33.73,150.7,5
Sydney,-33.6,151.12,5
Sydney,-33.77,151.13,5
Sydney,-33.81,150.96,5
Sydney,-34.04,151.11,5
Sydney,-34.09,151.16,5
Sydney,-33.72,151.28,5
Sydney,-33.85,150.93,5
Sydney,-33.74,151.22,5
Sydney,-33.63,151.28,5
Sydney,-33.94,151.19,5
Sydney,-33.59,151.12,5
Sydney,-33.94,151.1,5
Sydney,-33.98,151.12,5
Sydney,-33.77,150.93,5
Sydney,-34.04,151.08,5
Sydney,-33.82,151.06,5
Sydney,-33.79,151.06,5
Sydney,-33.77,151.0,5
Sydney,-33.79,151.04,5
Sydney,-33.95,151.1,5
Sydney,-33.78,150.89,5
Sydney,-33.74,151.17,5
Sydney,-33.81,151.06,5
Sydney,-33.84,151.05,5
Sydney,-33.75,150.95,5
Sydney,-33.99,151.09,5
Sydney,-33.96,151.01,5
Sydney,-33.77,150.84,5
Sydney,-33.62,151.04,5
Sydney,-33.71,150.93,5
Sydney,-33.78,151.16,5
Sydney,-33.95,151.03,5
Sydney,-34.01,151.21,5
Sydney,-33.74,151.13,5
Sydney,-33.94,151.07,5
Sydney,-33.74,151.2,5
Sydney,-33.76,151.0,5
Sydney,-33.75,151.16,5
Sydney,-33.84,151.03,5
Sydney,-33.7,150.94,5
Sydney,-34.0,151.08,5
Sydney,-33.63,151.31,5
Sydney,-33.72,151.08,5
Sydney,-33.73,151.22,5
Sydney,-33.76,150.82,5
Sydney,-33.79,150.99,5
Sydney,-33.76,151.19,5
Sydney,-33.77,150.91,5
Sydney,-33.9,151.02,5
Sydney,-33.8,150.98,5
Sydney,-33.79,150.9,5
Sydney,-33.88,150.93,5
Sydney,-33.76,151.22,5
Sydney,-33.9,150.94,5
Sydney,-33.77,151.25,5
Sydney,-33.73,151.05,4
Sydney,-33.95,151.22,4
Sydney,-34.04,151.15,4
Sydney,-34.04,151.06,4
Sydney,-33.85,151.19,4
Sydney,-33.73,151.16,4
Sydney,-33.72,151.12,4
Sydney,-33.88,151.01,4
Sydney,-34.07,151.16,4
Sydney,-33.89,151.07,4
Sydney,-34.04,151.07,4
Sydney,-33.84,151.18,4
Sydney,-33.85,151.11,4
Sydney,-34.06,150.82,4
Sydney,-33.84,151.19,4
Sydney,-33.76,150.88,4
Sydney,-33.83,151.26,4
Sydney,-33.98,150.82,4
Sydney,-33.7,150.9,4
Sydney,-33.76,151.17,4
Sydney,-33.82,150.93,4
Sydney,-33.78,150.8,4
Sydney,-33.95,150.9,4
Sydney,-34.05,151.1,4
Sydney,-33.88,151.04,4
Sydney,-34.04,150.74,4
Sydney,-34.07,150.78,4
Sydney,-33.6,151.3,4
Sydney,-33.68,151.1,4
Sydney,-33.76,151.08,4
Sydney,-33.87,150.99,4
Sydney,-33.73,150.86,4
Sydney,-33.78,150.97,4
Sydney,-33.86,150.95,4
Sydney,-33.96,151.0,4
Sydney,-33.72,151.1,4
Sydney,-33.98,150.85,4
Sydney,-33.79,150.94,4
Sydney,-34.01,151.09,4
Sydney,-33.71,150.96,4
Sydney,-33.96,150.89,4
Sydney,-33.77,151.03,4
Sydney,-33.73,151.21,4
Sydney,-33.95,150.91,4
Sydney,-34.06,151.13,4
Sydney,-33.78,150.91,4
Sydney,-33.71,151.14,4
Sydney,-33.76,151.13,4
Sydney,-33.75,151.12,4
Sydney,-34.03,151.12,4
Sydney,-33.65,151.29,4
Sydney,-34.07,150.73,4
Sydney,-33.76,150.7,4
Sydney,-33.96,150.95,4
Sydney,-33.76,150.97,4
Sydney,-33.96,151.12,4
Sydney,-33.88,151.05,4
Sydney,-33.63,151.02,4
Sydney,-33.62,151.14,4
Sydney,-33.77,150.7,4
Sydney,-33.69,151.28,4
Sydney,-33.79,150.98,4
Sydney,-33.86,150.99,4
Sydney,-33.75,151.14,4
Sydney,-33.71,150.9,4
Sydney,-33.9,151.09,4
Sydney,-33.78,150.84,4
Sydney,-33.73,151.14,4
Sydney,-33.73,150.94,4
Sydney,-33.81,151.12,4
Sydney,-33.77,151.14,4
Sydney,-33.97,151.07,4
Sydney,-33.95,151.04,4
Sydney,-33.74,151.03,4
Sydney,-33.86,150.98,4
Sydney,-34.02,151.1,4
Sydney,-33.74,151.05,4
Sydney,-33.97,150.89,4
Sydney,-33.72,151.13,4
Sydney,-33.79,151.22,4
Sydney,-33.69,150.93,4
Sydney,-33.95,151.01,4
Sydney,-33.93,151.13,4
Sydney,-33.77,150.9,4
Sydney,-33.71,150.88,4
Sydney,-33.77,150.78,4
Sydney,-33.96,151.05,4
Sydney,-33.78,151.02,4
Sydney,-34.03,151.11,4
Sydney,-33.73,151.02,4
Sydney,-33.91,151.02,4
Sydney,-33.84,151.08,4
Sydney,-33.77,151.12,4
Sydney,-33.73,151.23,4
Sydney,-33.92,151.01,4
Sydney,-33.98,151.23,4
Sydney,-33.78,151.22,4
Sydney,-33.66,151.3,3
Sydney,-33.86,151.1,3
Sydney,-33.71,151.17,3
Sydney,-33.76,150.76,3
Sydney,-33.85,151.27,3
Sydney,-33.78,151.0,3
Sydney,-33.68,151.32,3
Sydney,-33.84,151.14,3
Sydney,-33.99,151.15,3
Sydney,-34.02,151.06,3
Sydney,-34.04,151.13,3
Sydney,-34.01,150.86,3
Sydney,-33.81,151.23,3
Sydney,-34.01,151.08,3
Sydney,-33.76,151.07,3
Sydney,-33.88,151.08,3
Sydney,-34.01,150.73,3
Sydney,-33.82,150.97,3
Sydney,-33.98,150.81,3
Sydney,-33.62,151.2,3
Sydney,-33.69,150.96,3
Sydney,-33.79,150.96,3
Sydney,-33.78,151.21,3
Sydney,-33.77,151.22,3
Sydney,-33.68,151.28,3
Sydney,-33.71,150.95,3
Sydney,-33.61,151.32,3
Sydney,-33.73,150.91,3
Sydney,-34.0,151.07,3
Sydney,-33.86,150.92,3
Sydney,-33.9,151.04,3
Sydney,-33.89,151.03,3
Sydney,-33.76,150.9,3
Sydney,-33.75,151.03,3
Sydney,-34.08,150.78,3
Sydney,-33.55,151.21,3
Sydney,-33.75,150.93,3
Sydney,-33.54,151.14,3
Sydney,-33.76,150.95,3
Sydney,-33.8,150.96,3
Sydney,-33.61,151.14,3
Sydney,-33.74,151.04,3
Sydney,-33.96,150.98,3
Sydney,-33.76,151.14,3
Sydney,-33.85,150.96,3
Sydney,-33.88,151.0,3
Sydney,-34.05,151.12,3
Sydney,-33.78,151.15,3
Sydney,-34.06,151.08,3
Sydney,-33.64,151.3,3
Sydney,-33.91,150.87,3
Sydney,-33.89,151.02,3
Sydney,-34.05,151.11,3
Sydney,-34.07,151.11,3
Sydney,-34.07,151.01,3
Sydney,-33.69,150.95,3
Sydney,-33.7,150.92,3
Sydney,-33.75,150.88,3
Sydney,-33.81,151.05,3
Sydney,-33.86,151.03,3
Sydney,-33.96,151.07,3
Sydney,-33.93,150.91,3
Sydney,-33.8,151.03,3
Sydney,-33.84,151.01,3
Sydney,-33.76,150.73,3
Sydney,-33.7,150.82,3
Sydney,-33.9,150.91,3
Sydney,-33.87,151.02,3
Sydney,-33.68,151.11,3
Sydney,-33.73,150.88,3
Sydney,-33.73,151.09,3
Sydney,-33.93,151.11,3
Sydney,-33.72,151.22,3
Sydney,-33.72,151.14,3
Sydney,-33.94,151.01,3
Sydney,-33.89,151.0,3
Sydney,-33.81,151.13,3
Sydney,-33.71,151.08,3
Sydney,-33.73,151.15,3
Sydney,-33.91,150.92,3
Sydney,-33.78,151.03,3
Sydney,-33.86,150.89,3
Sydney,-34.03,151.08,3
Sydney,-33.7,151.0,3
Sydney,-33.71,151.05,3
Sydney,-33.8,151.08,3
Sydney,-34.06,150.8,3
Sydney,-33.77,150.98,3
Sydney,-33.76,151.06,3
Sydney,-33.73,150.89,3
Sydney,-33.94,151.03,3
Sydney,-33.79,150.92,3
Sydney,-33.89,150.96,3
Sydney,-33.98,151.15,3
Sydney,-33.73,150.78,3
Sydney,-33.65,151.06,3
Sydney,-33.95,151.0,3
Sydney,-33.74,150.83,3
Sydney,-34.06,151.09,3
Sydney,-33.73,151.07,3
Sydney,-33.98,150.86,3
Sydney,-33.96,150.99,3
Sydney,-33.93,150.95,3
Sydney,-33.74,150.97,3
Sydney,-33.71,151.13,3
Sydney,-33.8,151.1,3
Sydney,-33.78,150.92,3
Sydney,-33.76,151.12,3
Sydney,-33.74,150.78,3
Sydney,-33.73,151.1,3
Sydney,-33.8,151.07,3
Sydney,-33.76,151.09,3
Sydney,-33.76,150.87,3
Sydney,-33.98,151.08,3
Sydney,-33.72,150.93,3
Sydney,-33.75,150.92,3
Sydney,-33.85,151.0,3
Sydney,-33.85,151.09,3
Sydney,-33.75,151.21,3
Sydney,-33.86,150.94,3
Sydney,-33.74,151.08,3
Sydney,-33.72,150.91,3
Sydney,-33.93,151.17,3
Sydney,-34.07,150.81,3
Sydney,-33.9,151.12,3
Sydney,-33.89,150.88,3
Sydney,-34.06,151.11,3
Sydney,-33.83,151.11,3
Sydney,-33.76,150.68,3
Sydney,-33.76,151.04,3
Sydney,-33.96,150.86,3
Sydney,-33.91,150.88,3
Sydney,-33.7,150.93,2
Sydney,-33.96,151.06,2
Sydney,-33.74,151.01,2
Sydney,-33.87,150.96,2
Sydney,-33.93,150.84,2
Sydney,-34.0,151.09,2
Sydney,-33.84,151.16,2
Sydney,-33.84,150.98,2
Sydney,-33.88,150.98,2
Sydney,-33.77,150.82,2
Sydney,-33.76,150.91,2
Sydney,-33.7,150.97,2
Sydney,-33.76,150.69,2
Sydney,-33.78,151.14,2
Sydney,-33.95,150.87,2
Sydney,-33.92,150.85,2
Sydney,-33.62,150.91,2
Sydney,-33.85,150.99,2
Sydney,-33.67,151.02,2
Sydney,-33.74,150.71,2
Sydney,-34.06,150.71,2
Sydney,-33.51,151.18,2
Sydney,-34.05,150.76,2
Sydney,-34.07,150.8,2
Sydney,-33.77,150.76,2
Sydney,-33.94,150.96,2
Sydney,-33.74,151.24,2
Sydney,-34.0,150.75,2
Sydney,-33.69,150.94,2
Sydney,-33.84,151.17,2
Sydney,-33.71,151.28,2
Sydney,-33.99,151.1,2
Sydney,-33.86,151.01,2
Sydney,-33.51,150.9,2
Sydney,-34.04,150.73,2
Sydney,-33.76,151.05,2
Sydney,-33.99,151.23,2
Sydney,-34.02,151.05,2
Sydney,-34.02,151.12,2
Sydney,-33.96,150.85,2
Sydney,-33.62,151.21,2
Sydney,-33.42,150.92,2
Sydney,-33.93,151.04,2
Sydney,-33.74,151.15,2
Sydney,-33.71,150.97,2
Sydney,-33.72,150.92,2
Sydney,-33.98,150.9,2
Sydney,-33.99,151.11,2
Sydney,-33.66,151.28,2
Sydney,-33.76,151.24,2
Sydney,-34.01,151.22,2
Sydney,-33.75,151.08,2
Sydney,-33.99,151.05,2
Sydney,-34.02,151.11,2
Sydney,-34.0,150.86,2
Sydney,-33.76,150.98,2
Sydney,-33.85,151.01,2
Sydney,-33.91,151.06,2
Sydney,-33.73,151.03,2
Sydney,-33.74,150.98,2
Sydney,-33.76,150.79,2
Sydney,-33.98,150.87,2
Sydney,-33.67,151.18,2
Sydney,-33.87,150.92,2
Sydney,-34.06,151.12,2
Sydney,-33.51,151.08,2
Sydney,-34.08,151.0,2
Sydney,-33.99,150.77,2
Sydney,-33.86,151.02,2
Sydney,-33.75,151.0,2
Sydney,-33.73,150.93,2
Sydney,-33.79,150.91,2
Sydney,-33.92,150.95,2
Sydney,-33.73,150.9,2
Sydney,-33.74,151.06,2
Sydney,-33.9,150.9,2
Sydney,-33.92,151.02,2
Sydney,-33.71,150.99,2
Sydney,-33.79,150.79,2
Sydney,-33.72,150.9,2
Sydney,-33.89,150.99,2
Sydney,-33.61,151.3,2
Sydney,-34.02,150.78,2
Sydney,-33.95,150.76,2
Sydney,-34.09,150.79,2
Sydney,-33.72,151.15,2
Sydney,-34.02,151.09,2
Sydney,-33.99,150.88,2
Sydney,-33.9,151.06,2
Sydney,-34.05,150.71,2
Sydney,-33.72,151.16,2
Sydney,-33.78,150.98,2
Sydney,-33.72,151.09,2
Sydney,-33.73,151.11,2
Sydney,-33.74,151.02,2
Sydney,-33.76,151.03,2
Sydney,-33.79,151.03,2
Sydney,-33.91,151.07,2
Sydney,-33.74,150.74,2
Sydney,-33.97,150.87,2
Sydney,-33.72,150.73,2
Sydney,-33.63,151.01,2
Sydney,-33.69,150.88,2
Sydney,-34.01,150.74,2
Sydney,-33.87,150.97,2
Sydney,-33.77,150.72,2
Sydney,-34.05,150.75,2
Sydney,-33.74,150.86,2
Sydney,-33.69,150.89,2
Sydney,-33.73,150.99,2
Sydney,-33.7,150.96,2
Sydney,-33.73,150.92,2
Sydney,-33.9,151.01,2
Sydney,-33.62,151.15,2
Sydney,-33.8,150.79,2
Sydney,-33.85,150.9,2
Sydney,-33.85,151.17,2
Sydney,-33.74,151.11,2
Sydney,-33.95,150.96,2
Sydney,-34.08,151.12,2
Sydney,-34.06,150.83,2
Sydney,-33.86,151.12,2
Sydney,-34.01,151.05,2
Sydney,-33.78,150.88,2
Sydney,-33.85,151.02,2
Sydney,-33.71,151.16,2
Sydney,-33.74,150.89,2
Sydney,-33.87,150.95,2
Sydney,-33.77,150.92,2
Sydney,-33.73,150.96,2
Sydney,-34.07,150.79,2
Sydney,-33.8,150.9,2
Sydney,-33.71,151.06,2
Sydney,-34.09,151.0,2
Sydney,-33.63,151.29,2
Sydney,-33.93,150.93,2
Sydney,-33.71,150.82,2
Sydney,-33.81,151.14,2
Sydney,-33.93,151.05,2
Sydney,-33.74,150.88,2
Sydney,-34.0,150.87,2
Sydney,-33.96,150.96,2
Sydney,-33.72,151.05,2
Sydney,-34.06,150.76,2
Sydney,-33.76,151.23,2
Sydney,-33.93,151.18,2
Sydney,-33.94,151.17,2
Sydney,-33.73,150.98,2
Sydney,-33.77,150.67,2
Sydney,-33.83,151.16,2
Sydney,-33.98,151.06,2
Sydney,-33.78,150.7,2
Sydney,-33.75,150.84,2
Sydney,-33.76,150.89,2
Sydney,-33.73,151.04,2
Sydney,-33.97,150.99,2
Sydney,-33.91,150.91,2
Sydney,-33.7,151.13,2
Sydney,-33.74,151.12,2
Sydney,-33.77,150.71,2
Sydney,-34.02,150.82,2
Sydney,-33.7,150.81,2
Sydney,-33.73,150.79,2
Sydney,-33.88,150.92,2
Sydney,-33.92,151.06,2
Sydney,-33.88,150.95,2
Sydney,-33.66,151.27,2
Sydney,-33.72,150.71,2
Sydney,-33.76,150.86,2
Sydney,-33.87,150.93,2
Sydney,-33.71,151.01,2
Sydney,-33.75,151.2,2
Sydney,-34.06,151.07,2
Sydney,-33.75,150.94,2
Sydney,-34.0,151.11,2
Sydney,-34.06,150.7,2
Sydney,-33.93,150.88,2
